{
    "train_loss": [
        0.8760538427602678,
        0.7484365595238549,
        0.6941910166115988,
        0.6705084528241839,
        0.6740973861444564,
        0.7219914389508111,
        0.659763671102978,
        0.619070101351965,
        0.6476500768746648,
        0.6237220608052754,
        0.6182756828410285,
        0.5593726354695502,
        0.5273348192373911,
        0.5283924880481902,
        0.546697565487453,
        0.5095444296797117,
        0.47925980460076106,
        0.4582999973070054,
        0.4552786201238632,
        0.4390489366792497,
        0.4295474457598868
    ],
    "train_acc": [
        0.7753568745304282,
        0.8001502629601803,
        0.8016528925619835,
        0.7903831705484599,
        0.8099173553719008,
        0.8692712246431255,
        0.8610067618332081,
        0.8677685950413223,
        0.859504132231405,
        0.8497370398196844,
        0.8662659654395192,
        0.8805409466566492,
        0.8730277986476334,
        0.8715251690458302,
        0.8662659654395192,
        0.8812922614575507,
        0.8782870022539444,
        0.8858001502629602,
        0.8722764838467317,
        0.8842975206611571,
        0.8820435762584523
    ],
    "train_f1": [
        0.41487279843444225,
        0.48046875,
        0.4782608695652174,
        0.4624277456647399,
        0.5048923679060665,
        0.5492227979274611,
        0.5584725536992841,
        0.5728155339805825,
        0.5620608899297423,
        0.5391705069124424,
        0.5841121495327103,
        0.5974683544303797,
        0.5947242206235012,
        0.5899280575539568,
        0.5741626794258373,
        0.6108374384236454,
        0.6124401913875598,
        0.625615763546798,
        0.6009389671361502,
        0.6298076923076923,
        0.6235011990407674
    ],
    "train_mcc": [
        0.35713390508973214,
        0.44797783103292543,
        0.44298365466952516,
        0.42519992251467703,
        0.4813492777096191,
        0.49938450068567036,
        0.5197657241362853,
        0.535414075502832,
        0.5268505687687819,
        0.5001693626597219,
        0.5549955304715365,
        0.560384994501828,
        0.5643450141509309,
        0.5583647650041291,
        0.5390375872402925,
        0.5804237956200102,
        0.5868144401885144,
        0.5986443179190118,
        0.5754504227407944,
        0.6076900348354138,
        0.6002265090317415
    ],
    "val_loss": [
        0.7252374995838512,
        0.7966230078177019,
        0.6544937166300687,
        0.706464637409557,
        0.6395311247218739,
        0.6691674373366616,
        0.6545285853472623,
        0.6515351344238628,
        0.6634876023639332,
        0.6813944144682451,
        0.7054251757535067,
        0.7854235768318176,
        0.8859539682214911,
        1.1402807967229323,
        0.7741023762659593,
        0.9667153900319879,
        1.0780729001218623,
        1.1114803498441523,
        1.1126199920069089,
        1.4117598587816411,
        1.4324639507315375
    ],
    "val_acc": [
        0.7267267267267268,
        0.7747747747747747,
        0.7747747747747747,
        0.7927927927927928,
        0.8378378378378378,
        0.8618618618618619,
        0.8378378378378378,
        0.8408408408408409,
        0.8228228228228228,
        0.8498498498498499,
        0.8528528528528528,
        0.8558558558558559,
        0.8708708708708709,
        0.8708708708708709,
        0.8708708708708709,
        0.8468468468468469,
        0.8558558558558559,
        0.8438438438438438,
        0.8408408408408409,
        0.8528528528528528,
        0.8558558558558559
    ],
    "val_f1": [
        0.43478260869565216,
        0.45255474452554745,
        0.45255474452554745,
        0.48120300751879697,
        0.5178571428571429,
        0.5490196078431373,
        0.509090909090909,
        0.5046728971962616,
        0.5042016806722689,
        0.5192307692307693,
        0.5050505050505051,
        0.5294117647058824,
        0.5274725274725275,
        0.5274725274725275,
        0.5274725274725275,
        0.5233644859813084,
        0.5102040816326531,
        0.5094339622641509,
        0.5046728971962616,
        0.5242718446601942,
        0.52
    ],
    "val_mcc": [
        0.41947336322355727,
        0.4146007438778111,
        0.4146007438778111,
        0.4500351603704096,
        0.4727455680310745,
        0.5009248048966379,
        0.45936714839924175,
        0.4507899397713111,
        0.4633072207496406,
        0.4661111099593278,
        0.4445924883048123,
        0.4768161244470671,
        0.4666282626286914,
        0.4666282626286914,
        0.4666282626286914,
        0.4742414395282001,
        0.45014194696833526,
        0.4558035947599003,
        0.4507899397713111,
        0.47141204442418744,
        0.46355253465055324
    ]
}