{
    "train_loss": [
        0.9352010020187923,
        0.7309241883811497,
        0.7173180665288653,
        0.7056915405250731,
        0.6576050754104342,
        0.6825973192850748,
        0.6276988231000447,
        0.6496270760184243,
        0.6108854164679846,
        0.6165683127584911,
        0.5991528488340832,
        0.5804517240751357,
        0.563794480193229,
        0.536268236381667,
        0.5128320952256521,
        0.5137480813122931,
        0.46464739012576284,
        0.43995239088932675,
        0.42475276795171557,
        0.41371629670971916,
        0.3909141261662756,
        0.3806691911248934,
        0.39401820053656894,
        0.3616216427513531,
        0.3569217168149494,
        0.33954426344661487,
        0.33928317700823146,
        0.3377624363416717,
        0.3359881411528304,
        0.322788419645457
    ],
    "train_acc": [
        0.8587528174305034,
        0.7986476333583772,
        0.7963936889556724,
        0.8106686701728024,
        0.8369646882043577,
        0.8527422990232908,
        0.8354620586025545,
        0.8467317806160781,
        0.8542449286250939,
        0.8549962434259955,
        0.8392186326070623,
        0.8580015026296018,
        0.8542449286250939,
        0.8670172802404207,
        0.8700225394440271,
        0.8685199098422239,
        0.8760330578512396,
        0.8797896318557475,
        0.8827948910593538,
        0.8827948910593538,
        0.8940646130728775,
        0.8865514650638617,
        0.8865514650638617,
        0.8970698722764838,
        0.8925619834710744,
        0.8993238166791886,
        0.9060856498873028,
        0.8978211870773855,
        0.9000751314800901,
        0.9075882794891059
    ],
    "train_f1": [
        0.4268292682926829,
        0.4765625,
        0.47378640776699027,
        0.4939759036144578,
        0.5373134328358209,
        0.5420560747663551,
        0.5446985446985447,
        0.5188679245283019,
        0.5467289719626168,
        0.5542725173210161,
        0.5223214285714286,
        0.5675057208237986,
        0.5590909090909091,
        0.585480093676815,
        0.5929411764705882,
        0.5901639344262295,
        0.6004842615012107,
        0.6226415094339622,
        0.6213592233009708,
        0.6320754716981132,
        0.6518518518518519,
        0.6447058823529411,
        0.636144578313253,
        0.6698795180722892,
        0.6603325415676959,
        0.6715686274509803,
        0.6882793017456359,
        0.6650246305418719,
        0.6732186732186732,
        0.6977886977886978
    ],
    "train_mcc": [
        0.35057388991782074,
        0.44258172890343145,
        0.4397121589776518,
        0.4618250376904892,
        0.5096678340454969,
        0.5019534731911907,
        0.5239910386184786,
        0.4716123166668415,
        0.5078470351112291,
        0.5190031815773131,
        0.4830215516367262,
        0.5371965010477351,
        0.5275280424490133,
        0.5563565061175679,
        0.5650141606653786,
        0.5622576935873251,
        0.5700906462729446,
        0.6019483258843249,
        0.5956319282270548,
        0.6137970539950052,
        0.6305886566137567,
        0.6300966298352195,
        0.6151773546480566,
        0.657154236583695,
        0.6479297750449633,
        0.6561627221667798,
        0.673688244733069,
        0.647232377383016,
        0.657766883238731,
        0.6880905849501392
    ],
    "val_loss": [
        0.7221194912086834,
        0.706848680973053,
        0.7061096646568992,
        0.6806207163767382,
        0.7022045119242235,
        0.658785264600407,
        0.6949188086119565,
        0.7071453712203286,
        0.7234038168733771,
        0.7026585123755715,
        0.6672819310968573,
        0.7171036655252631,
        0.7105379998683929,
        0.7148595465855165,
        0.7908419980244203,
        0.7597677504474466,
        0.8694153861566023,
        0.9801577966321599,
        0.9435018138452009,
        0.9530526670542631,
        1.097451781684702,
        1.1350489055568522,
        1.0854773616248912,
        1.2165519134564833,
        1.2791931209239094,
        1.2407376332716509,
        1.7133350507779554,
        1.4982959353788332,
        1.5942136530171742,
        1.4762364734302869
    ],
    "val_acc": [
        0.7327327327327328,
        0.7957957957957958,
        0.8108108108108109,
        0.8048048048048048,
        0.8618618618618619,
        0.8168168168168168,
        0.8678678678678678,
        0.8438438438438438,
        0.8498498498498499,
        0.8048048048048048,
        0.8048048048048048,
        0.8378378378378378,
        0.8438438438438438,
        0.8558558558558559,
        0.8648648648648649,
        0.8408408408408409,
        0.8558558558558559,
        0.8438438438438438,
        0.8558558558558559,
        0.8408408408408409,
        0.8498498498498499,
        0.8528528528528528,
        0.8408408408408409,
        0.8468468468468469,
        0.8618618618618619,
        0.8438438438438438,
        0.8498498498498499,
        0.8558558558558559,
        0.8498498498498499,
        0.8618618618618619
    ],
    "val_f1": [
        0.43312101910828027,
        0.47692307692307695,
        0.496,
        0.48,
        0.5490196078431373,
        0.49586776859504134,
        0.5319148936170213,
        0.5272727272727272,
        0.5370370370370371,
        0.49612403100775193,
        0.4881889763779528,
        0.5263157894736842,
        0.5357142857142857,
        0.5555555555555556,
        0.5631067961165048,
        0.5309734513274337,
        0.5555555555555556,
        0.5,
        0.5384615384615384,
        0.5137614678899083,
        0.5283018867924528,
        0.5242718446601942,
        0.5137614678899083,
        0.5233644859813084,
        0.5490196078431373,
        0.5,
        0.5,
        0.52,
        0.5,
        0.5306122448979592
    ],
    "val_mcc": [
        0.4113272916365634,
        0.44017042154147523,
        0.45990062046599733,
        0.4382299106011074,
        0.5009248048966379,
        0.4547038528578646,
        0.4735570640442168,
        0.4824638206651254,
        0.4925255758390694,
        0.465380994026721,
        0.45184805705753195,
        0.4860119751778075,
        0.4956203535809652,
        0.5158557346946043,
        0.5193522523317319,
        0.4907760700480457,
        0.5158557346946043,
        0.44227588274549856,
        0.48994633717315705,
        0.46423834544262965,
        0.4793796427647227,
        0.47141204442418744,
        0.46423834544262965,
        0.4742414395282001,
        0.5009248048966379,
        0.44227588274549856,
        0.4391550328268399,
        0.46355253465055324,
        0.4391550328268399,
        0.47484485869220733
    ]
}