{
    "train_loss": [
        0.8687464566457839,
        0.7000821637255805,
        0.6978956155833744,
        0.6740564505259196,
        0.65611603643213,
        0.6908370242232368,
        0.6302052665324438,
        0.6029695527894157,
        0.5674611762875602,
        0.639675531358946,
        0.5578129962086678,
        0.5583162520612989,
        0.5095731339284352,
        0.5164435058832169,
        0.47631477990320753,
        0.4813627132347652,
        0.45431974601177944,
        0.43985540100506376,
        0.4402859423841749,
        0.44506795172180447,
        0.42433993624789373,
        0.42750968287388486,
        0.40216934716417674
    ],
    "train_acc": [
        0.8429752066115702,
        0.8174305033809166,
        0.8189331329827197,
        0.8474830954169797,
        0.8414725770097671,
        0.8534936138241923,
        0.8572501878287002,
        0.850488354620586,
        0.8797896318557475,
        0.8580015026296018,
        0.8715251690458302,
        0.8865514650638617,
        0.8865514650638617,
        0.8655146506386175,
        0.8782870022539444,
        0.8895567242674681,
        0.8812922614575507,
        0.898572501878287,
        0.8955672426746807,
        0.8978211870773855,
        0.8940646130728775,
        0.8993238166791886,
        0.8993238166791886
    ],
    "train_f1": [
        0.4273972602739726,
        0.505091649694501,
        0.4947589098532495,
        0.5245901639344263,
        0.5382932166301969,
        0.5368171021377672,
        0.5518867924528302,
        0.5528089887640449,
        0.5959595959595959,
        0.5675057208237986,
        0.5798525798525799,
        0.6215538847117794,
        0.6271604938271605,
        0.5885057471264368,
        0.6067961165048543,
        0.6370370370370371,
        0.6183574879227053,
        0.6547314578005116,
        0.6533665835411472,
        0.6530612244897959,
        0.6535626535626535,
        0.6598984771573604,
        0.6666666666666666
    ],
    "train_mcc": [
        0.35078651185251036,
        0.47450329604691605,
        0.45605952064606414,
        0.47964106901072423,
        0.5066740376053283,
        0.49328178247169224,
        0.5130828650542225,
        0.5212368718881536,
        0.5588548633988405,
        0.5371965010477351,
        0.5425368167353798,
        0.5911318965868566,
        0.6001769841272028,
        0.5631665774909218,
        0.577566572409788,
        0.6123416531218243,
        0.592663681005215,
        0.6287129111967587,
        0.630860467496903,
        0.6270525263015606,
        0.6335079218696045,
        0.6361259317968195,
        0.6475869782646403
    ],
    "val_loss": [
        0.6847738271409815,
        0.6992422613230619,
        0.7234052392569456,
        0.6602861285209656,
        0.692177954045209,
        0.6772797378626737,
        0.6807214915752411,
        0.839707304130901,
        0.738824950023131,
        0.7223340245810422,
        0.7889005704359575,
        0.7926914204250682,
        0.8552200089801442,
        0.7834743329069831,
        0.8572646433656866,
        0.9417369853366505,
        0.9449587247588418,
        0.9662657031281427,
        1.0608347112482244,
        1.023891882462935,
        1.1221396719867534,
        1.2254157174717297,
        1.2196483063426884
    ],
    "val_acc": [
        0.7567567567567568,
        0.8258258258258259,
        0.8198198198198198,
        0.8198198198198198,
        0.8408408408408409,
        0.8198198198198198,
        0.8378378378378378,
        0.8918918918918919,
        0.7927927927927928,
        0.8558558558558559,
        0.8588588588588588,
        0.8738738738738738,
        0.8468468468468469,
        0.8438438438438438,
        0.8468468468468469,
        0.8648648648648649,
        0.8708708708708709,
        0.8558558558558559,
        0.8618618618618619,
        0.8558558558558559,
        0.8588588588588588,
        0.8558558558558559,
        0.8588588588588588
    ],
    "val_f1": [
        0.4563758389261745,
        0.49122807017543857,
        0.4827586206896552,
        0.5,
        0.5225225225225225,
        0.47368421052631576,
        0.5263157894736842,
        0.5609756097560976,
        0.46511627906976744,
        0.5294117647058824,
        0.5436893203883495,
        0.5531914893617021,
        0.5142857142857142,
        0.5357142857142857,
        0.5321100917431193,
        0.5454545454545454,
        0.5473684210526316,
        0.5294117647058824,
        0.5208333333333334,
        0.5102040816326531,
        0.4946236559139785,
        0.5,
        0.4946236559139785
    ],
    "val_mcc": [
        0.4359649633360756,
        0.4406844334513798,
        0.43178813637874824,
        0.45897344858501793,
        0.47756321927517226,
        0.418020662588166,
        0.4860119751778075,
        0.5031152949374527,
        0.422641923146716,
        0.4768161244470671,
        0.49538214837795963,
        0.498926192475157,
        0.4609095023617647,
        0.4956203535809652,
        0.4874502627147611,
        0.4936885913077977,
        0.4927054096411518,
        0.4768161244470671,
        0.46159575614203124,
        0.45014194696833526,
        0.42864528975011645,
        0.4365694802066199,
        0.42864528975011645
    ]
}