{
    "accuracy": 0.8581218061489487,
    "precision": 0.4737350595740689,
    "recall": 0.691207729468599,
    "f1": 0.5611763311298915,
    "auc": 0.858156843800322,
    "mcc": 0.4931081453722717
}