{
    "0.3": {
        "threshold": 0.3,
        "precision": 0.5001871439245353,
        "recall": 0.7129468599033816,
        "f1": 0.5805527433806503,
        "mcc": 0.520470251544501,
        "auc": 0.868164573268921
    },
    "0.4": {
        "threshold": 0.4,
        "precision": 0.5151149917435418,
        "recall": 0.6998067632850241,
        "f1": 0.5863484785398204,
        "mcc": 0.5260810875553064,
        "auc": 0.868164573268921
    },
    "0.5": {
        "threshold": 0.5,
        "precision": 0.5392380952380953,
        "recall": 0.6822222222222223,
        "f1": 0.5925512735720232,
        "mcc": 0.5343395573252728,
        "auc": 0.868164573268921
    }
}