{
    "0.3": {
        "threshold": 0.3,
        "precision": 0.45014140316260576,
        "recall": 0.8232850241545894,
        "f1": 0.5795488641328311,
        "mcc": 0.5289816395921038,
        "auc": 0.8774689210950081
    },
    "0.4": {
        "threshold": 0.4,
        "precision": 0.4639772478192056,
        "recall": 0.8188405797101449,
        "f1": 0.5903089334907516,
        "mcc": 0.5397017208407827,
        "auc": 0.8774689210950081
    },
    "0.5": {
        "threshold": 0.5,
        "precision": 0.46723973962054455,
        "recall": 0.8099516908212561,
        "f1": 0.5909028887735686,
        "mcc": 0.5390057972501866,
        "auc": 0.8774689210950081
    }
}