{
    "0.3": {
        "threshold": 0.3,
        "precision": 0.46729770229770234,
        "recall": 0.757391304347826,
        "f1": 0.576489365067648,
        "mcc": 0.5156501024200565,
        "auc": 0.8552666666666667
    },
    "0.4": {
        "threshold": 0.4,
        "precision": 0.482425557406271,
        "recall": 0.7530434782608696,
        "f1": 0.5858320668092972,
        "mcc": 0.5255443056736351,
        "auc": 0.8552666666666667
    },
    "0.5": {
        "threshold": 0.5,
        "precision": 0.4890835040483855,
        "recall": 0.748695652173913,
        "f1": 0.5896506659738545,
        "mcc": 0.5294130646951476,
        "auc": 0.8552666666666667
    }
}