{
    "accuracy": 0.8726851851851852,
    "precision": 0.5106382978723404,
    "recall": 0.8421052631578947,
    "f1": 0.6357615894039735,
    "auc": 0.871157894736842,
    "mcc": 0.5900985098413222
}