{
    "train_loss": [
        0.9158240876027516,
        0.7334299442313966,
        0.6999614728348595,
        0.6790979582638967,
        0.6707972259748549,
        0.6434284725359508,
        0.6646223465601603,
        0.6635800344603402,
        0.6445078111830211,
        0.6442280262708664,
        0.6307793288003831,
        0.6079845151730946,
        0.575012783919062,
        0.5649104760516257,
        0.5431322050946099,
        0.5269822318639074,
        0.5191985542575518,
        0.49368422691311153,
        0.5674872103901136,
        0.47300377771967933,
        0.4700977862590835,
        0.4640971651034696,
        0.4348824747971126,
        0.4372671420375506,
        0.4464755187786761,
        0.4255155495234898,
        0.4094809318582217,
        0.40590013811985654,
        0.4154073487789858,
        0.40239738229484784,
        0.4102240023868425,
        0.3946993418392681
    ],
    "train_acc": [
        0.8392186326070623,
        0.8189331329827197,
        0.8226897069872277,
        0.8294515401953418,
        0.8437265214124718,
        0.8459804658151766,
        0.8407212622088656,
        0.850488354620586,
        0.8489857250187829,
        0.8820435762584523,
        0.8632607062359129,
        0.8827948910593538,
        0.8760330578512396,
        0.8827948910593538,
        0.8858001502629602,
        0.8820435762584523,
        0.8933132982719759,
        0.8903080390683696,
        0.8940646130728775,
        0.8925619834710744,
        0.8948159278737791,
        0.9030803906836965,
        0.898572501878287,
        0.9105935386927122,
        0.903831705484598,
        0.9083395942900075,
        0.9105935386927122,
        0.9173553719008265,
        0.9135987978963186,
        0.912847483095417,
        0.9120961682945155,
        0.9166040570999249
    ],
    "train_f1": [
        0.4368421052631579,
        0.4968684759916493,
        0.5,
        0.5118279569892473,
        0.5272727272727272,
        0.5287356321839081,
        0.5309734513274337,
        0.5339578454332553,
        0.5202863961813843,
        0.579088471849866,
        0.5625,
        0.5806451612903226,
        0.5885286783042394,
        0.6040609137055838,
        0.6102564102564103,
        0.6142506142506142,
        0.6414141414141414,
        0.635,
        0.6430379746835443,
        0.6433915211970075,
        0.6464646464646465,
        0.6578249336870027,
        0.6599496221662469,
        0.6826666666666666,
        0.6683937823834197,
        0.680628272251309,
        0.6909090909090909,
        0.6994535519125683,
        0.6965699208443272,
        0.6864864864864865,
        0.6896551724137931,
        0.7008086253369272
    ],
    "train_mcc": [
        0.3621003267992722,
        0.4577882380220442,
        0.45976504003610824,
        0.47312823604239274,
        0.48536353692590395,
        0.4857352043634613,
        0.49386212915026606,
        0.4899994499610645,
        0.47069833761804264,
        0.5311847745222414,
        0.5224330900919156,
        0.5328201199416068,
        0.549979474604521,
        0.5667976011712799,
        0.5730985107225709,
        0.5835444774863185,
        0.6129410128467043,
        0.6065393136516659,
        0.6145629513752208,
        0.6171778713705923,
        0.6190964599150623,
        0.6263056421647194,
        0.6359118308329824,
        0.6553407187041158,
        0.6420733423808954,
        0.6553647662456961,
        0.6688624690718208,
        0.6722872644769716,
        0.6734035820957573,
        0.6582146871849152,
        0.664393922966494,
        0.6755875382139805
    ],
    "val_loss": [
        0.65405489097942,
        0.6092033548788591,
        0.5922612900083716,
        0.5869371376254342,
        0.58139061385935,
        0.5580327023159374,
        0.6949932764876973,
        0.6288692842830311,
        0.7160140899094668,
        0.7648067664016377,
        0.9985567358407107,
        0.9299964308738708,
        0.9712349142540585,
        1.9411814700473438,
        1.1664597283710132,
        1.9568767899816686,
        1.3121365986087106,
        1.390828545797955,
        1.1841764856468548,
        1.253174443136562,
        1.3724254965782166,
        1.379835846749219,
        1.46722888675603,
        1.5445483990690925,
        1.6179792623628269,
        1.617774787274274,
        1.7107064940712668,
        1.7022946314378218,
        1.7856472486799413,
        1.8043801432306117,
        1.785258331082084,
        1.8229533542286267
    ],
    "val_acc": [
        0.8168168168168168,
        0.7837837837837838,
        0.7987987987987988,
        0.8288288288288288,
        0.8198198198198198,
        0.8318318318318318,
        0.8228228228228228,
        0.8198198198198198,
        0.8378378378378378,
        0.8738738738738738,
        0.8348348348348348,
        0.8708708708708709,
        0.8468468468468469,
        0.8648648648648649,
        0.8138138138138138,
        0.8288288288288288,
        0.8738738738738738,
        0.8318318318318318,
        0.8318318318318318,
        0.8438438438438438,
        0.8348348348348348,
        0.8348348348348348,
        0.8588588588588588,
        0.8318318318318318,
        0.8498498498498499,
        0.8468468468468469,
        0.8588588588588588,
        0.8468468468468469,
        0.8558558558558559,
        0.8558558558558559,
        0.8588588588588588,
        0.8618618618618619
    ],
    "val_f1": [
        0.49586776859504134,
        0.4782608695652174,
        0.48854961832061067,
        0.5289256198347108,
        0.53125,
        0.5,
        0.49572649572649574,
        0.5161290322580645,
        0.5,
        0.5625,
        0.5045045045045045,
        0.5656565656565656,
        0.5233644859813084,
        0.5544554455445545,
        0.48333333333333334,
        0.49557522123893805,
        0.5714285714285714,
        0.5,
        0.5,
        0.5185185185185185,
        0.5045045045045045,
        0.5045045045045045,
        0.5436893203883495,
        0.5,
        0.5283018867924528,
        0.5233644859813084,
        0.5436893203883495,
        0.5233644859813084,
        0.5384615384615384,
        0.5384615384615384,
        0.5436893203883495,
        0.5490196078431373
    ],
    "val_mcc": [
        0.4616028231612228,
        0.4609963684116988,
        0.4653918804063048,
        0.505964652919574,
        0.5202362447050183,
        0.4558802288846195,
        0.4563016847452472,
        0.49318741108690284,
        0.4514359418714632,
        0.5161760638946066,
        0.46052198087734375,
        0.5232110894469023,
        0.47990033706910606,
        0.5117415501190226,
        0.4435485927323771,
        0.45131427298807514,
        0.5291255850767718,
        0.4558802288846195,
        0.4558802288846195,
        0.4749283889168136,
        0.46052198087734375,
        0.46052198087734375,
        0.5007212638858941,
        0.4558802288846195,
        0.4849622518905239,
        0.47990033706910606,
        0.5007212638858941,
        0.47990033706910606,
        0.49536919907566235,
        0.49536919907566235,
        0.5007212638858941,
        0.5061773831801678
    ]
}