{
    "train_loss": [
        0.9535424184231531,
        0.7361078258781206,
        0.6951248645782471,
        0.6988141707011631,
        0.6974605577332633,
        0.664098244692598,
        0.6606794283503578,
        0.6663449782700765,
        0.678633247812589,
        0.615770005044483,
        0.5995393764405024,
        0.5958006779352824,
        0.5663945227861404,
        0.5445415746598017,
        0.5544569545558521,
        0.5169197576386588,
        0.5099024808122998,
        0.4877613066207795,
        0.4941297464427494,
        0.4774375731746356,
        0.48202712195260183,
        0.4524269157222339,
        0.4550279091511454,
        0.43884518600645517,
        0.4298298786438647
    ],
    "train_acc": [
        0.8467317806160781,
        0.7933884297520661,
        0.8001502629601803,
        0.8106686701728024,
        0.8271975957926371,
        0.8489857250187829,
        0.8324567993989481,
        0.8129226145755072,
        0.8444778362133734,
        0.8655146506386175,
        0.8429752066115702,
        0.8542449286250939,
        0.8369646882043577,
        0.8414725770097671,
        0.8302028549962435,
        0.8640120210368144,
        0.8519909842223892,
        0.8527422990232908,
        0.8542449286250939,
        0.8640120210368144,
        0.8489857250187829,
        0.859504132231405,
        0.8692712246431255,
        0.864763335837716,
        0.8640120210368144
    ],
    "train_f1": [
        0.39285714285714285,
        0.472168905950096,
        0.4904214559386973,
        0.5039370078740157,
        0.5021645021645021,
        0.540045766590389,
        0.4897025171624714,
        0.501002004008016,
        0.5306122448979592,
        0.5768321513002365,
        0.5446623093681917,
        0.5488372093023256,
        0.5251641137855579,
        0.532150776053215,
        0.5271966527196653,
        0.5839080459770115,
        0.5689277899343544,
        0.5757575757575758,
        0.5688888888888889,
        0.5932584269662922,
        0.569593147751606,
        0.5853658536585366,
        0.6098654708520179,
        0.6017699115044248,
        0.5968819599109132
    ],
    "train_mcc": [
        0.3103577546954272,
        0.43752096553677877,
        0.46328205317003995,
        0.477029485285606,
        0.45957443003267484,
        0.5007024622814562,
        0.4367183758531596,
        0.46988269970113705,
        0.4899273599245149,
        0.5425632796676528,
        0.5139760049302795,
        0.5096443082464522,
        0.48795923088084503,
        0.4950574211156769,
        0.4977516686885185,
        0.555709883802568,
        0.5447741211219708,
        0.5556282876749188,
        0.5420730003807028,
        0.5714627035952133,
        0.5495645667947693,
        0.5637010284605818,
        0.5931700188240924,
        0.5852818285903417,
        0.5777329234205361
    ],
    "val_loss": [
        0.5972788794474169,
        0.6724879308180376,
        0.5745186277411201,
        0.5956449562853033,
        0.6541250537742268,
        0.589700387282805,
        0.6340447447516702,
        0.6801079294898293,
        0.635193331675096,
        0.5985203547911211,
        0.6160948926752264,
        0.5903347920287739,
        0.6152781491929834,
        0.7120904665101658,
        1.3640762215310878,
        0.9764506708491932,
        0.9629417143084786,
        1.1536389765414325,
        1.1750564575195312,
        1.3525111133402044,
        1.6420456198128788,
        1.6325603113933043,
        1.599181283604015,
        1.6348838860338384,
        1.800579845905304
    ],
    "val_acc": [
        0.7897897897897898,
        0.7537537537537538,
        0.7687687687687688,
        0.7717717717717718,
        0.8348348348348348,
        0.8018018018018018,
        0.7927927927927928,
        0.8078078078078078,
        0.8468468468468469,
        0.8168168168168168,
        0.8168168168168168,
        0.8198198198198198,
        0.8228228228228228,
        0.8078078078078078,
        0.8078078078078078,
        0.8048048048048048,
        0.7927927927927928,
        0.8138138138138138,
        0.8018018018018018,
        0.7837837837837838,
        0.8018018018018018,
        0.8108108108108109,
        0.8048048048048048,
        0.8108108108108109,
        0.8078078078078078
    ],
    "val_f1": [
        0.47761194029850745,
        0.4605263157894737,
        0.47619047619047616,
        0.4492753623188406,
        0.5217391304347826,
        0.484375,
        0.49635036496350365,
        0.5,
        0.5142857142857142,
        0.5271317829457365,
        0.512,
        0.5081967213114754,
        0.5203252032520326,
        0.5,
        0.49206349206349204,
        0.4881889763779528,
        0.48120300751879697,
        0.4918032786885246,
        0.49230769230769234,
        0.47058823529411764,
        0.484375,
        0.4878048780487805,
        0.48,
        0.4878048780487805,
        0.47540983606557374
    ],
    "val_mcc": [
        0.4542461415350003,
        0.45588488853387704,
        0.47185071542077545,
        0.41903605935577537,
        0.48786889852339627,
        0.45535284789349356,
        0.48558607682314175,
        0.4769806468306685,
        0.4662564179837691,
        0.5161782027599123,
        0.48905021558553263,
        0.47954666762870396,
        0.49738436801359104,
        0.4769806468306685,
        0.46319448008412417,
        0.45924709444822126,
        0.45791432887942973,
        0.4574504948986143,
        0.4692037969365846,
        0.4470448916251086,
        0.45535284789349356,
        0.45335752204109614,
        0.4453428291684681,
        0.45335752204109614,
        0.43535432216852454
    ]
}