{
    "train_loss": [
        0.8712116749513716,
        0.7540690551201502,
        0.7185059423957553,
        0.72304534415404,
        0.6812169076431365,
        0.6443354427104905,
        0.6278952452398482,
        0.5796369935075442,
        0.5631505054022584,
        0.5371075031303224,
        0.543855111513819,
        0.5887975252809978,
        0.5669814594799564,
        0.5354657080911455,
        0.5110131651163101,
        0.521716795861721,
        0.4919306171082315,
        0.49316487674202236,
        0.5076048640268189,
        0.595378717141492,
        0.5112753496283576,
        0.4806073893393789,
        0.45061726442405153,
        0.44898648826139315,
        0.4426850037915366
    ],
    "train_acc": [
        0.8317054845980466,
        0.8009015777610818,
        0.8444778362133734,
        0.8039068369646882,
        0.8302028549962435,
        0.8264462809917356,
        0.8722764838467317,
        0.8527422990232908,
        0.8542449286250939,
        0.8542449286250939,
        0.8407212622088656,
        0.8437265214124718,
        0.8549962434259955,
        0.845229151014275,
        0.8384673178061608,
        0.836213373403456,
        0.8527422990232908,
        0.8572501878287002,
        0.8339594290007513,
        0.8587528174305034,
        0.8730277986476334,
        0.8489857250187829,
        0.8640120210368144,
        0.8549962434259955,
        0.8572501878287002
    ],
    "train_f1": [
        0.4482758620689655,
        0.46893787575150303,
        0.5152224824355972,
        0.48316831683168315,
        0.5043859649122807,
        0.5074626865671642,
        0.5572916666666666,
        0.5525114155251142,
        0.5488372093023256,
        0.5650224215246636,
        0.5470085470085471,
        0.5478260869565217,
        0.5682326621923938,
        0.5482456140350878,
        0.5454545454545454,
        0.5477178423236515,
        0.5701754385964912,
        0.5833333333333334,
        0.5571142284569138,
        0.57847533632287,
        0.5907990314769975,
        0.5786163522012578,
        0.5968819599109132,
        0.5970772442588727,
        0.5887445887445888
    ],
    "train_mcc": [
        0.3788808809984895,
        0.4263138935984201,
        0.4664351450183981,
        0.447559074129495,
        0.46069084605114385,
        0.4686608883421516,
        0.507523921389439,
        0.5168762613896197,
        0.5096443082464522,
        0.5356323194993149,
        0.520296801698673,
        0.5184506197061685,
        0.5401179381958711,
        0.5175694246044644,
        0.5201094218234384,
        0.5265509516951962,
        0.5460087138811247,
        0.5630722874471209,
        0.5461281103808917,
        0.5528936292967481,
        0.5566127009521021,
        0.5656073930172416,
        0.5777329234205361,
        0.5910072801677492,
        0.5725789684353149
    ],
    "val_loss": [
        0.631134797226299,
        0.5968687317588113,
        0.7638502012599598,
        0.5316305675289847,
        0.5588156445459886,
        0.6733997653831135,
        0.5617809106003154,
        0.653418855233626,
        0.5060557370836084,
        0.5224424356764014,
        0.6082807345823809,
        0.5014871683987704,
        0.5918459810993888,
        0.4974717904220928,
        0.5854916572570801,
        0.5999221530827609,
        0.6368725015358492,
        0.6127112399448048,
        0.6354664794423364,
        0.6408905955878171,
        0.6051816642284393,
        0.6947910812768069,
        0.72468716989864,
        0.7265789590098641,
        0.5041466815905138
    ],
    "val_acc": [
        0.8048048048048048,
        0.8288288288288288,
        0.6846846846846847,
        0.8288288288288288,
        0.8138138138138138,
        0.7987987987987988,
        0.8408408408408409,
        0.7987987987987988,
        0.8468468468468469,
        0.8438438438438438,
        0.7087087087087087,
        0.8468468468468469,
        0.8078078078078078,
        0.8348348348348348,
        0.8258258258258259,
        0.8408408408408409,
        0.8378378378378378,
        0.8318318318318318,
        0.8228228228228228,
        0.8588588588588588,
        0.8018018018018018,
        0.8348348348348348,
        0.8198198198198198,
        0.8078078078078078,
        0.8198198198198198
    ],
    "val_f1": [
        0.49612403100775193,
        0.5210084033613446,
        0.4067796610169492,
        0.544,
        0.5303030303030303,
        0.5179856115107914,
        0.5470085470085471,
        0.49624060150375937,
        0.5486725663716814,
        0.559322033898305,
        0.4260355029585799,
        0.5486725663716814,
        0.5223880597014925,
        0.5378151260504201,
        0.5245901639344263,
        0.5470085470085471,
        0.5573770491803278,
        0.5483870967741935,
        0.5354330708661418,
        0.5346534653465347,
        0.5074626865671642,
        0.5454545454545454,
        0.5081967213114754,
        0.5076923076923077,
        0.5384615384615384
    ],
    "val_mcc": [
        0.47306625354520176,
        0.4924493772898248,
        0.4062693728952204,
        0.5327576020025971,
        0.5256802029429107,
        0.5202574780657914,
        0.5239244978383345,
        0.47919929140271983,
        0.5201273008749933,
        0.541777177543859,
        0.4269354359670708,
        0.5201273008749933,
        0.5179094265228602,
        0.5148059747864181,
        0.5016428403587937,
        0.5239244978383345,
        0.5458351858189732,
        0.5370526375537668,
        0.5243510886803445,
        0.4873415019819042,
        0.4966883315269069,
        0.5281455677987497,
        0.47954666762870396,
        0.49068961437056186,
        0.5336612492385164
    ]
}