{
    "train_loss": [
        1.8898185003887524,
        1.329669366506013,
        1.0220897312868724,
        1.417794068428603,
        0.9187109063972126,
        0.9935344349254261,
        0.8639648922465064,
        0.9373714903538878,
        0.8802575936371629,
        0.8208092586560682,
        0.7813188751990144,
        0.7729189903898672,
        0.7546128210696307,
        0.7753182209350846,
        0.8194381479512561,
        0.7913116948171095,
        0.735698596320369,
        0.7850659679282795,
        0.739955315197056,
        0.6591272980652072,
        0.6703603809530084,
        0.7144829830662771,
        0.6955681734464385
    ],
    "train_acc": [
        0.9607703281027105,
        0.8744650499286734,
        0.7596291012838802,
        0.7118402282453637,
        0.7624821683309557,
        0.7425106990014265,
        0.8074179743223966,
        0.7453637660485022,
        0.7653352353780314,
        0.7902995720399429,
        0.7981455064194009,
        0.7653352353780314,
        0.7867332382310984,
        0.7960057061340942,
        0.818830242510699,
        0.7653352353780314,
        0.8067047075606276,
        0.7945791726105563,
        0.8095577746077033,
        0.8174037089871612,
        0.8038516405135521,
        0.8109843081312411,
        0.8059914407988588
    ],
    "train_f1": [
        0.03508771929824561,
        0.15384615384615385,
        0.09651474530831099,
        0.1440677966101695,
        0.16541353383458646,
        0.15058823529411763,
        0.17682926829268292,
        0.15201900237529692,
        0.14545454545454545,
        0.16477272727272727,
        0.18911174785100288,
        0.17543859649122806,
        0.18528610354223432,
        0.17341040462427745,
        0.2111801242236025,
        0.1670886075949367,
        0.20527859237536658,
        0.1676300578034682,
        0.1981981981981982,
        0.20496894409937888,
        0.207492795389049,
        0.19939577039274925,
        0.2
    ],
    "train_mcc": [
        0.021206853198364614,
        0.14527607617287222,
        0.08256075952535069,
        0.1962947037930665,
        0.21873051511273806,
        0.19716547913845447,
        0.21620373946791585,
        0.1989262799005263,
        0.1764938099471464,
        0.20281477573072845,
        0.24531559405706296,
        0.23814676066092463,
        0.2451791391954228,
        0.21630010948295178,
        0.2726435964320647,
        0.2206824631016864,
        0.27072054414698316,
        0.20603948510483985,
        0.2550023821184353,
        0.2620688233610559,
        0.277236277863028,
        0.25626125997768545,
        0.2610173165559083
    ],
    "val_loss": [
        1.3439678874882786,
        0.8692360791293058,
        0.8194458376277577,
        0.77872065522454,
        0.796387255191803,
        0.9451976418495178,
        0.6765730381011963,
        0.721524178981781,
        0.9076180783185092,
        0.753071053461595,
        0.6704038002274253,
        0.7390623011372306,
        0.6707056706601923,
        0.6747992445122112,
        0.8220883662050421,
        0.8464241082018072,
        0.6290675835175947,
        0.6410939395427704,
        0.5638358918103304,
        0.5746385915712877,
        0.5790289681066166,
        0.6571444056250832,
        0.6932246522469954
    ],
    "val_acc": [
        0.9714285714285714,
        0.6171428571428571,
        0.6857142857142857,
        0.6914285714285714,
        0.7028571428571428,
        0.6771428571428572,
        0.7457142857142857,
        0.9028571428571428,
        0.5714285714285714,
        0.7114285714285714,
        0.7371428571428571,
        0.7028571428571428,
        0.7628571428571429,
        0.7514285714285714,
        0.6257142857142857,
        0.6114285714285714,
        0.7628571428571429,
        0.8,
        0.8228571428571428,
        0.8,
        0.8514285714285714,
        0.7314285714285714,
        0.7228571428571429
    ],
    "val_f1": [
        0.0,
        0.12987012987012986,
        0.15384615384615385,
        0.15625,
        0.16129032258064516,
        0.15037593984962405,
        0.1834862385321101,
        0.2916666666666667,
        0.11764705882352941,
        0.1652892561983471,
        0.17857142857142858,
        0.16129032258064516,
        0.1941747572815534,
        0.18691588785046728,
        0.13245033112582782,
        0.1282051282051282,
        0.1941747572815534,
        0.2222222222222222,
        0.24390243902439024,
        0.2222222222222222,
        0.2571428571428571,
        0.17543859649122806,
        0.17094017094017094
    ],
    "val_mcc": [
        0.0,
        0.20512231326380073,
        0.23742903996690853,
        0.24047145451941682,
        0.24675395214645865,
        0.23298121959685889,
        0.2730736560491421,
        0.32603317375412527,
        0.1868862503991005,
        0.2516506187480357,
        0.26741532739187956,
        0.24675395214645865,
        0.2850923926716851,
        0.2769714055468549,
        0.2087969393190497,
        0.20272121351984576,
        0.2850923926716851,
        0.31506301890630223,
        0.33698974984896496,
        0.31506301890630223,
        0.3315324917763692,
        0.2637615130124301,
        0.25844717502030434
    ]
}