{
    "train_loss": [
        1.703619580377232,
        1.212241691621867,
        1.338926269926808,
        1.072884938256307,
        1.0809775726361708,
        0.9536642709916289,
        0.8524113060398535,
        0.9050292020494287,
        1.0343465913425793,
        0.825343977321278,
        0.8725489310242913,
        0.8351380344141613,
        0.7649023715745319,
        0.7661383192647587,
        0.8259541019797325,
        0.7350842078978365,
        0.7518864433196458,
        0.7370650619268417,
        0.692667141218077,
        0.6990724287249825,
        0.6847819211808118,
        0.6694510924545202,
        0.7798271101306785,
        0.937755879692056,
        0.8164608045057817,
        0.7708601985465396,
        0.6867279596626759,
        0.6914693123914979,
        0.6796133924614299,
        0.6102975095537576,
        0.6112027899785475,
        0.608767740089785,
        0.5763367461887273,
        0.5843426632610235,
        0.6711095314134251,
        0.6729159172285687,
        0.652620597996495
    ],
    "train_acc": [
        0.8680456490727532,
        0.7196861626248217,
        0.6868758915834522,
        0.8174037089871612,
        0.645506419400856,
        0.637660485021398,
        0.7182596291012838,
        0.6362339514978602,
        0.68188302425107,
        0.8402282453637661,
        0.8402282453637661,
        0.87660485021398,
        0.8395149786019972,
        0.855206847360913,
        0.8758915834522111,
        0.8972895863052782,
        0.8708987161198288,
        0.8573466476462197,
        0.8830242510699001,
        0.8887303851640513,
        0.8680456490727532,
        0.8716119828815977,
        0.8366619115549215,
        0.8980028530670471,
        0.8659058487874465,
        0.8630527817403709,
        0.8830242510699001,
        0.8587731811697575,
        0.8987161198288159,
        0.8858773181169758,
        0.8873038516405135,
        0.9029957203994294,
        0.8951497860199714,
        0.891583452211127,
        0.8773181169757489,
        0.912981455064194,
        0.8972895863052782
    ],
    "train_f1": [
        0.13953488372093023,
        0.0665083135391924,
        0.1272365805168986,
        0.13513513513513514,
        0.12035398230088495,
        0.11805555555555555,
        0.1468682505399568,
        0.12371134020618557,
        0.13565891472868216,
        0.21678321678321677,
        0.21678321678321677,
        0.23788546255506607,
        0.21052631578947367,
        0.22813688212927757,
        0.2564102564102564,
        0.30097087378640774,
        0.24896265560165975,
        0.24242424242424243,
        0.24770642201834864,
        0.2777777777777778,
        0.25101214574898784,
        0.26229508196721313,
        0.20761245674740483,
        0.27411167512690354,
        0.24193548387096775,
        0.23809523809523808,
        0.2807017543859649,
        0.2556390977443609,
        0.29,
        0.2857142857142857,
        0.29464285714285715,
        0.32,
        0.3033175355450237,
        0.2897196261682243,
        0.2711864406779661,
        0.34408602150537637,
        0.3142857142857143
    ],
    "train_mcc": [
        0.12726090488032313,
        0.027498073386058274,
        0.16651854242150063,
        0.13764789761600243,
        0.16341883115090333,
        0.1599495377393195,
        0.19989288376457218,
        0.17547978735690076,
        0.18880377847661928,
        0.26570317624529616,
        0.26570317624529616,
        0.2690699283001685,
        0.2552931403495844,
        0.2725978131969868,
        0.29925385840948526,
        0.34386086315785513,
        0.29234706030341767,
        0.29491256967366386,
        0.2781654444085707,
        0.31869586646775466,
        0.2986388761954774,
        0.3135464058304485,
        0.2523666830374333,
        0.3020569249446214,
        0.2857590767928766,
        0.2821274718477147,
        0.33035279191913186,
        0.3162399918811464,
        0.32508406232880827,
        0.3348652666171477,
        0.3474313409673322,
        0.3651351348896615,
        0.35052552239393053,
        0.33389612268803925,
        0.3217136045841095,
        0.38591267412670827,
        0.36480044061821665
    ],
    "val_loss": [
        1.4886400916359641,
        1.0158736922524192,
        1.0921399755911394,
        0.7594094168056141,
        1.0177833221175454,
        0.9273257987065748,
        0.9011469212445345,
        0.7587370032613928,
        0.9571580805561759,
        0.7490048273043199,
        0.7970240712165833,
        0.607752575115724,
        0.6233038035306063,
        0.6768476204438643,
        0.6858068271116777,
        0.6027205342596228,
        0.6855671487071298,
        0.625732725316828,
        0.6039585931734606,
        0.5834307101639834,
        0.6536228683861819,
        0.618781412189657,
        0.6715184016661211,
        0.6612126989798113,
        0.900249876759269,
        0.6286459971557964,
        0.5996883755380457,
        0.6109387630766089,
        0.6046773113987662,
        0.5820191069082781,
        0.5684758980165828,
        0.5590363808653571,
        0.5541283163157377,
        0.6170652562921698,
        0.6396885121410544,
        0.6599613102999601,
        0.6478219790892168
    ],
    "val_acc": [
        0.26571428571428574,
        0.9514285714285714,
        0.9228571428571428,
        0.7228571428571429,
        0.52,
        0.5257142857142857,
        0.5571428571428572,
        0.6542857142857142,
        0.9085714285714286,
        0.7742857142857142,
        0.9228571428571428,
        0.8714285714285714,
        0.8571428571428571,
        0.8914285714285715,
        0.8914285714285715,
        0.8771428571428571,
        0.8028571428571428,
        0.84,
        0.8885714285714286,
        0.8571428571428571,
        0.8771428571428571,
        0.9285714285714286,
        0.8971428571428571,
        0.8428571428571429,
        0.82,
        0.8485714285714285,
        0.8685714285714285,
        0.8742857142857143,
        0.8685714285714285,
        0.8771428571428571,
        0.9,
        0.8828571428571429,
        0.8714285714285714,
        0.82,
        0.9171428571428571,
        0.88,
        0.8771428571428571
    ],
    "val_f1": [
        0.06545454545454546,
        0.10526315789473684,
        0.18181818181818182,
        0.17094017094017094,
        0.0967741935483871,
        0.10752688172043011,
        0.11428571428571428,
        0.14184397163120568,
        0.2,
        0.20202020202020202,
        0.2702702702702703,
        0.26229508196721313,
        0.2857142857142857,
        0.3448275862068966,
        0.2962962962962963,
        0.29508196721311475,
        0.2247191011235955,
        0.2631578947368421,
        0.3157894736842105,
        0.2857142857142857,
        0.29508196721311475,
        0.3902439024390244,
        0.3333333333333333,
        0.22535211267605634,
        0.2222222222222222,
        0.2535211267605634,
        0.28125,
        0.2903225806451613,
        0.28125,
        0.29508196721311475,
        0.33962264150943394,
        0.3050847457627119,
        0.2857142857142857,
        0.2222222222222222,
        0.3829787234042553,
        0.3,
        0.29508196721311475
    ],