{
    "train_loss": [
        1.699739079583775,
        1.173528017476201,
        1.3441132347692142,
        0.9237548336386681,
        0.8485624620860274,
        0.9026499932462518,
        0.9063937403261662,
        0.8670188669453968,
        0.8183484023267572,
        0.7786838866092942,
        0.8448318920352242,
        0.8185342902486975,
        0.81945462660356,
        0.7155096050013195,
        0.7194634388116273,
        0.7117226713083007,
        0.6791694326834246,
        0.8738721250133081,
        0.7093492245132272,
        0.6901682683012702,
        0.6483777565034953,
        0.5701948092742399,
        0.6351107155734842,
        0.547573717480356,
        0.5129162381318483,
        0.5530148361894217,
        0.5605641390112314,
        0.4970580098981207,
        0.48913064632903447,
        0.4085516313260252,
        0.4527110078118064,
        0.3984807336872274,
        0.4625564701008526,
        0.5987527776848186,
        0.48490315743468027,
        0.4770829813046889,
        0.4191953312944282,
        0.420548022470691,
        0.3965969722379338,
        0.38319475000554865,
        0.5048184753818945,
        0.43074858290227974,
        0.40550063448873436,
        0.3882085391404954,
        0.38225225037471816,
        0.32936431586065074,
        0.35860685411502013,
        0.3312610664658926,
        0.3073175178671425,
        0.3077183482660489
    ],
    "train_acc": [
        0.9686162624821684,
        0.9222539229671898,
        0.8195435092724679,
        0.7945791726105563,
        0.81811697574893,
        0.7781740370898717,
        0.818830242510699,
        0.7717546362339515,
        0.7617689015691869,
        0.833095577746077,
        0.7917261055634808,
        0.8202567760342369,
        0.796718972895863,
        0.8537803138373752,
        0.8380884450784594,
        0.8024251069900142,
        0.8601997146932953,
        0.855206847360913,
        0.8445078459343794,
        0.8644793152639088,
        0.8616262482168331,
        0.8808844507845934,
        0.8673323823109843,
        0.8880171184022825,
        0.8922967189728959,
        0.9008559201141226,
        0.8858773181169758,
        0.9037089871611983,
        0.9094151212553495,
        0.9194008559201141,
        0.9115549215406562,
        0.920114122681883,
        0.9122681883024251,
        0.8858773181169758,
        0.9122681883024251,
        0.9315263908701854,
        0.9215406562054208,
        0.9322396576319544,
        0.920827389443652,
        0.9393723252496433,
        0.9151212553495007,
        0.9251069900142653,
        0.9407988587731811,
        0.9286733238231099,
        0.9400855920114123,
        0.942225392296719,
        0.9429386590584878,
        0.9436519258202568,
        0.949358059914408,
        0.9529243937232525
    ],
    "train_f1": [
        0.0,
        0.18045112781954886,
        0.1245674740484429,
        0.16279069767441862,
        0.19558359621451105,
        0.17066666666666666,
        0.1962025316455696,
        0.15343915343915343,
        0.165,
        0.19863013698630136,
        0.1751412429378531,
        0.19745222929936307,
        0.17391304347826086,
        0.21455938697318008,
        0.2305084745762712,
        0.21082621082621084,
        0.234375,
        0.21621621621621623,
        0.2323943661971831,
        0.2578125,
        0.2595419847328244,
        0.28936170212765955,
        0.2734375,
        0.3203463203463203,
        0.30414746543778803,
        0.3285024154589372,
        0.30434782608695654,
        0.34782608695652173,
        0.3487179487179487,
        0.3891891891891892,
        0.36082474226804123,
        0.3978494623655914,
        0.35602094240837695,
        0.3162393162393162,
        0.3756345177664975,
        0.4146341463414634,
        0.40217391304347827,
        0.4311377245508982,
        0.4,
        0.46540880503144655,
        0.37037037037037035,
        0.4134078212290503,
        0.4645161290322581,
        0.42528735632183906,
        0.46835443037974683,
        0.4840764331210191,
        0.4666666666666667,
        0.4768211920529801,
        0.5170068027210885,
        0.5217391304347826
    ],
    "train_mcc": [
        -0.008037382480119969,
        0.1591572815444115,
        0.1192355819643812,
        0.1968466731172765,
        0.24410811275584599,
        0.22093114918237494,
        0.24475479233643288,
        0.1896653281584054,
        0.21824670535016402,
        0.23916981959288033,
        0.2220883196750748,
        0.2460572815531245,
        0.2168573097746614,
        0.251005516896387,
        0.29205464435091305,
        0.2849534272867077,
        0.2785869424428082,
        0.2526244957569382,
        0.2895854050834368,
        0.3138324434178255,
        0.3199071737269269,
        0.34728682546681333,
        0.33732944406783705,
        0.3888945817114822,
        0.35587581787525857,
        0.38188741724596365,
        0.3653326858750326,
        0.40809299499442636,
        0.3993271874753747,
        0.44328250144833864,
        0.41444356536680343,
        0.45542236979278977,
        0.40557169670743526,
        0.3852607511505954,
        0.43667572104493263,
        0.45494151872451616,
        0.4590497947502082,
        0.47832614517673977,
        0.45722708202253026,
        0.5115473924136806,
        0.4225596634306342,
        0.4684446500674144,
        0.5059588125244234,
        0.47834018734690004,
        0.5139765368488313,
        0.5318024359693783,
        0.5029341128172982,
        0.516119571501857,
        0.5588545503113916,
        0.5532152432464752
    ],
    "val_loss": [
        1.3120974952524358,
        0.6513723324645649,
        0.8278221813115206,
        0.7761933532628146,
        0.7837038961323824,
        0.9677271788770502,
        0.9210360266945579,
        0.6382910961454565,
        0.7658378508957949,
        0.60935133153742,
        0.6678670617667112,
        0.685151303356344,
        0.7411364587870511,
        0.5024462179704146,
        0.6598057719794187,
        0.6536160409450531,
        0.5257306613705375,
        0.702380592172796,
        0.5674615935845808,
        0.6374723044308749,
        0.572177076881582,
        0.577326858585531,
        0.6015063144943931,
        0.48974932594732806,
        0.5139129473404451,
        0.5839460979808461,
        0.519310861825943,
        0.4614359817721627,
        0.4716061434962533,
        0.5804960998621854,
        0.6032491299239072,
        0.5979656130075455,
        0.8438949964263223,
        0.550775487314571,
        0.4975333511829376,
        0.4872745763171803,
        0.45734331147237256,
        0.45879848165945575,
        0.42693315852772107,
        0.4457524811679667,
        0.5511806160211563,
        0.4871476631272923,
        0.4525438154285604,
        0.47453036362474615,
        0.46455268426374957,
        0.4897982180118561,
        0.4772370477968996,
        0.49550840664993634,
        0.5209899971430952,
        0.5108675225214525
    ],