{
    "train_loss": [
        2.223871699788354,
        1.2694844915108248,
        1.0222882106900215,
        1.0054483075033536,
        0.9236958636478945,
        0.9935936501080339,
        0.9409919652071866,
        0.8239662565968253,
        0.8156346611001275,
        0.8212973556735299,
        0.9749751917340539,
        0.8117722868919373,
        0.7499773563309149,
        0.7040695771574974,
        0.8128232366659425,
        0.7551340596242384,
        0.6889615790410475,
        0.7311344959519126,
        0.7106366022066637,
        0.6830857436765324
    ],
    "train_acc": [
        0.9693295292439372,
        0.9671897289586305,
        0.723965763195435,
        0.7546362339514978,
        0.7902995720399429,
        0.8002853067047075,
        0.7781740370898717,
        0.8216833095577746,
        0.869472182596291,
        0.8316690442225392,
        0.833095577746077,
        0.7881597717546363,
        0.8502139800285307,
        0.8259629101283881,
        0.8495007132667618,
        0.8837375178316691,
        0.8737517831669044,
        0.8580599144079886,
        0.8758915834522111,
        0.8730385164051355
    ],
    "train_f1": [
        0.0,
        0.0,
        0.12244897959183673,
        0.15270935960591134,
        0.1878453038674033,
        0.18604651162790697,
        0.17506631299734748,
        0.1935483870967742,
        0.23430962343096234,
        0.19727891156462585,
        0.18181818181818182,
        0.1863013698630137,
        0.2222222222222222,
        0.2129032258064516,
        0.23272727272727273,
        0.24186046511627907,
        0.24034334763948498,
        0.23166023166023167,
        0.2627118644067797,
        0.2644628099173554
    ],
    "train_mcc": [
        -0.0065601511476236826,
        -0.010383641006771579,
        0.14345755637868235,
        0.19608408276863237,
        0.247982394793354,
        0.23798691620756407,
        0.22981611533789353,
        0.23794889120854504,
        0.26997520819221826,
        0.23778601686142598,
        0.20996569934792278,
        0.24629382396439872,
        0.2668545975098265,
        0.2702009306666076,
        0.28559797158917555,
        0.2684970645711941,
        0.27564111920964574,
        0.27598880363022976,
        0.30947995372222226,
        0.3155465190370315
    ],
    "val_loss": [
        1.2201139818538318,
        1.0185810652646152,
        0.926853743466464,
        0.8450794978575273,
        0.6473307148976759,
        0.8215980394320055,
        0.7446838427673687,
        1.3744901229034772,
        0.7636404416777871,
        0.799054432999004,
        0.6889327412301843,
        0.7219236547296698,
        0.7091017365455627,
        0.6599662710319866,
        0.736029638485475,
        0.7239029380408201,
        0.6352615708654578,
        0.7331931022080508,
        0.6556743545965715,
        0.7903193695978685
    ],
    "val_acc": [
        0.9714285714285714,
        0.9514285714285714,
        0.8685714285714285,
        0.7085714285714285,
        0.9057142857142857,
        0.6771428571428572,
        0.78,
        0.9142857142857143,
        0.7342857142857143,
        0.7942857142857143,
        0.7485714285714286,
        0.7828571428571428,
        0.7942857142857143,
        0.8142857142857143,
        0.84,
        0.8371428571428572,
        0.86,
        0.8428571428571429,
        0.8571428571428571,
        0.8771428571428571
    ],
    "val_f1": [
        0.0,
        0.10526315789473684,
        0.25806451612903225,
        0.16393442622950818,
        0.32653061224489793,
        0.15037593984962405,
        0.20618556701030927,
        0.11764705882352941,
        0.17699115044247787,
        0.21739130434782608,
        0.18518518518518517,
        0.20833333333333334,
        0.21739130434782608,
        0.23529411764705882,
        0.2631578947368421,
        0.2597402597402597,
        0.2898550724637681,
        0.2465753424657534,
        0.2647058823529412,
        0.29508196721311475
    ],
    "val_mcc": [
        0.0,
        0.08048879863776506,
        0.3141127641967095,
        0.25,
        0.3752883526961855,
        0.23298121959685889,
        0.2981801915614472,
        0.08918749215763373,
        0.2655769663795936,
        0.3100423444953945,
        0.27500954910846337,
        0.30047841470191894,
        0.3100423444953945,
        0.32839478871459266,
        0.3557523222622853,
        0.3524652922844246,
        0.38087373968711763,
        0.3214029504033481,
        0.3386789793513747,
        0.36664332784579357
    ]
}