{
    "train_loss": [
        3.4298276230692863,
        1.303044968707995,
        1.1949457438154654,
        1.149670901962302,
        1.0619110187346286,
        1.0407674075527624,
        0.9809321517294104,
        0.9042518416588957,
        0.8357368700883605,
        0.8945733268152584,
        0.8453032523393631,
        0.8329192393205382,
        0.8118039748885415,
        0.9376764182340015,
        0.7437574023550207,
        0.6982766491445628,
        0.8727991154248064,
        0.7816588045521216,
        0.7469323453578082,
        0.6329648399894888,
        0.6817190677604892,
        0.639921289275993,
        0.6356108412146568,
        0.6249569180336866,
        0.6222281787883152,
        0.5856117883866484
    ],
    "train_acc": [
        0.8067047075606276,
        0.6490727532097005,
        0.7325249643366619,
        0.7831669044222539,
        0.666191155492154,
        0.7004279600570613,
        0.7139800285306704,
        0.7596291012838802,
        0.7717546362339515,
        0.7924393723252496,
        0.8195435092724679,
        0.8059914407988588,
        0.8530670470756063,
        0.8708987161198288,
        0.8288159771754636,
        0.8651925820256776,
        0.8416547788873039,
        0.87660485021398,
        0.87660485021398,
        0.8523537803138374,
        0.8972895863052782,
        0.8566333808844507,
        0.8894436519258203,
        0.869472182596291,
        0.8830242510699001,
        0.8637660485021398
    ],
    "train_f1": [
        0.11147540983606558,
        0.10218978102189781,
        0.15349887133182843,
        0.1783783783783784,
        0.13333333333333333,
        0.14285714285714285,
        0.15578947368421053,
        0.171990171990172,
        0.1794871794871795,
        0.18487394957983194,
        0.20189274447949526,
        0.2,
        0.23134328358208955,
        0.24896265560165975,
        0.21568627450980393,
        0.24096385542168675,
        0.23972602739726026,
        0.2575107296137339,
        0.2575107296137339,
        0.25806451612903225,
        0.30097087378640774,
        0.25830258302583026,
        0.30493273542600896,
        0.26506024096385544,
        0.2807017543859649,
        0.2792452830188679
    ],
    "train_mcc": [
        0.10048082938288838,
        0.11606650122317158,
        0.20822154137547164,
        0.2335341517293505,
        0.18927544211785874,
        0.19842468674849453,
        0.2225850808947071,
        0.23418238932884136,
        0.24274169023436296,
        0.2407105846932986,
        0.25475452518923414,
        0.2610173165559083,
        0.27996351453324364,
        0.29234706030341767,
        0.2730180558783226,
        0.28484239953677293,
        0.3054225453285575,
        0.30026824444109634,
        0.30026824444109634,
        0.32745966459549,
        0.34386086315785513,
        0.32321010551377966,
        0.3612054279956722,
        0.32057087181554145,
        0.33035279191913186,
        0.3518102669823387
    ],
    "val_loss": [
        1.0890305746685376,
        1.6025966189124368,
        1.0047937387769872,
        1.0680345242673701,
        0.955329645763744,
        0.920731707052751,
        0.9261434782635082,
        0.8980874798514626,
        0.8274564011530443,
        0.900153639641675,
        1.0405754934657703,
        0.7367452735250647,
        0.8645031723109159,
        0.8976088057864796,
        0.8260645595463839,
        1.2108799706805835,
        0.9142866811969064,
        0.8397656408223239,
        0.9415109699422662,
        0.8402490561658685,
        0.8581743240356445,
        0.8628225732933391,
        0.8651690659197894,
        1.0836282209916548,
        1.0364991155537693,
        1.032134316184304
    ],
    "val_acc": [
        0.52,
        0.26571428571428574,
        0.7514285714285714,
        0.6228571428571429,
        0.7171428571428572,
        0.6514285714285715,
        0.74,
        0.7942857142857143,
        0.7685714285714286,
        0.8085714285714286,
        0.92,
        0.8457142857142858,
        0.8628571428571429,
        0.8057142857142857,
        0.8485714285714285,
        0.8542857142857143,
        0.8714285714285714,
        0.84,
        0.7828571428571428,
        0.8771428571428571,
        0.8771428571428571,
        0.8657142857142858,
        0.88,
        0.8657142857142858,
        0.8657142857142858,
        0.8828571428571429
    ],
    "val_f1": [
        0.10638297872340426,
        0.07220216606498195,
        0.1553398058252427,
        0.13157894736842105,
        0.15384615384615385,
        0.14084507042253522,
        0.1651376146788991,
        0.18181818181818182,
        0.16494845360824742,
        0.1927710843373494,
        0.2631578947368421,
        0.20588235294117646,
        0.22580645161290322,
        0.19047619047619047,
        0.208955223880597,
        0.2153846153846154,
        0.23728813559322035,
        0.2,
        0.15555555555555556,
        0.21818181818181817,
        0.24561403508771928,
        0.2033898305084746,
        0.2222222222222222,
        0.22950819672131148,
        0.22950819672131148,
        0.22641509433962265
    ],
    "val_mcc": [
        0.16858338265323683,
        0.09561894705502144,
        0.2074407682085802,
        0.20756209080901739,
        0.22122227326840863,
        0.2203950431488042,
        0.23499565620165216,
        0.2378374049163794,
        0.2188166424766514,
        0.24964885144411392,
        0.26550391214769115,
        0.24643178653193412,
        0.26589369951739006,
        0.24720506281153012,
        0.24948655877078296,
        0.25581251631975727,
        0.2767803951527327,
        0.240523572465209,
        0.19253851155385138,
        0.24153958130008235,
        0.2845479679531136,
        0.22735532458974472,
        0.24534746666621943,
        0.2694272939472877,
        0.2694272939472877,
        0.2492720567615363
    ]
}