{
    "train_loss": [
        1.5065642127936536,
        1.0564646409316496,
        0.9342134699902751,
        0.8730372772975401,
        0.951708004555919,
        0.8524208285591819,
        0.8177844665267251,
        0.8443871076134118,
        0.9232202023267746,
        0.8107675412161783,
        0.7909199084070596,
        0.79088205979629,
        0.7187032723291353,
        0.6388979804786769,
        0.6796029944988814,
        0.5817179432646795,
        0.4882721460678361,
        0.38802984763275494,
        0.42754225399006496,
        0.37464592792093754,
        0.3398697013882073,
        0.3153449652547186,
        0.2658542435277592,
        0.2545626856047999,
        0.22735629078339448,
        0.1934946502812884,
        0.21175411275841974,
        0.21223955165425484,
        0.2078035274012522,
        0.1741200058975003,
        0.16603527082638306,
        0.19026745927774094,
        0.18198586378077214,
        0.15528686545704576,
        0.14404810525857928,
        0.15525661226869983,
        0.1428253661883487,
        0.16512758875879543,
        0.15190519392490387,
        0.1338900319745087,
        0.14486378920264542,
        0.14138563129712234
    ],
    "train_acc": [
        0.9707560627674751,
        0.8659058487874465,
        0.8559201141226819,
        0.8637660485021398,
        0.8388017118402282,
        0.8402282453637661,
        0.8359486447931527,
        0.8573466476462197,
        0.8309557774607703,
        0.8616262482168331,
        0.8102710413694721,
        0.81169757489301,
        0.8002853067047075,
        0.8309557774607703,
        0.862339514978602,
        0.8516405135520685,
        0.8787446504992867,
        0.9037089871611983,
        0.8994293865905849,
        0.9158345221112696,
        0.920827389443652,
        0.9265335235378032,
        0.9322396576319544,
        0.9436519258202568,
        0.9536376604850214,
        0.9536376604850214,
        0.949358059914408,
        0.9507845934379457,
        0.9550641940085592,
        0.9607703281027105,
        0.9643366619115549,
        0.963623395149786,
        0.9579172610556348,
        0.9621968616262482,
        0.9657631954350927,
        0.9707560627674751,
        0.9693295292439372,
        0.9686162624821684,
        0.9693295292439372,
        0.9714693295292439,
        0.9693295292439372,
        0.9686162624821684
    ],
    "train_f1": [
        0.0,
        0.1826086956521739,
        0.21705426356589147,
        0.2450592885375494,
        0.18705035971223022,
        0.2222222222222222,
        0.21232876712328766,
        0.2537313432835821,
        0.20202020202020202,
        0.23622047244094488,
        0.21301775147928995,
        0.18518518518518517,
        0.21348314606741572,
        0.2379421221864952,
        0.27169811320754716,
        0.2517985611510791,
        0.3089430894308943,
        0.37209302325581395,
        0.3561643835616438,
        0.40404040404040403,
        0.418848167539267,
        0.430939226519337,
        0.4632768361581921,
        0.5031446540880503,
        0.5578231292517006,
        0.5578231292517006,
        0.5359477124183006,
        0.5369127516778524,
        0.5655172413793104,
        0.5985401459854015,
        0.6212121212121212,
        0.6106870229007634,
        0.5815602836879432,
        0.6074074074074074,
        0.6307692307692307,
        0.6611570247933884,
        0.656,
        0.6507936507936508,
        0.656,
        0.6721311475409836,
        0.656,
        0.6507936507936508
    ],
    "train_mcc": [
        0.0,
        0.19179501838501203,
        0.25344132423101356,
        0.2930503797915589,
        0.21538827682881348,
        0.27531625216663,
        0.2612540615047727,
        0.31443947829043356,
        0.2466940939574242,
        0.2803460888039607,
        0.28298389453985895,
        0.2291172939553571,
        0.29199194973815723,
        0.3124472110371353,
        0.34025632005544154,
        0.31704413158946315,
        0.383460603717311,
        0.4482521769050299,
        0.4297079171037447,
        0.47533799043444835,
        0.48774494957855014,
        0.49286903084962314,
        0.5295540141116671,
        0.5572904048401612,
        0.6068934270457,
        0.6068934270457,
        0.5890453196315423,
        0.5849074263641008,
        0.6131737329584953,
        0.6401751880298794,
        0.6587847168924887,
        0.6454152685190931,
        0.6262797331768744,
        0.6474448951146698,
        0.6666535950747605,
        0.6873092843367393,
        0.6875130210827697,
        0.6831975344454255,
        0.6875130210827697,
        0.7009253467035363,
        0.6875130210827697,
        0.6831975344454255
    ],
    "val_loss": [
        1.0946183069185778,
        0.8105087862773375,
        0.7631580667062239,
        0.7675107527862896,
        0.7613081688230688,
        0.742358223958449,
        0.6954477321017872,
        0.890203443440524,
        0.6972779767079786,
        0.7240058996460654,
        0.7009481218728152,
        0.7872652953321283,
        0.8634979399767789,
        1.3877967162565752,
        0.7269545034928755,
        1.1222457045858556,
        1.3316368379376151,
        1.5476060143925927,
        1.355572735382752,
        1.4213716279376636,
        1.5159041278741576,
        1.5167196745222264,
        1.8153430538421327,
        1.9009775160388513,
        1.9613539298826999,
        2.0145237371325493,
        2.1414937536147507,
        2.171914989806034,
        2.2077940360388975,
        2.2477871887385845,
        2.318113156425005,
        2.2926571850072253,
        2.3494958491487936,
        2.3604724007573994,
        2.5095350642434577,
        2.479266810146245,
        2.494395350868052,
        2.5740766884251074,
        2.5268787010149523,
        2.657460230487314,
        2.5338681777092544,
        2.5711167961020363
    ],
    "val_acc": [
        0.9714285714285714,
        0.8114285714285714,
        0.8285714285714286,
        0.8171428571428572,
        0.86,
        0.82,
        0.8914285714285715,
        0.7,
        0.8285714285714286,
        0.88,
        0.8428571428571429,
        0.8428571428571429,
        0.66,
        0.29428571428571426,
        0.8142857142857143,
        0.8942857142857142,
        0.9,
        0.8828571428571429,
        0.9085714285714286,
        0.8942857142857142,
        0.8914285714285715,
        0.8685714285714285,
        0.94,
        0.94,
        0.94,
        0.9485714285714286,
        0.96,
        0.9542857142857143,
        0.9457142857142857,
        0.9514285714285714,
        0.9542857142857143,
        0.94,
        0.9485714285714286,
        0.9542857142857143,
        0.96,
        0.96,
        0.96,
        0.9542857142857143,
        0.9542857142857143,
        0.9542857142857143,
        0.9542857142857143,
        0.9571428571428572
    ],