{
    "train_loss": [
        1.7419939704916694,
        1.1987090293656697,
        0.8972225019877608,
        1.1714407029477032,
        0.7959100942720067,
        0.7319366020912473,
        0.6811557926914908,
        0.6581148269840262,
        0.7846946905959736,
        0.6465483704073862,
        0.6145428253168409,
        0.619777721945535,
        0.8040393621406772,
        0.6014899923042818,
        0.5045637379993092,
        0.4397012400017543,
        0.48511321944269264,
        0.38641614534638147,
        0.3413019518113949,
        0.3034052891995419,
        0.2521676652302796,
        0.2306764651597901,
        0.22168966793370518
    ],
    "train_acc": [
        0.9600570613409415,
        0.884450784593438,
        0.8373751783166904,
        0.8587731811697575,
        0.8423680456490727,
        0.8495007132667618,
        0.8473609129814551,
        0.854493580599144,
        0.854493580599144,
        0.8723252496433667,
        0.8445078459343794,
        0.8580599144079886,
        0.8352353780313837,
        0.8830242510699001,
        0.8894436519258203,
        0.9151212553495007,
        0.884450784593438,
        0.9229671897289586,
        0.9358059914407989,
        0.9350927246790299,
        0.942225392296719,
        0.9457917261055635,
        0.9543509272467903
    ],
    "train_f1": [
        0.034482758620689655,
        0.19801980198019803,
        0.21379310344827587,
        0.2265625,
        0.23529411764705882,
        0.24372759856630824,
        0.2357142857142857,
        0.2608695652173913,
        0.23880597014925373,
        0.2693877551020408,
        0.24305555555555555,
        0.2490566037735849,
        0.22742474916387959,
        0.29914529914529914,
        0.329004329004329,
        0.38341968911917096,
        0.31932773109243695,
        0.4065934065934066,
        0.45121951219512196,
        0.4678362573099415,
        0.4968944099378882,
        0.5189873417721519,
        0.5555555555555556
    ],
    "train_mcc": [
        0.019449962961657706,
        0.20304144921323636,
        0.2627214389873582,
        0.2668384421178024,
        0.2967437167284507,
        0.3049073017835395,
        0.29281292184777,
        0.3301136480736936,
        0.29145550245230695,
        0.3245619795860845,
        0.30865189302832924,
        0.30559447927475014,
        0.2890100713182226,
        0.3606873532245639,
        0.4012625656412413,
        0.44326850518903765,
        0.3927183540765663,
        0.46275048742251895,
        0.4998326396102713,
        0.5283233724351305,
        0.552172672502337,
        0.5752034718414656,
        0.6001546975423051
    ],
    "val_loss": [
        1.27709299325943,
        0.88837177103216,
        0.7443145350976423,
        0.7635150633075021,
        0.8880429620092566,
        0.6060937615958127,
        0.624486810781739,
        1.134369326586073,
        0.7463870454918254,
        0.6948518780144778,
        0.6746741885488684,
        0.745207435705445,
        0.7935560074719515,
        0.8164831535382704,
        0.8168895041400736,
        1.1595430719581516,
        1.031774720007723,
        1.606370784342289,
        1.817921440709721,
        2.3213786387985405,
        2.592617225917903,
        3.323605827987194,
        3.8516869084401564
    ],
    "val_acc": [
        0.9628571428571429,
        0.7742857142857142,
        0.82,
        0.88,
        0.9285714285714286,
        0.8371428571428572,
        0.8371428571428572,
        0.9171428571428571,
        0.9085714285714286,
        0.8142857142857143,
        0.8114285714285714,
        0.9057142857142857,
        0.8228571428571428,
        0.8828571428571429,
        0.8771428571428571,
        0.8885714285714286,
        0.8885714285714286,
        0.9171428571428571,
        0.8942857142857142,
        0.9142857142857143,
        0.9028571428571428,
        0.9257142857142857,
        0.9257142857142857
    ],
    "val_f1": [
        0.0,
        0.18556701030927836,
        0.20253164556962025,
        0.27586206896551724,
        0.32432432432432434,
        0.2191780821917808,
        0.2191780821917808,
        0.35555555555555557,
        0.2727272727272727,
        0.19753086419753085,
        0.21428571428571427,
        0.2978723404255319,
        0.20512820512820512,
        0.22641509433962265,
        0.21818181818181817,
        0.1702127659574468,
        0.1702127659574468,
        0.21621621621621623,
        0.17777777777777778,
        0.21052631578947367,
        0.19047619047619047,
        0.23529411764705882,
        0.23529411764705882
    ],
    "val_mcc": [
        -0.015946171531317086,
        0.2584984170190493,
        0.2598754721949784,
        0.33046421371444007,
        0.33606902650872544,
        0.2767636517362164,
        0.2767636517362164,
        0.4001633653325206,
        0.29119922141614735,
        0.2546686883992798,
        0.2892059229979551,
        0.33147505064355093,
        0.2625532459795618,
        0.2492720567615363,
        0.24153958130008235,
        0.16414389527060455,
        0.16414389527060455,
        0.20751803276221845,
        0.17149858514250885,
        0.20228869496966945,
        0.18360975360917448,
        0.22490758891925028,
        0.22490758891925028
    ]
}