{
    "accuracy": 0.9496580755207111,
    "precision": 0.7284610075914424,
    "recall": 0.8554655870445345,
    "f1": 0.7865607886089814,
    "auc": 0.9718400210130511,
    "mcc": 0.7615927654142125
}