{
    "0.3": {
        "threshold": 0.3,
        "precision": 0.7251128815566334,
        "recall": 0.8352226720647773,
        "f1": 0.7753000524797569,
        "mcc": 0.7487520315337337,
        "auc": 0.9744077022027916
    },
    "0.4": {
        "threshold": 0.4,
        "precision": 0.7447743978679029,
        "recall": 0.8249662618083671,
        "f1": 0.7807964893983386,
        "mcc": 0.7550489401027912,
        "auc": 0.9744077022027916
    },
    "0.5": {
        "threshold": 0.5,
        "precision": 0.7457976497536659,
        "recall": 0.8147098515519569,
        "f1": 0.7765837277429359,
        "mcc": 0.7502783707142868,
        "auc": 0.9744077022027916
    }
}