{
    "0.3": {
        "threshold": 0.3,
        "precision": 0.7258553188717347,
        "recall": 0.8711201079622132,
        "f1": 0.7901270084814389,
        "mcc": 0.7670970407397403,
        "auc": 0.9664110916002844
    },
    "0.4": {
        "threshold": 0.4,
        "precision": 0.7274145658263306,
        "recall": 0.8658569500674764,
        "f1": 0.7888619231714097,
        "mcc": 0.7654583789360856,
        "auc": 0.9664110916002844
    },
    "0.5": {
        "threshold": 0.5,
        "precision": 0.7301900760304122,
        "recall": 0.8658569500674764,
        "f1": 0.7905983889528192,
        "mcc": 0.7672854593731366,
        "auc": 0.9664110916002844
    }
}