{
    "0.3": {
        "threshold": 0.3,
        "precision": 0.6990815012873836,
        "recall": 0.8658569500674764,
        "f1": 0.7725078815310984,
        "mcc": 0.7476553578653394,
        "auc": 0.9728571329365767
    },
    "0.4": {
        "threshold": 0.4,
        "precision": 0.7002724413950829,
        "recall": 0.8607287449392713,
        "f1": 0.7713975933744638,
        "mcc": 0.7459795223464053,
        "auc": 0.9728571329365767
    },
    "0.5": {
        "threshold": 0.5,
        "precision": 0.721696567905128,
        "recall": 0.8607287449392713,
        "f1": 0.7841247411548817,
        "mcc": 0.7596297355826552,
        "auc": 0.9728571329365767
    }
}