{
    "accuracy": 0.9174107142857143,
    "precision": 0.59375,
    "recall": 0.7755102040816326,
    "f1": 0.672566371681416,
    "auc": 0.9601554907677357,
    "mcc": 0.633577317467798
}