{
    "0.3": {
        "threshold": 0.3,
        "precision": 0.42924370739016043,
        "recall": 0.7851351351351351,
        "f1": 0.5493539064674495,
        "mcc": 0.5095326305459612,
        "auc": 0.9118513135029651
    },
    "0.4": {
        "threshold": 0.4,
        "precision": 0.45373397437241836,
        "recall": 0.7741741741741742,
        "f1": 0.5679644206463748,
        "mcc": 0.5267070533200422,
        "auc": 0.9118513135029651
    },
    "0.5": {
        "threshold": 0.5,
        "precision": 0.48136591996275246,
        "recall": 0.7463963963963964,
        "f1": 0.579670237766283,
        "mcc": 0.5362156927415763,
        "auc": 0.9118513135029651
    }
}