{
    "0.3": {
        "threshold": 0.3,
        "precision": 0.39840843429774303,
        "recall": 0.8234234234234232,
        "f1": 0.5364354254519841,
        "mcc": 0.500030355824596,
        "auc": 0.9030244481445682
    },
    "0.4": {
        "threshold": 0.4,
        "precision": 0.41702212811890227,
        "recall": 0.8124624624624625,
        "f1": 0.5505406045859985,
        "mcc": 0.5125605881049499,
        "auc": 0.9030244481445682
    },
    "0.5": {
        "threshold": 0.5,
        "precision": 0.4454451813641202,
        "recall": 0.7797297297297298,
        "f1": 0.5654289351463264,
        "mcc": 0.5226905254180011,
        "auc": 0.9030244481445682
    }
}