{
    "0.3": {
        "threshold": 0.3,
        "precision": 0.42992528158804505,
        "recall": 0.7909909909909911,
        "f1": 0.552130628596911,
        "mcc": 0.5117619015388863,
        "auc": 0.9009006207955157
    },
    "0.4": {
        "threshold": 0.4,
        "precision": 0.4484189857058478,
        "recall": 0.7743243243243244,
        "f1": 0.5640459598473535,
        "mcc": 0.521602289066324,
        "auc": 0.9009006207955157
    },
    "0.5": {
        "threshold": 0.5,
        "precision": 0.4816034440407476,
        "recall": 0.7521021021021022,
        "f1": 0.5802552229160127,
        "mcc": 0.5370593815079092,
        "auc": 0.9009006207955157
    }
}