{
    "accuracy": 0.8441247002398081,
    "precision": 0.375,
    "recall": 0.6666666666666666,
    "f1": 0.48,
    "auc": 0.8994623655913978,
    "mcc": 0.41941120922053743
}