{
    "train_loss": [
        1.4702365577220917,
        1.2945180907845497,
        1.4227043390274048,
        1.2618642941117286,
        1.2986304856836797,
        1.1470513023436069,
        0.9548732407391072,
        0.862496379762888,
        0.8406566068530082,
        0.7428140942007303,
        0.6950021676719189,
        0.7042016845196486,
        0.6450691685080528,
        0.6309511750936508,
        0.6495066959410906,
        0.6107964389026165,
        0.5830836378037929,
        0.5834406238049269,
        0.519886277988553,
        0.5243624303489923,
        0.5532484740018845,
        0.4812932573258877,
        0.4684491394087672,
        0.4140319606289268,
        0.40139717925339935,
        0.40343849519267677,
        0.4218130173161626,
        0.3736271532252431,
        0.37288839295506476,
        0.3894865557551384,
        0.3867343754507601
    ],
    "train_acc": [
        0.9572107765451664,
        0.9572107765451664,
        0.847068145800317,
        0.8415213946117274,
        0.9033280507131537,
        0.8367670364500792,
        0.7916006339144216,
        0.751188589540412,
        0.777337559429477,
        0.8312202852614897,
        0.840729001584786,
        0.8573692551505546,
        0.8526148969889065,
        0.8589540412044374,
        0.8708399366085579,
        0.8454833597464342,
        0.8946117274167987,
        0.8835182250396196,
        0.8748019017432647,
        0.8938193343898574,
        0.8795562599049128,
        0.873217115689382,
        0.9001584786053882,
        0.9088748019017433,
        0.9144215530903328,
        0.9207606973058637,
        0.9128367670364501,
        0.9175911251980983,
        0.9247226624405706,
        0.93026941362916,
        0.9167987321711569
    ],
    "train_f1": [
        0.03571428571428571,
        0.12903225806451613,
        0.06763285024154589,
        0.05660377358490566,
        0.06153846153846154,
        0.10434782608695652,
        0.1755485893416928,
        0.16489361702127658,
        0.1710914454277286,
        0.2140221402214022,
        0.22988505747126436,
        0.23728813559322035,
        0.256,
        0.25833333333333336,
        0.28820960698689957,
        0.2585551330798479,
        0.3248730964467005,
        0.30985915492957744,
        0.3130434782608696,
        0.33663366336633666,
        0.3090909090909091,
        0.30434782608695654,
        0.35051546391752575,
        0.3783783783783784,
        0.4,
        0.4186046511627907,
        0.38202247191011235,
        0.4090909090909091,
        0.4311377245508982,
        0.45,
        0.4
    ],
    "train_mcc": [
        0.018852639105890197,
        0.11259202500932369,
        0.024372877527632442,
        0.008703048927408452,
        0.021026014381061473,
        0.07790254988188874,
        0.2132034483469373,
        0.2130546812994074,
        0.21221240497503124,
        0.2580557059653491,
        0.2782748182174996,
        0.2764323110860402,
        0.31265141332278595,
        0.3101752507446494,
        0.3473467922517063,
        0.3244906442841284,
        0.3751861299008849,
        0.3668535946606283,
        0.38453184563531906,
        0.395422231719836,
        0.3710901092742367,
        0.3717556249789261,
        0.4074792373975889,
        0.4364513677666455,
        0.45991126102750823,
        0.4755471773753882,
        0.43444807367165245,
        0.4675662403545643,
        0.48601995712688534,
        0.5017092010634939,
        0.45476356761511944
    ],
    "val_loss": [
        1.3975445806980134,
        1.3667742043733597,
        1.3613122165203095,
        1.4748146116733551,
        1.3304762065410614,
        1.2004978597164153,
        1.432812586426735,
        1.0521774411201477,
        1.0090691864490509,
        1.1449942290782928,
        1.240273967385292,
        1.2789720296859741,
        1.3011965602636337,
        1.3594694167375565,
        1.0576714396476745,
        1.3084152355790137,
        1.3938096717000008,
        1.3254591435194016,
        1.7793906345963477,
        1.6716230511665344,
        1.8656848281621934,
        1.7806724607944489,
        1.9510781086981297,
        2.0500304281711577,
        2.2185655176639556,
        2.092905256524682,
        2.156294684112072,
        2.2898316830396652,
        2.3805979415774345,
        2.291803152114153,
        2.224306461587548
    ],
    "val_acc": [
        0.9365079365079365,
        0.9682539682539683,
        0.9428571428571428,
        0.8126984126984127,
        0.7428571428571429,
        0.7682539682539683,
        0.746031746031746,
        0.8253968253968254,
        0.765079365079365,
        0.7841269841269841,
        0.8539682539682539,
        0.7746031746031746,
        0.8380952380952381,
        0.8666666666666667,
        0.7777777777777778,
        0.8984126984126984,
        0.8793650793650793,
        0.8285714285714286,
        0.9015873015873016,
        0.8507936507936508,
        0.8793650793650793,
        0.8761904761904762,
        0.8857142857142857,
        0.8952380952380953,
        0.9015873015873016,
        0.8952380952380953,
        0.9015873015873016,
        0.9047619047619048,
        0.9047619047619048,
        0.9015873015873016,
        0.9015873015873016
    ],
    "val_f1": [
        0.0,
        0.0,
        0.0,
        0.09230769230769231,
        0.06896551724137931,
        0.09876543209876543,
        0.06976744186046512,
        0.22535211267605634,
        0.17777777777777778,
        0.19047619047619047,
        0.20689655172413793,
        0.14457831325301204,
        0.2153846153846154,
        0.2222222222222222,
        0.16666666666666666,
        0.2727272727272727,
        0.24,
        0.18181818181818182,
        0.24390243902439024,
        0.2033898305084746,
        0.24,
        0.23529411764705882,
        0.21739130434782608,
        0.23255813953488372,
        0.20512820512820512,
        0.23255813953488372,
        0.24390243902439024,
        0.25,
        0.16666666666666666,
        0.24390243902439024,
        0.24390243902439024
    ],
    "val_mcc": [
        -0.03278688524590164,
        0.0,
        -0.02922980284719752,
        0.059810737455988895,
        0.023407459891550804,
        0.07566389296117688,
        0.02485513132432874,
        0.27784441524340614,
        0.2271431282200571,
        0.2413491099061297,
        0.22552409234418003,
        0.15802978764073522,
        0.25059941896116866,
        0.240440210150924,
        0.198638452816,
        0.2871370009590179,
        0.2572408915861237,
        0.19996676728770435,
        0.24411844162676358,
        0.22204411011315367,
        0.2572408915861237,
        0.25283930387916037,
        0.21951945016451005,
        0.23368880494749691,
        0.19285895049604151,
        0.23368880494749691,
        0.24411844162676358,
        0.24967623556456983,
        0.14308860723425823,
        0.24411844162676358,
        0.24411844162676358
    ]
}