{
    "train_loss": [
        1.3519472762942315,
        1.317707395553589,
        1.2678506530821323,
        1.2574127048254014,
        1.0922669149935245,
        1.0659901984035969,
        0.9383892551064491,
        0.8438368603587151,
        0.6715707179158926,
        0.6925775919109582,
        4.371931209415197,
        1.0970601335167884,
        0.9050011970102787,
        0.8961878083646297,
        0.7533068232238292,
        0.6897729083895683,
        0.7892746448516845,
        0.7005112905055284,
        0.6234806284308434,
        0.6005860164761543,
        0.5828370224684477,
        0.581166236102581,
        0.6902809597551822
    ],
    "train_acc": [
        0.9667194928684627,
        0.9690966719492868,
        0.9690966719492868,
        0.9564183835182251,
        0.8645007923930269,
        0.8549920760697306,
        0.8557844690966719,
        0.893026941362916,
        0.8613312202852615,
        0.881933438985737,
        0.9049128367670365,
        0.7702060221870047,
        0.8779714738510301,
        0.8549920760697306,
        0.8605388272583201,
        0.8597464342313788,
        0.8351822503961965,
        0.8549920760697306,
        0.8874801901743264,
        0.8803486529318542,
        0.8835182250396196,
        0.8724247226624405,
        0.8851030110935024
    ],
    "train_f1": [
        0.0,
        0.0,
        0.0,
        0.06779661016949153,
        0.19718309859154928,
        0.24691358024691357,
        0.2288135593220339,
        0.3005181347150259,
        0.291497975708502,
        0.319634703196347,
        0.34065934065934067,
        0.17613636363636365,
        0.27358490566037735,
        0.23430962343096234,
        0.24786324786324787,
        0.25316455696202533,
        0.23529411764705882,
        0.24691358024691357,
        0.29,
        0.27751196172248804,
        0.27586206896551724,
        0.28444444444444444,
        0.2995169082125604
    ],
    "train_mcc": [
        -0.008716995811358867,
        0.0,
        0.0,
        0.05066699561300059,
        0.20748380586141557,
        0.2947310114078759,
        0.26381676931514436,
        0.33910336386590845,
        0.3649590438416789,
        0.38544587577106565,
        0.38397168726349173,
        0.2261223952309923,
        0.31490268306917535,
        0.27357604370308575,
        0.2910369350426868,
        0.30065296239967515,
        0.29266550001072883,
        0.2947310114078759,
        0.32973325021517647,
        0.3184758079989127,
        0.3122697392911565,
        0.33908868341084614,
        0.3478635499890397
    ],
    "val_loss": [
        1.3414023518562317,
        1.340732115507126,
        1.3812490582466126,
        1.3595809638500214,
        1.445308470726013,
        1.5429991632699966,
        1.249692940711975,
        1.1334988355636597,
        1.424342292547226,
        2.949913016706705,
        1.396083164215088,
        1.1066907227039338,
        1.1378154397010802,
        1.1633516788482665,
        1.2224805444478988,
        1.628426803648472,
        1.5864633172750473,
        1.4534522503614427,
        1.6912988513708114,
        1.9922242894768716,
        1.953240765631199,
        2.27331455424428,
        2.2055494353175162
    ],
    "val_acc": [
        0.9682539682539683,
        0.9682539682539683,
        0.9682539682539683,
        0.9555555555555556,
        0.765079365079365,
        0.9015873015873016,
        0.6476190476190476,
        0.8380952380952381,
        0.8444444444444444,
        0.8952380952380953,
        0.6317460317460317,
        0.8603174603174604,
        0.8634920634920635,
        0.8285714285714286,
        0.8317460317460318,
        0.8952380952380953,
        0.8539682539682539,
        0.8571428571428571,
        0.8634920634920635,
        0.8857142857142857,
        0.8793650793650793,
        0.8920634920634921,
        0.8761904761904762
    ],
    "val_f1": [
        0.0,
        0.0,
        0.0,
        0.0,
        0.11904761904761904,
        0.11428571428571428,
        0.13953488372093023,
        0.23880597014925373,
        0.2222222222222222,
        0.10810810810810811,
        0.13432835820895522,
        0.21428571428571427,
        0.1568627450980392,
        0.12903225806451613,
        0.13114754098360656,
        0.1951219512195122,
        0.14814814814814814,
        0.1509433962264151,
        0.18867924528301888,
        0.18181818181818182,
        0.20833333333333334,
        0.19047619047619047,
        0.20408163265306123
    ],
    "val_mcc": [
        0.0,
        0.0,
        0.0,
        -0.020535244660319613,
        0.11321713863574062,
        0.08080991941082308,
        0.19503585846258573,
        0.29116382153241516,
        0.2573808976705393,
        0.07392212709545729,
        0.1876649820098798,
        0.23277217357356147,
        0.1452117623630313,
        0.11457826825321216,
        0.117037299457754,
        0.1833300549766209,
        0.1359730843612122,
        0.13896629948367614,
        0.19170652157687854,
        0.17042970379503,
        0.21090472170428967,
        0.17885855880664692,
        0.20681478656171304
    ]
}