{
    "train_loss": [
        1.0739295676697131,
        0.8858913862428,
        0.8478886921738469,
        0.8368200410244077,
        0.7939056081827297,
        0.7980429606382237,
        0.8091065751951795,
        0.774900768385377,
        0.7087924826976865,
        0.7442991809789524,
        0.7052426913449931,
        0.6921570869379265,
        0.6795855060566304,
        0.6771970418996589,
        0.6675166231255198,
        0.6220680107904035,
        0.638492435909981,
        0.6219779360432958
    ],
    "train_acc": [
        0.8313953488372093,
        0.7565406976744186,
        0.8146802325581395,
        0.813953488372093,
        0.8015988372093024,
        0.7979651162790697,
        0.8328488372093024,
        0.8248546511627907,
        0.8292151162790697,
        0.8284883720930233,
        0.8343023255813954,
        0.8197674418604651,
        0.8350290697674418,
        0.8357558139534884,
        0.8379360465116279,
        0.8524709302325582,
        0.8393895348837209,
        0.8531976744186046
    ],
    "train_f1": [
        0.2926829268292683,
        0.4133099824868651,
        0.43207126948775054,
        0.4553191489361702,
        0.44171779141104295,
        0.45703125,
        0.481981981981982,
        0.4861407249466951,
        0.47191011235955055,
        0.4824561403508772,
        0.5021834061135371,
        0.4678111587982833,
        0.4988962472406181,
        0.508695652173913,
        0.5204301075268817,
        0.5354691075514875,
        0.5185185185185185,
        0.5491071428571429
    ],
    "train_mcc": [
        0.19983258174609386,
        0.37236183180175386,
        0.3693007607138376,
        0.403903704780097,
        0.3906090294779679,
        0.4174499652814172,
        0.4318498374121955,
        0.44390082290957533,
        0.41927610157143763,
        0.4355389010989125,
        0.4615306806774665,
        0.4191920251142842,
        0.4558554892527939,
        0.4705441008613974,
        0.487345594013608,
        0.49767977522380413,
        0.4829292282217137,
        0.5185815707345524
    ],
    "val_loss": [
        0.6399487473747947,
        0.7301205423745242,
        0.7610720612786033,
        0.6903944259340112,
        0.7076406641439958,
        0.6933001604947177,
        0.8657676685940136,
        0.6576593843373385,
        0.6620761020617052,
        0.6930439526384528,
        0.6734738539565693,
        0.6669051186604933,
        0.7178709777918729,
        0.6456433805552396,
        0.6329160522330891,
        0.6519739763303236,
        0.6838194782083685,
        0.6371404230594635
    ],
    "val_acc": [
        0.8372093023255814,
        0.8837209302325582,
        0.8808139534883721,
        0.877906976744186,
        0.8313953488372093,
        0.8517441860465116,
        0.7994186046511628,
        0.8604651162790697,
        0.8691860465116279,
        0.8401162790697675,
        0.8575581395348837,
        0.8255813953488372,
        0.8081395348837209,
        0.8401162790697675,
        0.8488372093023255,
        0.8517441860465116,
        0.8343023255813954,
        0.8313953488372093
    ],
    "val_f1": [
        0.5254237288135594,
        0.5454545454545454,
        0.5591397849462365,
        0.5434782608695652,
        0.5084745762711864,
        0.5405405405405406,
        0.4888888888888889,
        0.52,
        0.5544554455445545,
        0.5299145299145299,
        0.5420560747663551,
        0.5161290322580645,
        0.484375,
        0.5217391304347826,
        0.5357142857142857,
        0.5405405405405406,
        0.5289256198347108,
        0.5166666666666667
    ],
    "val_mcc": [
        0.49966949959008394,
        0.4920091416809783,
        0.5117292999145071,
        0.4923488821180545,
        0.47738133726397025,
        0.5094734902410571,
        0.4748962002760236,
        0.47105592206776287,
        0.514234572563914,
        0.5041300897601914,
        0.5061354991473006,
        0.49605306264048465,
        0.45854789664405954,
        0.490688863454471,
        0.5046584187014177,
        0.5094734902410571,
        0.5087119093229157,
        0.49095358192689476
    ]
}