{
    "train_loss": [
        1.0739289328109387,
        0.8858911686165388,
        0.8478490613227667,
        0.8365881817285404,
        0.7939725733080576,
        0.7975610827290734,
        0.8046951384045357,
        0.7655066743839619,
        0.7074584870837456,
        0.7389030220896698,
        0.7018535005491834,
        0.6924977690674538,
        0.6831777567087218,
        0.6789374746555505,
        0.6669960070488065,
        0.6223442651504694,
        0.6354310748188995,
        0.62229450844055
    ],
    "train_acc": [
        0.8313953488372093,
        0.7565406976744186,
        0.8146802325581395,
        0.8132267441860465,
        0.7979651162790697,
        0.8008720930232558,
        0.8306686046511628,
        0.8190406976744186,
        0.8263081395348837,
        0.8277616279069767,
        0.8343023255813954,
        0.8175872093023255,
        0.8335755813953488,
        0.8343023255813954,
        0.8277616279069767,
        0.8510174418604651,
        0.8379360465116279,
        0.8546511627906976
    ],
    "train_f1": [
        0.2926829268292683,
        0.4133099824868651,
        0.43207126948775054,
        0.4543524416135881,
        0.43951612903225806,
        0.46062992125984253,
        0.47165532879818595,
        0.4887063655030801,
        0.4747252747252747,
        0.4768211920529801,
        0.5,
        0.47379454926624737,
        0.49448123620309054,
        0.5,
        0.5093167701863354,
        0.5372460496613995,
        0.5183585313174947,
        0.5515695067264574
    ],
    "train_mcc": [
        0.19983258174609386,
        0.37236183180175386,
        0.3693007607138376,
        0.4028841504091813,
        0.38939407565400513,
        0.4211958843201013,
        0.418017820394419,
        0.45265619726093786,
        0.425328749796342,
        0.42751538690826874,
        0.4581327381549768,
        0.42997151453317567,
        0.4501874687838889,
        0.4581327381549768,
        0.4787358887492228,
        0.5018149824668864,
        0.48400376436011777,
        0.5210363168221561
    ],
    "val_loss": [
        0.6399504135955464,
        0.7300703904845498,
        0.7611638903617859,
        0.6909980963576924,
        0.7064203186468645,
        0.6854557151144202,
        0.8643066774715077,
        0.6462222960862246,
        0.6723557439717379,
        0.6801711212504994,
        0.6793850443579934,
        0.6591784818605944,
        0.7159789421341636,
        0.6670288199728186,
        0.6450806260108948,
        0.6678757640448484,
        0.7005833333188837,
        0.6561675396832553
    ],
    "val_acc": [
        0.8372093023255814,
        0.8837209302325582,
        0.8808139534883721,
        0.875,
        0.8343023255813954,
        0.8575581395348837,
        0.7819767441860465,
        0.8633720930232558,
        0.8575581395348837,
        0.8517441860465116,
        0.8546511627906976,
        0.8313953488372093,
        0.8226744186046512,
        0.8372093023255814,
        0.8459302325581395,
        0.8459302325581395,
        0.8343023255813954,
        0.8459302325581395
    ],
    "val_f1": [
        0.5254237288135594,
        0.5454545454545454,
        0.5591397849462365,
        0.5376344086021505,
        0.5210084033613446,
        0.5585585585585585,
        0.46808510638297873,
        0.5523809523809524,
        0.5420560747663551,
        0.5565217391304348,
        0.5535714285714286,
        0.532258064516129,
        0.5196850393700787,
        0.5333333333333333,
        0.5470085470085471,
        0.5470085470085471,
        0.5289256198347108,
        0.5470085470085471
    ],
    "val_mcc": [
        0.49966949959008394,
        0.4920091416809783,
        0.5117292999145071,
        0.4861873847707766,
        0.4952780231553702,
        0.532473343343803,
        0.4539315789621193,
        0.5165118239254741,
        0.5061354991473006,
        0.5358458910168942,
        0.5275490431783807,
        0.5178186562053223,
        0.505462271705558,
        0.5130593453016136,
        0.5265127370081916,
        0.5265127370081916,
        0.5087119093229157,
        0.5265127370081916
    ]
}