{
    "train_loss": [
        0.9822954431522725,
        0.8922561226889144,
        0.8344213962554932,
        0.8199572036432665,
        0.7807841799979987,
        0.7830504657224168,
        0.7996323184911595,
        0.7897324534349663,
        0.7562885707200959,
        0.7430306607207586,
        0.7218914939913639,
        0.7044453011002652,
        0.713624622239623,
        0.6825189590454102,
        0.6420480816863304,
        0.6440218375172726,
        0.6005955137485681,
        0.5926743988380876
    ],
    "train_acc": [
        0.8175872093023255,
        0.7834302325581395,
        0.813953488372093,
        0.8234011627906976,
        0.8495639534883721,
        0.8393895348837209,
        0.8495639534883721,
        0.8372093023255814,
        0.8517441860465116,
        0.8597383720930233,
        0.842296511627907,
        0.8364825581395349,
        0.842296511627907,
        0.8546511627906976,
        0.8495639534883721,
        0.840843023255814,
        0.8502906976744186,
        0.8459302325581395
    ],
    "train_f1": [
        0.2849002849002849,
        0.41796875,
        0.4410480349344978,
        0.4611973392461197,
        0.49635036496350365,
        0.48484848484848486,
        0.49878934624697335,
        0.48148148148148145,
        0.5142857142857142,
        0.5187032418952618,
        0.5079365079365079,
        0.4897959183673469,
        0.4918032786885246,
        0.5412844036697247,
        0.5284738041002278,
        0.5290322580645161,
        0.5401785714285714,
        0.5450643776824035
    ],
    "train_mcc": [
        0.18721048955530797,
        0.36404419040812047,
        0.3826320665165025,
        0.40699468832200536,
        0.44212970990965017,
        0.4318727134853894,
        0.4455685571745915,
        0.4283412834241204,
        0.4663916417550953,
        0.46729102649269816,
        0.4640175821444416,
        0.4410177012694303,
        0.44010680522382073,
        0.5047074023583902,
        0.4894486017206326,
        0.4985293223931001,
        0.5071787096439015,
        0.5197357584388754
    ],
    "val_loss": [
        0.9330162893642079,
        0.7637502171776511,
        0.6992355151609941,
        0.7088660516522147,
        0.7792586846785112,
        0.7059699459509416,
        0.811444721438668,
        0.6769750362092798,
        0.7714579755609686,
        0.7550164975903251,
        0.7209739576686512,
        0.8279234062541615,
        0.8207463486628099,
        0.8192519274624911,
        0.8423143367875706,
        0.8957417444749312,
        0.9975547004829753,
        0.9984436766667799
    ],
    "val_acc": [
        0.6976744186046512,
        0.875,
        0.8895348837209303,
        0.8837209302325582,
        0.8313953488372093,
        0.8546511627906976,
        0.877906976744186,
        0.8895348837209303,
        0.8866279069767442,
        0.8546511627906976,
        0.8604651162790697,
        0.8604651162790697,
        0.8662790697674418,
        0.8459302325581395,
        0.8517441860465116,
        0.8226744186046512,
        0.8459302325581395,
        0.8372093023255814
    ],
    "val_f1": [
        0.40229885057471265,
        0.5473684210526316,
        0.5957446808510638,
        0.5652173913043478,
        0.5166666666666667,
        0.5370370370370371,
        0.5434782608695652,
        0.5777777777777777,
        0.5517241379310345,
        0.5098039215686274,
        0.5294117647058824,
        0.5102040816326531,
        0.5208333333333334,
        0.49523809523809526,
        0.5048543689320388,
        0.47863247863247865,
        0.5225225225225225,
        0.4716981132075472
    ],
    "val_mcc": [
        0.39832951728397464,
        0.4994699104913614,
        0.55626028983963,
        0.518073064294332,
        0.49095358192689476,
        0.5010884346594154,
        0.4923488821180545,
        0.5312213883327902,
        0.49875759396373254,
        0.4604814817542795,
        0.4845992694710079,
        0.4573577547540123,
        0.46851603960423205,
        0.4453639058407052,
        0.4553467923231174,
        0.4369821480161906,
        0.48647363713831127,
        0.4169199425224419
    ]
}