{
    "train_loss": [
        0.9052295615506727,
        0.8201878687670064,
        0.8292339541191278,
        0.8459003727103389,
        0.7977306128934373,
        0.7708209933236588,
        0.7436022398083709,
        0.7457105614418207,
        0.7367661228013593,
        0.7000329165264617,
        0.6887769955535268,
        0.6309791907321575,
        0.6195996660132741,
        0.6163316313610521,
        0.6050453040488931,
        0.6144809334777123,
        0.5637057842903359,
        0.5425116676230763,
        0.5290893451418988
    ],
    "train_acc": [
        0.7659883720930233,
        0.8263081395348837,
        0.8255813953488372,
        0.845203488372093,
        0.840843023255814,
        0.8284883720930233,
        0.8364825581395349,
        0.8553779069767442,
        0.84375,
        0.846656976744186,
        0.8328488372093024,
        0.8241279069767442,
        0.8175872093023255,
        0.8204941860465116,
        0.8241279069767442,
        0.8204941860465116,
        0.8255813953488372,
        0.8372093023255814,
        0.8343023255813954
    ],
    "train_f1": [
        0.3735408560311284,
        0.46292134831460674,
        0.4594594594594595,
        0.4688279301745636,
        0.46973365617433416,
        0.46846846846846846,
        0.4874715261958998,
        0.5037406483790524,
        0.4819277108433735,
        0.5193621867881549,
        0.484304932735426,
        0.49583333333333335,
        0.4908722109533469,
        0.4928131416837782,
        0.5040983606557377,
        0.49898580121703856,
        0.5041322314049587,
        0.5294117647058824,
        0.5421686746987951
    ],
    "train_mcc": [
        0.3036376380385477,
        0.4078321502937454,
        0.40320529148843726,
        0.40655917047007195,
        0.40976556719898727,
        0.4146631098579406,
        0.43757051853101697,
        0.44907146968591033,
        0.42519626205066796,
        0.47792013878960693,
        0.4353100431533109,
        0.4599241642090283,
        0.45744053437178295,
        0.4581218506370155,
        0.47347426598436065,
        0.46830846909380885,
        0.4721938096803857,
        0.5028502352169527,
        0.5281357414949118
    ],
    "val_loss": [
        0.6909452162005685,
        0.7200552685694261,
        0.7215373461896722,
        0.7939092787829313,
        0.6835679764097388,
        0.6860686865719882,
        0.6920155042951758,
        0.6956534710797396,
        0.7478031082586809,
        0.7060475403612311,
        0.6953123428604819,
        0.6557088440114801,
        0.7035479626872323,
        0.665556788444519,
        0.692242137410424,
        0.6653755334290591,
        0.8297504376281392,
        0.8076291382312775,
        0.9072766493667256
    ],
    "val_acc": [
        0.8546511627906976,
        0.9011627906976745,
        0.8866279069767442,
        0.8953488372093024,
        0.8662790697674418,
        0.7819767441860465,
        0.872093023255814,
        0.8633720930232558,
        0.8023255813953488,
        0.872093023255814,
        0.811046511627907,
        0.8517441860465116,
        0.8372093023255814,
        0.8284883720930233,
        0.8168604651162791,
        0.8459302325581395,
        0.8372093023255814,
        0.813953488372093,
        0.8488372093023255
    ],
    "val_f1": [
        0.5370370370370371,
        0.5641025641025641,
        0.5714285714285714,
        0.5813953488372093,
        0.5490196078431373,
        0.460431654676259,
        0.56,
        0.5252525252525253,
        0.4603174603174603,
        0.56,
        0.4881889763779528,
        0.5142857142857142,
        0.5087719298245614,
        0.48695652173913045,
        0.4793388429752066,
        0.5225225225225225,
        0.5087719298245614,
        0.47540983606557374,
        0.5272727272727272
    ],
    "val_mcc": [
        0.5010884346594154,
        0.5106591772449495,
        0.5245681131844375,
        0.5326275625864797,
        0.5087170571877363,
        0.4400166576730911,
        0.5198641260410491,
        0.47650370818132604,
        0.4230944776455802,
        0.5198641260410491,
        0.4624015927885912,
        0.46907987853562816,
        0.47258862958570746,
        0.44553183589204776,
        0.44265872733735334,
        0.48647363713831127,
        0.47258862958570746,
        0.4386344633065127,
        0.49126048442662856
    ]
}