{
    "train_loss": [
        1.1409846001201205,
        0.5686837250987689,
        0.4340214927991231,
        0.3780164200398657,
        0.3372039058142238,
        0.27834035596913764,
        0.28760310668084355,
        0.229393709037039,
        0.2074405714041657,
        0.22918963680664697,
        0.1404884215599547,
        0.10958995799430543,
        0.09469780083745719,
        0.10425540846578467,
        0.06736995786971724,
        0.061662861334884335
    ],
    "train_acc": [
        0.8986013986013986,
        0.8979020979020979,
        0.9286713286713286,
        0.9300699300699301,
        0.9300699300699301,
        0.951048951048951,
        0.9405594405594405,
        0.9482517482517483,
        0.951048951048951,
        0.9468531468531468,
        0.9748251748251748,
        0.9853146853146854,
        0.9825174825174825,
        0.9790209790209791,
        0.9888111888111888,
        0.9895104895104895
    ],
    "train_f1": [
        0.15204678362573099,
        0.6439024390243903,
        0.7258064516129032,
        0.7368421052631579,
        0.7382198952879581,
        0.8066298342541437,
        0.7769028871391076,
        0.8,
        0.8097826086956522,
        0.798941798941799,
        0.8947368421052632,
        0.9361702127659575,
        0.9244712990936556,
        0.9107142857142857,
        0.950920245398773,
        0.9532710280373832
    ],
    "train_mcc": [
        0.24092945759023723,
        0.6132827155590925,
        0.6989530022507892,
        0.7142213156486334,
        0.7164799964813978,
        0.7899596661170035,
        0.7615999134586243,
        0.7848010357098691,
        0.7955164299137626,
        0.7863691586974119,
        0.8855851791471947,
        0.929884732627677,
        0.9169917166983587,
        0.9023789286483676,
        0.946075000305693,
        0.9480773678652581
    ],
    "val_loss": [
        0.7587285613020261,
        0.4078969396650791,
        0.40149774091939133,
        0.3981112601856391,
        0.3766155317425728,
        0.4951571623484294,
        0.44479090223709744,
        0.376842621092995,
        0.554928045719862,
        0.7693278758476177,
        0.5604539642808959,
        0.5257490964916846,
        1.0342698738677427,
        0.9403555135553082,
        1.1980943205877945,
        1.7551049441923776
    ],
    "val_acc": [
        0.9385474860335196,
        0.9385474860335196,
        0.9245810055865922,
        0.8994413407821229,
        0.9357541899441341,
        0.835195530726257,
        0.8798882681564246,
        0.9078212290502793,
        0.8324022346368715,
        0.9497206703910615,
        0.9273743016759777,
        0.9106145251396648,
        0.9413407821229051,
        0.9413407821229051,
        0.9441340782122905,
        0.9385474860335196
    ],
    "val_f1": [
        0.7708333333333334,
        0.75,
        0.7272727272727273,
        0.6727272727272727,
        0.7526881720430108,
        0.562962962962963,
        0.6386554621848739,
        0.6796116504854369,
        0.5588235294117647,
        0.7692307692307693,
        0.7291666666666666,
        0.6923076923076923,
        0.7407407407407407,
        0.7469879518072289,
        0.7368421052631579,
        0.6944444444444444
    ],
    "val_mcc": [
        0.754486523232753,
        0.7215423961007826,
        0.7072268149234144,
        0.6580201246798093,
        0.7294123057891367,
        0.5573949218077231,
        0.630277749710344,
        0.6558171951764079,
        0.5533780710833452,
        0.7410176030865686,
        0.7054787802739713,
        0.6725863985031862,
        0.7083387481911481,
        0.7156103632979727,
        0.7059222630559473,
        0.6633955134968524
    ]
}