{
    "accuracy": 0.8714714714714715,
    "precision": 0.45762039675817173,
    "recall": 0.7798798798798798,
    "f1": 0.5737242107749978,
    "auc": 0.9140093956910773,
    "mcc": 0.5315725206485181
}