{
    "0.3": {
        "threshold": 0.3,
        "precision": 0.44873769127500474,
        "recall": 0.7460960960960961,
        "f1": 0.5548724883410482,
        "mcc": 0.5099363984060812,
        "auc": 0.9097739426568255
    },
    "0.4": {
        "threshold": 0.4,
        "precision": 0.4768103008103008,
        "recall": 0.7351351351351351,
        "f1": 0.5689876350135404,
        "mcc": 0.524974271887588,
        "auc": 0.9097739426568255
    },
    "0.5": {
        "threshold": 0.5,
        "precision": 0.5107340452974255,
        "recall": 0.7297297297297297,
        "f1": 0.5881138109006236,
        "mcc": 0.5460110305975684,
        "auc": 0.9097739426568255
    }
}