{
    "0.3": {
        "threshold": 0.3,
        "precision": 0.436667931085049,
        "recall": 0.7692192192192192,
        "f1": 0.552623296071304,
        "mcc": 0.5083302508839902,
        "auc": 0.9094734852242359
    },
    "0.4": {
        "threshold": 0.4,
        "precision": 0.45627121777345525,
        "recall": 0.7582582582582582,
        "f1": 0.5635216827197959,
        "mcc": 0.5186475530308415,
        "auc": 0.9094734852242359
    },
    "0.5": {
        "threshold": 0.5,
        "precision": 0.4740371104305531,
        "recall": 0.7417417417417418,
        "f1": 0.5731729486538734,
        "mcc": 0.5265851166530067,
        "auc": 0.9094734852242359
    }
}