{
    "0.3": {
        "threshold": 0.3,
        "precision": 0.45493043310849257,
        "recall": 0.7304804804804805,
        "f1": 0.5596275023393023,
        "mcc": 0.5099558200826879,
        "auc": 0.912829830922924
    },
    "0.4": {
        "threshold": 0.4,
        "precision": 0.46362630986603337,
        "recall": 0.7193693693693693,
        "f1": 0.5629651739064494,
        "mcc": 0.5121629132271813,
        "auc": 0.912829830922924
    },
    "0.5": {
        "threshold": 0.5,
        "precision": 0.47183936943581956,
        "recall": 0.7139639639639639,
        "f1": 0.5671386182333507,
        "mcc": 0.5161388458931748,
        "auc": 0.912829830922924
    }
}