{
    "accuracy": 0.8249400479616307,
    "precision": 0.35714285714285715,
    "recall": 0.7777777777777778,
    "f1": 0.48951048951048953,
    "auc": 0.8900836320191159,
    "mcc": 0.445220268410494
}