{
    "accuracy": 0.939249041114326,
    "precision": 0.6903915706934575,
    "recall": 0.8786868686868686,
    "f1": 0.7706831910359131,
    "auc": 0.9716694389121507,
    "mcc": 0.7452374214174958
}