{
    "0.3": {
        "threshold": 0.3,
        "precision": 0.6467179239342016,
        "recall": 0.8919191919191919,
        "f1": 0.7466740317275176,
        "mcc": 0.7215594769791804,
        "auc": 0.9709162280036869
    },
    "0.4": {
        "threshold": 0.4,
        "precision": 0.6585202307450551,
        "recall": 0.883030303030303,
        "f1": 0.7512985523622036,
        "mcc": 0.7255067235067846,
        "auc": 0.9709162280036869
    },
    "0.5": {
        "threshold": 0.5,
        "precision": 0.66836952118402,
        "recall": 0.883030303030303,
        "f1": 0.7580602638667154,
        "mcc": 0.7324909758018335,
        "auc": 0.9709162280036869
    }
}