{
    "0.3": {
        "threshold": 0.3,
        "precision": 0.6577612043129284,
        "recall": 0.8874747474747474,
        "f1": 0.754402424013667,
        "mcc": 0.728255401653017,
        "auc": 0.9709111888245923
    },
    "0.4": {
        "threshold": 0.4,
        "precision": 0.6761151129572183,
        "recall": 0.883030303030303,
        "f1": 0.7640983415938176,
        "mcc": 0.7382119706778459,
        "auc": 0.9709111888245923
    },
    "0.5": {
        "threshold": 0.5,
        "precision": 0.6879699248120301,
        "recall": 0.8694949494949494,
        "f1": 0.7659431314885532,
        "mcc": 0.7391704481822959,
        "auc": 0.9709111888245923
    }
}