{
    "0.3": {
        "threshold": 0.3,
        "precision": 0.6552869957138437,
        "recall": 0.8781818181818182,
        "f1": 0.7499966773376616,
        "mcc": 0.7225384080869827,
        "auc": 0.9712119260571909
    },
    "0.4": {
        "threshold": 0.4,
        "precision": 0.6735380972102913,
        "recall": 0.8781818181818182,
        "f1": 0.7619237858685437,
        "mcc": 0.7349603521642919,
        "auc": 0.9712119260571909
    },
    "0.5": {
        "threshold": 0.5,
        "precision": 0.6964777986209608,
        "recall": 0.8646464646464646,
        "f1": 0.7711780741478458,
        "mcc": 0.7435696999203919,
        "auc": 0.9712119260571909
    }
}