{
    "accuracy": 0.9273858921161826,
    "precision": 0.6388888888888888,
    "recall": 0.8363636363636363,
    "f1": 0.7244094488188977,
    "auc": 0.95397061954439,
    "mcc": 0.6916783509882455
}