{
    "train_loss": [
        1.2112950793532438,
        1.2015849199405937,
        1.1180487372154413,
        0.9768722625665887,
        0.8815566904323046,
        0.7589604771414469,
        0.6581703022468922,
        0.6143029255922451,
        0.5539853943641796,
        0.46213298984045204,
        0.3858808005271956,
        0.36731852339797244,
        0.37613718731458795,
        0.4564287000617316,
        0.5191874822904897,
        0.3998916100623996,
        0.20995801756548327,
        0.19585547197696773,
        0.13303659683050112,
        0.14720043973174207,
        0.17004133401395277,
        0.14096137073410805,
        0.15142967764201554,
        0.08073528296162569,
        0.08472707802646381,
        0.08129710563306891,
        0.08182931530863306,
        0.04399833010934662,
        0.041435788520936705,
        0.039968579401110496,
        0.04340938914047424
    ],
    "train_acc": [
        0.8663220088626292,
        0.8641063515509602,
        0.8581979320531757,
        0.810192023633678,
        0.8316100443131462,
        0.8604135893648449,
        0.8825701624815362,
        0.8884785819793205,
        0.8936484490398818,
        0.9106351550960118,
        0.9342688330871491,
        0.9246676514032496,
        0.9431314623338257,
        0.9135893648449039,
        0.879615952732644,
        0.9364844903988183,
        0.9645494830132939,
        0.9608567208271788,
        0.9771048744460856,
        0.9697193500738552,
        0.9645494830132939,
        0.9756277695716395,
        0.9675036927621861,
        0.9874446085672083,
        0.9881831610044313,
        0.983751846381093,
        0.9859675036927622,
        0.9926144756277696,
        0.9933530280649926,
        0.9948301329394387,
        0.9933530280649926
    ],
    "train_f1": [
        0.0,
        0.0,
        0.1111111111111111,
        0.39243498817966904,
        0.5210084033613446,
        0.579064587973274,
        0.6442953020134228,
        0.6606741573033708,
        0.6587677725118484,
        0.7218390804597701,
        0.7769423558897243,
        0.7627906976744186,
        0.8060453400503779,
        0.7310344827586207,
        0.6639175257731958,
        0.7871287128712872,
        0.8781725888324873,
        0.8678304239401496,
        0.9186351706036745,
        0.8962025316455696,
        0.8793969849246231,
        0.9133858267716536,
        0.89,
        0.9549071618037135,
        0.9572192513368984,
        0.9424083769633508,
        0.9496021220159151,
        0.9731182795698925,
        0.975609756097561,
        0.981029810298103,
        0.9757412398921833
    ],
    "train_mcc": [
        0.0,
        -0.01851071670361746,
        0.10012911848262139,
        0.2869122628180587,
        0.4445923627643758,
        0.5129564020587631,
        0.5923402431754287,
        0.6119322793067556,
        0.6058691541584572,
        0.6840438297493194,
        0.7431807765785408,
        0.7322717193237893,
        0.7771765715320927,
        0.6951623544603777,
        0.6260195999996985,
        0.7559183527290838,
        0.8614805894096424,
        0.8506546684522184,
        0.9068790268830886,
        0.8828444876391419,
        0.8636722397128672,
        0.9007623932472246,
        0.8765828274710328,
        0.948640994622164,
        0.951031256195299,
        0.934716746739313,
        0.9424729422090409,
        0.9693117005158947,
        0.9719979939072352,
        0.9782742718947139,
        0.9722769077001701
    ],
    "val_loss": [
        1.1979236819527366,
        1.181722429665652,
        1.182615339756012,
        1.108051218769767,
        1.0876410657709294,
        1.3853081356395374,
        1.1015054150061174,
        1.3518316691572017,
        1.323976381258531,
        0.9765025594017722,
        2.0429358672011984,
        1.1729099533774636,
        1.1198567152023315,
        1.1665672768246045,
        1.3279831226576457,
        1.1907135790044612,
        2.133740332993594,
        2.6196543249216946,
        3.1627826473929663,
        2.322070575573228,
        2.2625681825659494,
        1.9229838793927974,
        2.4666501662947913,
        3.273031947287646,
        3.627623313529925,
        3.813533303412524,
        3.589935985478488,
        3.6950560266321357,
        4.218036651611328,
        4.032341350208629,
        4.34476328979839
    ],
    "val_acc": [
        0.8672566371681416,
        0.8672566371681416,
        0.8112094395280236,
        0.8053097345132744,
        0.7433628318584071,
        0.8731563421828908,
        0.7109144542772862,
        0.8908554572271387,
        0.7020648967551623,
        0.831858407079646,
        0.8731563421828908,
        0.8790560471976401,
        0.8525073746312685,
        0.8643067846607669,
        0.8938053097345132,
        0.8731563421828908,
        0.8672566371681416,
        0.8790560471976401,
        0.8731563421828908,
        0.8702064896755162,
        0.887905604719764,
        0.831858407079646,
        0.8702064896755162,
        0.8790560471976401,
        0.8761061946902655,
        0.887905604719764,
        0.8761061946902655,
        0.8761061946902655,
        0.8731563421828908,
        0.8672566371681416,
        0.8761061946902655
    ],
    "val_f1": [
        0.0,
        0.0,
        0.36,
        0.43103448275862066,
        0.43137254901960786,
        0.39436619718309857,
        0.4235294117647059,
        0.4307692307692308,
        0.4093567251461988,
        0.4864864864864865,
        0.39436619718309857,
        0.4810126582278481,
        0.5370370370370371,
        0.54,
        0.45454545454545453,
        0.5742574257425742,
        0.4444444444444444,
        0.4533333333333333,
        0.410958904109589,
        0.5111111111111111,
        0.5365853658536586,
        0.5128205128205128,
        0.47619047619047616,
        0.4057971014492754,
        0.4166666666666667,
        0.45714285714285713,
        0.4473684210526316,
        0.4473684210526316,
        0.4266666666666667,
        0.4155844155844156,
        0.4166666666666667
    ],
    "val_mcc": [
        0.0,
        0.0,
        0.2523057329182479,
        0.3327801621851966,
        0.3482571524638481,
        0.34463449561661574,
        0.34971806851536663,
        0.41861907955096994,
        0.3287655583528981,
        0.40046635335470887,
        0.34463449561661574,
        0.41927660860923294,
        0.4612592228583956,
        0.46454306160133985,
        0.4404506058126968,
        0.5049049524202004,
        0.37309494549133476,
        0.39848698208913946,
        0.3563627545517883,
        0.436281179138322,
        0.47645213007955145,
        0.4345416745449791,
        0.4038901047297956,
        0.36656554445815526,
        0.3665826140916144,
        0.42184479479292647,
        0.3886391095759283,
        0.3886391095759283,
        0.3678758135126114,
        0.3494581961018407,
        0.3665826140916144
    ]
}