{
    "accuracy": 0.8948735403466512,
    "precision": 0.589230891466709,
    "recall": 0.738743961352657,
    "f1": 0.6524138617356954,
    "auc": 0.8752028899142715,
    "mcc": 0.5991302822536595
}