{
    "0.3": {
        "threshold": 0.3,
        "precision": 0.5225612018198322,
        "recall": 0.7255072463768115,
        "f1": 0.6005665399332505,
        "mcc": 0.5413581678568178,
        "auc": 0.8951881428900063
    },
    "0.4": {
        "threshold": 0.4,
        "precision": 0.5435128578130607,
        "recall": 0.7121739130434783,
        "f1": 0.6112095386444967,
        "mcc": 0.551886280945069,
        "auc": 0.8951881428900063
    },
    "0.5": {
        "threshold": 0.5,
        "precision": 0.5667368927368928,
        "recall": 0.7077294685990339,
        "f1": 0.6242816271934559,
        "mcc": 0.5665872626051076,
        "auc": 0.8951881428900063
    }
}