{
    "0.3": {
        "threshold": 0.3,
        "precision": 0.5766051191512022,
        "recall": 0.7077294685990339,
        "f1": 0.6333580048852372,
        "mcc": 0.5757054321945523,
        "auc": 0.8833811624598727
    },
    "0.4": {
        "threshold": 0.4,
        "precision": 0.5935265192919419,
        "recall": 0.7077294685990339,
        "f1": 0.6426411141327228,
        "mcc": 0.5869118637808258,
        "auc": 0.8833811624598727
    },
    "0.5": {
        "threshold": 0.5,
        "precision": 0.603610926328521,
        "recall": 0.7077294685990339,
        "f1": 0.648117920843795,
        "mcc": 0.5935193235938423,
        "auc": 0.8833811624598727
    }
}