{
    "0.3": {
        "threshold": 0.3,
        "precision": 0.4973089712220147,
        "recall": 0.7832850241545893,
        "f1": 0.6065925949626816,
        "mcc": 0.5509940007293748,
        "auc": 0.8806831412058977
    },
    "0.4": {
        "threshold": 0.4,
        "precision": 0.508586027499071,
        "recall": 0.7788405797101449,
        "f1": 0.6142690534928522,
        "mcc": 0.5585734497076169,
        "auc": 0.8806831412058977
    },
    "0.5": {
        "threshold": 0.5,
        "precision": 0.529379652605459,
        "recall": 0.7788405797101449,
        "f1": 0.6295539472429871,
        "mcc": 0.5751368658835219,
        "auc": 0.8806831412058977
    }
}