{
    "accuracy": 0.8655660377358491,
    "precision": 0.4936708860759494,
    "recall": 0.6964285714285714,
    "f1": 0.5777777777777777,
    "auc": 0.8190508540372671,
    "mcc": 0.5110634779373971
}