{
    "train_loss": [
        1.372227057814598,
        1.5318006604909897,
        1.3662530526518821,
        1.283281223475933,
        1.1923914760351182,
        1.1897643126547337,
        0.9669212318956852,
        0.762708666920662,
        0.8872831601649522,
        0.7492096982896328,
        0.8123867277055978,
        2.982989165186882,
        0.8531038016080856,
        0.5747615542262793,
        0.6257956009358168,
        0.5005677346140146,
        0.37271253764629364,
        0.37582222279161215,
        0.2252328905276954,
        0.2994524440728128,
        0.29531615823507307,
        0.2841971226036549,
        0.2579868410713971,
        0.2270827959291637,
        0.31306912982836366,
        0.1842084360308945,
        0.13564222864806652,
        0.1870563814882189,
        0.18794350516982378
    ],
    "train_acc": [
        0.9540412044374009,
        0.96513470681458,
        0.9611727416798732,
        0.8462757527733756,
        0.8264659270998416,
        0.8486529318541997,
        0.8621236133122029,
        0.9064976228209192,
        0.8993660855784469,
        0.8866877971473851,
        0.9136291600633915,
        0.8510301109350238,
        0.8874801901743264,
        0.9294770206022187,
        0.938985736925515,
        0.9548335974643423,
        0.9667194928684627,
        0.9556259904912837,
        0.9833597464342314,
        0.9801901743264659,
        0.9873217115689382,
        0.9667194928684627,
        0.9889064976228209,
        0.9904912836767037,
        0.9865293185419969,
        0.9952456418383518,
        0.9944532488114105,
        0.9960380348652932,
        0.9968304278922345
    ],
    "train_f1": [
        0.03333333333333333,
        0.0,
        0.0,
        0.10185185185185185,
        0.14785992217898833,
        0.1940928270042194,
        0.24347826086956523,
        0.32954545454545453,
        0.31351351351351353,
        0.30917874396135264,
        0.37714285714285717,
        0.23577235772357724,
        0.3173076923076923,
        0.44025157232704404,
        0.4689655172413793,
        0.544,
        0.631578947368421,
        0.5555555555555556,
        0.7835051546391752,
        0.7474747474747475,
        0.8181818181818182,
        0.6440677966101694,
        0.8409090909090909,
        0.8636363636363636,
        0.8172043010752689,
        0.926829268292683,
        0.9135802469135802,
        0.9382716049382716,
        0.95
    ],
    "train_mcc": [
        0.0125650047201599,
        -0.011262542383016631,
        -0.015959412887864604,
        0.0729199167258613,
        0.14853701527274502,
        0.21252607044139224,
        0.2823220803841756,
        0.3645334840550252,
        0.35055860976869774,
        0.361342328008265,
        0.4252307305683289,
        0.27949157337562186,
        0.3734659449232915,
        0.4884475400530425,
        0.5071812903344047,
        0.5694977212712828,
        0.6523173529965723,
        0.583970864136479,
        0.7917469610174084,
        0.7562395754666048,
        0.8173816680677929,
        0.6721295842521011,
        0.8410836892782787,
        0.8647857104887645,
        0.8219841833700822,
        0.9255552604236376,
        0.9113863935888811,
        0.9369139510442515,
        0.9486806236355411
    ],
    "val_loss": [
        1.6014893472194671,
        1.350716346502304,
        1.326600044965744,
        1.3228670120239259,
        1.319383543729782,
        1.184474414587021,
        1.173773616552353,
        1.1406050056219101,
        1.0418428301811218,
        1.5367722272872926,
        1.2814257323741913,
        1.9771924674510957,
        1.055850613117218,
        1.426730914413929,
        1.948334413766861,
        1.4479145601391792,
        1.7010892190039157,
        1.7752025179564952,
        2.736717655323446,
        2.3790208768099546,
        1.794459355995059,
        2.0623453967273235,
        2.336936675384641,
        2.2321020551025867,
        2.510761971399188,
        2.228328998014331,
        2.655074558407068,
        2.595847333595157,
        2.4621897995471955
    ],
    "val_acc": [
        0.9682539682539683,
        0.9650793650793651,
        0.9682539682539683,
        0.4793650793650794,
        0.8571428571428571,
        0.8857142857142857,
        0.8761904761904762,
        0.873015873015873,
        0.7555555555555555,
        0.9587301587301588,
        0.9523809523809523,
        0.8444444444444444,
        0.7936507936507936,
        0.9555555555555556,
        0.9682539682539683,
        0.9555555555555556,
        0.9555555555555556,
        0.9492063492063492,
        0.9682539682539683,
        0.9682539682539683,
        0.9492063492063492,
        0.9650793650793651,
        0.9650793650793651,
        0.9682539682539683,
        0.9746031746031746,
        0.9650793650793651,
        0.9746031746031746,
        0.9746031746031746,
        0.9682539682539683
    ],
    "val_f1": [
        0.0,
        0.0,
        0.0,
        0.07865168539325842,
        0.08163265306122448,
        0.14285714285714285,
        0.20408163265306123,
        0.16666666666666666,
        0.18947368421052632,
        0.3157894736842105,
        0.34782608695652173,
        0.2222222222222222,
        0.15584415584415584,
        0.36363636363636365,
        0.0,
        0.36363636363636365,
        0.36363636363636365,
        0.2727272727272727,
        0.16666666666666666,
        0.2857142857142857,
        0.3333333333333333,
        0.26666666666666666,
        0.26666666666666666,
        0.2857142857142857,
        0.3333333333333333,
        0.26666666666666666,
        0.3333333333333333,
        0.3333333333333333,
        0.2857142857142857
    ],
    "val_mcc": [
        0.0,
        -0.010218455460259995,
        0.0,
        0.06049173981197841,
        0.04188653905047353,
        0.11892191410016417,
        0.20681478656171304,
        0.15531059004165265,
        0.25706160249491683,
        0.295008294671155,
        0.326552773113863,
        0.2573808976705393,
        0.17137468488420993,
        0.3423284505517086,
        0.0,
        0.3423284505517086,
        0.3423284505517086,
        0.24773769447821017,
        0.21349363401649363,
        0.3028948587397143,
        0.3124070582338239,
        0.2667547888945989,
        0.2667547888945989,
        0.3028948587397143,
        0.44146141271207157,
        0.2667547888945989,
        0.44146141271207157,
        0.44146141271207157,
        0.3028948587397143
    ]
}