{
    "train_loss": [
        1.4036357328295708,
        1.3337257340550424,
        1.3304647579789162,
        1.2501759201288223,
        1.351163687184453,
        1.336248704791069,
        1.294012677669525,
        1.0001682348549366,
        0.9388680852949619,
        1.0510071836411954,
        0.8707969881594181,
        0.9680476859211922,
        0.8121614813804626,
        0.8103370610624552,
        0.6908630717545747,
        0.8476936716586352,
        0.853362176567316,
        0.7393148764967918,
        0.5683218896389007,
        0.5799590942449868,
        0.6776207562536001,
        0.6391823135316372,
        0.5783815991133452,
        0.5523065689951181,
        0.7359876953065395,
        0.5663570523262024,
        0.5238265663385391,
        0.524768502637744
    ],
    "train_acc": [
        0.96513470681458,
        0.9556259904912837,
        0.8827258320126783,
        0.9381933438985737,
        0.8914421553090333,
        0.9659270998415214,
        0.9611727416798732,
        0.8803486529318542,
        0.8098256735340729,
        0.8328050713153724,
        0.8708399366085579,
        0.8597464342313788,
        0.849445324881141,
        0.8359746434231379,
        0.8478605388272583,
        0.9033280507131537,
        0.820919175911252,
        0.840729001584786,
        0.8748019017432647,
        0.8573692551505546,
        0.8811410459587956,
        0.8438985736925515,
        0.8589540412044374,
        0.8692551505546752,
        0.7741679873217115,
        0.8874801901743264,
        0.893026941362916,
        0.904120443740095
    ],
    "train_f1": [
        0.043478260869565216,
        0.0,
        0.03896103896103896,
        0.07142857142857142,
        0.15950920245398773,
        0.0,
        0.0,
        0.24875621890547264,
        0.2,
        0.18532818532818532,
        0.26244343891402716,
        0.21333333333333335,
        0.24,
        0.23048327137546468,
        0.2727272727272727,
        0.2988505747126437,
        0.2152777777777778,
        0.22988505747126436,
        0.29464285714285715,
        0.2682926829268293,
        0.29906542056074764,
        0.25660377358490566,
        0.288,
        0.3037974683544304,
        0.20612813370473537,
        0.3238095238095238,
        0.34782608695652173,
        0.37305699481865284
    ],
    "train_mcc": [
        0.04831476557302744,
        -0.02086694445276327,
        -0.008812538241246753,
        0.03973862586031955,
        0.14102816442351981,
        -0.010069519565745734,
        -0.015959412887864604,
        0.27368581838856715,
        0.24796989086733023,
        0.2076008278341477,
        0.3046694525569085,
        0.23575516853864864,
        0.28810990602293485,
        0.2833784534301746,
        0.3474807500188994,
        0.32337015492751403,
        0.26813892437295295,
        0.2782748182174996,
        0.35319161816026845,
        0.3289525185956092,
        0.3523138227488191,
        0.32262523025753265,
        0.3617344279224881,
        0.37619029836391765,
        0.28533686048237983,
        0.3841671648006868,
        0.41525744008516624,
        0.4370256676182435
    ],
    "val_loss": [
        1.461704045534134,
        1.442482441663742,
        1.269954353570938,
        1.2265439450740814,
        1.4931515872478485,
        1.3510054349899292,
        1.20178302526474,
        1.0042142033576966,
        1.1891954720020295,
        1.0725991427898407,
        1.3459355890750886,
        1.0080246925354004,
        1.1195110946893692,
        0.8060948818922042,
        1.3466784954071045,
        1.1235551685094833,
        1.0985094428062439,
        1.1317458599805832,
        1.6850120663642882,
        1.6987055391073227,
        1.4905816853046416,
        1.4383394211530685,
        1.6792527556419372,
        1.8055134639143944,
        1.2554767608642579,
        1.497667121887207,
        1.607631301879883,
        1.657262098789215
    ],
    "val_acc": [
        0.9682539682539683,
        0.9682539682539683,
        0.9650793650793651,
        0.9650793650793651,
        0.9650793650793651,
        0.9682539682539683,
        0.9682539682539683,
        0.6825396825396826,
        0.7619047619047619,
        0.7904761904761904,
        0.9365079365079365,
        0.8476190476190476,
        0.8857142857142857,
        0.7142857142857143,
        0.8984126984126984,
        0.9333333333333333,
        0.8539682539682539,
        0.8444444444444444,
        0.8571428571428571,
        0.8285714285714286,
        0.8507936507936508,
        0.780952380952381,
        0.8,
        0.8253968253968254,
        0.8,
        0.8571428571428571,
        0.8571428571428571,
        0.8857142857142857
    ],
    "val_f1": [
        0.0,
        0.0,
        0.0,
        0.0,
        0.0,
        0.0,
        0.0,
        0.15254237288135594,
        0.13793103448275862,
        0.15384615384615385,
        0.09090909090909091,
        0.1724137931034483,
        0.25,
        0.18181818181818182,
        0.23809523809523808,
        0.2222222222222222,
        0.17857142857142858,
        0.1694915254237288,
        0.1509433962264151,
        0.15625,
        0.17543859649122806,
        0.14814814814814814,
        0.136986301369863,
        0.15384615384615385,
        0.136986301369863,
        0.18181818181818182,
        0.18181818181818182,
        0.21739130434782608
    ],
    "val_mcc": [
        0.0,
        0.0,
        -0.010218455460259995,
        -0.010218455460259995,
        -0.010218455460259995,
        0.0,
        0.0,
        0.21253484893066033,
        0.14980774330592514,
        0.16905675076047066,
        0.05855618233121331,
        0.17514105043750153,
        0.2664988533669267,
        0.265502925179156,
        0.23879520351312966,
        0.19716017279440573,
        0.18149718428987485,
        0.1720841853376941,
        0.13896629948367614,
        0.1578604354822164,
        0.17827729354195984,
        0.16233344308034314,
        0.1358036190637778,
        0.1552050782085788,
        0.1358036190637778,
        0.18480531773864323,
        0.18480531773864323,
        0.21951945016451005
    ]
}