{
    "train_loss": [
        1.2068757550282911,
        1.1621542193672874,
        1.1012996956706047,
        1.03901106254621,
        0.9627244939858263,
        0.9828040572729978,
        0.8775373331525109,
        0.7973236177455295,
        0.7981669794429432,
        0.7228514159267599,
        0.7512644224546172,
        0.7135646736079996,
        0.6467229578305375,
        0.6572216749191284,
        0.6271629817783833,
        0.5997972200539979,
        0.5962253287434578,
        0.5603469297797843,
        0.578321598470211,
        0.525344845246185,
        0.47401079738681967,
        0.47512610883198003,
        0.45556947284124116,
        0.4422465864230286,
        0.4628187892111865,
        0.41943032057447865,
        0.41491637751460075,
        0.41043826103718445,
        0.4021170342510397
    ],
    "train_acc": [
        0.8667632150615496,
        0.8595220854453295,
        0.8421433743664012,
        0.8414192614047792,
        0.8298334540188269,
        0.8211440984793628,
        0.835626357711803,
        0.8435916002896452,
        0.8573497465604635,
        0.8559015206372194,
        0.8674873280231716,
        0.8595220854453295,
        0.8638667632150615,
        0.8616944243301955,
        0.8754525706010138,
        0.8711078928312816,
        0.8711078928312816,
        0.8870383779869659,
        0.889210716871832,
        0.9058653149891384,
        0.9058653149891384,
        0.9065894279507604,
        0.9094858797972484,
        0.9087617668356264,
        0.9044170890658942,
        0.9160028964518465,
        0.9246922519913107,
        0.9138305575669804,
        0.9225199131064447
    ],
    "train_f1": [
        0.010752688172043012,
        0.1415929203539823,
        0.28289473684210525,
        0.39669421487603307,
        0.46952595936794583,
        0.46187363834422657,
        0.5300207039337475,
        0.5481171548117155,
        0.5689277899343544,
        0.5774946921443737,
        0.5995623632385121,
        0.5975103734439834,
        0.6,
        0.6012526096033403,
        0.6324786324786325,
        0.6337448559670782,
        0.6244725738396625,
        0.6623376623376623,
        0.6622516556291391,
        0.7045454545454546,
        0.7136563876651982,
        0.7139689578713969,
        0.7228381374722838,
        0.7224669603524229,
        0.7066666666666667,
        0.7375565610859729,
        0.7625570776255708,
        0.7396061269146609,
        0.7528868360277137
    ],
    "train_mcc": [
        0.012313537097609776,
        0.12208602177621385,
        0.2024814213757218,
        0.3054085119284285,
        0.3812312574335463,
        0.3722534099963487,
        0.4589790898246589,
        0.48084737608746736,
        0.5034452820688488,
        0.5162261023260035,
        0.5410053291597741,
        0.5433642052548939,
        0.5439468105356203,
        0.5473864401975485,
        0.5837437842815354,
        0.5898058879401352,
        0.5751996380562626,
        0.6191723935148558,
        0.6169521749007999,
        0.6654228479962725,
        0.6800466369048661,
        0.6796073388828844,
        0.6904280263176402,
        0.6908222641595188,
        0.6704373575577252,
        0.7058688161046451,
        0.735017620090696,
        0.7127084015754328,
        0.7220470955133255
    ],
    "val_loss": [
        1.2129318172281438,
        1.160715330730785,
        1.0887254097244956,
        0.9993457469073209,
        0.9084491783922369,
        0.9501436461101879,
        0.8737646422602914,
        0.8259789672764865,
        0.82269794290716,
        0.7783579880541022,
        0.7986740036444231,
        0.7192914458838376,
        0.7777293067086827,
        0.666974661025134,
        0.7032683491706848,
        0.7007125941189852,
        0.7542979148301211,
        0.7568799555301666,
        0.6906934651461515,
        0.8031679513779554,
        0.7732661637392911,
        0.7733422897078774,
        0.8042128411206332,
        0.9477150467309085,
        0.8439059806140986,
        0.9327917369929227,
        0.897629430348223,
        0.9919918369163166,
        0.9798793928189711
    ],
    "val_acc": [
        0.8641618497109826,
        0.8352601156069365,
        0.8265895953757225,
        0.8179190751445087,
        0.8497109826589595,
        0.791907514450867,
        0.861271676300578,
        0.884393063583815,
        0.8583815028901735,
        0.8815028901734104,
        0.8757225433526011,
        0.8815028901734104,
        0.8901734104046243,
        0.9017341040462428,
        0.8786127167630058,
        0.8786127167630058,
        0.8815028901734104,
        0.8959537572254336,
        0.8757225433526011,
        0.8930635838150289,
        0.884393063583815,
        0.8815028901734104,
        0.8872832369942196,
        0.8872832369942196,
        0.884393063583815,
        0.8786127167630058,
        0.8786127167630058,
        0.8930635838150289,
        0.8815028901734104
    ],
    "val_f1": [
        0.0,
        0.19718309859154928,
        0.3023255813953488,
        0.47058823529411764,
        0.5357142857142857,
        0.4626865671641791,
        0.5384615384615384,
        0.6078431372549019,
        0.5739130434782609,
        0.6019417475728155,
        0.5981308411214953,
        0.6306306306306306,
        0.6274509803921569,
        0.6792452830188679,
        0.6379310344827587,
        0.6440677966101694,
        0.6095238095238096,
        0.6326530612244898,
        0.6324786324786325,
        0.6476190476190476,
        0.6363636363636364,
        0.6306306306306306,
        0.6355140186915887,
        0.6138613861386139,
        0.6226415094339622,
        0.6037735849056604,
        0.6181818181818182,
        0.6336633663366337,
        0.6238532110091743
    ],
    "val_mcc": [
        -0.021081851067789197,
        0.12087181613846602,
        0.20451479184951757,
        0.3816993437169785,
        0.4598774785890066,
        0.37727296261054927,
        0.4623675303624091,
        0.5444086952312767,
        0.5076144892362678,
        0.5374939001420634,
        0.533664741164294,
        0.5744410361015639,
        0.5675210152987641,
        0.6300781537087987,
        0.5868310194788874,
        0.5961251534575701,
        0.5467589104725578,
        0.5737710289293626,
        0.580939862936085,
        0.5920277745604987,
        0.5807988777904054,
        0.5744410361015639,
        0.5783412474412951,
        0.5514860956870957,
        0.562625480075369,
        0.5401412555308925,
        0.558874765667835,
        0.5747674755196647,
        0.5652293323162867
    ]
}