{
    "train_loss": [
        1.209667758508162,
        1.23509249903939,
        1.1556660411032764,
        1.054640994830565,
        0.9628013765270059,
        0.9477494155818765,
        0.8918192583051595,
        0.8508822660554539,
        0.7637692994692109,
        0.7384854500943964,
        0.7531861547719348,
        0.6644472615285353,
        0.6901603324169462,
        0.6584869596091184,
        0.6923699402673678,
        0.6428699798204682,
        0.5821254978125746,
        0.5390663119879636,
        0.5396922836926851,
        0.5815889781171625,
        0.5079897791147232,
        0.5335860668935559,
        0.4864428474948826,
        0.46644968674941495,
        0.4604265906594016,
        0.4392652752047235,
        0.43720731647177175,
        0.4164282012392174,
        0.4006552479483865,
        0.37952963990921323,
        0.38878975362008944,
        0.3844318576157093,
        0.36722248331220314,
        0.38261407207358966,
        0.36019734073091636,
        0.3594633777710525,
        0.34461676932617347,
        0.3376499569276348,
        0.3557502066885883,
        0.3571603233841332,
        0.36563101783394814,
        0.337297913025726,
        0.342711472206495,
        0.3495838780972091,
        0.3386721467091279,
        0.34421092170205986
    ],
    "train_acc": [
        0.8682114409847936,
        0.8674873280231716,
        0.8682114409847936,
        0.8218682114409848,
        0.8102824040550326,
        0.8218682114409848,
        0.835626357711803,
        0.8457639391745112,
        0.8479362780593772,
        0.8638667632150615,
        0.8276611151339609,
        0.8508327299058653,
        0.8406951484431572,
        0.8479362780593772,
        0.8501086169442433,
        0.8515568428674873,
        0.8653149891383056,
        0.8740043446777698,
        0.8595220854453295,
        0.8602461984069515,
        0.8674873280231716,
        0.8725561187545257,
        0.8754525706010138,
        0.8797972483707458,
        0.8870383779869659,
        0.8848660391020999,
        0.88848660391021,
        0.8921071687183201,
        0.8928312816799421,
        0.8957277335264301,
        0.8964518464880521,
        0.8986241853729182,
        0.8957277335264301,
        0.9007965242577842,
        0.8979000724112962,
        0.9036929761042722,
        0.9007965242577842,
        0.9058653149891384,
        0.9044170890658942,
        0.9080376538740044,
        0.9044170890658942,
        0.9036929761042722,
        0.9058653149891384,
        0.9051412020275162,
        0.9094858797972484,
        0.9087617668356264
    ],
    "train_f1": [
        0.010869565217391304,
        0.010810810810810811,
        0.14150943396226415,
        0.419811320754717,
        0.4495798319327731,
        0.4675324675324675,
        0.5118279569892473,
        0.5298013245033113,
        0.5625,
        0.5746606334841629,
        0.5440613026819924,
        0.5743801652892562,
        0.5669291338582677,
        0.5866141732283464,
        0.5818181818181818,
        0.594059405940594,
        0.6234817813765182,
        0.6390041493775933,
        0.6254826254826255,
        0.628131021194605,
        0.6332665330661322,
        0.65625,
        0.6587301587301587,
        0.668,
        0.6829268292682927,
        0.6787878787878788,
        0.6857142857142857,
        0.6940451745379876,
        0.6991869918699187,
        0.7061224489795919,
        0.7099391480730223,
        0.7107438016528925,
        0.7061224489795919,
        0.7151767151767152,
        0.7116564417177914,
        0.7234927234927235,
        0.7151767151767152,
        0.731404958677686,
        0.7261410788381742,
        0.7348643006263048,
        0.7238493723849372,
        0.7246376811594203,
        0.7302904564315352,
        0.7287784679089027,
        0.7379454926624738,
        0.7364016736401674
    ],
    "train_mcc": [
        0.027965904613834622,
        0.018994964809552307,
        0.15842157816437785,
        0.322044521028431,
        0.35775633100549986,
        0.37932954174600225,
        0.43414635779575017,
        0.4550939408417304,
        0.4991524744597527,
        0.5085643100186991,
        0.48418808605587443,
        0.514786951595443,
        0.5105059478888991,
        0.5357430561470437,
        0.5265057795050495,
        0.5445077824340077,
        0.5790223819175769,
        0.5953361110510754,
        0.5886527401604064,
        0.5923996285401153,
        0.592848318965263,
        0.626375471810212,
        0.6268601073142084,
        0.6373490458378894,
        0.6535996126939082,
        0.6493707204042635,
        0.6564490440547828,
        0.6659359583404566,
        0.6741467667001863,
        0.6821919245186556,
        0.6881006327788417,
        0.6858857711719994,
        0.6821919245186556,
        0.6903954765154291,
        0.6888101002417271,
        0.7008023503482509,
        0.6903954765154291,
        0.711809834744205,
        0.7044771132230567,
        0.7142999102802807,
        0.7001885647864095,
        0.7029552726760269,
        0.7096743038026749,
        0.7081462552898857,
        0.7174187798059365,
        0.7158557925506196
    ],
    "val_loss": [
        1.2107688892971387,
        1.2114456350153142,
        1.1023304895921187,
        0.9391230832446705,
        0.8442653851075606,
        0.8171962445432489,
        0.795516474680467,
        0.763308124108748,
        0.7284060228954662,
        0.7417647811499509,
        0.7258237708698619,
        0.8192617947405035,
        0.7374778904698112,
        0.7160246941176328,
        0.7912254279310053,
        0.7218512283130125,
        0.7113675583492626,
        0.7407030056823384,
        0.7812981578436765,
        0.7806420732628215,
        0.7566366249864752,
        0.8729085001078519,
        0.8525396151976152,
        0.7887147014791315,
        0.9564994505860589,
        1.0813697603615848,
        0.969375722787597,
        1.0008692077615045,
        1.0587031868371097,
        1.0652527660131454,
        1.0945011675357819,
        1.1710500703616575,
        1.1575415716929869,
        1.139324277639389,
        1.2115717963738875,
        1.3235425353050232,
        1.240778771313754,
        1.264984285289591,
        1.2460132200609555,
        1.2388356219638477,
        1.238810122013092,
        1.249965018846772,
        1.289314360103824,
        1.304729780012911,
        1.313489331440492,
        1.4088590145111084
    ],
    "val_acc": [
        0.8670520231213873,
        0.861271676300578,
        0.8439306358381503,
        0.8121387283236994,
        0.8641618497109826,
        0.8526011560693642,
        0.838150289017341,
        0.8670520231213873,
        0.8930635838150289,
        0.8323699421965318,
        0.869942196531792,
        0.8786127167630058,
        0.8641618497109826,
        0.8872832369942196,
        0.8641618497109826,
        0.8583815028901735,
        0.8583815028901735,
        0.8063583815028902,
        0.8208092485549133,
        0.8410404624277457,
        0.8497109826589595,
        0.8901734104046243,
        0.8786127167630058,
        0.8583815028901735,
        0.8554913294797688,
        0.884393063583815,
        0.8786127167630058,
        0.884393063583815,
        0.884393063583815,
        0.8786127167630058,
        0.8901734104046243,
        0.884393063583815,
        0.8815028901734104,
        0.884393063583815,
        0.8872832369942196,
        0.8901734104046243,
        0.8901734104046243,
        0.884393063583815,
        0.8872832369942196,
        0.8872832369942196,
        0.8872832369942196,
        0.8872832369942196,
        0.8872832369942196,
        0.884393063583815,
        0.884393063583815,
        0.8901734104046243
    ],