{
    "train_loss": [
        1.2204793054949155,
        1.1795450909571215,
        1.1911579505963759,
        1.1345799754966388,
        1.1229402991858395,
        1.0024468113075604,
        0.9762264368208972,
        0.9641316614367745,
        0.8773635727438059,
        0.7725427922877398,
        0.7785051288929853,
        0.8336076993833889,
        0.7009735009209677,
        0.7437963980165395,
        0.6610566924580119,
        0.6919718144292181,
        0.655642566355792,
        0.6372240145098079,
        0.6163680919192054,
        0.6365402428941294,
        0.5698487338694659,
        0.5633598850532011,
        0.5970929346301339,
        0.5535898479548368,
        0.5333434573628686,
        0.5281350023367188,
        0.5720665932378985
    ],
    "train_acc": [
        0.8682114409847936,
        0.8689355539464156,
        0.8682114409847936,
        0.8544532947139754,
        0.8204199855177408,
        0.8131788559015206,
        0.8312816799420709,
        0.834902244750181,
        0.8044895003620565,
        0.8414192614047792,
        0.8443157132512672,
        0.8544532947139754,
        0.8508327299058653,
        0.8530050687907313,
        0.8602461984069515,
        0.8537291817523533,
        0.8428674873280232,
        0.8493845039826213,
        0.8421433743664012,
        0.8377986965966691,
        0.8645908761766835,
        0.8769007965242578,
        0.8638667632150615,
        0.8732802317161478,
        0.8703837798696596,
        0.8747284576393918,
        0.8725561187545257
    ],
    "train_f1": [
        0.0,
        0.01092896174863388,
        0.010869565217391304,
        0.21176470588235294,
        0.3641025641025641,
        0.4625,
        0.4856512141280353,
        0.5086206896551724,
        0.47674418604651164,
        0.5521472392638037,
        0.5548654244306418,
        0.5750528541226215,
        0.5761316872427984,
        0.5848670756646217,
        0.6053169734151329,
        0.5756302521008403,
        0.5753424657534246,
        0.59375,
        0.583969465648855,
        0.5851851851851851,
        0.6368932038834951,
        0.6544715447154471,
        0.6313725490196078,
        0.647887323943662,
        0.649706457925636,
        0.6505050505050505,
        0.6465863453815262
    ],
    "train_mcc": [
        -0.010454640926794788,
        0.04163390459004503,
        0.027965904613834622,
        0.16484930442015208,
        0.26108884389150117,
        0.3741191480782565,
        0.40114119615537386,
        0.4300955360555303,
        0.39592764381396317,
        0.4877836722025435,
        0.49012498550781225,
        0.5135499190854618,
        0.5173896851482551,
        0.5290198625695555,
        0.554792481548938,
        0.5148139836308321,
        0.5220213206911103,
        0.5459534282817459,
        0.5365649293233196,
        0.5427627583371366,
        0.6024348443982205,
        0.6176420931829217,
        0.5937413962536476,
        0.6108255204320605,
        0.6176215735831588,
        0.6135351126419927,
        0.6094791078621192
    ],
    "val_loss": [
        1.1959608305584302,
        1.1744770353490657,
        1.174420708959753,
        1.101725312796506,
        1.063587638464841,
        0.9832772666757758,
        0.9620012261650779,
        0.8561581589958884,
        0.8034211857752367,
        0.8183862133459612,
        0.8014034249565818,
        0.7872963114218279,
        0.7588834031061693,
        0.8058022504503076,
        0.8265119086612355,
        0.7788064534013922,
        0.8759632110595703,
        0.8324050524018027,
        0.8456081233241342,
        0.8851328329606489,
        1.0253324495120482,
        0.8802366771481254,
        0.8936132517727938,
        0.943759026852521,
        0.8906523856249723,
        1.002412344921719,
        1.0022149085998535
    ],
    "val_acc": [
        0.8670520231213873,
        0.8670520231213873,
        0.8583815028901735,
        0.8670520231213873,
        0.7774566473988439,
        0.7543352601156069,
        0.8583815028901735,
        0.8208092485549133,
        0.8728323699421965,
        0.8439306358381503,
        0.884393063583815,
        0.8959537572254336,
        0.8583815028901735,
        0.8352601156069365,
        0.8786127167630058,
        0.8670520231213873,
        0.8526011560693642,
        0.8063583815028902,
        0.8005780346820809,
        0.8236994219653179,
        0.8670520231213873,
        0.8121387283236994,
        0.8092485549132948,
        0.8526011560693642,
        0.8294797687861272,
        0.8583815028901735,
        0.8179190751445087
    ],
    "val_f1": [
        0.0,
        0.0,
        0.0392156862745098,
        0.41025641025641024,
        0.40310077519379844,
        0.45161290322580644,
        0.4842105263157895,
        0.5230769230769231,
        0.6,
        0.55,
        0.6296296296296297,
        0.6470588235294118,
        0.6016260162601627,
        0.5581395348837209,
        0.6181818181818182,
        0.603448275862069,
        0.5565217391304348,
        0.5037037037037037,
        0.5306122448979592,
        0.5271317829457365,
        0.5892857142857143,
        0.5255474452554745,
        0.5285714285714286,
        0.5785123966942148,
        0.5354330708661418,
        0.5811965811965812,
        0.5190839694656488
    ],
    "val_mcc": [
        0.0,
        0.0,
        0.023914221878939344,
        0.3451233496381108,
        0.2983359449926665,
        0.37582584418014137,
        0.40249798355585775,
        0.4533120455266882,
        0.5369506535452646,
        0.4808498479057287,
        0.5717163598317524,
        0.5906333353662514,
        0.5477090801373955,
        0.49768750344663065,
        0.558874765667835,
        0.5444508206185878,
        0.48630995099321245,
        0.43171213434909944,
        0.47880848910100204,
        0.4578171917558378,
        0.5248765012980737,
        0.46214172383589347,
        0.4689101913408153,
        0.5170863478899981,
        0.4670281004317293,
        0.5177041689629667,
        0.44887109215376564
    ]
}