{
    "train_loss": [
        1.2096108577468179,
        1.2349246943538839,
        1.1529058570211583,
        1.0625384057110006,
        0.9869065406647596,
        0.9396752776070074,
        0.8933775106614287,
        0.8362466191703622,
        0.7579668780619447,
        0.7323620834133842,
        0.7196257988160307,
        0.6554829187013886,
        0.7017897006801583,
        0.6539062017744238,
        0.6565142808990045,
        0.5958148850636049,
        0.5768178772519935,
        0.5381743311882019,
        0.5454179861328818,
        0.5630786449394443,
        0.5137149386785247,
        0.5427845215255563,
        0.49853360557674686,
        0.5025337436659769,
        0.5168608115477995,
        0.47833795032717963,
        0.4847443527118726,
        0.4660020918500694,
        0.46510920504277403,
        0.4602384419942444
    ],
    "train_acc": [
        0.8682114409847936,
        0.8674873280231716,
        0.8667632150615496,
        0.8189717595944968,
        0.8059377262853005,
        0.8088341781317886,
        0.8247646632874729,
        0.8399710354815351,
        0.8530050687907313,
        0.8580738595220855,
        0.832005792903693,
        0.8609703113685735,
        0.8414192614047792,
        0.8530050687907313,
        0.8616944243301955,
        0.8667632150615496,
        0.8645908761766835,
        0.8805213613323678,
        0.8638667632150615,
        0.8696596669080376,
        0.8645908761766835,
        0.8595220854453295,
        0.8631426502534395,
        0.8754525706010138,
        0.8667632150615496,
        0.8682114409847936,
        0.8703837798696596,
        0.8711078928312816,
        0.8783490224475018,
        0.8732802317161478
    ],
    "train_f1": [
        0.010869565217391304,
        0.010810810810810811,
        0.1320754716981132,
        0.4292237442922374,
        0.44398340248962653,
        0.43829787234042555,
        0.48945147679324896,
        0.5164113785557987,
        0.559652928416486,
        0.5682819383259912,
        0.5433070866141733,
        0.5879828326180258,
        0.562874251497006,
        0.5865580448065173,
        0.59958071278826,
        0.6229508196721312,
        0.6144329896907217,
        0.6436285097192225,
        0.6147540983606558,
        0.6428571428571429,
        0.6222222222222222,
        0.62109375,
        0.631578947368421,
        0.6386554621848739,
        0.6334661354581673,
        0.6431372549019608,
        0.6369168356997972,
        0.642570281124498,
        0.6612903225806451,
        0.6534653465346535
    ],
    "train_mcc": [
        0.027965904613834622,
        0.018994964809552307,
        0.14393666029858032,
        0.3325444717869464,
        0.35106815380902207,
        0.3435055505063512,
        0.40725525296834114,
        0.43905662991297667,
        0.49260860411828133,
        0.5022487872030982,
        0.48022141797912576,
        0.5283219922045964,
        0.503763480067812,
        0.5315973328632,
        0.5448679773355125,
        0.5767549442538111,
        0.5652861723896477,
        0.5963658884360945,
        0.5664339286327736,
        0.6065842295464933,
        0.577699504879722,
        0.5811380723254498,
        0.5949441985676498,
        0.5933428099434983,
        0.5939884530111694,
        0.6088519090840009,
        0.5957435676685765,
        0.6043768391976979,
        0.6275184179601289,
        0.6204607992354869
    ],
    "val_loss": [
        1.2107182957909324,
        1.2111247127706355,
        1.073435041037473,
        0.9741506359793923,
        0.8589052557945251,
        0.8342624794353138,
        0.8045886917547747,
        0.7573752294887196,
        0.7888398576866497,
        0.7842268320647153,
        0.7864580127325925,
        0.8804343667897311,
        0.7992599877444181,
        0.8172630721872504,
        0.8628983876921914,
        0.7983353273435072,
        0.8024562109600414,
        0.8210458403283899,
        0.8051291460340674,
        0.8522474792870608,
        0.8750115551731803,
        0.9059696658091112,
        0.9658700620586221,
        0.8864394914020192,
        0.9080682742324743,
        0.9672004594044252,
        0.9593013335358013,
        0.9671219668605111,
        0.9691776497797533,
        0.9799300188368018
    ],
    "val_acc": [
        0.8670520231213873,
        0.861271676300578,
        0.838150289017341,
        0.7687861271676301,
        0.8236994219653179,
        0.8323699421965318,
        0.8092485549132948,
        0.8583815028901735,
        0.8930635838150289,
        0.8526011560693642,
        0.8526011560693642,
        0.8670520231213873,
        0.8583815028901735,
        0.8757225433526011,
        0.8786127167630058,
        0.838150289017341,
        0.8526011560693642,
        0.8352601156069365,
        0.846820809248555,
        0.846820809248555,
        0.8583815028901735,
        0.8554913294797688,
        0.8641618497109826,
        0.8497109826589595,
        0.846820809248555,
        0.8670520231213873,
        0.8583815028901735,
        0.861271676300578,
        0.861271676300578,
        0.861271676300578
    ],
    "val_f1": [
        0.0,
        0.0,
        0.3333333333333333,
        0.4805194805194805,
        0.48739495798319327,
        0.5,
        0.5147058823529411,
        0.5663716814159292,
        0.5747126436781609,
        0.5565217391304348,
        0.5641025641025641,
        0.5660377358490566,
        0.5739130434782609,
        0.5981308411214953,
        0.625,
        0.5692307692307692,
        0.592,
        0.5648854961832062,
        0.576,
        0.576,
        0.5882352941176471,
        0.5833333333333334,
        0.5982905982905983,
        0.5806451612903226,
        0.576,
        0.6101694915254238,
        0.5882352941176471,
        0.6,
        0.6,
        0.6
    ],
    "val_mcc": [
        0.0,
        -0.029857542903210476,
        0.24360951786530724,
        0.41595243186191255,
        0.402563162504668,
        0.41731022403768925,
        0.4469691416045395,
        0.49747095926772067,
        0.5148991888889692,
        0.48630995099321245,
        0.4966256043052606,
        0.49517280644193956,
        0.5076144892362678,
        0.533664741164294,
        0.5682091831041185,
        0.5128738054325999,
        0.5373606802830184,
        0.5081947735461273,
        0.5170807069651819,
        0.5170807069651819,
        0.527746075230805,
        0.5223706982614518,
        0.5387827336206729,
        0.5221213387303855,
        0.5170807069651819,
        0.5541854822301769,
        0.527746075230805,
        0.5431311234393132,
        0.5431311234393132,
        0.5431311234393132
    ]
}