{
    "train_loss": [
        0.8399754472904735,
        0.4362801330267555,
        0.3219801512029436,
        0.32391525987121794,
        0.3221205008526643,
        0.264453835806085,
        0.33394052146209613,
        0.2777154838045438,
        0.2626939359638426,
        0.2504852241112126,
        0.22790585106445682,
        0.24786973425911532,
        0.21275882058673434,
        0.20472421331538093,
        0.18550448107222717,
        0.17803010505934555
    ],
    "train_acc": [
        0.9126484975541579,
        0.9287211740041929,
        0.9301187980433263,
        0.9203354297693921,
        0.9294199860237596,
        0.9315164220824598,
        0.9252271139063591,
        0.9301187980433263,
        0.9419986023759609,
        0.9426974143955276,
        0.9461914744933613,
        0.9503843466107617,
        0.9566736547868623,
        0.9538784067085954,
        0.9643605870020965,
        0.9566736547868623
    ],
    "train_f1": [
        0.5247148288973384,
        0.7411167512690355,
        0.7474747474747475,
        0.7205882352941176,
        0.7443037974683544,
        0.7562189054726368,
        0.7304785894206549,
        0.7487437185929648,
        0.7810026385224275,
        0.7853403141361257,
        0.7946666666666666,
        0.8086253369272237,
        0.8277777777777777,
        0.8186813186813187,
        0.8555240793201133,
        0.8315217391304348
    ],
    "train_mcc": [
        0.4877817752635951,
        0.7241017670100205,
        0.7324120178394847,
        0.7049081159574364,
        0.7282615230237565,
        0.7452258675504408,
        0.71255895600639,
        0.7346968637050257,
        0.7657222228837821,
        0.7719024243603454,
        0.7803097935304997,
        0.7952067969759451,
        0.8138216883187406,
        0.804555743952554,
        0.8436908271033599,
        0.8208053254857528
    ],
    "val_loss": [
        1.607006754047082,
        0.4663539457445343,
        0.5268042255192995,
        1.5181940699306626,
        0.5526364242153553,
        1.0482454967374604,
        0.643951108523955,
        0.5683293035253882,
        0.6688382190962633,
        0.7431197166442871,
        0.8086132885267338,
        0.9008248299360275,
        0.8229257409693673,
        0.7923423536121845,
        0.8180942153558135,
        0.9429050393713018
    ],
    "val_acc": [
        0.9467787114845938,
        0.9159663865546218,
        0.9187675070028011,
        0.938375350140056,
        0.9215686274509803,
        0.9411764705882353,
        0.9187675070028011,
        0.907563025210084,
        0.9327731092436975,
        0.938375350140056,
        0.938375350140056,
        0.938375350140056,
        0.938375350140056,
        0.9355742296918768,
        0.9327731092436975,
        0.9327731092436975
    ],
    "val_f1": [
        0.7466666666666667,
        0.6875,
        0.6947368421052632,
        0.7317073170731707,
        0.7021276595744681,
        0.7341772151898734,
        0.6947368421052632,
        0.6857142857142857,
        0.7333333333333333,
        0.7317073170731707,
        0.7317073170731707,
        0.7317073170731707,
        0.7380952380952381,
        0.7294117647058823,
        0.7209302325581395,
        0.7209302325581395
    ],
    "val_mcc": [
        0.7177027961982226,
        0.6563312871838421,
        0.6637619760475325,
        0.6980509056796295,
        0.6713764627482557,
        0.7011833304748583,
        0.6637619760475325,
        0.6659540855048358,
        0.7038493923433339,
        0.6980509056796295,
        0.6980509056796295,
        0.6980509056796295,
        0.705689328274822,
        0.6961699704894801,
        0.6869327636993302,
        0.6869327636993302
    ]
}