{
    "train_loss": [
        0.6142954922384686,
        0.38056377702289157,
        0.34810208073920673,
        0.36566410462061566,
        0.30850656926631925,
        0.2834074892103672,
        0.3467346262600687,
        0.24871688381665283,
        0.21890239785942767,
        0.2722977518207497,
        0.23923356268141005,
        0.17993449485964244,
        0.1967844352643523,
        0.16429351491646635,
        0.13763810412751304,
        0.1914253531748222,
        0.12732797225730286,
        0.10014036792951325,
        0.18078158963989052,
        0.12316174781363871,
        0.09132334816580018,
        0.0738284644153383,
        0.05827711891486413,
        0.07163191181607545,
        0.07770255130405228,
        0.04798552856728849,
        0.056136119885680576,
        0.043483003459146456,
        0.052947640338809124,
        0.04068636564123962,
        0.058044802120679785,
        0.04885866884659562,
        0.04397406462036694,
        0.04785287222411069,
        0.03931828723030372
    ],
    "train_acc": [
        0.909853249475891,
        0.9259259259259259,
        0.9238294898672257,
        0.9350104821802935,
        0.93361285814116,
        0.9175401816911251,
        0.9266247379454927,
        0.9385045422781272,
        0.9524807826694619,
        0.9406009783368274,
        0.9531795946890287,
        0.9531795946890287,
        0.9489867225716282,
        0.9664570230607966,
        0.9692522711390635,
        0.949685534591195,
        0.973445143256464,
        0.9783368273934312,
        0.9615653389238294,
        0.9657582110412299,
        0.983927323549965,
        0.9874213836477987,
        0.9902166317260657,
        0.9881201956673655,
        0.9846261355695318,
        0.9923130677847659,
        0.989517819706499,
        0.9930118798043326,
        0.9909154437456325,
        0.9937106918238994,
        0.9888190076869322,
        0.9923130677847659,
        0.9930118798043326,
        0.9937106918238994,
        0.9930118798043326
    ],
    "train_f1": [
        0.6465753424657534,
        0.7253886010362695,
        0.7240506329113924,
        0.7546174142480211,
        0.7557840616966581,
        0.714975845410628,
        0.731457800511509,
        0.7696335078534031,
        0.8121546961325967,
        0.7803617571059431,
        0.8154269972451791,
        0.8184281842818428,
        0.8042895442359249,
        0.8620689655172413,
        0.872093023255814,
        0.8085106382978723,
        0.8875739644970414,
        0.9090909090909091,
        0.84593837535014,
        0.8627450980392157,
        0.9309309309309309,
        0.9447852760736196,
        0.9567901234567902,
        0.9473684210526315,
        0.9337349397590361,
        0.9657320872274143,
        0.9535603715170279,
        0.96875,
        0.9595015576323987,
        0.9717868338557993,
        0.9506172839506173,
        0.9657320872274143,
        0.96875,
        0.9717868338557993,
        0.96875
    ],
    "train_mcc": [
        0.6052888585136158,
        0.7027008781904546,
        0.7041875961378207,
        0.7347807625141305,
        0.7396395932068697,
        0.7005211023695439,
        0.7115659030132415,
        0.7534376701866683,
        0.7963721591643931,
        0.7679263664075352,
        0.8004689484650508,
        0.8059284036076181,
        0.7908474033183177,
        0.8498044908060056,
        0.8602435389638783,
        0.796857316240948,
        0.8765039191678123,
        0.901713798438657,
        0.833855882405147,
        0.8532298280089771,
        0.9247110476490388,
        0.9391476067773826,
        0.9524163385295019,
        0.9416542684384404,
        0.9276895125403659,
        0.9621255118866677,
        0.9486396821341082,
        0.9654180016580045,
        0.9551037008066737,
        0.9687392479715274,
        0.9454488635515576,
        0.9621255118866677,
        0.9654180016580045,
        0.9687392479715274,
        0.9654180016580045
    ],
    "val_loss": [
        0.4970442539391418,
        0.5002974805732568,
        0.7293533434470495,
        0.5104141270276159,
        0.5398144017284116,
        0.572705847521623,
        0.7748826115081707,
        0.6550959304828817,
        0.5676373355090618,
        0.5147049898902575,
        1.3068895476559799,
        1.8504694894266625,
        0.7199457010040836,
        0.8171576917181179,
        1.1430601432609062,
        0.8908867957701053,
        1.687560864413778,
        1.5495437645198156,
        1.0281787904605153,
        1.1599687604854505,
        1.2610823443780343,
        1.3173392165529851,
        2.1995226301563284,
        1.5230673097151641,
        1.5523848216441063,
        1.5366513442325715,
        1.5477754150342662,
        1.6066588034154847,
        1.528989351153238,
        1.7406189969430368,
        1.5271205375053494,
        1.622228268730396,
        2.1352651777366796,
        1.684766897187122,
        1.7162538975147374
    ],
    "val_acc": [
        0.9327731092436975,
        0.896358543417367,
        0.9411764705882353,
        0.9047619047619048,
        0.9327731092436975,
        0.9439775910364145,
        0.9159663865546218,
        0.9439775910364145,
        0.9243697478991597,
        0.938375350140056,
        0.9439775910364145,
        0.9411764705882353,
        0.938375350140056,
        0.938375350140056,
        0.9299719887955182,
        0.9411764705882353,
        0.9327731092436975,
        0.9411764705882353,
        0.938375350140056,
        0.9495798319327731,
        0.9495798319327731,
        0.9467787114845938,
        0.9439775910364145,
        0.9467787114845938,
        0.9467787114845938,
        0.9467787114845938,
        0.9495798319327731,
        0.9467787114845938,
        0.9439775910364145,
        0.9439775910364145,
        0.9299719887955182,
        0.938375350140056,
        0.9495798319327731,
        0.9439775910364145,
        0.9439775910364145
    ],
    "val_f1": [
        0.7333333333333333,
        0.6476190476190476,
        0.7586206896551724,
        0.6666666666666666,
        0.7333333333333333,
        0.75,
        0.6938775510204082,
        0.7560975609756098,
        0.7157894736842105,
        0.75,
        0.7619047619047619,
        0.7529411764705882,
        0.75,
        0.7441860465116279,
        0.7126436781609196,
        0.7469879518072289,
        0.7333333333333333,
        0.72,
        0.7441860465116279,
        0.7692307692307693,
        0.7692307692307693,
        0.759493670886076,
        0.7368421052631579,
        0.7532467532467533,
        0.7466666666666667,
        0.7466666666666667,
        0.7631578947368421,
        0.7466666666666667,
        0.75,
        0.7297297297297297,
        0.7058823529411765,
        0.7317073170731707,
        0.7692307692307693,
        0.7435897435897436,
        0.7368421052631579
    ],
    "val_mcc": [
        0.7038493923433339,
        0.6196910754785221,
        0.7306074670055016,
        0.6387492698224734,
        0.7038493923433339,
        0.7187613462654938,
        0.6661663171631848,
        0.7256391015533843,
        0.6884533405832176,
        0.7214361343471742,
        0.7327437838369044,
        0.7229717260663964,
        0.7214361343471742,
        0.7134905930951132,
        0.6779630294798251,
        0.7155066697338811,
        0.7038493923433339,
        0.6878820445405451,
        0.7134905930951132,
        0.7409288824383164,
        0.7409288824383164,
        0.7296517086142332,
        0.7058245457848523,
        0.7235017333059727,
        0.7177027961982226,
        0.7177027961982226,
        0.7352854791234695,
        0.7177027961982226,
        0.7187613462654938,
        0.6998543962370696,
        0.6693682149125638,
        0.6980509056796295,
        0.7409288824383164,
        0.7121432027092405,
        0.7058245457848523
    ]
}