{
    "train_loss": [
        0.7617746172679796,
        0.37888320138057074,
        0.3093200157913897,
        0.31051875551541647,
        0.28274821175469295,
        0.26713196020573376,
        0.2905403772162067,
        0.24544008779856893,
        0.2332843372805251,
        0.22935413209100564,
        0.2341880799167686,
        0.23912427839305667,
        0.1830990944057703,
        0.1664513682325681,
        0.15341989623589647,
        0.1525199317890737,
        0.16760554268128341,
        0.13611469303982127,
        0.1077174303535786,
        0.12348399636232191,
        0.11356001637048191,
        0.09987412340318164,
        0.09581279564234946,
        0.08837273902156287,
        0.12198843349599175,
        0.11904978389955229
    ],
    "train_acc": [
        0.89937106918239,
        0.9007686932215234,
        0.9343116701607268,
        0.9287211740041929,
        0.93361285814116,
        0.9357092941998603,
        0.9273235499650594,
        0.9489867225716282,
        0.9454926624737946,
        0.9510831586303284,
        0.9524807826694619,
        0.9594689028651293,
        0.9650593990216632,
        0.9720475192173306,
        0.9706498951781971,
        0.976240391334731,
        0.973445143256464,
        0.9797344514325647,
        0.9832285115303984,
        0.9825296995108316,
        0.9874213836477987,
        0.9874213836477987,
        0.986722571628232,
        0.9888190076869322,
        0.9881201956673655,
        0.986722571628232
    ],
    "train_f1": [
        0.48936170212765956,
        0.6787330316742082,
        0.7552083333333334,
        0.745,
        0.7582697201017812,
        0.7653061224489796,
        0.7386934673366834,
        0.8021680216802168,
        0.7947368421052632,
        0.8087431693989071,
        0.8162162162162162,
        0.8361581920903954,
        0.8579545454545454,
        0.8830409356725146,
        0.8786127167630058,
        0.8994082840236687,
        0.8875739644970414,
        0.9134328358208955,
        0.9272727272727272,
        0.9244712990936556,
        0.9444444444444444,
        0.9444444444444444,
        0.9411764705882353,
        0.9503105590062112,
        0.9476923076923077,
        0.9411764705882353
    ],
    "train_mcc": [
        0.4368094314480253,
        0.6677672123340607,
        0.7371693767917481,
        0.7310154982965703,
        0.7440872413863906,
        0.7520471023994759,
        0.7227193387046055,
        0.7870129166402541,
        0.7821975917104552,
        0.7936737776770665,
        0.8037008734897699,
        0.8217102571381363,
        0.8461935624794871,
        0.87225270094228,
        0.8682089259648339,
        0.8899701360755521,
        0.8765039191678123,
        0.9052635533473963,
        0.9199925874402352,
        0.9169990770447964,
        0.9384813885736131,
        0.9384813885736131,
        0.9346688547427726,
        0.9448543001615264,
        0.942284969100491,
        0.9346688547427726
    ],
    "val_loss": [
        0.49770357832312584,
        0.5293512495894296,
        0.527107788870732,
        0.5366112858173437,
        0.5938945910311304,
        0.76563727358977,
        0.5508134225383401,
        0.5115172749695679,
        0.6375817231213053,
        0.618515451438725,
        0.6025966200977564,
        0.7371061512579521,
        0.7205217275768518,
        0.6779787138220854,
        0.9192284795378024,
        0.9412826976428429,
        0.8932963612799844,
        0.9883318086698031,
        1.1118658670651105,
        1.305741259207328,
        1.2536037958537538,
        1.0880625806360815,
        1.1803338531948004,
        1.067807420467337,
        1.310280907258857,
        1.1042739110222708
    ],
    "val_acc": [
        0.8823529411764706,
        0.9187675070028011,
        0.9187675070028011,
        0.9131652661064426,
        0.938375350140056,
        0.9411764705882353,
        0.927170868347339,
        0.9327731092436975,
        0.9411764705882353,
        0.938375350140056,
        0.938375350140056,
        0.9411764705882353,
        0.9411764705882353,
        0.9411764705882353,
        0.9299719887955182,
        0.9355742296918768,
        0.9327731092436975,
        0.927170868347339,
        0.927170868347339,
        0.927170868347339,
        0.927170868347339,
        0.9327731092436975,
        0.9299719887955182,
        0.9327731092436975,
        0.9299719887955182,
        0.9299719887955182
    ],
    "val_f1": [
        0.631578947368421,
        0.6947368421052632,
        0.7010309278350515,
        0.6868686868686869,
        0.75,
        0.7469879518072289,
        0.723404255319149,
        0.7391304347826086,
        0.7469879518072289,
        0.7380952380952381,
        0.7555555555555555,
        0.7341772151898734,
        0.7469879518072289,
        0.7529411764705882,
        0.6753246753246753,
        0.7088607594936709,
        0.7,
        0.6578947368421053,
        0.6578947368421053,
        0.6578947368421053,
        0.6578947368421053,
        0.6923076923076923,
        0.6753246753246753,
        0.7073170731707317,
        0.6753246753246753,
        0.6835443037974683
    ],
    "val_mcc": [
        0.6129386006695265,
        0.6637619760475325,
        0.6734194051738353,
        0.659079375867429,
        0.7214361343471742,
        0.7155066697338811,
        0.696249999195031,
        0.7124460875590803,
        0.7155066697338811,
        0.705689328274822,
        0.7295105681058512,
        0.7011833304748583,
        0.7155066697338811,
        0.7229717260663964,
        0.6361530289467464,
        0.6727149523354833,
        0.662434312873598,
        0.617441745769001,
        0.617441745769001,
        0.617441745769001,
        0.617441745769001,
        0.6545718432510885,
        0.6361530289467464,
        0.6704627098058745,
        0.6361530289467464,
        0.6442465741961082
    ]
}