{
    "train_loss": [
        0.829624914460712,
        0.5511864354213079,
        0.4528628839386834,
        0.5117887526750564,
        0.4469303396013048,
        0.35672657787799833,
        0.33864399219552677,
        0.2948877806464831,
        0.2910031216012107,
        0.2598855165143808,
        0.2787225646277269,
        0.2527756795287132,
        0.23586236950423983,
        0.2374786394337813,
        0.22582933108011882,
        0.22245662286877632,
        0.205727915548616,
        0.19732719336946805,
        0.20206039365794923,
        0.18663271222677497,
        0.18693309225555924
    ],
    "train_acc": [
        0.8972027972027972,
        0.8937062937062937,
        0.9153846153846154,
        0.8573426573426574,
        0.9111888111888112,
        0.9286713286713286,
        0.9356643356643357,
        0.9391608391608391,
        0.9447552447552447,
        0.9482517482517483,
        0.9461538461538461,
        0.9482517482517483,
        0.9573426573426573,
        0.9629370629370629,
        0.9615384615384616,
        0.9643356643356643,
        0.965034965034965,
        0.9657342657342657,
        0.9699300699300699,
        0.9706293706293706,
        0.972027972027972
    ],
    "train_f1": [
        0.5362776025236593,
        0.6398104265402843,
        0.7027027027027027,
        0.592,
        0.683291770573566,
        0.7315789473684211,
        0.7591623036649214,
        0.7704485488126649,
        0.784741144414169,
        0.7989130434782609,
        0.7946666666666666,
        0.7978142076502732,
        0.8291316526610645,
        0.8498583569405099,
        0.84593837535014,
        0.8555240793201133,
        0.8587570621468926,
        0.8595988538681948,
        0.8753623188405797,
        0.8786127167630058,
        0.8823529411764706
    ],
    "train_mcc": [
        0.47865117150411407,
        0.6122361085896642,
        0.6829995423184687,
        0.5815204977508637,
        0.6576390684828634,
        0.7080435658746879,
        0.7411023376744261,
        0.7533215210842796,
        0.7660977437570624,
        0.7828804187529875,
        0.7802886163982437,
        0.7809687840706508,
        0.8144645254949073,
        0.8371634219807726,
        0.833840407568734,
        0.8436763630255063,
        0.8476903875125521,
        0.847228437232752,
        0.8642187330846924,
        0.8681969043977042,
        0.8709889797236436
    ],
    "val_loss": [
        0.34675657376646996,
        0.4119346837202708,
        0.44519832730293274,
        0.41488245377937955,
        0.3811055012047291,
        0.38659091336497414,
        0.3772096099952857,
        0.3976626458267371,
        0.3688052160044511,
        0.38581791644295055,
        0.4968120918298761,
        0.3739656414836645,
        0.5390522840122381,
        0.5094794423008958,
        0.4769981602827708,
        0.4985335562378168,
        0.7049963908890883,
        0.5965836849063635,
        0.4978452331076066,
        0.5549510225343207,
        0.5951674928267797
    ],
    "val_acc": [
        0.9245810055865922,
        0.8798882681564246,
        0.8603351955307262,
        0.9106145251396648,
        0.9245810055865922,
        0.9413407821229051,
        0.9413407821229051,
        0.9329608938547486,
        0.9385474860335196,
        0.9329608938547486,
        0.9357541899441341,
        0.9301675977653632,
        0.9385474860335196,
        0.9413407821229051,
        0.9413407821229051,
        0.9413407821229051,
        0.9385474860335196,
        0.9497206703910615,
        0.9441340782122905,
        0.9413407821229051,
        0.9497206703910615
    ],
    "val_f1": [
        0.7216494845360825,
        0.6386554621848739,
        0.6031746031746031,
        0.6981132075471698,
        0.7096774193548387,
        0.7692307692307693,
        0.7692307692307693,
        0.7333333333333333,
        0.7555555555555555,
        0.7333333333333333,
        0.7160493827160493,
        0.7311827956989247,
        0.7441860465116279,
        0.7529411764705882,
        0.7529411764705882,
        0.7529411764705882,
        0.7380952380952381,
        0.7692307692307693,
        0.7674418604651163,
        0.7407407407407407,
        0.7692307692307693
    ],
    "val_mcc": [
        0.6978845611512529,
        0.630277749710344,
        0.596206023480354,
        0.6827225898725499,
        0.6793106930737663,
        0.746417793583961,
        0.746417793583961,
        0.7039643045487565,
        0.7296151158493626,
        0.7039643045487565,
        0.6804783579634585,
        0.7043614994314515,
        0.7135981529707064,
        0.7230747153047493,
        0.7230747153047493,
        0.7230747153047493,
        0.705797763973695,
        0.7410176030865686,
        0.7401458136548499,
        0.7083387481911481,
        0.7410176030865686
    ]
}