{
    "train_loss": [
        1.088094535138872,
        0.5008872416284349,
        0.3939628352721532,
        0.36035000483194984,
        0.38327324837446214,
        0.36866401036580404,
        0.36617762909995183,
        0.36075801634126237,
        0.3264827615684933,
        0.3260926157236099,
        0.3209996882412169,
        0.28059088935454685,
        0.29494190431303446,
        0.2719959846801228,
        0.2682448915309376,
        0.25364585278762714,
        0.2564834768987364,
        0.22748603746294976,
        0.19747628714475368,
        0.19154817267424532,
        0.18320928768565256,
        0.15753856566217211,
        0.16903585845397578,
        0.1528415901793374,
        0.13830795935872528,
        0.13768407102260324,
        0.13521033090849718
    ],
    "train_acc": [
        0.8986013986013986,
        0.8909090909090909,
        0.9195804195804196,
        0.9146853146853147,
        0.9181818181818182,
        0.916083916083916,
        0.916083916083916,
        0.9279720279720279,
        0.9300699300699301,
        0.9258741258741259,
        0.9293706293706294,
        0.9377622377622378,
        0.9398601398601398,
        0.9447552447552447,
        0.9384615384615385,
        0.9482517482517483,
        0.951048951048951,
        0.9503496503496504,
        0.958041958041958,
        0.9615384615384616,
        0.9629370629370629,
        0.9692307692307692,
        0.9678321678321679,
        0.9699300699300699,
        0.9727272727272728,
        0.9692307692307692,
        0.9699300699300699
    ],
    "train_f1": [
        0.35555555555555557,
        0.6454545454545455,
        0.7103274559193955,
        0.695,
        0.7082294264339152,
        0.7,
        0.7058823529411765,
        0.7365728900255755,
        0.7435897435897436,
        0.7268041237113402,
        0.7403598971722365,
        0.7639257294429708,
        0.7712765957446809,
        0.7859078590785907,
        0.7671957671957672,
        0.8,
        0.8066298342541437,
        0.8086253369272237,
        0.8342541436464088,
        0.8450704225352113,
        0.8481375358166189,
        0.8735632183908046,
        0.8670520231213873,
        0.8760806916426513,
        0.8856304985337243,
        0.8735632183908046,
        0.8746355685131195
    ],
    "train_mcc": [
        0.3379172193531467,
        0.6256576851329826,
        0.6885328471039797,
        0.6712887688695343,
        0.6874408135687581,
        0.6772587489030144,
        0.6871937364428384,
        0.7175967268105864,
        0.7255490258164652,
        0.7050036755168124,
        0.7213722039366992,
        0.7450039083467785,
        0.7532762838813333,
        0.7680750726363863,
        0.7491676733963681,
        0.7848010357098691,
        0.7899596661170035,
        0.7951872356420977,
        0.8219255486418999,
        0.8322380608690132,
        0.8340902637767759,
        0.8629575138494957,
        0.8549719934947859,
        0.8655675289685806,
        0.8749559397184287,
        0.8629575138494957,
        0.8628898425675289
    ],
    "val_loss": [
        1.17061643799146,
        0.34329070647557575,
        0.2515721432864666,
        0.2419998658200105,
        0.3481624685227871,
        0.25297828453282517,
        0.2975261630490422,
        0.26982714980840683,
        0.2290639610340198,
        0.2991540841758251,
        0.21296953099469343,
        0.2670596955964963,
        0.27197207417339087,
        0.22966890331978598,
        0.21303282026201487,
        0.25982052615533274,
        0.2697060336358845,
        0.2580469095458587,
        0.39076111613151926,
        0.4702512702594201,
        0.45137038663960993,
        0.542532506554077,
        0.34595640915601206,
        0.49152067086348933,
        0.5729274457941452,
        0.6777544359210879,
        0.5946314117560784
    ],
    "val_acc": [
        0.9078212290502793,
        0.9441340782122905,
        0.9189944134078212,
        0.9441340782122905,
        0.8798882681564246,
        0.9301675977653632,
        0.9608938547486033,
        0.9357541899441341,
        0.9497206703910615,
        0.9189944134078212,
        0.9441340782122905,
        0.9581005586592178,
        0.9553072625698324,
        0.9497206703910615,
        0.9385474860335196,
        0.9357541899441341,
        0.9413407821229051,
        0.9385474860335196,
        0.9441340782122905,
        0.9497206703910615,
        0.9413407821229051,
        0.952513966480447,
        0.9357541899441341,
        0.9497206703910615,
        0.952513966480447,
        0.952513966480447,
        0.9497206703910615
    ],
    "val_f1": [
        0.26666666666666666,
        0.7872340425531915,
        0.7238095238095238,
        0.782608695652174,
        0.6446280991735537,
        0.7572815533980582,
        0.8157894736842105,
        0.7722772277227723,
        0.8,
        0.7289719626168224,
        0.7916666666666666,
        0.8192771084337349,
        0.813953488372093,
        0.8,
        0.78,
        0.7628865979381443,
        0.7640449438202247,
        0.7555555555555555,
        0.7619047619047619,
        0.7857142857142857,
        0.7529411764705882,
        0.7848101265822784,
        0.7415730337078652,
        0.7857142857142857,
        0.7848101265822784,
        0.7792207792207793,
        0.7692307692307693
    ],
    "val_mcc": [
        0.3733939969028385,
        0.7709599159218722,
        0.7123353121795956,
        0.7630480687838538,
        0.6414821510402444,
        0.7494119952055703,
        0.7942756613221269,
        0.7639887663240009,
        0.7809167384505747,
        0.7220736626768427,
        0.7789903947121438,
        0.797529520213558,
        0.7932411350231369,
        0.7809167384505747,
        0.7715254723925798,
        0.7465488916717337,
        0.7384955303758126,
        0.7296151158493626,
        0.7328421393887204,
        0.7598865148037459,
        0.7230747153047493,
        0.7582040805325089,
        0.7126315703019972,
        0.7598865148037459,
        0.7582040805325089,
        0.7527014348850762,
        0.7410176030865686
    ]
}