{
    "train_loss": [
        1.0880890528361002,
        0.5012380666202969,
        0.39348927570713893,
        0.3609266257948346,
        0.38188877718316183,
        0.3678333977858225,
        0.36515379233492745,
        0.35907302912738587,
        0.3251984554860327,
        0.32446187287569045,
        0.3199346308906873,
        0.28221305198967456,
        0.2934608939621184,
        0.2742180880573061,
        0.28001012123293345,
        0.26412147647804685,
        0.2655556987143225,
        0.2365471268693606,
        0.19866483004556762,
        0.1897334234168132,
        0.18085061547656853,
        0.1631957329602705
    ],
    "train_acc": [
        0.8986013986013986,
        0.8902097902097902,
        0.9202797202797203,
        0.9146853146853147,
        0.9188811188811189,
        0.9195804195804196,
        0.9153846153846154,
        0.9272727272727272,
        0.9307692307692308,
        0.9265734265734266,
        0.9286713286713286,
        0.9356643356643357,
        0.9405594405594405,
        0.9412587412587412,
        0.9356643356643357,
        0.941958041958042,
        0.9440559440559441,
        0.9398601398601398,
        0.9587412587412587,
        0.9615384615384616,
        0.9629370629370629,
        0.9664335664335665
    ],
    "train_f1": [
        0.35555555555555557,
        0.6439909297052154,
        0.7135678391959799,
        0.695,
        0.71,
        0.7103274559193955,
        0.7027027027027027,
        0.7319587628865979,
        0.7455012853470437,
        0.7300771208226221,
        0.7384615384615385,
        0.7566137566137566,
        0.7745358090185677,
        0.7754010695187166,
        0.7591623036649214,
        0.7821522309711286,
        0.786096256684492,
        0.7760416666666666,
        0.8365650969529086,
        0.84593837535014,
        0.8498583569405099,
        0.864406779661017
    ],
    "train_mcc": [
        0.3379172193531467,
        0.6242262762995245,
        0.6927442643147621,
        0.6712887688695343,
        0.6891987089699746,
        0.6885328471039797,
        0.6829995423184687,
        0.7110946960043153,
        0.727452735923905,
        0.7092111399622874,
        0.7194789067179276,
        0.7367671782960202,
        0.7574271558418039,
        0.757437051058626,
        0.7411023376744261,
        0.7677665397892162,
        0.7699295972137408,
        0.7616783949878535,
        0.8242758245152689,
        0.833840407568734,
        0.8371634219807726,
        0.8541895819695284
    ],
    "val_loss": [
        1.1702037478486698,
        0.3448352999985218,
        0.2527026521662871,
        0.2414769853154818,
        0.3406161641081174,
        0.2511796373873949,
        0.3120647413500895,
        0.27203693985939026,
        0.22991863265633583,
        0.30044858530163765,
        0.2147052384292086,
        0.259145918302238,
        0.26862317478905123,
        0.25844348159929115,
        0.24993548511217037,
        0.27513200665513676,
        0.26889749701755744,
        0.29047304310370237,
        0.3935909992239128,
        0.4710245410290857,
        0.454823344363831,
        0.487667565078785
    ],
    "val_acc": [
        0.9078212290502793,
        0.9441340782122905,
        0.9189944134078212,
        0.9413407821229051,
        0.8798882681564246,
        0.9301675977653632,
        0.9608938547486033,
        0.9357541899441341,
        0.9441340782122905,
        0.9217877094972067,
        0.9441340782122905,
        0.9553072625698324,
        0.9553072625698324,
        0.952513966480447,
        0.9189944134078212,
        0.9189944134078212,
        0.9413407821229051,
        0.9385474860335196,
        0.952513966480447,
        0.9441340782122905,
        0.946927374301676,
        0.9497206703910615
    ],
    "val_f1": [
        0.26666666666666666,
        0.7872340425531915,
        0.7238095238095238,
        0.7741935483870968,
        0.6446280991735537,
        0.7572815533980582,
        0.8157894736842105,
        0.7722772277227723,
        0.782608695652174,
        0.7358490566037735,
        0.7916666666666666,
        0.8095238095238095,
        0.813953488372093,
        0.8045977011494253,
        0.7289719626168224,
        0.7289719626168224,
        0.7640449438202247,
        0.7555555555555555,
        0.7951807228915663,
        0.7674418604651163,
        0.7710843373493976,
        0.7804878048780488
    ],
    "val_mcc": [
        0.3733939969028385,
        0.7709599159218722,
        0.7123353121795956,
        0.754463112146822,
        0.6414821510402444,
        0.7494119952055703,
        0.7942756613221269,
        0.7639887663240009,
        0.7630480687838538,
        0.7286954455434561,
        0.7789903947121438,
        0.7869308902187714,
        0.7932411350231369,
        0.7833333291957532,
        0.7220736626768427,
        0.7220736626768427,
        0.7384955303758126,
        0.7296151158493626,
        0.7702231345750297,
        0.7401458136548499,
        0.7429167489365012,
        0.7533161816196975
    ]
}