{
    "train_loss": [
        0.935939782195621,
        0.509443990720643,
        0.39476548863781824,
        0.3656847288211187,
        0.34685564877258407,
        0.39195456769731307,
        0.36751204662852816,
        0.3468853832946883,
        0.28359363393651116,
        0.29360024829705555,
        0.27476471132702296,
        0.2671329559551345,
        0.2929408620629046,
        0.2449866329630216,
        0.24949085124664835,
        0.25429255287680363,
        0.2620197941031721,
        0.2387630863322152,
        0.23990681908196873,
        0.22761151045560837,
        0.21046930158303845,
        0.21392127664552796,
        0.20408849087026384,
        0.19188535809516907,
        0.20663400598698192,
        0.21170617072946496,
        0.18716245508856244,
        0.18944280615283382,
        0.1880087612196803,
        0.1824831869867113,
        0.19001337881717417,
        0.1689796545646257,
        0.16862475901014276
    ],
    "train_acc": [
        0.8881118881118881,
        0.8923076923076924,
        0.9279720279720279,
        0.9335664335664335,
        0.920979020979021,
        0.9048951048951049,
        0.9188811188811189,
        0.9342657342657342,
        0.9363636363636364,
        0.9412587412587412,
        0.951048951048951,
        0.9461538461538461,
        0.9426573426573427,
        0.9545454545454546,
        0.9454545454545454,
        0.9545454545454546,
        0.9552447552447553,
        0.9496503496503497,
        0.9573426573426573,
        0.958041958041958,
        0.9601398601398602,
        0.9615384615384616,
        0.9629370629370629,
        0.9643356643356643,
        0.9601398601398602,
        0.9678321678321679,
        0.9678321678321679,
        0.9678321678321679,
        0.9678321678321679,
        0.9685314685314685,
        0.9692307692307692,
        0.9692307692307692,
        0.9692307692307692
    ],
    "train_f1": [
        0.4326241134751773,
        0.641860465116279,
        0.7365728900255755,
        0.7532467532467533,
        0.7196029776674938,
        0.6807511737089202,
        0.7156862745098039,
        0.7513227513227513,
        0.7672634271099744,
        0.776595744680851,
        0.8097826086956522,
        0.7924528301886793,
        0.7842105263157895,
        0.8199445983379502,
        0.7936507936507936,
        0.821917808219178,
        0.8241758241758241,
        0.8064516129032258,
        0.8328767123287671,
        0.8333333333333334,
        0.8429752066115702,
        0.84593837535014,
        0.8515406162464986,
        0.856338028169014,
        0.8429752066115702,
        0.8685714285714285,
        0.8693181818181818,
        0.867816091954023,
        0.8693181818181818,
        0.8717948717948718,
        0.8735632183908046,
        0.8742857142857143,
        0.8742857142857143
    ],
    "train_mcc": [
        0.3735065276289333,
        0.6175244267053602,
        0.7175967268105864,
        0.7351819107887975,
        0.701778149225917,
        0.6636571253893705,
        0.6989832693676248,
        0.7305669307458462,
        0.7539554129806278,
        0.7594993699667217,
        0.7955164299137626,
        0.7763420625070595,
        0.7698210636141433,
        0.8050576544762988,
        0.7801689111472379,
        0.8086145576297454,
        0.8109049542230354,
        0.7930002493622871,
        0.8213248496595397,
        0.8202232095755698,
        0.8323520269570902,
        0.833840407568734,
        0.8402990349266762,
        0.845209182689642,
        0.8323520269570902,
        0.8577945755802059,
        0.8592329576150693,
        0.8563740934072072,
        0.8592329576150693,
        0.8617819480374369,
        0.8629575138494957,
        0.8643494490302804,
        0.8643494490302804
    ],
    "val_loss": [
        0.7583916038274765,
        0.307269562035799,
        0.33580691119035083,
        0.33873647451400757,
        0.39328281705578166,
        0.3974958664427201,
        0.38923373570044834,
        0.4263599037658423,
        0.4937821999192238,
        0.4049813064436118,
        0.5511837676167488,
        0.38788921261827153,
        0.40289638796821237,
        0.3962863104728361,
        0.4538482765201479,
        0.49273919492649537,
        0.410890497888128,
        0.4265533375243346,
        0.4485793172692259,
        0.4365638196468353,
        0.5298209119743357,
        0.4312663340630631,
        0.42656754958443344,
        0.4856585568437974,
        0.500190680536131,
        0.44232193287461996,
        0.5151542810102304,
        0.44277074250082177,
        0.5110921633119384,
        0.9151381473056972,
        0.4856023744990428,
        0.548806180479005,
        0.4999759810355802
    ],
    "val_acc": [
        0.6899441340782123,
        0.9357541899441341,
        0.9273743016759777,
        0.9413407821229051,
        0.9441340782122905,
        0.9078212290502793,
        0.8491620111731844,
        0.9413407821229051,
        0.9497206703910615,
        0.9441340782122905,
        0.946927374301676,
        0.9357541899441341,
        0.9413407821229051,
        0.9385474860335196,
        0.9441340782122905,
        0.9497206703910615,
        0.9357541899441341,
        0.9497206703910615,
        0.9413407821229051,
        0.9497206703910615,
        0.9441340782122905,
        0.9497206703910615,
        0.9497206703910615,
        0.9441340782122905,
        0.9413407821229051,
        0.9497206703910615,
        0.9413407821229051,
        0.946927374301676,
        0.9441340782122905,
        0.946927374301676,
        0.946927374301676,
        0.9441340782122905,
        0.946927374301676
    ],
    "val_f1": [
        0.4126984126984127,
        0.7578947368421053,
        0.74,
        0.7789473684210526,
        0.7777777777777778,
        0.6915887850467289,
        0.578125,
        0.7692307692307693,
        0.7906976744186046,
        0.782608695652174,
        0.7654320987654321,
        0.7578947368421053,
        0.7741935483870968,
        0.7659574468085106,
        0.7777777777777778,
        0.7954545454545454,
        0.7578947368421053,
        0.8,
        0.7529411764705882,
        0.8,
        0.7674418604651163,
        0.8,
        0.8,
        0.7674418604651163,
        0.7529411764705882,
        0.8,
        0.7529411764705882,
        0.7816091954022989,
        0.7674418604651163,
        0.7816091954022989,
        0.7816091954022989,
        0.7674418604651163,
        0.7816091954022989
    ],
    "val_mcc": [
        0.4117399428817458,
        0.7379398615296436,
        0.7238338348001524,
        0.7626205855979932,
        0.7552659271499687,
        0.6763614838548604,
        0.5663931309304744,
        0.746417793583961,
        0.7666934743389934,
        0.7630480687838538,
        0.7361991384188377,
        0.7379398615296436,
        0.754463112146822,
        0.7460969621429306,
        0.7552659271499687,
        0.7737108658178543,
        0.7379398615296436,
        0.7809167384505747,
        0.7230747153047493,
        0.7809167384505747,
        0.7401458136548499,
        0.7809167384505747,
        0.7809167384505747,
        0.7401458136548499,
        0.7230747153047493,
        0.7809167384505747,
        0.7230747153047493,
        0.7570213258318875,
        0.7401458136548499,
        0.7570213258318875,
        0.7570213258318875,
        0.7401458136548499,
        0.7570213258318875
    ]
}