{
    "train_loss": [
        1.0461032030194304,
        0.8507978902306668,
        0.8019721639710803,
        0.8345685642819072,
        0.7905004294805749,
        0.7587478417296742,
        0.7322271514770596,
        0.7009582533392795,
        0.7616740534471911,
        0.7041438145692959,
        0.7010444728441017,
        0.7027239134145338,
        0.6566723342551741,
        0.6319636342137359,
        0.5996063615000525,
        0.6239349048498065,
        0.5980402473793474,
        0.571481699167296,
        0.5689421330773553,
        0.5481433213450188,
        0.5365631365498831,
        0.5149135898018993,
        0.5127356385075769,
        0.5057715939921003,
        0.4837475356667541,
        0.48125571081804674,
        0.4727790251720783
    ],
    "train_acc": [
        0.8343023255813954,
        0.8059593023255814,
        0.8299418604651163,
        0.8306686046511628,
        0.8393895348837209,
        0.8270348837209303,
        0.8386627906976745,
        0.8430232558139535,
        0.8372093023255814,
        0.8473837209302325,
        0.8343023255813954,
        0.8248546511627907,
        0.8343023255813954,
        0.8444767441860465,
        0.8321220930232558,
        0.7965116279069767,
        0.8313953488372093,
        0.8401162790697675,
        0.8335755813953488,
        0.8277616279069767,
        0.8168604651162791,
        0.8321220930232558,
        0.8357558139534884,
        0.8248546511627907,
        0.8510174418604651,
        0.8343023255813954,
        0.8321220930232558
    ],
    "train_f1": [
        0.3254437869822485,
        0.4472049689440994,
        0.4608294930875576,
        0.47165532879818595,
        0.47754137115839246,
        0.4870689655172414,
        0.48372093023255813,
        0.5068493150684932,
        0.48623853211009177,
        0.5047169811320755,
        0.49557522123893805,
        0.498960498960499,
        0.4977973568281938,
        0.5201793721973094,
        0.5136842105263157,
        0.46564885496183206,
        0.5126050420168067,
        0.5319148936170213,
        0.519916142557652,
        0.5133470225872689,
        0.5097276264591439,
        0.5295315682281059,
        0.5311203319502075,
        0.5283757338551859,
        0.5665961945031712,
        0.545816733067729,
        0.5425742574257426
    ],
    "train_mcc": [
        0.23625923789661984,
        0.39799770069718104,
        0.4041220298899346,
        0.41939920869129965,
        0.4226987137619244,
        0.44525417318078986,
        0.43202646010451795,
        0.463256446200039,
        0.4366575793782547,
        0.456834897107205,
        0.4528220832970815,
        0.4660726778002694,
        0.4562537478284344,
        0.4825573051406172,
        0.48353177595704877,
        0.4347895720746999,
        0.48244820645574665,
        0.5057308364735947,
        0.4924328785871832,
        0.4872261035539882,
        0.49216468557819093,
        0.5103200139055282,
        0.5090569896585304,
        0.5165637627780536,
        0.5523720458929661,
        0.5366406658334921,
        0.5334859152730184
    ],
    "val_loss": [
        0.8818837133320895,
        0.794390545649962,
        0.7975600307637994,
        0.8301156759262085,
        0.7743243087421764,
        0.7865016297860579,
        0.7796004333279349,
        0.8439644385467876,
        0.7911003557118502,
        0.7639800012111664,
        0.7621326094323938,
        0.8943075212565336,
        0.7816522744568911,
        0.8061573234471408,
        0.8752975111657922,
        0.7992668449878693,
        0.839352239261974,
        0.7755745974454012,
        0.7837843759493395,
        0.8379994441162456,
        0.9316277422688224,
        0.9064933549274098,
        1.0336372473023154,
        0.9664611708034169,
        1.0148134258660404,
        1.0436689203435725,
        1.027485048229044
    ],
    "val_acc": [
        0.8226744186046512,
        0.8488372093023255,
        0.8197674418604651,
        0.8430232558139535,
        0.7994186046511628,
        0.8343023255813954,
        0.8459302325581395,
        0.8866279069767442,
        0.877906976744186,
        0.8372093023255814,
        0.7994186046511628,
        0.8691860465116279,
        0.8168604651162791,
        0.8023255813953488,
        0.8023255813953488,
        0.8052325581395349,
        0.8052325581395349,
        0.7616279069767442,
        0.7703488372093024,
        0.7790697674418605,
        0.7848837209302325,
        0.7906976744186046,
        0.7848837209302325,
        0.7819767441860465,
        0.7965116279069767,
        0.7877906976744186,
        0.7848837209302325
    ],
    "val_f1": [
        0.48739495798319327,
        0.4583333333333333,
        0.44642857142857145,
        0.5,
        0.4566929133858268,
        0.49557522123893805,
        0.4854368932038835,
        0.5185185185185185,
        0.5333333333333333,
        0.5,
        0.4566929133858268,
        0.5454545454545454,
        0.47058823529411764,
        0.4603174603174603,
        0.45161290322580644,
        0.45528455284552843,
        0.45528455284552843,
        0.4225352112676056,
        0.44755244755244755,
        0.4492753623188406,
        0.4393939393939394,
        0.4626865671641791,
        0.463768115942029,
        0.4444444444444444,
        0.453125,
        0.45112781954887216,
        0.4393939393939394
    ],
    "val_mcc": [
        0.444382540760219,
        0.38964330823959653,
        0.3847858634540733,
        0.4489095928165412,
        0.41243182900807196,
        0.44837370126257203,
        0.4265552278875458,
        0.4570047251623834,
        0.47559935326359853,
        0.4529573675029323,
        0.41243182900807196,
        0.49628960555437884,
        0.4223618559400641,
        0.416232816571323,
        0.40240651388455634,
        0.40628481078889833,
        0.40628481078889833,
        0.38114032631387723,
        0.4185908078074182,
        0.41486931490642276,
        0.39415606636441997,
        0.4288664280038888,
        0.4354720353233146,
        0.40451540641923234,
        0.4086812803929601,
        0.4115559106895599,
        0.39415606636441997
    ]
}