{
    "train_loss": [
        1.0002387817515883,
        0.8651730716228485,
        0.8583676620971324,
        0.801879424688428,
        0.8030336991299031,
        0.778156177942143,
        0.7527769097062045,
        0.755649057238601,
        0.7204640729482784,
        0.7374082283918247,
        0.7016598873360212,
        0.7003095732178799,
        0.6837083808211393,
        0.7093500931595647,
        0.6422770023345947,
        0.6523728731066681,
        0.629592823427777,
        0.6145344972610474,
        0.605388117564279
    ],
    "train_acc": [
        0.8335755813953488,
        0.78125,
        0.8357558139534884,
        0.8626453488372093,
        0.8313953488372093,
        0.8183139534883721,
        0.8459302325581395,
        0.8590116279069767,
        0.8335755813953488,
        0.8175872093023255,
        0.8531976744186046,
        0.8372093023255814,
        0.8306686046511628,
        0.845203488372093,
        0.8343023255813954,
        0.8357558139534884,
        0.8321220930232558,
        0.8459302325581395,
        0.8502906976744186
    ],
    "train_f1": [
        0.3656509695290859,
        0.4266666666666667,
        0.43781094527363185,
        0.4735376044568245,
        0.46296296296296297,
        0.4769874476987448,
        0.48792270531400966,
        0.5125628140703518,
        0.4989059080962801,
        0.48459958932238195,
        0.5097087378640777,
        0.504424778761062,
        0.5031982942430704,
        0.5034965034965035,
        0.5189873417721519,
        0.5232067510548524,
        0.5157232704402516,
        0.5288888888888889,
        0.5318181818181819
    ],
    "train_mcc": [
        0.28133182967894327,
        0.3809371585825801,
        0.36997175315337955,
        0.4078700663153309,
        0.4063829264017373,
        0.43608237971720365,
        0.43362175048998136,
        0.4603385701738752,
        0.4585602892397106,
        0.4488880443314409,
        0.4600526560590469,
        0.4641925256744602,
        0.4678075678950473,
        0.4565979672507666,
        0.4901687661296518,
        0.4957180139036446,
        0.48690082835257326,
        0.4949704454789852,
        0.49549930707326145
    ],
    "val_loss": [
        0.8786679045720533,
        0.8448446663943204,
        0.7622502988035028,
        0.7716755596074191,
        0.804528230970556,
        0.7598484862934459,
        0.7572643052447926,
        0.7375944581898776,
        0.7651757895946503,
        0.7587888105349108,
        0.7681996524333954,
        0.7772964997725054,
        0.7918611764907837,
        0.781371146440506,
        0.8592628105120226,
        0.8012281439521096,
        0.8075824894688346,
        0.7942192920229652,
        0.8367486569014463
    ],
    "val_acc": [
        0.8197674418604651,
        0.8255813953488372,
        0.8691860465116279,
        0.8488372093023255,
        0.75,
        0.8197674418604651,
        0.8459302325581395,
        0.7994186046511628,
        0.8255813953488372,
        0.8401162790697675,
        0.8313953488372093,
        0.8226744186046512,
        0.7936046511627907,
        0.8052325581395349,
        0.8197674418604651,
        0.8168604651162791,
        0.8255813953488372,
        0.8168604651162791,
        0.8168604651162791
    ],
    "val_f1": [
        0.46551724137931033,
        0.4915254237288136,
        0.4827586206896552,
        0.5094339622641509,
        0.4342105263157895,
        0.4745762711864407,
        0.5046728971962616,
        0.4732824427480916,
        0.4827586206896552,
        0.48598130841121495,
        0.49122807017543857,
        0.48739495798319327,
        0.4580152671755725,
        0.4806201550387597,
        0.45614035087719296,
        0.4878048780487805,
        0.47368421052631576,
        0.496,
        0.47058823529411764
    ],
    "val_mcc": [
        0.4127545558899193,
        0.44864493060416016,
        0.4158808710818171,
        0.4587506134455872,
        0.4103345577354902,
        0.42653089476409267,
        0.45378568540252084,
        0.43982836289222355,
        0.43506210769292514,
        0.4304798813149623,
        0.4438648701877823,
        0.444382540760219,
        0.41877340090573245,
        0.44737569581131,
        0.39884363611890505,
        0.4496218572730475,
        0.4213542531533437,
        0.4630944809121423,
        0.4223618559400641
    ]
}