{
    "train_loss": [
        0.9884855837322944,
        0.8583324690197789,
        0.8108296602271324,
        0.8181923821915028,
        0.7379454305005628,
        0.7881732797899912,
        0.8063009152578753,
        0.7766477846822073,
        0.7934553318245466,
        0.7644083305846813,
        0.7447787426238837,
        0.753667717756227,
        0.695542360807574,
        0.7763869887174562,
        0.7403174583301988,
        0.7114028549471567,
        0.6617934364219045,
        0.6684251822704492,
        0.6486805039782857,
        0.6276848967685256,
        0.6234700315913488,
        0.6073328097199284,
        0.5603580661984378,
        0.543777932954389,
        0.5248430821784708,
        0.5393854594507883,
        0.5370933448159417,
        0.5234821054131485,
        0.5062787629837213,
        0.4642341022574624,
        0.47873368027598356,
        0.47369234697070234,
        0.46832404684188755,
        0.45871265093947566,
        0.44839848335399185,
        0.4424541246059329,
        0.43576553602551305
    ],
    "train_acc": [
        0.8561046511627907,
        0.8197674418604651,
        0.8430232558139535,
        0.8531976744186046,
        0.8517441860465116,
        0.8132267441860465,
        0.8459302325581395,
        0.8335755813953488,
        0.8313953488372093,
        0.8481104651162791,
        0.8619186046511628,
        0.8364825581395349,
        0.8299418604651163,
        0.813953488372093,
        0.8713662790697675,
        0.8502906976744186,
        0.8386627906976745,
        0.8430232558139535,
        0.8626453488372093,
        0.8648255813953488,
        0.8677325581395349,
        0.8553779069767442,
        0.873546511627907,
        0.873546511627907,
        0.875,
        0.877906976744186,
        0.8851744186046512,
        0.8822674418604651,
        0.8873546511627907,
        0.8938953488372093,
        0.8938953488372093,
        0.9026162790697675,
        0.8938953488372093,
        0.9040697674418605,
        0.904796511627907,
        0.9069767441860465,
        0.904796511627907
    ],
    "train_f1": [
        0.41420118343195267,
        0.46320346320346323,
        0.45454545454545453,
        0.5,
        0.4925373134328358,
        0.4722792607802875,
        0.4976303317535545,
        0.48072562358276644,
        0.4703196347031963,
        0.508235294117647,
        0.5343137254901961,
        0.4897959183673469,
        0.4890829694323144,
        0.4775510204081633,
        0.5329815303430079,
        0.5095238095238095,
        0.5256410256410257,
        0.5113122171945701,
        0.5445783132530121,
        0.5613207547169812,
        0.5625,
        0.5507900677200903,
        0.583732057416268,
        0.5972222222222222,
        0.5904761904761905,
        0.6,
        0.6273584905660378,
        0.6179245283018868,
        0.6191646191646192,
        0.6456310679611651,
        0.6403940886699507,
        0.6666666666666666,
        0.6439024390243903,
        0.6666666666666666,
        0.6781326781326781,
        0.6717948717948717,
        0.6733167082294265
    ],
    "train_mcc": [
        0.3385003673690223,
        0.4136921743520692,
        0.38950122917317026,
        0.4463118235132727,
        0.4367779096465801,
        0.4324574475217778,
        0.44750202415143825,
        0.43091987688500777,
        0.41700265294854894,
        0.46148607806343533,
        0.48932073745824506,
        0.4424405450787159,
        0.44615480694522175,
        0.44039455145004985,
        0.48097833154827463,
        0.46180362006973685,
        0.49681999608222616,
        0.4700598911160467,
        0.503905525181829,
        0.5274798657899191,
        0.5263820369822506,
        0.520599264395232,
        0.5533507997020606,
        0.5753291606584954,
        0.5624259388814704,
        0.5742638587416744,
        0.6098989959197523,
        0.5981248344726332,
        0.5931540341582955,
        0.6276403148558413,
        0.6188083822471329,
        0.6493429530340366,
        0.6246996360265847,
        0.6469208076096258,
        0.6654965172216978,
        0.6507799895285274,
        0.6570428219343836
    ],
    "val_loss": [
        0.9652271487496116,
        0.7857147238471291,
        0.7807366468689658,
        0.7832841304215518,
        0.7830680419098247,
        0.7702669961885973,
        0.8140619613907554,
        0.7875557243824005,
        0.8322387012568387,
        0.7598154626109384,
        0.8698617003180764,
        0.8171105764128945,
        0.8258406953378157,
        0.8290640982714567,
        0.8451957296241414,
        0.8670171065763994,
        0.9100763066248461,
        0.9020352580330588,
        0.9361743547699668,
        1.062066454779018,
        0.9721502390774813,
        1.1059649234468287,
        1.0505126064473933,
        1.0598741390488364,
        1.1310492645610462,
        1.2424983978271484,
        1.2384685968810862,
        1.3203856470909985,
        1.2894334427335046,
        1.4023913741111755,
        1.3696695945479653,
        1.4131307276812466,
        1.735291600227356,
        1.531577018174258,
        1.651638689366254,
        1.7202448045665568,
        1.7578011046756397
    ],
    "val_acc": [
        0.8604651162790697,
        0.8430232558139535,
        0.8430232558139535,
        0.8691860465116279,
        0.8023255813953488,
        0.8284883720930233,
        0.8662790697674418,
        0.8546511627906976,
        0.8226744186046512,
        0.8430232558139535,
        0.7558139534883721,
        0.8197674418604651,
        0.7965116279069767,
        0.8691860465116279,
        0.8488372093023255,
        0.7906976744186046,
        0.8401162790697675,
        0.8343023255813954,
        0.8401162790697675,
        0.8488372093023255,
        0.7936046511627907,
        0.8662790697674418,
        0.8168604651162791,
        0.8430232558139535,
        0.8343023255813954,
        0.8197674418604651,
        0.7936046511627907,
        0.8488372093023255,
        0.8284883720930233,
        0.8372093023255814,
        0.8372093023255814,
        0.8255813953488372,
        0.8459302325581395,
        0.8343023255813954,
        0.8343023255813954,
        0.8343023255813954,
        0.8343023255813954
    ],
    "val_f1": [
        0.45454545454545453,
        0.4489795918367347,
        0.47058823529411764,
        0.4444444444444444,
        0.45161290322580644,
        0.4778761061946903,
        0.5,
        0.4897959183673469,
        0.45045045045045046,
        0.4807692307692308,
        0.43243243243243246,
        0.48333333333333334,
        0.46153846153846156,
        0.5054945054945055,
        0.46938775510204084,
        0.4461538461538462,
        0.48598130841121495,
        0.47706422018348627,
        0.48598130841121495,
        0.49019607843137253,
        0.4409448818897638,
        0.5208333333333334,
        0.46153846153846156,
        0.49056603773584906,
        0.4672897196261682,
        0.43636363636363634,
        0.4132231404958678,
        0.46938775510204084,
        0.4485981308411215,
        0.44,
        0.44,
        0.4230769230769231,
        0.4421052631578947,
        0.44660194174757284,
        0.42424242424242425,
        0.43564356435643564,
        0.4
    ],