{
    "train_loss": [
        1.0295932057291963,
        0.7793716559576434,
        0.8618533729120742,
        0.816790526689485,
        0.795343685288762,
        0.7831512370774912,
        0.7807316773159559,
        0.7228934272777202,
        0.7082093898640123,
        0.7189664397128793,
        0.687543848919314,
        0.6466916757960652,
        0.6365126607029937,
        0.6278262692828511,
        0.5790212712315626,
        0.5808782411176104,
        0.5732829799485761,
        0.5722977775473927,
        0.5679764615934949,
        0.5243918102147967,
        0.5042073875665665,
        0.502717193822528
    ],
    "train_acc": [
        0.8662790697674418,
        0.7965116279069767,
        0.8190406976744186,
        0.8234011627906976,
        0.845203488372093,
        0.8415697674418605,
        0.8270348837209303,
        0.840843023255814,
        0.8393895348837209,
        0.8299418604651163,
        0.8343023255813954,
        0.8292151162790697,
        0.8241279069767442,
        0.8306686046511628,
        0.842296511627907,
        0.842296511627907,
        0.8292151162790697,
        0.8248546511627907,
        0.8270348837209303,
        0.8444767441860465,
        0.8488372093023255,
        0.845203488372093
    ],
    "train_f1": [
        0.3698630136986301,
        0.44223107569721115,
        0.4779874213836478,
        0.47058823529411764,
        0.4988235294117647,
        0.4930232558139535,
        0.48484848484848486,
        0.48951048951048953,
        0.49658314350797267,
        0.47767857142857145,
        0.49333333333333335,
        0.5031712473572939,
        0.5020576131687243,
        0.5115303983228512,
        0.5450733752620545,
        0.5353319057815846,
        0.5194274028629857,
        0.5170340681362725,
        0.5220883534136547,
        0.5596707818930041,
        0.5517241379310345,
        0.5515789473684211
    ],
    "train_mcc": [
        0.29507885341420614,
        0.3962437543044713,
        0.4371123762410838,
        0.42249918297007866,
        0.44972760010966734,
        0.4437080134525331,
        0.4417980939462335,
        0.43905285416282713,
        0.45052397542185335,
        0.42879874529559275,
        0.4493824246301439,
        0.4690463206749428,
        0.47183519862610046,
        0.4813687781179633,
        0.5256251799948428,
        0.5091250445726326,
        0.49605858497080924,
        0.4965120178894383,
        0.5029626034024492,
        0.5485865582512974,
        0.5293866801562598,
        0.5334231084915182
    ],
    "val_loss": [
        0.76112485202876,
        0.7751467498865995,
        0.7943736748261885,
        0.8332446434281089,
        0.7835180000825361,
        0.784172310070558,
        0.7930926409634677,
        0.7358887087215077,
        0.7534328319809653,
        0.7806526314128529,
        0.7546475014903329,
        0.7680333256721497,
        0.7572116580876437,
        0.8024741302837025,
        0.8304229297421195,
        0.8131364340131934,
        0.8407797596671365,
        0.8335841839963739,
        0.8711146197535775,
        0.9478958276185122,
        0.9523900205438788,
        1.067125992341475
    ],
    "val_acc": [
        0.7965116279069767,
        0.8284883720930233,
        0.872093023255814,
        0.8488372093023255,
        0.7965116279069767,
        0.8459302325581395,
        0.8488372093023255,
        0.8197674418604651,
        0.8168604651162791,
        0.7819767441860465,
        0.8081395348837209,
        0.8052325581395349,
        0.7877906976744186,
        0.7819767441860465,
        0.8255813953488372,
        0.8023255813953488,
        0.8023255813953488,
        0.7936046511627907,
        0.7848837209302325,
        0.8197674418604651,
        0.8052325581395349,
        0.8052325581395349
    ],
    "val_f1": [
        0.4696969696969697,
        0.45871559633027525,
        0.4883720930232558,
        0.49019607843137253,
        0.46153846153846156,
        0.4854368932038835,
        0.5094339622641509,
        0.46551724137931033,
        0.47058823529411764,
        0.43609022556390975,
        0.46774193548387094,
        0.4462809917355372,
        0.43410852713178294,
        0.42748091603053434,
        0.4827586206896552,
        0.45161290322580644,
        0.45161290322580644,
        0.4409448818897638,
        0.4307692307692308,
        0.46551724137931033,
        0.4462809917355372,
        0.4462809917355372
    ],
    "val_mcc": [
        0.4361278004084876,
        0.3979909001417561,
        0.42227798073046485,
        0.43163085346213687,
        0.4224515663000967,
        0.4265552278875458,
        0.4587506134455872,
        0.4127545558899193,
        0.4223618559400641,
        0.3906375842597123,
        0.42399201844970325,
        0.39236666966372685,
        0.38378179524970224,
        0.3766634769327503,
        0.43506210769292514,
        0.40240651388455634,
        0.40240651388455634,
        0.3910841688848735,
        0.38020026849308025,
        0.4127545558899193,
        0.39236666966372685,
        0.39236666966372685
    ]
}