{
    "train_loss": [
        1.2064612105835315,
        1.1791546150695447,
        1.1556993639746378,
        0.8926974798357764,
        0.7982520343259324,
        0.7676015572492466,
        0.7063530330048051,
        0.6549335226070049,
        0.600269996496134,
        0.5444396567899127,
        0.49590861000293907,
        0.4753592104412789,
        0.44740313742049903,
        0.46281357620691144,
        0.4714712452056796,
        0.3856157268895659,
        0.38693558823230656,
        0.32031808472996537,
        0.3081261830967526,
        0.28543735590091973,
        0.2703703217381655,
        0.2784560700488645,
        0.2161007908194564
    ],
    "train_acc": [
        0.8647450110864745,
        0.868440502586844,
        0.8640059127864006,
        0.8588322246858833,
        0.8677014042867701,
        0.8588322246858833,
        0.8743532889874354,
        0.8832224685883222,
        0.8906134515890614,
        0.9039172209903917,
        0.9068736141906873,
        0.9172209903917221,
        0.9246119733924612,
        0.9150036954915004,
        0.8994826311899483,
        0.925351071692535,
        0.9297856614929786,
        0.9334811529933481,
        0.9460458240946046,
        0.950480413895048,
        0.9490022172949002,
        0.9571322985957132,
        0.9578713968957872
    ],
    "train_f1": [
        0.06153846153846154,
        0.05319148936170213,
        0.17117117117117117,
        0.5397590361445783,
        0.5903890160183066,
        0.5746102449888641,
        0.6255506607929515,
        0.6488888888888888,
        0.6696428571428571,
        0.7031963470319634,
        0.7110091743119266,
        0.7395348837209302,
        0.7605633802816901,
        0.7319347319347319,
        0.6977777777777778,
        0.7645687645687645,
        0.782608695652174,
        0.7935779816513762,
        0.8240963855421687,
        0.8369829683698297,
        0.8321167883211679,
        0.8564356435643564,
        0.8592592592592593
    ],
    "train_mcc": [
        0.08323003089515975,
        0.11171930307639721,
        0.16830367129669574,
        0.46379461009675155,
        0.526007210174557,
        0.5082736455636624,
        0.5715775892283619,
        0.5994102272157203,
        0.624382700013482,
        0.6629849780633246,
        0.671997482027246,
        0.7050667340777743,
        0.7294207023075344,
        0.6956761853647044,
        0.6593077846668178,
        0.7349882965787731,
        0.7590254887855269,
        0.7720117007291835,
        0.8027243799546133,
        0.8170616299253389,
        0.8112778718405773,
        0.8384617031053806,
        0.8420343167135044
    ],
    "val_loss": [
        1.2153770056637851,
        1.1688321070237593,
        1.1154910326004028,
        1.1043735634196887,
        0.8248732469298623,
        0.8414107154716145,
        1.2219912626526572,
        0.8273733881386843,
        0.7794917659326033,
        0.8453561853278767,
        0.8044118447737261,
        0.982619812542742,
        0.8637745895168998,
        0.9359391710974954,
        0.8647312386469408,
        0.9438043507662687,
        0.9504785591905768,
        0.9525386149233038,
        0.9998447055166418,
        1.0632855241948909,
        1.23739016326991,
        1.0723240768367595,
        1.2132458876479755
    ],
    "val_acc": [
        0.8613569321533924,
        0.8495575221238938,
        0.8466076696165191,
        0.6194690265486725,
        0.8230088495575221,
        0.8407079646017699,
        0.6253687315634219,
        0.8731563421828908,
        0.8525073746312685,
        0.8790560471976401,
        0.8820058997050148,
        0.8702064896755162,
        0.8702064896755162,
        0.7669616519174042,
        0.8200589970501475,
        0.8259587020648967,
        0.8584070796460177,
        0.8672566371681416,
        0.8731563421828908,
        0.8731563421828908,
        0.8908554572271387,
        0.8702064896755162,
        0.8613569321533924
    ],
    "val_f1": [
        0.0,
        0.0,
        0.16129032258064516,
        0.37073170731707317,
        0.5454545454545454,
        0.5263157894736842,
        0.3804878048780488,
        0.6194690265486725,
        0.5614035087719298,
        0.6019417475728155,
        0.6153846153846154,
        0.5925925925925926,
        0.6071428571428571,
        0.48366013071895425,
        0.5481481481481482,
        0.5354330708661418,
        0.5714285714285714,
        0.5794392523364486,
        0.5981308411214953,
        0.5904761904761905,
        0.5747126436781609,
        0.5849056603773585,
        0.5688073394495413
    ],
    "val_mcc": [
        -0.030139263752188963,
        -0.0525153301495577,
        0.10928250209829435,
        0.2919004741757083,
        0.48670109220311397,
        0.45001378415394677,
        0.30931586677436457,
        0.5639107015233252,
        0.4931998203402703,
        0.5379290954604867,
        0.5541891403374317,
        0.5283119143459583,
        0.5481239958001098,
        0.42289548006634187,
        0.49324225401716404,
        0.4692896945723433,
        0.5044595534134956,
        0.5120889322522303,
        0.5345786521684767,
        0.5247322707642792,
        0.512593373217705,
        0.5183442546484451,
        0.49995550977077413
    ]
}