{
    "train_loss": [
        1.2026251942612405,
        1.1303726698077001,
        0.8207826524279839,
        0.7848683006541674,
        0.7332807079304097,
        0.7352060897405758,
        0.6052727761656739,
        0.5148402838859447,
        0.49742090840672337,
        0.4438988063917604,
        0.36684977072615954,
        0.34120633574419246,
        0.4269298353167467,
        0.33621401417740554,
        0.28366538001830843,
        0.23710851748149062,
        0.267073328758395,
        0.22951756790280342,
        0.18299493778410347,
        0.19939375077482574,
        0.18967483554381964,
        0.1628904194506102,
        0.13598281643245108,
        0.13332988804769377,
        0.11598144177087517,
        0.14994046454816018,
        0.13584973273235698,
        0.11228443550075902,
        0.1000432409129517,
        0.10650234937472919,
        0.1004576105516144,
        0.12761919648754735,
        0.09774359095256863,
        0.104764383849363,
        0.0967541508008401,
        0.08958775621194523,
        0.09319330684212578,
        0.09200061272916406,
        0.08979644868956056,
        0.09016140842766956,
        0.08996127835924325,
        0.08813179235602188
    ],
    "train_acc": [
        0.8669623059866962,
        0.8507021433850702,
        0.8388765705838876,
        0.8181818181818182,
        0.8507021433850702,
        0.8514412416851441,
        0.8891352549889135,
        0.8994826311899483,
        0.9046563192904656,
        0.9061345158906134,
        0.9246119733924612,
        0.9349593495934959,
        0.9105691056910569,
        0.9246119733924612,
        0.9453067257945307,
        0.9563932002956393,
        0.9460458240946046,
        0.9534368070953437,
        0.9630450849963045,
        0.9600886917960089,
        0.9586104951958611,
        0.9689578713968958,
        0.9741315594974131,
        0.9778270509977827,
        0.9785661492978566,
        0.9763488543976349,
        0.9793052475979305,
        0.9822616407982262,
        0.9830007390983001,
        0.9822616407982262,
        0.9815225424981523,
        0.9844789356984479,
        0.9852180339985218,
        0.9822616407982262,
        0.9866962305986696,
        0.9852180339985218,
        0.9874353288987435,
        0.9866962305986696,
        0.9874353288987435,
        0.9866962305986696,
        0.9866962305986696,
        0.9889135254988913
    ],
    "train_f1": [
        0.0,
        0.2047244094488189,
        0.540084388185654,
        0.5287356321839081,
        0.5570175438596491,
        0.5872689938398358,
        0.6666666666666666,
        0.6964285714285714,
        0.7114093959731543,
        0.7171492204899778,
        0.7638888888888888,
        0.7934272300469484,
        0.734065934065934,
        0.7681818181818182,
        0.8229665071770335,
        0.8557457212713936,
        0.8232445520581114,
        0.847457627118644,
        0.8743718592964824,
        0.8663366336633663,
        0.8606965174129353,
        0.8944723618090452,
        0.9104859335038363,
        0.921875,
        0.9246753246753247,
        0.9175257731958762,
        0.9270833333333334,
        0.9368421052631579,
        0.9396325459317585,
        0.9368421052631579,
        0.9347258485639687,
        0.944,
        0.9468085106382979,
        0.93717277486911,
        0.9518716577540107,
        0.9470899470899471,
        0.9544235924932976,
        0.9521276595744681,
        0.954177897574124,
        0.9518716577540107,
        0.9521276595744681,
        0.9597855227882037
    ],
    "train_mcc": [
        0.0,
        0.15462297710735587,
        0.4690603686881012,
        0.46320244704813057,
        0.48758392091130126,
        0.5308202203737491,
        0.6211911571979376,
        0.6571455386063941,
        0.6752037912768233,
        0.6827641247086176,
        0.7349539690877984,
        0.7689181664971829,
        0.7052825488677009,
        0.7424171727125792,
        0.8021561237466468,
        0.8388470260764492,
        0.8012117211829172,
        0.8300318269616296,
        0.8583170141802702,
        0.8501720983518241,
        0.8430486240810304,
        0.8819950869940024,
        0.8993402642603869,
        0.9114315705745737,
        0.9148639285677527,
        0.9070233509128747,
        0.9175134448747961,
        0.928297403909899,
        0.9316921810884315,
        0.928297403909899,
        0.9262755074798166,
        0.9360168691046012,
        0.93939005605966,
        0.928974384522345,
        0.9450570659177553,
        0.9399614565717112,
        0.9479216461331703,
        0.945573320534439,
        0.9474641181376193,
        0.9450570659177553,
        0.945573320534439,
        0.9541447190378555
    ],
    "val_loss": [
        1.1833839416503906,
        1.0580600662664934,
        0.9284012859517877,
        1.3318082906983115,
        1.0670193894342943,
        1.012319177389145,
        1.050030995499004,
        1.3521194512193853,
        1.1825585527853533,
        1.4014981497417798,
        1.346931439909068,
        1.6058597402139143,
        1.3113172867081382,
        1.4357352202588862,
        2.0742191699418155,
        2.2414786747910758,
        2.0708677267486397,
        2.3302278952165083,
        2.5625772042707964,
        1.9134153832088818,
        2.722591058774428,
        2.619119617072019,
        3.0158568173646927,
        2.6737022139132023,
        2.866678118959747,
        2.8914285627278415,
        3.2264613725922326,
        3.100817114199427,
        2.856753398071636,
        2.8980547853491525,
        3.306814483620904,
        3.0152443525466053,
        2.664284185929732,
        3.046907369386066,
        3.172200766476718,
        3.243606234138662,
        3.193914586508816,
        3.266806685789065,
        3.5849385153163564,
        3.58700071004304,
        3.2769193324175747,
        3.442671526562084
    ],
    "val_acc": [
        0.8643067846607669,
        0.6135693215339233,
        0.7492625368731564,
        0.8731563421828908,
        0.8584070796460177,
        0.8731563421828908,
        0.7109144542772862,
        0.6371681415929203,
        0.8112094395280236,
        0.8466076696165191,
        0.8584070796460177,
        0.8023598820058997,
        0.8171091445427728,
        0.8171091445427728,
        0.8938053097345132,
        0.8938053097345132,
        0.8820058997050148,
        0.8908554572271387,
        0.8849557522123894,
        0.8643067846607669,
        0.8820058997050148,
        0.8908554572271387,
        0.9085545722713865,
        0.8849557522123894,
        0.8908554572271387,
        0.8967551622418879,
        0.911504424778761,
        0.8997050147492626,
        0.887905604719764,
        0.8967551622418879,
        0.9056047197640118,
        0.8997050147492626,
        0.8702064896755162,
        0.8967551622418879,
        0.8997050147492626,
        0.8997050147492626,
        0.8967551622418879,
        0.8997050147492626,
        0.8997050147492626,
        0.8997050147492626,
        0.8997050147492626,
        0.8997050147492626
    ],