{
    "train_loss": [
        1.203532492005548,
        1.1676576955373896,
        1.1580358009005702,
        0.9722345720889957,
        0.9764941702055376,
        0.823450283255688,
        0.8148711192053418,
        0.7804651114829751,
        0.6869436717310617,
        0.6396424337181934,
        0.6037829067817954,
        0.5511222412419874,
        0.6091059640396473,
        0.5458021995633148,
        0.4918148912662684,
        0.4542141175547311,
        0.5434879837341087,
        0.4447575679352117,
        0.43486683330563614,
        0.4128509179450745,
        0.37733474217875057,
        0.3361179303637771,
        0.3009328350078228,
        0.34119118672124177,
        0.2936010872728603,
        0.34446404510459233,
        0.3138850468189217,
        0.2598400408791941,
        0.24736610748047053,
        0.22464028087466262
    ],
    "train_acc": [
        0.8654841093865484,
        0.8455284552845529,
        0.8381374722838137,
        0.7827050997782705,
        0.753880266075388,
        0.8381374722838137,
        0.8211382113821138,
        0.8130081300813008,
        0.8787878787878788,
        0.8832224685883222,
        0.8839615668883961,
        0.8972653362897265,
        0.8906134515890614,
        0.8876570583887657,
        0.9053954175905395,
        0.9090909090909091,
        0.8861788617886179,
        0.893569844789357,
        0.9105691056910569,
        0.9061345158906134,
        0.9142645971914265,
        0.9305247597930525,
        0.9312638580931264,
        0.9364375461936437,
        0.9356984478935698,
        0.9401330376940134,
        0.9305247597930525,
        0.9453067257945307,
        0.9453067257945307,
        0.9578713968957872
    ],
    "train_f1": [
        0.010869565217391304,
        0.1606425702811245,
        0.21505376344086022,
        0.43243243243243246,
        0.418848167539267,
        0.5446985446985447,
        0.5328185328185329,
        0.5288640595903166,
        0.6355555555555555,
        0.6342592592592593,
        0.6564551422319475,
        0.6862302483069977,
        0.6696428571428571,
        0.6738197424892703,
        0.7077625570776256,
        0.7185354691075515,
        0.6751054852320675,
        0.6974789915966386,
        0.7293064876957495,
        0.7221006564551422,
        0.7444933920704846,
        0.7793427230046949,
        0.7862068965517242,
        0.7981220657276995,
        0.7943262411347518,
        0.8076009501187649,
        0.780373831775701,
        0.8229665071770335,
        0.8238095238095238,
        0.858560794044665
    ],
    "train_mcc": [
        0.018753506395462468,
        0.10704065572070955,
        0.14064082537181696,
        0.3369857246709431,
        0.3246184032009167,
        0.47593881142231825,
        0.46769142087005267,
        0.46666587433188683,
        0.5830745297290574,
        0.5784315182632649,
        0.6102608986795014,
        0.6434998154090996,
        0.624382700013482,
        0.6340393478244658,
        0.6685247977006789,
        0.681352729248537,
        0.6379258456614267,
        0.6665525403297967,
        0.6970764706114025,
        0.691162622754885,
        0.7177920403865855,
        0.7519906818444764,
        0.762782571812047,
        0.7745606613814184,
        0.7691970818018615,
        0.7845764760528903,
        0.7537579663736224,
        0.8021561237466468,
        0.8037054929265508,
        0.8407480063183413
    ],
    "val_loss": [
        1.201098452914845,
        1.1932054649699817,
        1.095745411786166,
        0.9259459186684001,
        0.9902179728854786,
        0.9162274328145114,
        0.8712605915286324,
        0.8253164237195795,
        0.8329556218602441,
        0.8338092836466703,
        0.8688995567235079,
        0.8022344816814769,
        0.9758421751585874,
        0.7232583639296618,
        0.9376784522425045,
        1.0100530602715232,
        0.9297489144585349,
        1.1154938638210297,
        1.0372443090785632,
        1.1622885790738193,
        1.189677363092249,
        1.240339371291074,
        1.2930254651741548,
        1.4402917190031572,
        1.592740910974416,
        1.2349880811843006,
        1.1460832167755475,
        1.4729139520363375,
        1.475174368782477,
        1.4395790161056952
    ],
    "val_acc": [
        0.8643067846607669,
        0.8584070796460177,
        0.8289085545722714,
        0.7433628318584071,
        0.6873156342182891,
        0.8141592920353983,
        0.8613569321533924,
        0.8230088495575221,
        0.8289085545722714,
        0.8820058997050148,
        0.8259587020648967,
        0.7728613569321534,
        0.7935103244837758,
        0.8731563421828908,
        0.9085545722713865,
        0.8466076696165191,
        0.7581120943952803,
        0.8908554572271387,
        0.8230088495575221,
        0.831858407079646,
        0.8466076696165191,
        0.8702064896755162,
        0.887905604719764,
        0.8761061946902655,
        0.887905604719764,
        0.8643067846607669,
        0.8849557522123894,
        0.8820058997050148,
        0.8849557522123894,
        0.8849557522123894
    ],
    "val_f1": [
        0.0,
        0.0,
        0.30952380952380953,
        0.45962732919254656,
        0.4175824175824176,
        0.496,
        0.47191011235955055,
        0.5238095238095238,
        0.532258064516129,
        0.574468085106383,
        0.549618320610687,
        0.49673202614379086,
        0.5070422535211268,
        0.6055045871559633,
        0.651685393258427,
        0.5806451612903226,
        0.47435897435897434,
        0.5934065934065934,
        0.5238095238095238,
        0.5365853658536586,
        0.5517241379310345,
        0.5849056603773585,
        0.62,
        0.5714285714285714,
        0.6041666666666666,
        0.5892857142857143,
        0.6213592233009708,
        0.5833333333333334,
        0.5979381443298969,
        0.6138613861386139
    ],
    "val_mcc": [
        -0.021280128275864927,
        -0.036967797821911834,
        0.2131575239290384,
        0.39584729896158355,
        0.3510423052847818,
        0.41729232305768926,
        0.3921582441118538,
        0.45358036228274345,
        0.46297572449459534,
        0.5067372715682311,
        0.491206480486881,
        0.44155506196696526,
        0.44482295643123654,
        0.5443872617205165,
        0.5991115731702985,
        0.5246694236312572,
        0.4124991486041597,
        0.5304257433534969,
        0.45358036228274345,
        0.46778260008126377,
        0.48234215553092985,
        0.5183442546484451,
        0.5588707632382696,
        0.501863304625721,
        0.5406044742464924,
        0.5262917746068028,
        0.5610153042668046,
        0.5162858812569009,
        0.5331105226322442,
        0.551728308697166
    ]
}