{
    "train_loss": [
        1.113208837452389,
        0.7891723634231658,
        0.8694686868361065,
        0.717502216498057,
        0.5934321319773084,
        0.606446311587379,
        0.5991309405792327,
        0.5512951910495758,
        0.5108886318547385,
        0.5312232619949749,
        0.5035988007272992,
        0.46698292522203355,
        0.45787924244290307,
        0.44124873550165267,
        0.4326002225279808,
        0.4091422254485743,
        0.40195743030025843,
        0.4091977746713729,
        0.38014322199991774
    ],
    "train_acc": [
        0.8851351351351351,
        0.8641141141141141,
        0.8716216216216216,
        0.8611111111111112,
        0.8671171171171171,
        0.8521021021021021,
        0.8536036036036037,
        0.8566066066066066,
        0.8521021021021021,
        0.8453453453453453,
        0.8618618618618619,
        0.8641141141141141,
        0.8671171171171171,
        0.8753753753753754,
        0.8783783783783784,
        0.8783783783783784,
        0.8866366366366366,
        0.8911411411411412,
        0.8866366366366366
    ],
    "train_f1": [
        0.37037037037037035,
        0.5249343832020997,
        0.5581395348837209,
        0.5542168674698795,
        0.5714285714285714,
        0.5631929046563193,
        0.5695364238410596,
        0.5802197802197803,
        0.5781584582441114,
        0.5690376569037657,
        0.5929203539823009,
        0.5986696230598669,
        0.609271523178808,
        0.6244343891402715,
        0.6284403669724771,
        0.6301369863013698,
        0.6447058823529411,
        0.6555819477434679,
        0.6528735632183909
    ],
    "train_mcc": [
        0.3178474243245876,
        0.4680544294522562,
        0.5092956866820081,
        0.5118999138723628,
        0.5326552643468236,
        0.5351587363722395,
        0.544094512070024,
        0.5586926856809756,
        0.5608600953347259,
        0.5533725963702762,
        0.573907494119281,
        0.580913919506718,
        0.5954511803431406,
        0.6101558999094862,
        0.6126647281051351,
        0.6156850586219704,
        0.6284750018663882,
        0.6403706034290472,
        0.6432203002107193
    ],
    "val_loss": [
        0.9771315997297113,
        0.7457130063663829,
        0.8794388987801292,
        0.7264253835786473,
        0.8115246323021975,
        0.7713257751681588,
        1.034341045401313,
        0.8586537946354259,
        0.871241954239932,
        0.9635708142410625,
        1.0731959342956543,
        1.0267013067548925,
        1.1908933845433323,
        1.390208368951624,
        1.257348133759065,
        1.5612537400289015,
        1.6941391134803945,
        1.4466646503318439,
        1.6059559746222063
    ],
    "val_acc": [
        0.8438438438438438,
        0.8438438438438438,
        0.8558558558558559,
        0.8588588588588588,
        0.8228228228228228,
        0.8288288288288288,
        0.8438438438438438,
        0.7867867867867868,
        0.8078078078078078,
        0.8138138138138138,
        0.7957957957957958,
        0.7867867867867868,
        0.8228228228228228,
        0.8138138138138138,
        0.8168168168168168,
        0.8228228228228228,
        0.8228228228228228,
        0.8168168168168168,
        0.8198198198198198
    ],
    "val_f1": [
        0.5,
        0.5094339622641509,
        0.5294117647058824,
        0.5346534653465347,
        0.46846846846846846,
        0.47706422018348627,
        0.48,
        0.4409448818897638,
        0.4482758620689655,
        0.44642857142857145,
        0.43333333333333335,
        0.42276422764227645,
        0.4485981308411215,
        0.42592592592592593,
        0.42990654205607476,
        0.4380952380952381,
        0.4380952380952381,
        0.42990654205607476,
        0.4339622641509434
    ],
    "val_mcc": [
        0.44738841277775787,
        0.4612273268641358,
        0.4819175863179059,
        0.4873415019819042,
        0.4142194991043499,
        0.42329168074043955,
        0.41924122923573404,
        0.39414310021609794,
        0.39277406945607074,
        0.3867508499144108,
        0.37674548039412226,
        0.36530383009610634,
        0.38545186647571816,
        0.35746615369006157,
        0.3618397488273712,
        0.37081250392900034,
        0.37081250392900034,
        0.3618397488273712,
        0.3662876267585835
    ]
}