{
    "train_loss": [
        1.1238985019070762,
        0.7316015799130712,
        0.6573088804171199,
        0.6448105123071444,
        0.6251782590434665,
        0.5958463762487684,
        0.6056772058918363,
        0.636487718139376,
        0.5687132665798778,
        0.5418528946382659,
        0.5109914910225641,
        0.4821661018899509,
        0.4470681338792756,
        0.48659820047517616,
        0.46511557627291905,
        0.43002789183741524,
        0.4387678848136039,
        0.39020333793901263,
        0.4322690839568774
    ],
    "train_acc": [
        0.8941441441441441,
        0.8475975975975976,
        0.8618618618618619,
        0.8460960960960962,
        0.8656156156156156,
        0.8543543543543544,
        0.8573573573573574,
        0.8355855855855856,
        0.8513513513513513,
        0.8633633633633634,
        0.8686186186186187,
        0.8768768768768769,
        0.8791291291291291,
        0.8648648648648649,
        0.8671171171171171,
        0.8828828828828829,
        0.8663663663663663,
        0.8888888888888888,
        0.8693693693693694
    ],
    "train_f1": [
        0.22099447513812154,
        0.5268065268065268,
        0.5660377358490566,
        0.5413870246085011,
        0.5788235294117647,
        0.5590909090909091,
        0.5518867924528302,
        0.5369978858350951,
        0.5580357142857143,
        0.5825688073394495,
        0.6049661399548533,
        0.616822429906542,
        0.628175519630485,
        0.5982142857142857,
        0.609271523178808,
        0.6372093023255814,
        0.611353711790393,
        0.6492890995260664,
        0.6167400881057269
    ],
    "train_mcc": [
        0.24284057202058532,
        0.4816315739804624,
        0.5294246956346783,
        0.5056995804740939,
        0.5457956238430767,
        0.5259909725181329,
        0.5116842712916386,
        0.5090045944599189,
        0.5274350002334678,
        0.5544339499172684,
        0.585695313523495,
        0.5946683604494121,
        0.6110508293025837,
        0.579089228574743,
        0.5954511803431406,
        0.6211866684621001,
        0.6003453253753968,
        0.632932902909155,
        0.6055488168890129
    ],
    "val_loss": [
        0.8240329298106107,
        0.7838721925562079,
        0.7704080559990623,
        0.7835287384011529,
        0.6864079941402782,
        0.7087279449809681,
        0.7133435038003054,
        0.789132381027395,
        0.6848215840079568,
        0.9418765008449554,
        1.1554990627548911,
        0.8825443955984983,
        1.2733163833618164,
        1.3063371953639118,
        1.6030630394816399,
        1.180431682955135,
        1.7454225773161107,
        1.710743335160342,
        1.4315134991299023
    ],
    "val_acc": [
        0.8348348348348348,
        0.8168168168168168,
        0.8708708708708709,
        0.8678678678678678,
        0.8558558558558559,
        0.8678678678678678,
        0.7477477477477478,
        0.7687687687687688,
        0.7777777777777778,
        0.7957957957957958,
        0.8258258258258259,
        0.7837837837837838,
        0.8468468468468469,
        0.8198198198198198,
        0.8438438438438438,
        0.7717717717717718,
        0.8018018018018018,
        0.8258258258258259,
        0.8378378378378378
    ],
    "val_f1": [
        0.4954128440366973,
        0.47863247863247865,
        0.5168539325842697,
        0.5416666666666666,
        0.5294117647058824,
        0.5217391304347826,
        0.44,
        0.43795620437956206,
        0.45588235294117646,
        0.4603174603174603,
        0.46296296296296297,
        0.41935483870967744,
        0.4631578947368421,
        0.4444444444444444,
        0.48,
        0.3968253968253968,
        0.42105263157894735,
        0.43137254901960786,
        0.46
    ],
    "val_mcc": [
        0.4466674899753593,
        0.4337607470475514,
        0.4565590355076768,
        0.4910133308720763,
        0.4819175863179059,
        0.46403123589707274,
        0.4214052932554585,
        0.401432986226157,
        0.42594710974994404,
        0.4196412506988317,
        0.4044510477807624,
        0.361591731686311,
        0.3956758878937524,
        0.380958600735412,
        0.41924122923573404,
        0.3325347919282467,
        0.35548241854859947,
        0.36061860200659623,
        0.3946970433469332
    ]
}