{
    "train_loss": [
        1.1410853749229795,
        0.7489827076594034,
        0.6956896313599178,
        0.6446826195433026,
        0.6370931771539506,
        0.5964001740018526,
        0.5734760289390882,
        0.6080216098399389,
        0.5914013655412764,
        0.5870802246388935,
        0.5898596906945819,
        0.5319166300552232,
        0.5377945875128111,
        0.5004199878090904,
        0.46077527567034676,
        0.47529998634542736,
        0.44813920380104155,
        0.4939935457493578,
        0.46687589550302144,
        0.4219125651177906,
        0.41710719040461947,
        0.3958566877103987,
        0.4072778288807188,
        0.40649009744326275,
        0.38840044076953617,
        0.3826737387904099,
        0.3784197462456567,
        0.3822786031024797,
        0.39732872251243817,
        0.37688958928698585,
        0.37993308156728745,
        0.3793013102951504
    ],
    "train_acc": [
        0.8933933933933934,
        0.8648648648648649,
        0.8445945945945946,
        0.8536036036036037,
        0.8468468468468469,
        0.8633633633633634,
        0.8596096096096096,
        0.8498498498498499,
        0.8506006006006006,
        0.8506006006006006,
        0.8370870870870871,
        0.8648648648648649,
        0.8618618618618619,
        0.8678678678678678,
        0.8746246246246246,
        0.8701201201201201,
        0.8761261261261262,
        0.8611111111111112,
        0.8543543543543544,
        0.8731231231231231,
        0.8753753753753754,
        0.8843843843843844,
        0.8843843843843844,
        0.8783783783783784,
        0.8858858858858859,
        0.8866366366366366,
        0.8858858858858859,
        0.8873873873873874,
        0.8881381381381381,
        0.8896396396396397,
        0.8896396396396397,
        0.8918918918918919
    ],
    "train_f1": [
        0.22826086956521738,
        0.5408163265306123,
        0.5152224824355972,
        0.5390070921985816,
        0.5384615384615384,
        0.5707547169811321,
        0.5720823798627003,
        0.5555555555555556,
        0.5548098434004475,
        0.5626373626373626,
        0.5488565488565489,
        0.5927601809954751,
        0.5779816513761468,
        0.6053811659192825,
        0.6178489702517163,
        0.6077097505668935,
        0.6241457858769932,
        0.5951859956236324,
        0.5958333333333333,
        0.6114942528735632,
        0.6278026905829597,
        0.6451612903225806,
        0.6451612903225806,
        0.6334841628959276,
        0.6513761467889908,
        0.6496519721577726,
        0.6431924882629108,
        0.6559633027522935,
        0.6494117647058824,
        0.6541176470588236,
        0.6573426573426573,
        0.6619718309859155
    ],
    "train_mcc": [
        0.24301628408727716,
        0.4894723195977258,
        0.4665030304868888,
        0.49524909949306206,
        0.5003278379257786,
        0.5353381704156915,
        0.5414770871585229,
        0.5249530322891729,
        0.52293786825645,
        0.5359192587870254,
        0.5277409288120599,
        0.5696929297049623,
        0.5486108720984817,
        0.5874670625663938,
        0.5996356402327848,
        0.5883790988737023,
        0.6084917605781541,
        0.5789155341356105,
        0.5898605492469363,
        0.590747180381348,
        0.6162314401336059,
        0.6329919099658444,
        0.6329919099658444,
        0.6217167485393501,
        0.6417801171990685,
        0.6373293470628878,
        0.6270033531504822,
        0.6476031950178551,
        0.6343806717251961,
        0.6402863415840041,
        0.6461302935831595,
        0.6505950162785419
    ],
    "val_loss": [
        0.8806993907148187,
        0.6908782666379755,
        0.7203578732230447,
        0.6847857236862183,
        0.6661058610135858,
        0.6653122197497975,
        0.7100738178599965,
        0.7058617310090498,
        0.7674580460244959,
        0.8822070143439553,
        0.7087292048064145,
        0.7548755624077537,
        0.7022262649102644,
        0.781197268854488,
        0.8152111010117964,
        0.8987826813351024,
        1.2527900822460651,
        0.812167460268194,
        1.077739028768106,
        0.902442374012687,
        1.0478600155223499,
        1.144290955229239,
        0.9138751754706557,
        1.0234138505025343,
        1.5198257809335536,
        1.1426202681931583,
        1.0532013367522846,
        1.24694193222306,
        1.300163366577842,
        1.1331281472336163,
        1.2711769965561954,
        1.1038334532217546
    ],
    "val_acc": [
        0.8318318318318318,
        0.8018018018018018,
        0.7987987987987988,
        0.7867867867867868,
        0.8018018018018018,
        0.7807807807807807,
        0.8018018018018018,
        0.8288288288288288,
        0.7747747747747747,
        0.7477477477477478,
        0.7567567567567568,
        0.8258258258258259,
        0.7987987987987988,
        0.8258258258258259,
        0.8258258258258259,
        0.8408408408408409,
        0.8648648648648649,
        0.7927927927927928,
        0.8318318318318318,
        0.8078078078078078,
        0.8348348348348348,
        0.8408408408408409,
        0.8198198198198198,
        0.8198198198198198,
        0.8408408408408409,
        0.8348348348348348,
        0.8198198198198198,
        0.8438438438438438,
        0.8378378378378378,
        0.8138138138138138,
        0.8408408408408409,
        0.8168168168168168
    ],
    "val_f1": [
        0.4909090909090909,
        0.46774193548387094,
        0.464,
        0.4580152671755725,
        0.46774193548387094,
        0.44274809160305345,
        0.46774193548387094,
        0.4864864864864865,
        0.4444444444444444,
        0.4166666666666667,
        0.425531914893617,
        0.49122807017543857,
        0.464,
        0.5,
        0.5,
        0.5046728971962616,
        0.5360824742268041,
        0.4566929133858268,
        0.4909090909090909,
        0.4666666666666667,
        0.4954128440366973,
        0.49523809523809526,
        0.4827586206896552,
        0.4827586206896552,
        0.49523809523809526,
        0.4954128440366973,
        0.47368421052631576,
        0.5,
        0.5,
        0.46551724137931033,
        0.49523809523809526,
        0.46956521739130436
    ],
    "val_mcc": [
        0.44197999993927367,
        0.4273895713866069,
        0.42348913595993587,
        0.42255730434900807,
        0.4273895713866069,
        0.4011400163203597,
        0.4273895713866069,
        0.43737073999084686,
        0.4083059607975966,
        0.37856424374763653,
        0.38815041255421323,
        0.44682165109233685,
        0.42348913595993587,
        0.4606836048293166,
        0.4606836048293166,
        0.4562882194207591,
        0.4851634873726169,
        0.4158444316268057,
        0.44197999993927367,
        0.42128088861962554,
        0.4466674899753593,
        0.4423954394700769,
        0.43804709303823464,
        0.43804709303823464,
        0.4423954394700769,
        0.4466674899753593,
        0.4239868429564025,
        0.44738841277775787,
        0.4514359418714632,
        0.4154105812471527,
        0.4423954394700769,
        0.41966556384317333
    ]
}