{
    "train_loss": [
        1.0301005925451006,
        0.7778513431549072,
        0.6634016384681066,
        0.6916997759115129,
        0.6207774288597561,
        0.5859840923831576,
        0.6536389142274857,
        0.6195512917779741,
        0.5785587351946604,
        0.55934729604494,
        0.5288160184309596,
        0.5439241372403645,
        0.49073480495384764,
        0.4471413922451791,
        0.4396022522733325,
        0.4120748798762049,
        0.38538637242856477,
        0.4110401686103571,
        0.39671092444942113,
        0.3792479705242884,
        0.3710094786116055,
        0.3810524880176499
    ],
    "train_acc": [
        0.8025525525525525,
        0.8025525525525525,
        0.831081081081081,
        0.8385885885885885,
        0.8460960960960962,
        0.8521021021021021,
        0.7845345345345346,
        0.8746246246246246,
        0.8198198198198198,
        0.8340840840840841,
        0.8333333333333334,
        0.8303303303303303,
        0.8603603603603603,
        0.8551051051051051,
        0.8611111111111112,
        0.8551051051051051,
        0.8716216216216216,
        0.8633633633633634,
        0.8633633633633634,
        0.8813813813813813,
        0.8776276276276276,
        0.8776276276276276
    ],
    "train_f1": [
        0.30971128608923887,
        0.4665314401622718,
        0.5119305856832972,
        0.5315904139433552,
        0.5572354211663066,
        0.5612472160356348,
        0.4828828828828829,
        0.5772151898734177,
        0.5348837209302325,
        0.5424430641821946,
        0.5524193548387096,
        0.549800796812749,
        0.5829596412556054,
        0.5867237687366167,
        0.5986984815618221,
        0.5936842105263158,
        0.6306695464362851,
        0.6127659574468085,
        0.614406779661017,
        0.6425339366515838,
        0.6401766004415012,
        0.6385809312638581
    ],
    "train_mcc": [
        0.20957138261995148,
        0.42140385090508714,
        0.47207997722458944,
        0.4970351681148088,
        0.5318895473026642,
        0.5319240344802799,
        0.46455817370303765,
        0.5344742033509098,
        0.5228223421175763,
        0.5199614498030763,
        0.5385598103973607,
        0.5375000563612062,
        0.5587026849991817,
        0.5720980520263013,
        0.585189636653502,
        0.5847518900620317,
        0.6278233636657624,
        0.6076567483753017,
        0.6107560022207581,
        0.6332775971692141,
        0.6353952556666757,
        0.6323885005330062
    ],
    "val_loss": [
        1.0365435643629595,
        0.7519814941016111,
        0.7166864790699699,
        0.6911391940983859,
        0.7057748409834775,
        0.8354312533682043,
        0.7257057455453005,
        0.8363916955210946,
        0.9175540696490895,
        0.8982089107686823,
        1.1895788799632678,
        1.041498539122668,
        1.1850470805710012,
        1.2760109278288754,
        1.508167938752608,
        1.7943453301082959,
        2.393601353872906,
        1.254039773886854,
        1.5346454165198586,
        1.4633137041872197,
        2.3572913164442237,
        1.7799676602536982
    ],
    "val_acc": [
        0.36036036036036034,
        0.8528528528528528,
        0.8228228228228228,
        0.7837837837837838,
        0.8018018018018018,
        0.8168168168168168,
        0.9219219219219219,
        0.7477477477477478,
        0.8048048048048048,
        0.7207207207207207,
        0.7897897897897898,
        0.7987987987987988,
        0.8108108108108109,
        0.7777777777777778,
        0.8198198198198198,
        0.7777777777777778,
        0.8228228228228228,
        0.7807807807807807,
        0.8018018018018018,
        0.8048048048048048,
        0.8378378378378378,
        0.7777777777777778
    ],
    "val_f1": [
        0.25263157894736843,
        0.5148514851485149,
        0.4778761061946903,
        0.4782608695652174,
        0.45901639344262296,
        0.47863247863247865,
        0.6060606060606061,
        0.4166666666666667,
        0.4444444444444444,
        0.4,
        0.453125,
        0.464,
        0.45217391304347826,
        0.44776119402985076,
        0.47368421052631576,
        0.421875,
        0.46846846846846846,
        0.45112781954887216,
        0.4406779661016949,
        0.4628099173553719,
        0.47058823529411764,
        0.421875
    ],
    "val_mcc": [
        0.20221482653742023,
        0.46294145384478586,
        0.42837659702576913,
        0.4609963684116988,
        0.4132581494384348,
        0.4337607470475514,
        0.5660082772100778,
        0.37856424374763653,
        0.3886788716521598,
        0.36597817504323127,
        0.4120972500191437,
        0.42348913595993587,
        0.3969311189497657,
        0.41180395154309374,
        0.4239868429564025,
        0.36884165214479386,
        0.4142194991043499,
        0.4153444038328496,
        0.3846435952551026,
        0.4172409934028715,
        0.4091381957311201,
        0.36884165214479386
    ]
}