{
    "train_loss": [
        1.1929789998314597,
        1.1685609763318843,
        1.159264548258348,
        1.1246325583620504,
        1.0383521711284465,
        0.9821980128234084,
        0.9765726531093771,
        0.8917033977129243,
        0.8114706135608933,
        0.7441280816089023,
        0.7007317427884449,
        0.7085344766859304,
        0.6685815561901439,
        0.6313480247150768,
        0.6229455958713185,
        0.6136963760310953,
        0.5871675265106288,
        0.5815532525832002,
        0.5618149885399775,
        0.5477446026422761,
        0.5172776535830714,
        0.5136546382511203,
        0.49226717617024074,
        0.45475871420719405,
        0.47038026594302873,
        0.44349257377060974,
        0.4517574269663204,
        0.4129037837582556,
        0.4298330955207348,
        0.38393065909093077,
        0.3667751916430213,
        0.38980202783237805,
        0.3697157028046521,
        0.37560712857256556,
        0.351143510334871,
        0.35941113429990684,
        0.3872715143317526,
        0.34883204623210157,
        0.34411891583691945,
        0.3352495778500187,
        0.33633106176487426
    ],
    "train_acc": [
        0.8646888567293777,
        0.8603473227206947,
        0.8552821997105644,
        0.8285094066570188,
        0.8140376266280752,
        0.8024602026049205,
        0.8285094066570188,
        0.837192474674385,
        0.8053545586107091,
        0.8429811866859623,
        0.8458755426917511,
        0.8437047756874095,
        0.8458755426917511,
        0.8465991316931982,
        0.8560057887120116,
        0.8589001447178003,
        0.8589001447178003,
        0.8632416787264834,
        0.8560057887120116,
        0.8552821997105644,
        0.88205499276411,
        0.8806078147612156,
        0.8871201157742402,
        0.8842257597684515,
        0.8849493487698987,
        0.8907380607814761,
        0.8965267727930536,
        0.9015918958031838,
        0.894356005788712,
        0.9081041968162084,
        0.9117221418234442,
        0.8994211287988423,
        0.9015918958031838,
        0.902315484804631,
        0.9109985528219972,
        0.9073806078147613,
        0.9131693198263386,
        0.9081041968162084,
        0.9095513748191028,
        0.9131693198263386,
        0.914616497829233
    ],
    "train_f1": [
        0.031088082901554404,
        0.1187214611872146,
        0.15254237288135594,
        0.24761904761904763,
        0.4037122969837587,
        0.3837471783295711,
        0.46258503401360546,
        0.5263157894736842,
        0.5046040515653776,
        0.5598377281947262,
        0.5731462925851704,
        0.5797665369649806,
        0.5895953757225434,
        0.5923076923076923,
        0.6120857699805068,
        0.6168958742632613,
        0.6228239845261122,
        0.6227544910179641,
        0.6180422264875239,
        0.6212121212121212,
        0.6639175257731958,
        0.6666666666666666,
        0.6790123456790124,
        0.6812749003984063,
        0.6708074534161491,
        0.6924643584521385,
        0.70020964360587,
        0.7130801687763713,
        0.7032520325203252,
        0.7315010570824524,
        0.7359307359307359,
        0.7122153209109731,
        0.7166666666666667,
        0.7216494845360825,
        0.7399577167019028,
        0.7344398340248963,
        0.7413793103448276,
        0.7337526205450734,
        0.7390396659707724,
        0.7457627118644068,
        0.7478632478632479
    ],
    "train_mcc": [
        0.037357980754244215,
        0.10773796634360613,
        0.1202420987824485,
        0.1558856345635327,
        0.30181000704668787,
        0.2767898007355424,
        0.3722692159885326,
        0.45239473957119136,
        0.43575071248676006,
        0.49724779819695936,
        0.5153310248380939,
        0.52729672685618,
        0.5412725446099328,
        0.5450526496437349,
        0.5686119774448072,
        0.5736458075776403,
        0.5836285235583789,
        0.5788766203647696,
        0.5786667481732594,
        0.5849796507454301,
        0.6263007525876045,
        0.632807014493433,
        0.6455425564260031,
        0.653666848767369,
        0.6343461849753108,
        0.6640854963946782,
        0.6692313436113371,
        0.6842885037009174,
        0.6780366385374195,
        0.7068336076167925,
        0.7087196669314517,
        0.686188648555628,
        0.6907346405489702,
        0.6987072809526764,
        0.7173303092321285,
        0.7136495982773958,
        0.7160644178894797,
        0.7110091788661418,
        0.7183106960518003,
        0.7241839619553336,
        0.7253991144595194
    ],
    "val_loss": [
        1.184483284300024,
        1.1636068495837124,
        1.156217710538344,
        1.2002377022396435,
        1.0231593630530618,
        0.9941603568467227,
        0.9443104321306403,
        0.9928895343433727,
        0.8317481929605658,
        0.8260062472386793,
        0.8389220589941199,
        0.7464436780322682,
        0.7941955544731834,
        0.7645678167993372,
        0.8044629313729026,
        0.7227492386644537,
        0.7831046337431128,
        0.7468670173124834,
        0.7590549154715105,
        0.802097046917135,
        0.7798871235413984,
        0.7528855367140337,
        0.7449528466571461,
        0.7864283431660045,
        0.7783575626936826,
        0.8061026470227675,
        0.8577123799107291,
        0.8172855079174042,
        0.8667735945094716,
        0.8813659386201338,
        0.8304795026779175,
        0.8953115344047546,
        1.0041630891236393,
        0.9645028547807173,
        0.8248465548862111,
        0.8881377090107311,
        0.8583150587298654,
        0.8627270812338049,
        0.9420131390744989,
        0.9330540570345792,
        0.947894649072127
    ],
    "val_acc": [
        0.8666666666666667,
        0.8289855072463768,
        0.8521739130434782,
        0.8521739130434782,
        0.8115942028985508,
        0.808695652173913,
        0.7710144927536232,
        0.6869565217391305,
        0.8,
        0.8202898550724638,
        0.8376811594202899,
        0.8231884057971014,
        0.8057971014492754,
        0.8231884057971014,
        0.8318840579710145,
        0.8405797101449275,
        0.8434782608695652,
        0.8289855072463768,
        0.8173913043478261,
        0.8115942028985508,
        0.8231884057971014,
        0.8231884057971014,
        0.8318840579710145,
        0.8405797101449275,
        0.8318840579710145,
        0.8492753623188406,
        0.8463768115942029,
        0.8260869565217391,
        0.8492753623188406,
        0.8492753623188406,
        0.8405797101449275,
        0.8463768115942029,
        0.8492753623188406,
        0.8492753623188406,
        0.8405797101449275,
        0.8405797101449275,
        0.8434782608695652,
        0.8376811594202899,
        0.8492753623188406,
        0.8463768115942029,
        0.8492753623188406
    ],