{
    "train_loss": [
        1.2078639526258816,
        1.1763359010219574,
        1.0784654610536315,
        0.9470055530017073,
        0.834782252934846,
        0.7121788723902269,
        0.713006585159085,
        0.6648700792681087,
        0.636612166735259,
        0.6235419335690412,
        0.5846496231176637,
        0.5759392617778345,
        0.5987901884046468,
        0.5290350546129048,
        0.5468124137683348,
        0.5221315141428601,
        0.5218055502257564,
        0.5334461046890779,
        0.5199186009439555,
        0.5018314895304766,
        0.4554391487670893,
        0.44227382439103996,
        0.4286942717365243,
        0.4289083308116956,
        0.4010832724055614,
        0.40234486843374645,
        0.4055371389470317,
        0.38703735020350327,
        0.38436413590203633,
        0.40211839838461444,
        0.3918716175989671,
        0.36660212312232365,
        0.3734056693925099,
        0.3661424024877223,
        0.3731629164381461,
        0.3596931899135763,
        0.36573800952597096,
        0.3609156876125119,
        0.3545364998281002,
        0.3512739799916744,
        0.3678418467329307,
        0.369060686535456,
        0.38381772149692883,
        0.3586203090169213,
        0.3515788037329912
    ],
    "train_acc": [
        0.8683068017366136,
        0.8683068017366136,
        0.8516642547033285,
        0.8256150506512301,
        0.8263386396526773,
        0.8429811866859623,
        0.8277858176555717,
        0.8335745296671491,
        0.8408104196816208,
        0.8422575976845152,
        0.8509406657018813,
        0.8661360347322721,
        0.8342981186685963,
        0.8589001447178003,
        0.8589001447178003,
        0.8560057887120116,
        0.8589001447178003,
        0.861794500723589,
        0.8769898697539797,
        0.8516642547033285,
        0.8849493487698987,
        0.8914616497829233,
        0.8929088277858177,
        0.8907380607814761,
        0.8936324167872648,
        0.8979739507959479,
        0.9001447178002895,
        0.9081041968162084,
        0.9081041968162084,
        0.9081041968162084,
        0.9059334298118669,
        0.9066570188133141,
        0.9073806078147613,
        0.9138929088277858,
        0.9095513748191028,
        0.9095513748191028,
        0.9109985528219972,
        0.914616497829233,
        0.9175108538350217,
        0.9153400868306801,
        0.91027496382055,
        0.9167872648335745,
        0.9175108538350217,
        0.9117221418234442,
        0.9124457308248914
    ],
    "train_f1": [
        0.0,
        0.09900990099009901,
        0.22641509433962265,
        0.41075794621026895,
        0.525691699604743,
        0.571992110453649,
        0.5387596899224806,
        0.5660377358490566,
        0.5880149812734082,
        0.5791505791505791,
        0.6113207547169811,
        0.6307385229540918,
        0.5813528336380256,
        0.6242774566473989,
        0.6257197696737045,
        0.626641651031895,
        0.6313799621928167,
        0.6305609284332688,
        0.6544715447154471,
        0.6265938069216758,
        0.6787878787878788,
        0.6926229508196722,
        0.6967213114754098,
        0.6961770623742455,
        0.7018255578093306,
        0.7128309572301426,
        0.7172131147540983,
        0.7326315789473684,
        0.7348643006263048,
        0.7326315789473684,
        0.7280334728033473,
        0.7329192546583851,
        0.7310924369747899,
        0.746268656716418,
        0.7368421052631579,
        0.7390396659707724,
        0.7399577167019028,
        0.7489361702127659,
        0.7553648068669528,
        0.7526427061310782,
        0.7405857740585774,
        0.7526881720430108,
        0.7553648068669528,
        0.7426160337552743,
        0.7452631578947368
    ],
    "train_mcc": [
        0.0,
        0.13198297375053342,
        0.1717420343037688,
        0.3124786688891898,
        0.45625238359485487,
        0.5156466703225433,
        0.47491688390922493,
        0.5135440437919666,
        0.5433999913896934,
        0.5275104634811786,
        0.5727019889883073,
        0.5890332530833461,
        0.5384329043338019,
        0.5861213768808928,
        0.5886132351508898,
        0.5937154535850928,
        0.5985720348711205,
        0.5936150849772641,
        0.6164786057699391,
        0.5992045519779096,
        0.6481440689414161,
        0.6632843837601226,
        0.6684380332398234,
        0.6708492719175191,
        0.6765868381091752,
        0.6897641725151874,
        0.6942062806383282,
        0.7089199520434075,
        0.7131012849374868,
        0.7089199520434075,
        0.7042311716551389,
        0.7121098803457866,
        0.7073498560445317,
        0.7237701300049882,
        0.7141551604612079,
        0.7183106960518003,
        0.7173303092321285,
        0.7274171998430858,
        0.7339760610169334,
        0.7330753616551327,
        0.7198785726588164,
        0.7303328082502734,
        0.7339760610169334,
        0.7209808168517964,
        0.7246255772968084
    ],
    "val_loss": [
        1.194980870593678,
        1.2330650091171265,
        1.108225703239441,
        1.0606800642880527,
        0.9538322687149048,
        1.0351346866651014,
        1.0676925534551793,
        0.9836921746080572,
        0.9721400385553186,
        1.145296424627304,
        0.8813382874835621,
        0.7948142642324622,
        0.945794406262311,
        1.2474214786832982,
        0.9197363176129081,
        0.8708877048709176,
        0.9193223958665674,
        0.9636735157533125,
        0.8462964811108329,
        1.2582758069038391,
        1.2537518468770115,
        1.3180419829758732,
        1.3522951657121831,
        1.5794619497927753,
        1.6394523815675215,
        1.6171871559186415,
        1.7697191400961443,
        1.8595296090299434,
        1.9932343417947942,
        1.9243405894799666,
        1.911274490031329,
        1.9943390746008267,
        1.9483597576618195,
        1.913597502491691,
        1.961222225969488,
        2.022041440010071,
        2.055119509046728,
        2.0420803956010123,
        2.0729089596054773,
        2.088022431189364,
        2.1061953468756243,
        2.1875796643170444,
        2.181006073951721,
        2.082165989008817,
        2.3568334823304955
    ],
    "val_acc": [
        0.8666666666666667,
        0.8463768115942029,
        0.8492753623188406,
        0.7652173913043478,
        0.7594202898550725,
        0.8260869565217391,
        0.7942028985507247,
        0.7478260869565218,
        0.8028985507246377,
        0.8231884057971014,
        0.7681159420289855,
        0.7652173913043478,
        0.7420289855072464,
        0.7913043478260869,
        0.8028985507246377,
        0.7623188405797101,
        0.8173913043478261,
        0.808695652173913,
        0.7884057971014493,
        0.8144927536231884,
        0.808695652173913,
        0.7971014492753623,
        0.8,
        0.8231884057971014,
        0.8173913043478261,
        0.8173913043478261,
        0.8347826086956521,
        0.8260869565217391,
        0.8347826086956521,
        0.8260869565217391,
        0.8202898550724638,
        0.8289855072463768,
        0.8318840579710145,
        0.8260869565217391,
        0.8231884057971014,
        0.8231884057971014,
        0.8260869565217391,
        0.8260869565217391,
        0.8231884057971014,
        0.8347826086956521,
        0.8260869565217391,
        0.8318840579710145,
        0.8289855072463768,
        0.8202898550724638,
        0.8202898550724638
    ],