{
    "train_loss": [
        1.2046228782697157,
        1.165164122527296,
        1.030227388847958,
        0.9499216716397892,
        0.8869177299467,
        0.8222724036736921,
        0.8121185553344813,
        0.7642408257180994,
        0.735426898707043,
        0.8058674132282083,
        0.6617544584653594,
        0.658007180148905,
        0.6387767520817843,
        0.6047164086591114,
        0.5798048607327722,
        0.6012965488162908,
        0.5809266360645945,
        0.5373110299591314,
        0.5399275635453787,
        0.5441749421032992,
        0.5158518293703144
    ],
    "train_acc": [
        0.8683068017366136,
        0.8646888567293777,
        0.8299565846599132,
        0.8321273516642547,
        0.8357452966714906,
        0.8509406657018813,
        0.8386396526772794,
        0.849493487698987,
        0.8639652677279306,
        0.8473227206946454,
        0.8719247467438495,
        0.8675832127351665,
        0.8784370477568741,
        0.874095513748191,
        0.8892908827785818,
        0.8921852387843705,
        0.8842257597684515,
        0.8929088277858177,
        0.902315484804631,
        0.8994211287988423,
        0.9044862518089725
    ],
    "train_f1": [
        0.0,
        0.010582010582010581,
        0.34173669467787116,
        0.49344978165938863,
        0.5200845665961945,
        0.5462555066079295,
        0.5224839400428265,
        0.5666666666666667,
        0.584070796460177,
        0.5576519916142557,
        0.612691466083151,
        0.5960264900662252,
        0.6283185840707964,
        0.6266094420600858,
        0.6577181208053692,
        0.654292343387471,
        0.6491228070175439,
        0.6696428571428571,
        0.6952595936794582,
        0.6876404494382022,
        0.6986301369863014
    ],
    "train_mcc": [
        0.0,
        0.0023555757209880574,
        0.24420979335382523,
        0.4102767907530816,
        0.4444160672333902,
        0.4745731578906148,
        0.44673019351689924,
        0.5034244293045441,
        0.520496034612577,
        0.4916755437784168,
        0.5562544829346577,
        0.5352270233576292,
        0.5744654172717545,
        0.575105788443728,
        0.6093163909064476,
        0.6024597641864207,
        0.6006603863694895,
        0.6240104544609072,
        0.6540211324663314,
        0.6452246776613444,
        0.6570281761607546
    ],
    "val_loss": [
        1.1857874935323542,
        1.153600042516535,
        1.0528211105953564,
        1.0814242417162114,
        0.9165086908773943,
        0.8104315156286414,
        0.8594633882695978,
        0.8478601358153603,
        0.8898750272664157,
        0.8363175988197327,
        0.884926357052543,
        0.8801910823041742,
        0.8683613051067699,
        0.9022050743753259,
        0.9093794985250994,
        0.8868401944637299,
        0.86798280748454,
        0.9299383380196311,
        0.9549283005974509,
        0.9348102591254495,
        0.9989328194748271
    ],
    "val_acc": [
        0.8695652173913043,
        0.863768115942029,
        0.8521739130434782,
        0.5942028985507246,
        0.7913043478260869,
        0.8434782608695652,
        0.7739130434782608,
        0.8289855072463768,
        0.8521739130434782,
        0.7739130434782608,
        0.8492753623188406,
        0.8608695652173913,
        0.8347826086956521,
        0.8289855072463768,
        0.8608695652173913,
        0.8289855072463768,
        0.8231884057971014,
        0.8608695652173913,
        0.8376811594202899,
        0.8318840579710145,
        0.8434782608695652
    ],
    "val_f1": [
        0.0,
        0.0784313725490196,
        0.43956043956043955,
        0.33962264150943394,
        0.4461538461538462,
        0.55,
        0.44285714285714284,
        0.49572649572649574,
        0.48484848484848486,
        0.4507042253521127,
        0.5094339622641509,
        0.5471698113207547,
        0.5210084033613446,
        0.5042016806722689,
        0.5384615384615384,
        0.5042016806722689,
        0.512,
        0.5471698113207547,
        0.5172413793103449,
        0.5166666666666667,
        0.509090909090909
    ],
    "val_mcc": [
        0.0,
        0.08015062843348472,
        0.3544587784792833,
        0.2448521324729667,
        0.35778773926031554,
        0.48445463801711747,
        0.35853894549769133,
        0.4152917894492221,
        0.40164799878670177,
        0.37040145009332537,
        0.42961001576201474,
        0.4747288758648747,
        0.44761575229958694,
        0.4266480083018466,
        0.46412208329912336,
        0.4266480083018466,
        0.4397826793217834,
        0.4747288758648747,
        0.4415077161632455,
        0.44272259054747815,
        0.4296699900694722
    ]
}