{
    "train_loss": [
        1.2029318064451218,
        1.172076240181923,
        1.1055385944518177,
        1.0451288629661908,
        0.9629459882324393,
        0.8876718756827441,
        0.8245092691345648,
        0.7603787793354555,
        0.7726746912706982,
        0.7398175177249041,
        0.6751529445702379,
        0.6477033512836153,
        0.6185330193151127,
        0.5980718213726174,
        0.5694993402470242,
        0.5316008664667606,
        0.5069527388973669,
        0.5149930200793527,
        0.5123128101906993,
        0.4968901588158174,
        0.4859432354569435,
        0.47481506250121375,
        0.4571854394267906,
        0.4417934634468772,
        0.44369821656833996,
        0.451313759454272,
        0.41097808815538883,
        0.4394519627094269,
        0.4215602061965249
    ],
    "train_acc": [
        0.8683068017366136,
        0.861794500723589,
        0.8393632416787264,
        0.8545586107091172,
        0.8075253256150506,
        0.8357452966714906,
        0.8581765557163531,
        0.8675832127351665,
        0.8480463096960926,
        0.8625180897250362,
        0.8690303907380608,
        0.8668596237337193,
        0.861794500723589,
        0.8690303907380608,
        0.8675832127351665,
        0.8813314037626628,
        0.8871201157742402,
        0.8762662807525325,
        0.88205499276411,
        0.8813314037626628,
        0.8900144717800289,
        0.8885672937771346,
        0.8907380607814761,
        0.8965267727930536,
        0.8907380607814761,
        0.8885672937771346,
        0.8994211287988423,
        0.8885672937771346,
        0.8950795947901592
    ],
    "train_f1": [
        0.0,
        0.07729468599033816,
        0.28846153846153844,
        0.30927835051546393,
        0.4637096774193548,
        0.5032822757111597,
        0.5420560747663551,
        0.5714285714285714,
        0.5714285714285714,
        0.5662100456621004,
        0.5895691609977324,
        0.5947136563876652,
        0.6061855670103092,
        0.6140724946695096,
        0.6195426195426196,
        0.6495726495726496,
        0.6578947368421053,
        0.6430062630480167,
        0.6553911205073996,
        0.6554621848739496,
        0.679324894514768,
        0.6723404255319149,
        0.6821052631578948,
        0.6950959488272921,
        0.6834381551362684,
        0.6804979253112033,
        0.702355460385439,
        0.6804979253112033,
        0.697286012526096
    ],
    "train_mcc": [
        0.0,
        0.0755836418583513,
        0.20436139162593348,
        0.24328770194345384,
        0.37609210181028224,
        0.42226164750697576,
        0.4676805695977732,
        0.5027836241369807,
        0.511279958687801,
        0.4972966849978424,
        0.5258016012750444,
        0.5337740797892324,
        0.5538942242225326,
        0.5602408924423685,
        0.56968724160031,
        0.6039145031769438,
        0.6113945091869131,
        0.5984942404225889,
        0.6123632930787676,
        0.6132332802049737,
        0.6423544315284844,
        0.6325864190736713,
        0.6460974510298035,
        0.6604684896581677,
        0.6483424259839347,
        0.6461733666173514,
        0.6688591992264175,
        0.6461733666173514,
        0.666216584908665
    ],
    "val_loss": [
        1.186804793097756,
        1.3215198950334028,
        1.1561293818733909,
        1.2319798361171375,
        0.9723944934931669,
        0.9306021712043069,
        0.8711973645470359,
        0.9206527363170277,
        0.8937831683592363,
        0.8963948488235474,
        1.0366723212328823,
        1.0910287499427795,
        1.168312202800404,
        1.0664173554290424,
        1.5380796817216007,
        1.3418800939213147,
        1.1628990877758374,
        1.2143164791844108,
        1.4809439209374515,
        1.7055625184015795,
        1.601141477173025,
        1.5817221457307988,
        1.6105281602252612,
        1.8609681996432217,
        1.6844816993583331,
        2.2001826112920586,
        2.103579217737371,
        2.140024785291065,
        2.1632896580479364
    ],
    "val_acc": [
        0.8666666666666667,
        0.8434782608695652,
        0.8492753623188406,
        0.8318840579710145,
        0.8289855072463768,
        0.808695652173913,
        0.8289855072463768,
        0.7739130434782608,
        0.8318840579710145,
        0.8260869565217391,
        0.8347826086956521,
        0.8028985507246377,
        0.8521739130434782,
        0.8347826086956521,
        0.8347826086956521,
        0.8434782608695652,
        0.8173913043478261,
        0.7971014492753623,
        0.8057971014492754,
        0.8260869565217391,
        0.808695652173913,
        0.8028985507246377,
        0.8144927536231884,
        0.7971014492753623,
        0.7884057971014493,
        0.8,
        0.7971014492753623,
        0.7971014492753623,
        0.7971014492753623
    ],
    "val_f1": [
        0.041666666666666664,
        0.2702702702702703,
        0.3333333333333333,
        0.3829787234042553,
        0.5354330708661418,
        0.45901639344262296,
        0.5354330708661418,
        0.4868421052631579,
        0.5245901639344263,
        0.5081967213114754,
        0.5043478260869565,
        0.5142857142857142,
        0.5321100917431193,
        0.5365853658536586,
        0.4864864864864865,
        0.5,
        0.5263157894736842,
        0.5138888888888888,
        0.5037037037037037,
        0.47368421052631576,
        0.5074626865671642,
        0.4925373134328358,
        0.5151515151515151,
        0.46153846153846156,
        0.48951048951048953,
        0.4566929133858268,
        0.453125,
        0.46153846153846156,
        0.453125
    ],
    "val_mcc": [
        0.05642593056411202,
        0.19284921349953266,
        0.2544603402301914,
        0.2862145716519756,
        0.47119900430055855,
        0.3711604280089202,
        0.47119900430055855,
        0.42876554327117467,
        0.45384023279541086,
        0.4331702815987882,
        0.4252312841521012,
        0.4548753444047813,
        0.4572722403980712,
        0.4696569421721054,
        0.40243030033481075,
        0.418420826252644,
        0.4644230242257196,
        0.4582990834329131,
        0.4363178603220596,
        0.38729833462074165,
        0.44047028753835354,
        0.4207987989686795,
        0.44894446217733286,
        0.377761326646207,
        0.4240174798423714,
        0.3701022030047298,
        0.36594091085527947,
        0.377761326646207,
        0.36594091085527947
    ]
}