{
    "train_loss": [
        1.198457923046378,
        1.1911477571309999,
        1.0942787722099658,
        1.0793620916300042,
        1.0522036198959794,
        1.0066289790841036,
        0.9514972165573475,
        0.8642511547997941,
        0.8228938129059103,
        0.7881965623345486,
        0.6890230428340823,
        0.6718253839847653,
        0.7187922867231591,
        0.6703959973745568,
        0.7050801224486772,
        0.6640145272709602,
        0.5991319916969122,
        0.5239114127186841,
        0.4907064943812614,
        0.476819037698036,
        0.43667882576931355,
        0.4662958502249662,
        0.44691712669161865,
        0.3921726923002753,
        0.38917712988548503,
        0.3789631580544073,
        0.3836141307513381,
        0.35758381423562074,
        0.38975777529006783
    ],
    "train_acc": [
        0.8648449039881831,
        0.8567208271787297,
        0.8308714918759232,
        0.7673559822747416,
        0.8404726735598228,
        0.7791728212703102,
        0.8153618906942393,
        0.8168389955686853,
        0.8072378138847858,
        0.8242245199409158,
        0.829394387001477,
        0.844903988183161,
        0.8545051698670606,
        0.8581979320531757,
        0.7902511078286558,
        0.8367799113737076,
        0.843426883308715,
        0.8855243722304283,
        0.880354505169867,
        0.8921713441654358,
        0.9054652880354506,
        0.8936484490398818,
        0.9106351550960118,
        0.9054652880354506,
        0.9084194977843427,
        0.914327917282127,
        0.9091580502215657,
        0.9202363367799113,
        0.9172821270310192
    ],
    "train_f1": [
        0.06153846153846154,
        0.10185185185185185,
        0.3123123123123123,
        0.3137254901960784,
        0.25,
        0.44320297951582865,
        0.4658119658119658,
        0.5020080321285141,
        0.5103189493433395,
        0.53515625,
        0.5531914893617021,
        0.5882352941176471,
        0.6067864271457086,
        0.6081632653061224,
        0.5186440677966102,
        0.583804143126177,
        0.602996254681648,
        0.6790890269151139,
        0.676,
        0.6893617021276596,
        0.7253218884120172,
        0.698744769874477,
        0.7408993576017131,
        0.729957805907173,
        0.7383966244725738,
        0.7478260869565218,
        0.7388535031847133,
        0.7631578947368421,
        0.7565217391304347
    ],
    "train_mcc": [
        0.08325560130720217,
        0.08402784993459282,
        0.21754329483662405,
        0.18775460260987648,
        0.17377436321646006,
        0.35319892904855255,
        0.37590274071770324,
        0.4245150177162154,
        0.4413539518539219,
        0.4695715294669122,
        0.4940624085158549,
        0.5377488853703236,
        0.5592048037387646,
        0.5580727273509322,
        0.466319818599975,
        0.5378066683720573,
        0.5640541618417918,
        0.6457483735174575,
        0.6475363482099145,
        0.6545774960969499,
        0.6980434456306543,
        0.6688416590268829,
        0.7177356214385625,
        0.7065674098245478,
        0.7171198223602847,
        0.7239071299745539,
        0.7166052235805469,
        0.7414511522981119,
        0.7346494281419461
    ],
    "val_loss": [
        1.1999274383891712,
        1.1744590293277393,
        1.0488298264416782,
        1.1473050876097246,
        0.8860629309307445,
        0.9723372621969744,
        0.9856570904905145,
        0.789296106858687,
        0.8672068281607195,
        0.8843944750048898,
        0.8040015426549044,
        0.9024367549202659,
        0.9530313231728293,
        0.9117749956521121,
        0.8252406878904863,
        0.7995204410769723,
        0.9605035212906924,
        0.9259063059633429,
        0.9676112288778479,
        1.1714920943433589,
        1.0846316191283139,
        1.0207108828154476,
        1.1900336850773205,
        1.1655944992195477,
        1.2344250679016113,
        1.2017784199931405,
        1.2718071775002913,
        1.159045230258595,
        1.2967767661268061
    ],
    "val_acc": [
        0.8584070796460177,
        0.8436578171091446,
        0.8082595870206489,
        0.8436578171091446,
        0.8289085545722714,
        0.8200589970501475,
        0.8289085545722714,
        0.7817109144542773,
        0.7728613569321534,
        0.8731563421828908,
        0.8023598820058997,
        0.831858407079646,
        0.799410029498525,
        0.8171091445427728,
        0.8053097345132744,
        0.7876106194690266,
        0.799410029498525,
        0.8053097345132744,
        0.7935103244837758,
        0.799410029498525,
        0.7905604719764012,
        0.8053097345132744,
        0.7935103244837758,
        0.7876106194690266,
        0.8082595870206489,
        0.7876106194690266,
        0.8112094395280236,
        0.7935103244837758,
        0.8082595870206489
    ],
    "val_f1": [
        0.0,
        0.03636363636363636,
        0.4144144144144144,
        0.13114754098360656,
        0.32558139534883723,
        0.45045045045045046,
        0.30952380952380953,
        0.5066666666666667,
        0.49673202614379086,
        0.49411764705882355,
        0.5037037037037037,
        0.5210084033613446,
        0.5072463768115942,
        0.5373134328358209,
        0.484375,
        0.5135135135135135,
        0.5,
        0.49230769230769234,
        0.4852941176470588,
        0.47692307692307695,
        0.46616541353383456,
        0.49230769230769234,
        0.47761194029850745,
        0.4626865671641791,
        0.4881889763779528,
        0.47058823529411764,
        0.49206349206349204,
        0.4852941176470588,
        0.4881889763779528
    ],
    "val_mcc": [
        -0.03052426062706809,
        -0.011854147114995854,
        0.3102626063019797,
        0.08228930010221415,
        0.228884979994345,
        0.35402338164475944,
        0.2141561571522241,
        0.4461844654515257,
        0.4351755235004362,
        0.424046961101534,
        0.42916862755757484,
        0.44203005933582573,
        0.43615428751068863,
        0.4727007531625933,
        0.39974250851371496,
        0.45372939581073063,
        0.42498700340957934,
        0.41103780849924443,
        0.4054811011409837,
        0.3910862310248395,
        0.37853686760591615,
        0.41103780849924443,
        0.39411048571672813,
        0.3744629188552618,
        0.4041631638641546,
        0.38597519887238807,
        0.408648125543625,
        0.4054811011409837,
        0.4041631638641546
    ]
}