{
    "train_loss": [
        1.209358245827431,
        1.1945132654766704,
        1.1617421674173931,
        1.1079873304034389,
        1.0713337160820184,
        0.9635501836621484,
        0.8447385534297588,
        0.7327499777771705,
        0.6737545486106429,
        0.5508779779423115,
        0.5353553392166315,
        0.48050292633300606,
        0.39883627846490505,
        0.34038223638090975,
        0.27487713098526,
        0.2548900983881119,
        0.2047461700993915,
        0.20917415575579154,
        0.17194814226308533,
        0.1994813924092193,
        0.1330801979963516,
        0.1278277522516112,
        0.19223425190809162,
        0.16897982506211415,
        0.10237433202564716,
        0.09010308928960978,
        0.08466388485502711,
        0.0739376551774872,
        0.08226691493981106,
        0.07558875740505755,
        0.08975257631391287,
        0.06366834043373548,
        0.07280838261575026,
        0.06688603849668356,
        0.07181709581921093,
        0.058989487664210936
    ],
    "train_acc": [
        0.8670605612998523,
        0.8670605612998523,
        0.8604135893648449,
        0.8050221565731167,
        0.8220088626292467,
        0.8197932053175776,
        0.8360413589364845,
        0.8567208271787297,
        0.8751846381093058,
        0.9032496307237814,
        0.8877400295420975,
        0.8980797636632201,
        0.9180206794682423,
        0.9446085672082718,
        0.948301329394387,
        0.9542097488921714,
        0.9630723781388478,
        0.9534711964549483,
        0.9689807976366323,
        0.9579025110782866,
        0.9800590841949779,
        0.9763663220088626,
        0.9675036927621861,
        0.9615952732644018,
        0.9852289512555391,
        0.9859675036927622,
        0.9867060561299852,
        0.9881831610044313,
        0.9844903988183161,
        0.9881831610044313,
        0.9793205317577548,
        0.9881831610044313,
        0.9889217134416544,
        0.9889217134416544,
        0.9911373707533235,
        0.9896602658788775
    ],
    "train_f1": [
        0.0,
        0.0,
        0.04060913705583756,
        0.3089005235602094,
        0.36074270557029176,
        0.48523206751054854,
        0.5173913043478261,
        0.5782608695652174,
        0.6252771618625277,
        0.6932084309133489,
        0.6576576576576577,
        0.6905829596412556,
        0.7459954233409611,
        0.8129675810473815,
        0.8258706467661692,
        0.845,
        0.8724489795918368,
        0.8444444444444444,
        0.8917525773195877,
        0.85785536159601,
        0.9283819628647215,
        0.9162303664921466,
        0.8860103626943006,
        0.8712871287128713,
        0.9468085106382979,
        0.9490616621983914,
        0.9518716577540107,
        0.956989247311828,
        0.9442970822281167,
        0.9565217391304348,
        0.9270833333333334,
        0.956989247311828,
        0.959349593495935,
        0.9595687331536388,
        0.967391304347826,
        0.9621621621621622
    ],
    "train_mcc": [
        0.0,
        0.0,
        0.03399498240952928,
        0.19628021835510498,
        0.2579517059683485,
        0.40054744628817945,
        0.43923622853865707,
        0.5144323157104034,
        0.5707275058039595,
        0.6486981526481121,
        0.6089481492717833,
        0.6495570701171246,
        0.7146787692106512,
        0.7865203924100469,
        0.8019390568406201,
        0.8241241490640875,
        0.8549225990925147,
        0.824521791678112,
        0.8768700370318147,
        0.8394964677458758,
        0.9180860813177866,
        0.904559320862255,
        0.8698453095475043,
        0.856044935830503,
        0.9393971357446637,
        0.9417053617017477,
        0.9450634629291651,
        0.9508130089157196,
        0.9365945217481446,
        0.9499885086098814,
        0.9175232018055557,
        0.9508130089157196,
        0.9533211002912574,
        0.9537196643741519,
        0.9625705224671646,
        0.9566479449250258
    ],
    "val_loss": [
        1.2208181673830205,
        1.185562870719216,
        1.037677987055345,
        1.087085642597892,
        1.1152253096753901,
        0.9408169117840853,
        0.9472412467002869,
        1.084380328655243,
        1.680237965150313,
        1.3983370688828556,
        1.3961302421309731,
        1.2512162002650173,
        2.114976107396863,
        1.7010749280452728,
        3.2213417047804054,
        2.0222740064967764,
        2.0527669299732554,
        2.311116951433095,
        2.2979804223234,
        3.273730319331993,
        2.8355181312019173,
        4.284821528941393,
        3.4553996974771675,
        2.8731880729848687,
        3.5778358815745874,
        3.506547707725655,
        3.8702129938385705,
        4.2546489557082,
        5.024278499863365,
        3.1107968362894924,
        4.263426927002993,
        4.3288684704086995,
        4.638587524945086,
        4.13079007376324,
        4.54050306298516,
        4.205638495358554
    ],
    "val_acc": [
        0.8643067846607669,
        0.8643067846607669,
        0.8436578171091446,
        0.5722713864306784,
        0.5988200589970502,
        0.7905604719764012,
        0.8053097345132744,
        0.8731563421828908,
        0.8672566371681416,
        0.855457227138643,
        0.8613569321533924,
        0.8436578171091446,
        0.8908554572271387,
        0.8731563421828908,
        0.8790560471976401,
        0.8141592920353983,
        0.6873156342182891,
        0.8584070796460177,
        0.8643067846607669,
        0.8908554572271387,
        0.8820058997050148,
        0.887905604719764,
        0.8761061946902655,
        0.8702064896755162,
        0.8790560471976401,
        0.8731563421828908,
        0.8820058997050148,
        0.8790560471976401,
        0.887905604719764,
        0.831858407079646,
        0.8820058997050148,
        0.8702064896755162,
        0.8849557522123894,
        0.8790560471976401,
        0.8790560471976401,
        0.8790560471976401
    ],
    "val_f1": [
        0.0,
        0.0,
        0.07017543859649122,
        0.3722943722943723,
        0.38738738738738737,
        0.46616541353383456,
        0.45,
        0.44155844155844154,
        0.4155844155844156,
        0.4842105263157895,
        0.5052631578947369,
        0.49523809523809526,
        0.4931506849315068,
        0.5057471264367817,
        0.4225352112676056,
        0.45217391304347826,
        0.3764705882352941,
        0.48936170212765956,
        0.4888888888888889,
        0.4788732394366197,
        0.5348837209302325,
        0.45714285714285713,
        0.475,
        0.5,
        0.4383561643835616,
        0.45569620253164556,
        0.4594594594594595,
        0.4383561643835616,
        0.4411764705882353,
        0.4672897196261682,
        0.4444444444444444,
        0.42105263157894735,
        0.4507042253521127,
        0.4675324675324675,
        0.4383561643835616,
        0.4383561643835616
    ],