{
    "train_loss": [
        1.2033002418141032,
        1.1809012307677158,
        1.1560686175213304,
        1.1076717709386072,
        1.0114753440369006,
        0.9372227330540501,
        0.8233921971431998,
        0.8144198565982109,
        0.7554082884344944,
        0.6972714205120885,
        0.6708351165749306,
        0.6406858916892562,
        0.6002274661563164,
        0.6172427053368369,
        0.5950789617937665,
        0.5120983757944995,
        0.4627786706699881,
        0.39377555874891057,
        0.35953932307487313,
        0.3266694251188012,
        0.3049760077928388,
        0.266051143061283,
        0.24496129596995753,
        0.20316952640234037,
        0.20597052024027637,
        0.15070591498772765,
        0.14266660627584124,
        0.1275827481173152,
        0.1239981193008811,
        0.10949539850184391
    ],
    "train_acc": [
        0.8670605612998523,
        0.8663220088626292,
        0.845642540620384,
        0.8596750369276218,
        0.8522895125553914,
        0.8559822747415067,
        0.8744460856720827,
        0.8581979320531757,
        0.8581979320531757,
        0.8655834564254062,
        0.8685376661742984,
        0.8714918759231906,
        0.8744460856720827,
        0.8899556868537666,
        0.8744460856720827,
        0.9010339734121122,
        0.9062038404726735,
        0.9187592319054653,
        0.9268833087149188,
        0.931314623338257,
        0.9342688330871491,
        0.9409158050221565,
        0.9446085672082718,
        0.9549483013293943,
        0.9556868537666174,
        0.96602658788774,
        0.9675036927621861,
        0.9704579025110783,
        0.9726735598227474,
        0.9748892171344166
    ],
    "train_f1": [
        0.0,
        0.0,
        0.13278008298755187,
        0.24,
        0.4708994708994709,
        0.5496535796766744,
        0.6009389671361502,
        0.5752212389380531,
        0.5656108597285068,
        0.6043478260869565,
        0.611353711790393,
        0.6313559322033898,
        0.6413502109704642,
        0.6710816777041942,
        0.6367521367521367,
        0.6995515695067265,
        0.7133182844243793,
        0.7465437788018433,
        0.7681498829039812,
        0.7842227378190255,
        0.7944572748267898,
        0.8086124401913876,
        0.8218527315914489,
        0.8508557457212714,
        0.8536585365853658,
        0.885,
        0.8888888888888888,
        0.8984771573604061,
        0.9063291139240506,
        0.9128205128205128
    ],
    "train_mcc": [
        0.0,
        -0.010645187266383556,
        0.08275598236625255,
        0.20331353808594216,
        0.3858796889901697,
        0.476410158745987,
        0.5376376747750857,
        0.5094956349536409,
        0.49653266903089055,
        0.5466592102125803,
        0.5549292706081977,
        0.5827792559271386,
        0.595767078199311,
        0.6273585595875601,
        0.588537132099806,
        0.6605072963794641,
        0.6765401752001802,
        0.7145559844083126,
        0.7388233147634489,
        0.7592530678881405,
        0.7721911859632064,
        0.7850356463244457,
        0.8016652636626815,
        0.8330639424317476,
        0.8366435083722226,
        0.8713000803983766,
        0.8750021403842937,
        0.8858588210878299,
        0.8952970240933904,
        0.9018958520845239
    ],
    "val_loss": [
        1.2044920271093196,
        1.1736109961162915,
        1.1811448010531338,
        1.0522574132139033,
        0.9651064330881293,
        0.9155002236366272,
        0.9141957434740934,
        0.8380428877743807,
        0.8336122930049896,
        0.8806853240186517,
        0.8403218686580658,
        0.902748083526438,
        0.8897540488026359,
        1.1243756819855084,
        1.0190540145743976,
        0.9364259310744025,
        1.1397447098385205,
        1.1659179519523273,
        1.1796004447070034,
        1.3332736600529065,
        1.2751227725635876,
        1.2336634397506714,
        1.4633284089240162,
        1.482794620774009,
        1.74134651300582,
        1.7195324870673092,
        2.1504319418560374,
        1.8606070659377358,
        2.088931646536697,
        2.2144675850868225
    ],
    "val_acc": [
        0.8643067846607669,
        0.8643067846607669,
        0.8495575221238938,
        0.8348082595870207,
        0.8584070796460177,
        0.8436578171091446,
        0.8200589970501475,
        0.8289085545722714,
        0.8053097345132744,
        0.7964601769911505,
        0.7817109144542773,
        0.8082595870206489,
        0.799410029498525,
        0.8112094395280236,
        0.8702064896755162,
        0.8377581120943953,
        0.8436578171091446,
        0.8672566371681416,
        0.8200589970501475,
        0.8495575221238938,
        0.8436578171091446,
        0.8230088495575221,
        0.8643067846607669,
        0.8643067846607669,
        0.8731563421828908,
        0.8643067846607669,
        0.8702064896755162,
        0.831858407079646,
        0.8731563421828908,
        0.8702064896755162
    ],
    "val_f1": [
        0.0,
        0.0,
        0.10526315789473684,
        0.3333333333333333,
        0.52,
        0.5137614678899083,
        0.49586776859504134,
        0.5245901639344263,
        0.47619047619047616,
        0.4566929133858268,
        0.4861111111111111,
        0.4715447154471545,
        0.5072463768115942,
        0.4666666666666667,
        0.56,
        0.5378151260504201,
        0.5391304347826087,
        0.5454545454545454,
        0.49586776859504134,
        0.5233644859813084,
        0.5137614678899083,
        0.5238095238095238,
        0.54,
        0.5576923076923077,
        0.5274725274725275,
        0.5306122448979592,
        0.5,
        0.49557522123893805,
        0.5057471264367817,
        0.5
    ],
    "val_mcc": [
        0.0,
        0.0,
        0.07327821971887968,
        0.24145925503661822,
        0.43951294822357573,
        0.43073622845274046,
        0.4113617926644499,
        0.44792788748909396,
        0.3883623275410933,
        0.36376472289409756,
        0.41235044814277705,
        0.38139312525024105,
        0.43615428751068863,
        0.37447525131797066,
        0.48658874267785446,
        0.46298491741369524,
        0.4628933745463356,
        0.46979927217493794,
        0.4113617926644499,
        0.44224846151984143,
        0.43073622845274046,
        0.44921972154868833,
        0.4630508454507151,
        0.48329807842833833,
        0.45426550320235953,
        0.45280890069513063,
        0.4261821781823999,
        0.40900013384833456,
        0.4342085004512145,
        0.4261821781823999
    ]
}