{
    "train_loss": [
        1.2029328512590984,
        1.1839494136876838,
        1.0454058134278585,
        0.8879489753135416,
        0.7755367444005123,
        0.7410878587600797,
        0.7067376066778981,
        0.6862632926813391,
        0.6020339373932329,
        0.5883012608040211,
        0.5090224729027859,
        0.47721784267314643,
        0.41265237712582875,
        0.4165618374597195,
        0.38516445198031357,
        0.3832105625160905,
        0.3369025210308474,
        0.25721254520291503,
        0.24168337630324585,
        0.2164049458278473,
        0.1943020154397155,
        0.18794346678742144,
        0.13247141783493896,
        0.12092819712449644,
        0.16401754313170216,
        0.11567863239365261,
        0.10031908698553263,
        0.10771588411528704,
        0.08642939391524293,
        0.0832217443561138,
        0.08406374135141283,
        0.08703054570008156,
        0.09898958086079462,
        0.08123113336258156,
        0.10039158865029729,
        0.07689391762602987
    ],
    "train_acc": [
        0.8670605612998523,
        0.8663220088626292,
        0.8242245199409158,
        0.8116691285081241,
        0.8515509601181684,
        0.8737075332348597,
        0.8729689807976366,
        0.8892171344165436,
        0.9062038404726735,
        0.9084194977843427,
        0.9165435745937962,
        0.9202363367799113,
        0.9217134416543574,
        0.9194977843426884,
        0.9194977843426884,
        0.9283604135893648,
        0.9394387001477105,
        0.9460856720827179,
        0.965288035450517,
        0.9601181683899557,
        0.9556868537666174,
        0.96602658788774,
        0.9771048744460856,
        0.9778434268833087,
        0.9844903988183161,
        0.982274741506647,
        0.983751846381093,
        0.9852289512555391,
        0.9859675036927622,
        0.9874446085672083,
        0.9881831610044313,
        0.9889217134416544,
        0.983751846381093,
        0.9896602658788775,
        0.9844903988183161,
        0.9903988183161004
    ],
    "train_f1": [
        0.0,
        0.0,
        0.3602150537634409,
        0.49101796407185627,
        0.5786163522012578,
        0.6139954853273137,
        0.6211453744493393,
        0.6411483253588517,
        0.702576112412178,
        0.7004830917874396,
        0.7237163814180929,
        0.7416267942583732,
        0.75,
        0.7470997679814385,
        0.7494252873563219,
        0.7717647058823529,
        0.7990196078431373,
        0.8232445520581114,
        0.8785529715762274,
        0.8656716417910447,
        0.8522167487684729,
        0.882051282051282,
        0.9190600522193212,
        0.9214659685863874,
        0.9442970822281167,
        0.9361702127659575,
        0.9417989417989417,
        0.946524064171123,
        0.9493333333333334,
        0.9546666666666667,
        0.9572192513368984,
        0.9595687331536388,
        0.9414893617021277,
        0.9621621621621622,
        0.944,
        0.964769647696477
    ],
    "train_mcc": [
        0.0,
        -0.010645187266383556,
        0.25863521280825075,
        0.4108697872310341,
        0.5178974406621344,
        0.5555693078184154,
        0.5662228488248648,
        0.5850053253362235,
        0.6599637979125292,
        0.6552775605045312,
        0.6821853204343444,
        0.7050235179291567,
        0.7163049560947085,
        0.7144700111846766,
        0.7183021392923327,
        0.7426659609276912,
        0.7713461393394632,
        0.8012367235500885,
        0.8612714884561539,
        0.8489434715919111,
        0.8339519537152396,
        0.8658399011449402,
        0.908003865725064,
        0.9106651751942132,
        0.9365945217481446,
        0.9270320809957838,
        0.9338119327797838,
        0.9388545080507317,
        0.9422200296528896,
        0.9484157148006712,
        0.9512724178075984,
        0.9537196643741519,
        0.9332146083702237,
        0.9566479449250258,
        0.936024344505108,
        0.9595981345446267
    ],
    "val_loss": [
        1.202119838107716,
        1.1770518638870933,
        1.2551385110074824,
        1.3652052012356846,
        1.0380912341854789,
        0.8933113434097983,
        1.2146432399749756,
        0.8949168649586764,
        0.9291553145105188,
        1.213418646292253,
        0.8762011148712852,
        0.9203697822310708,
        1.2854840484532444,
        1.474156764420596,
        1.8385920985178514,
        1.4302189566872336,
        1.4674620194868608,
        3.1834566511891107,
        2.6165607192299585,
        2.8142971829934553,
        2.608730677853931,
        4.109506168148735,
        3.9071765440431507,
        3.3628865995190362,
        3.617939759384502,
        3.210948781533675,
        4.0813228487968445,
        4.247535315426913,
        4.172084808349609,
        4.536742605946281,
        5.057664491913536,
        4.646203274245966,
        4.291448617523367,
        5.430436970031058,
        5.171888765963641,
        5.62290548871864
    ],
    "val_acc": [
        0.8668639053254438,
        0.863905325443787,
        0.834319526627219,
        0.8609467455621301,
        0.8668639053254438,
        0.8579881656804734,
        0.8757396449704142,
        0.8609467455621301,
        0.878698224852071,
        0.8846153846153846,
        0.7662721893491125,
        0.8284023668639053,
        0.8372781065088757,
        0.8550295857988166,
        0.878698224852071,
        0.8165680473372781,
        0.7869822485207101,
        0.8846153846153846,
        0.878698224852071,
        0.8875739644970414,
        0.8668639053254438,
        0.8846153846153846,
        0.8668639053254438,
        0.849112426035503,
        0.8846153846153846,
        0.8757396449704142,
        0.8816568047337278,
        0.8727810650887574,
        0.8727810650887574,
        0.8816568047337278,
        0.878698224852071,
        0.878698224852071,
        0.878698224852071,
        0.8816568047337278,
        0.878698224852071,
        0.878698224852071
    ],
    "val_f1": [
        0.0,
        0.041666666666666664,
        0.28205128205128205,
        0.45977011494252873,
        0.4943820224719101,
        0.5,
        0.4166666666666667,
        0.5346534653465347,
        0.4810126582278481,
        0.4,
        0.45517241379310347,
        0.5,
        0.47619047619047616,
        0.5050505050505051,
        0.4675324675324675,
        0.4918032786885246,
        0.49295774647887325,
        0.4935064935064935,
        0.5060240963855421,
        0.5,
        0.5360824742268041,
        0.4935064935064935,
        0.4827586206896552,
        0.5142857142857142,
        0.5063291139240507,
        0.5333333333333333,
        0.5,
        0.4819277108433735,
        0.4819277108433735,
        0.5,
        0.4675324675324675,
        0.49382716049382713,
        0.4810126582278481,
        0.47368421052631576,
        0.4675324675324675,
        0.4810126582278481
    ],