{
    "train_loss": [
        1.2018266833105753,
        1.058982512285543,
        0.87494430639023,
        0.7513119668461555,
        0.6508400996410569,
        0.6486564701379731,
        0.6063282477647759,
        0.4898684010949246,
        0.5169296444848527,
        0.43765971515067786,
        0.37842995838023896,
        0.27367773643413257,
        0.36094038690938507,
        0.30376709954336634,
        0.21687035392536674,
        0.15173943028893583,
        0.12385872517560803,
        0.10404004075369516,
        0.11425333330407739,
        0.15661859284913124,
        0.09917375933227324,
        0.08969046749434499
    ],
    "train_acc": [
        0.8670605612998523,
        0.827178729689808,
        0.8330871491875923,
        0.880354505169867,
        0.8833087149187593,
        0.8847858197932054,
        0.8951255539143279,
        0.9106351550960118,
        0.9113737075332349,
        0.9150664697193501,
        0.9357459379615952,
        0.947562776957164,
        0.9231905465288035,
        0.9497784342688331,
        0.9608567208271788,
        0.9704579025110783,
        0.9734121122599705,
        0.9800590841949779,
        0.9785819793205317,
        0.9682422451994092,
        0.9800590841949779,
        0.98301329394387
    ],
    "train_f1": [
        0.0,
        0.3314285714285714,
        0.5150214592274678,
        0.6105769230769231,
        0.639269406392694,
        0.6372093023255814,
        0.6757990867579908,
        0.724373576309795,
        0.7115384615384616,
        0.7368421052631579,
        0.7841191066997518,
        0.8255528255528255,
        0.7636363636363637,
        0.8291457286432161,
        0.8691358024691358,
        0.8984771573604061,
        0.9081632653061225,
        0.9298701298701298,
        0.9246753246753247,
        0.8922305764411027,
        0.9295039164490861,
        0.9393139841688655
    ],
    "train_mcc": [
        0.0,
        0.23241006800001307,
        0.4369020021032481,
        0.548338548535201,
        0.5854838183344844,
        0.5817619327399446,
        0.6297960089451546,
        0.6889699860077382,
        0.6687563669217216,
        0.7035842500752225,
        0.7527933017044516,
        0.8025911744654516,
        0.7369282681621342,
        0.8050654233814772,
        0.8537417867033998,
        0.8858588210878299,
        0.8968256284253043,
        0.9209429344919876,
        0.9148740144112825,
        0.8795955111036491,
        0.9201907497498825,
        0.9310491184255153
    ],
    "val_loss": [
        1.182193235917525,
        1.0085861466147683,
        1.2164552238854496,
        0.9858012199401855,
        1.2937311204996975,
        1.1085867394100537,
        0.8911732760342684,
        1.1132102446122603,
        1.664328553459861,
        1.0378870422189885,
        1.6124128509651532,
        1.5607604384422302,
        2.747188009999015,
        1.7923468893224543,
        2.250284866853194,
        2.606238370591944,
        3.48813181031834,
        3.6912550005045803,
        3.848377189852975,
        4.068558370525187,
        4.334505232897672,
        3.991459987380288
    ],
    "val_acc": [
        0.8698224852071006,
        0.8284023668639053,
        0.878698224852071,
        0.7692307692307693,
        0.8816568047337278,
        0.8579881656804734,
        0.863905325443787,
        0.8698224852071006,
        0.8875739644970414,
        0.7958579881656804,
        0.863905325443787,
        0.834319526627219,
        0.8727810650887574,
        0.8550295857988166,
        0.8579881656804734,
        0.8609467455621301,
        0.8698224852071006,
        0.8609467455621301,
        0.8698224852071006,
        0.8816568047337278,
        0.8816568047337278,
        0.8579881656804734
    ],
    "val_f1": [
        0.043478260869565216,
        0.3958333333333333,
        0.36923076923076925,
        0.4657534246575342,
        0.4594594594594595,
        0.52,
        0.5306122448979592,
        0.5,
        0.5,
        0.49635036496350365,
        0.4888888888888889,
        0.4716981132075472,
        0.4266666666666667,
        0.46153846153846156,
        0.4666666666666667,
        0.5052631578947369,
        0.4634146341463415,
        0.43373493975903615,
        0.5,
        0.5121951219512195,
        0.5,
        0.45454545454545453
    ],
    "val_mcc": [
        0.13899929670328995,
        0.2970765456623599,
        0.34464213312800024,
        0.39104106939808403,
        0.40856623021940935,
        0.4406777869310228,
        0.4537149294832032,
        0.4253597010788446,
        0.4487647988712715,
        0.4256022978656446,
        0.4103905953735305,
        0.38221768667528366,
        0.367651201855001,
        0.3778199275308012,
        0.38475540386803186,
        0.42542646296240116,
        0.3925626480391056,
        0.3567683221790249,
        0.4253597010788446,
        0.4483483007770571,
        0.4384836025729772,
        0.3730886307408517
    ]
}