{
    "train_loss": [
        1.1874234967453534,
        1.0316270964090215,
        0.9729530922202176,
        0.8483820647694343,
        0.7642753782660462,
        0.6880189617012822,
        0.6048871129751205,
        0.6443768608015638,
        0.5503187176100043,
        0.5853102155203043,
        0.5497638399517814,
        0.3977814789774806,
        0.4371200278401375,
        0.4447884627206381,
        0.3393550414678662,
        0.41702480059723523,
        0.47013893758141717,
        0.2817443889933963,
        0.23701080567268437,
        0.19262044590919516,
        0.19343470088964285,
        0.18000589523377808,
        0.2065290920003209,
        0.13263763566393144,
        0.12828693513996725,
        0.13234893483824509
    ],
    "train_acc": [
        0.8633677991137371,
        0.793205317577548,
        0.8175775480059084,
        0.8404726735598228,
        0.8774002954209749,
        0.8906942392909897,
        0.9069423929098966,
        0.8995568685376661,
        0.9254062038404727,
        0.9062038404726735,
        0.9106351550960118,
        0.931314623338257,
        0.9231905465288035,
        0.9135893648449039,
        0.9394387001477105,
        0.9217134416543574,
        0.9106351550960118,
        0.94903988183161,
        0.9542097488921714,
        0.9586410635155096,
        0.9571639586410635,
        0.9697193500738552,
        0.9542097488921714,
        0.9704579025110783,
        0.9704579025110783,
        0.9726735598227474
    ],
    "train_f1": [
        0.031413612565445025,
        0.4214876033057851,
        0.48,
        0.55,
        0.6121495327102804,
        0.645933014354067,
        0.6971153846153846,
        0.6666666666666666,
        0.7443037974683544,
        0.7011764705882353,
        0.7166276346604216,
        0.7737226277372263,
        0.7511961722488039,
        0.7247058823529412,
        0.8019323671497585,
        0.7568807339449541,
        0.7152941176470589,
        0.8312958435207825,
        0.8465346534653465,
        0.8613861386138614,
        0.8571428571428571,
        0.8951406649616368,
        0.848780487804878,
        0.8974358974358975,
        0.8969072164948454,
        0.9043927648578811
    ],
    "train_mcc": [
        0.03726285059903171,
        0.3210715431541301,
        0.39408642768340396,
        0.48251711749370235,
        0.5513260044182173,
        0.5907204773644584,
        0.651553821437933,
        0.6143910115886194,
        0.7048311168731455,
        0.6579059884263909,
        0.6768622658091549,
        0.7419056024525708,
        0.7164538219856266,
        0.686159312593491,
        0.7761008673937462,
        0.7275967664880646,
        0.674857982926651,
        0.8098518467398395,
        0.8267727511308681,
        0.844336061950649,
        0.8397855933001294,
        0.8813592281484864,
        0.8308505382349891,
        0.8838678766147321,
        0.8829029128671267,
        0.8914954568204922
    ],
    "val_loss": [
        1.0997736074707725,
        1.048480125990781,
        0.9482754631475969,
        0.9809678576209329,
        0.9248702688650652,
        1.004826846447858,
        1.3269255540587686,
        1.2015133012424817,
        1.0052873438054866,
        1.1158358671448447,
        0.894869018684734,
        1.2859181436625393,
        1.1144149398261851,
        1.237218592654575,
        2.0020562681284817,
        2.115125049244274,
        1.7448253401301124,
        2.2304450138048693,
        2.7527593590996484,
        3.053694585507566,
        2.6459261747923764,
        3.2763810347427023,
        2.8068794391371985,
        3.2643506852063267,
        2.9441892856901344,
        4.11577418717471
    ],
    "val_acc": [
        0.8727810650887574,
        0.7544378698224852,
        0.8313609467455622,
        0.849112426035503,
        0.834319526627219,
        0.7988165680473372,
        0.8816568047337278,
        0.8550295857988166,
        0.8609467455621301,
        0.8402366863905325,
        0.8520710059171598,
        0.8520710059171598,
        0.8520710059171598,
        0.8727810650887574,
        0.878698224852071,
        0.8698224852071006,
        0.8550295857988166,
        0.8727810650887574,
        0.863905325443787,
        0.863905325443787,
        0.8609467455621301,
        0.8698224852071006,
        0.8816568047337278,
        0.8727810650887574,
        0.8579881656804734,
        0.8668639053254438
    ],
    "val_f1": [
        0.2711864406779661,
        0.39416058394160586,
        0.47706422018348627,
        0.43956043956043955,
        0.4909090909090909,
        0.4603174603174603,
        0.4444444444444444,
        0.449438202247191,
        0.5252525252525253,
        0.4489795918367347,
        0.5535714285714286,
        0.4791666666666667,
        0.5454545454545454,
        0.5376344086021505,
        0.4383561643835616,
        0.3125,
        0.449438202247191,
        0.5057471264367817,
        0.4888888888888889,
        0.43902439024390244,
        0.4946236559139785,
        0.47619047619047616,
        0.5454545454545454,
        0.49411764705882355,
        0.5,
        0.43037974683544306
    ],
    "val_mcc": [
        0.26818356650196695,
        0.28863616120213603,
        0.3885394769304007,
        0.35242153144778393,
        0.40539992353350923,
        0.3716379154557959,
        0.3984948551739176,
        0.3660056807462288,
        0.4471203191253109,
        0.3579125579915133,
        0.4823378328592423,
        0.39439844770634114,
        0.47169173492892585,
        0.4642917435717665,
        0.38773840375509944,
        0.28245493911951114,
        0.3660056807462288,
        0.43318089817847977,
        0.4103905953735305,
        0.36466982167012985,
        0.4143932986346418,
        0.40364178408518264,
        0.47763077141683746,
        0.42260415161271686,
        0.41872892321733646,
        0.36114722720986514
    ]
}