{
    "train_loss": [
        1.444025720384988,
        0.952818288044496,
        0.9095011319626461,
        2.1865377778356727,
        0.9195859818295999,
        0.8771704448895021,
        0.8329956450245597,
        0.8038784245198424,
        0.6561627411706881,
        0.6100967045534741,
        0.9586708376353438,
        0.7572024390101433,
        0.7854983159764246,
        0.7071225785396316,
        0.7282041301104155,
        0.6019922423769127
    ],
    "train_acc": [
        0.9550641940085592,
        0.8502139800285307,
        0.833808844507846,
        0.8530670470756063,
        0.8473609129814551,
        0.81811697574893,
        0.8174037089871612,
        0.8359486447931527,
        0.8359486447931527,
        0.8601997146932953,
        0.7902995720399429,
        0.8052781740370899,
        0.8323823109843081,
        0.8273894436519258,
        0.8309557774607703,
        0.8473609129814551
    ],
    "train_f1": [
        0.16,
        0.20454545454545456,
        0.19931271477663232,
        0.22556390977443608,
        0.21323529411764705,
        0.2006269592476489,
        0.20496894409937888,
        0.21232876712328766,
        0.22818791946308725,
        0.25190839694656486,
        0.16477272727272727,
        0.20408163265306123,
        0.2140468227424749,
        0.22435897435897437,
        0.2280130293159609,
        0.2517482517482518
    ],
    "train_mcc": [
        0.13775579127155888,
        0.23703801091516374,
        0.23986706532684313,
        0.27010743525264524,
        0.2538447418442256,
        0.2534412268199845,
        0.2620688233610559,
        0.2612540615047727,
        0.2897652820644932,
        0.3082898541329374,
        0.20281477573072845,
        0.26946553880549173,
        0.26716094109508165,
        0.2902537396299687,
        0.2939022509063444,
        0.32144065314266956
    ],
    "val_loss": [
        0.6798127686435526,
        0.889219270511107,
        3.4591518586332146,
        0.931780831380324,
        0.6741937398910522,
        0.7450541935183785,
        0.7649153633551165,
        0.5701156963001598,
        0.8166016963395205,
        0.5015481981364164,
        1.009636570106853,
        0.8709172227165916,
        0.7588645653291182,
        0.6207649314945395,
        0.9477397962050005,
        0.7004454406824979
    ],
    "val_acc": [
        0.8857142857142857,
        0.9171428571428571,
        0.7971428571428572,
        0.7628571428571429,
        0.7942857142857143,
        0.8114285714285714,
        0.8171428571428572,
        0.8171428571428572,
        0.7571428571428571,
        0.86,
        0.6971428571428572,
        0.66,
        0.7514285714285714,
        0.84,
        0.6314285714285715,
        0.8114285714285714
    ],
    "val_f1": [
        0.3103448275862069,
        0.2564102564102564,
        0.20224719101123595,
        0.1941747572815534,
        0.21739130434782608,
        0.23255813953488372,
        0.23809523809523808,
        0.23809523809523808,
        0.15841584158415842,
        0.2898550724637681,
        0.15873015873015872,
        0.14388489208633093,
        0.18691588785046728,
        0.2222222222222222,
        0.1342281879194631,
        0.1951219512195122
    ],
    "val_mcc": [
        0.38031872871446337,
        0.2595146515807286,
        0.2766141251597293,
        0.2850923926716851,
        0.3100423444953945,
        0.32563346219758554,
        0.3312067831843801,
        0.3312067831843801,
        0.21113088466305305,
        0.38087373968711763,
        0.24357879382911277,
        0.22447181760574045,
        0.2769714055468549,
        0.2797853345669709,
        0.21129750503181607,
        0.2521362157143335
    ]
}