{
    "train_loss": [
        2.5543014935471793,
        1.2381061633879489,
        0.898637165400115,
        0.9890347329730337,
        0.9210894690318541,
        1.0199678899212317,
        1.1745104617015882,
        0.6776376828889955,
        0.6804185550321232,
        0.6903161320158027,
        0.6786599931391802,
        0.5600614503703334,
        0.4802031355317343,
        0.6516019635918465,
        0.6839688105339353,
        0.628924023868008,
        0.40714042667638173,
        0.3623351449654861,
        0.6234039928425442,
        0.3927926638756286,
        0.28876245682212437,
        0.3908272856338458,
        0.29182527802715247,
        0.23724402698942207,
        0.18239472635005685,
        0.15210281375700355,
        0.16162222200496631,
        0.15044914901425893,
        0.1324015520936386,
        0.11408908886369318,
        0.1177745817694813,
        0.1283270863562145,
        0.12404362617102875,
        0.11311118940780447,
        0.09076475554188206,
        0.1050096826352687,
        0.08506539454207417,
        0.08450054888618813,
        0.07909521518740803,
        0.07357536995021458,
        0.07913231609431519,
        0.09466849274891005,
        0.08516312925150321
    ],
    "train_acc": [
        0.9579172610556348,
        0.8466476462196861,
        0.8074179743223966,
        0.8038516405135521,
        0.8102710413694721,
        0.7924393723252496,
        0.833808844507846,
        0.8537803138373752,
        0.8281027104136948,
        0.8880171184022825,
        0.8373751783166904,
        0.8687589158345221,
        0.8537803138373752,
        0.8509272467902995,
        0.8644793152639088,
        0.8666191155492154,
        0.8980028530670471,
        0.9286733238231099,
        0.8744650499286734,
        0.8851640513552068,
        0.9336661911554922,
        0.8980028530670471,
        0.9243937232524965,
        0.9507845934379457,
        0.9600570613409415,
        0.9671897289586305,
        0.9671897289586305,
        0.9707560627674751,
        0.9736091298145506,
        0.9764621968616263,
        0.9743223965763196,
        0.9707560627674751,
        0.9778887303851641,
        0.9714693295292439,
        0.9757489300998573,
        0.9793152639087018,
        0.9835948644793152,
        0.9800285306704708,
        0.9821683309557775,
        0.9835948644793152,
        0.9835948644793152,
        0.9835948644793152,
        0.9828815977175464
    ],
    "train_f1": [
        0.09230769230769231,
        0.21245421245421245,
        0.18181818181818182,
        0.1691842900302115,
        0.17391304347826086,
        0.18028169014084508,
        0.21548821548821548,
        0.2379182156133829,
        0.23003194888178913,
        0.2831050228310502,
        0.25,
        0.28125,
        0.2756183745583039,
        0.26148409893992935,
        0.2857142857142857,
        0.299625468164794,
        0.35294117647058826,
        0.43820224719101125,
        0.3125,
        0.33195020746887965,
        0.4624277456647399,
        0.35874439461883406,
        0.43617021276595747,
        0.5369127516778524,
        0.5942028985507246,
        0.640625,
        0.640625,
        0.6611570247933884,
        0.6890756302521008,
        0.7130434782608696,
        0.6949152542372882,
        0.6666666666666666,
        0.7155963302752294,
        0.6721311475409836,
        0.7068965517241379,
        0.7387387387387387,
        0.780952380952381,
        0.7454545454545455,
        0.7663551401869159,
        0.780952380952381,
        0.780952380952381,
        0.7766990291262136,
        0.7692307692307693
    ],
    "train_mcc": [
        0.07500225404967727,
        0.2530721559959939,
        0.22550055047376838,
        0.20400412033248022,
        0.20919495800601196,
        0.2316935678997362,
        0.2686092580512215,
        0.2906039977097096,
        0.3002402025832241,
        0.32798558704389663,
        0.3286674278667469,
        0.34907794439284284,
        0.35759677761081293,
        0.3351930470624905,
        0.3623725485096475,
        0.3844119495720679,
        0.42692337150112386,
        0.4988958126258318,
        0.39607194569286597,
        0.4133956658986308,
        0.5238705018415558,
        0.4367777321368351,
        0.5071378922324951,
        0.5849074263641008,
        0.6366228968685376,
        0.6747860812567712,
        0.6747860812567712,
        0.6873092843367393,
        0.7150881100295244,
        0.7352686402873411,
        0.7199883053378558,
        0.69637457300085,
        0.7293404633063714,
        0.7009253467035363,
        0.7300753670930501,
        0.7571221609629334,
        0.7935986776271247,
        0.7628750213106261,
        0.7808976700907221,
        0.7935986776271247,
        0.7935986776271247,
        0.7863083878527803,
        0.7797365177092029
    ],
    "val_loss": [
        1.0287192355502734,
        0.6756916019049558,
        0.7391968315297907,
        0.9554714668880809,
        0.6807961491021243,
        0.7795624976808374,
        0.6099139153957367,
        0.5977659333835948,
        0.5196440463716333,
        0.5740759128873999,
        0.5677204023707997,
        0.5964069854129445,
        1.0675089278004386,
        0.6068655374375257,
        0.6795869876037944,
        0.8017254187302156,
        0.9604748792269013,
        0.7674299803647128,
        0.6637155359441583,
        0.8869634704156355,
        1.4342439696192741,
        0.6766980940645392,
        1.143900072032755,
        1.4362986677072265,
        1.7290814038027416,
        2.114178242331201,
        2.3164424855600703,
        2.543114797635512,
        2.633917491205714,
        2.5278718041425403,
        2.9871513556096363,
        2.6603483774445276,
        2.396469517441636,
        2.6164536090059713,
        3.1844262426549736,
        3.3691952926191417,
        3.3500436195595698,
        3.45074740704149,
        3.6098854931240734,
        3.7633194415406748,
        3.822994689372453,
        3.8129874156279997,
        3.6885013295845552
    ],
    "val_acc": [
        0.84,
        0.8085714285714286,
        0.7514285714285714,
        0.5685714285714286,
        0.7514285714285714,
        0.82,
        0.7885714285714286,
        0.7857142857142857,
        0.8828571428571429,
        0.7771428571428571,
        0.8514285714285714,
        0.7742857142857142,
        0.82,
        0.8228571428571428,
        0.8685714285714285,
        0.9028571428571428,
        0.8714285714285714,
        0.7857142857142857,
        0.7571428571428571,
        0.7628571428571429,
        0.8771428571428571,
        0.7742857142857142,
        0.8828571428571429,
        0.8914285714285715,
        0.9057142857142857,
        0.92,
        0.9257142857142857,
        0.9371428571428572,
        0.9371428571428572,
        0.9285714285714286,
        0.9342857142857143,
        0.9257142857142857,
        0.9171428571428571,
        0.9228571428571428,
        0.9342857142857143,
        0.94,
        0.9371428571428572,
        0.9371428571428572,
        0.9371428571428572,
        0.9371428571428572,
        0.9371428571428572,
        0.9342857142857143,
        0.9342857142857143
    ],