{
    "train_loss": [
        1.6347322423349728,
        1.0305764211172408,
        1.2564221640879458,
        1.0301806269721552,
        1.0250877379016443,
        0.8763520284132524,
        0.9935583756728605,
        0.8727388632568446,
        0.9060134467753497,
        0.7299725074659694,
        0.9606628478928045,
        0.8003425720063123,
        0.7826108532873067,
        0.9593429138714616,
        0.7796856002374128,
        0.8024780133908446,
        0.7345119491219521,
        0.6633950099349022,
        0.6928123791109432,
        0.6861454580317844,
        0.6400879127058116,
        0.7624640661207113,
        0.710189198228446,
        0.6422102810306982,
        0.5794399414550174,
        0.6554825478656725,
        0.5608350522816181,
        0.4952952499416741,
        0.5070995657958768,
        0.5767518271776763,
        0.4650229625403881,
        0.4902981340207837,
        0.40116230804811825,
        0.356392576189881,
        0.3466422092169523,
        0.2768305895680731,
        0.29492777289653366,
        0.33788397967476735,
        0.26804176650264044,
        0.2245671096342531,
        0.22093697848983787,
        0.2503934578377415
    ],
    "train_acc": [
        0.8858773181169758,
        0.7332382310984308,
        0.8067047075606276,
        0.7995720399429387,
        0.7931526390870185,
        0.8295292439372325,
        0.7746077032810271,
        0.8266761768901569,
        0.8680456490727532,
        0.8573466476462197,
        0.855206847360913,
        0.775320970042796,
        0.8316690442225392,
        0.8259629101283881,
        0.8395149786019972,
        0.8537803138373752,
        0.8416547788873039,
        0.8659058487874465,
        0.862339514978602,
        0.8701854493580599,
        0.8758915834522111,
        0.8937232524964337,
        0.890870185449358,
        0.8673323823109843,
        0.9015691868758916,
        0.8880171184022825,
        0.884450784593438,
        0.9115549215406562,
        0.8994293865905849,
        0.8737517831669044,
        0.9172610556348074,
        0.9165477888730386,
        0.9343794579172611,
        0.9386590584878745,
        0.9443651925820257,
        0.9514978601997147,
        0.9457917261055635,
        0.9329529243937232,
        0.9579172610556348,
        0.9629101283880172,
        0.9600570613409415,
        0.956490727532097
    ],
    "train_f1": [
        0.10112359550561797,
        0.14220183486238533,
        0.1609907120743034,
        0.18075801749271136,
        0.16666666666666666,
        0.19528619528619529,
        0.17277486910994763,
        0.18181818181818182,
        0.21940928270042195,
        0.2248062015503876,
        0.21621621621621623,
        0.17754569190600522,
        0.1917808219178082,
        0.20261437908496732,
        0.2049469964664311,
        0.22641509433962265,
        0.23448275862068965,
        0.25396825396825395,
        0.24313725490196078,
        0.2601626016260163,
        0.2689075630252101,
        0.2938388625592417,
        0.29493087557603687,
        0.2619047619047619,
        0.31683168316831684,
        0.26976744186046514,
        0.3017241379310345,
        0.3541666666666667,
        0.33175355450236965,
        0.2716049382716049,
        0.3829787234042553,
        0.37433155080213903,
        0.4457831325301205,
        0.4691358024691358,
        0.4868421052631579,
        0.5342465753424658,
        0.5,
        0.45348837209302323,
        0.5693430656934306,
        0.6060606060606061,
        0.5882352941176471,
        0.5413533834586466
    ],
    "train_mcc": [
        0.07119238466793275,
        0.18302191033503795,
        0.1874866460958972,
        0.2282759743260653,
        0.20495600438083444,
        0.23573651191052555,
        0.22721914344454303,
        0.21382134781672826,
        0.24742311117826107,
        0.26514542306733496,
        0.2526244957569382,
        0.23656280655378997,
        0.22812769863693413,
        0.2513931687654496,
        0.2455781248692007,
        0.27093263849405874,
        0.29595171512427304,
        0.3058062838762397,
        0.2912347292167079,
        0.3115729569416648,
        0.3196294186025055,
        0.3375567995777515,
        0.3430989191131302,
        0.31764568989050224,
        0.36237580909772205,
        0.30701601721415894,
        0.3629931080653231,
        0.4039886996391462,
        0.38943169084246787,
        0.3265979079993472,
        0.43804768477841305,
        0.425915826941435,
        0.4953371251943355,
        0.5195097980970246,
        0.5292083244910322,
        0.5778461017638904,
        0.5448867487442796,
        0.5115394890676517,
        0.6066516526166686,
        0.6416014798720935,
        0.6269387308690546,
        0.5694640704967834
    ],
    "val_loss": [
        1.009536943652413,
        1.0711168348789215,
        0.697873053225604,
        0.7805464755405079,
        0.8613247546282682,
        0.9493636597286571,
        0.6811009591275995,
        0.7775938836011019,
        0.7412915866483342,
        0.6044609478928826,
        0.7007980292493646,
        0.7892845489762046,
        0.8693495176055215,
        0.8891365365548567,
        0.6387295316566121,
        0.7397538884119554,
        0.5803339806470004,
        0.5457439097491178,
        0.6633541854945096,
        0.6172455982728438,
        0.6169140853665092,
        0.6807268045165322,
        0.649929856712168,
        0.6121981685811823,
        0.5607302595268596,
        0.6298481144688346,
        0.8541257909753106,
        0.5730652280829169,
        0.6898951015689156,
        0.5632129027084871,
        0.5207553248513829,
        0.5200980549508875,
        0.5839725800535895,
        0.6970726075497541,
        0.6470747322521426,
        1.0704965042797001,
        1.3349777189168064,
        0.7526069364764474,
        0.9595746770501137,
        1.3008829612623563,
        1.5061593377454714,
        0.7962993457913399
    ],
    "val_acc": [
        0.6085714285714285,
        0.9228571428571428,
        0.8,
        0.8485714285714285,
        0.8542857142857143,
        0.6542857142857142,
        0.82,
        0.8,
        0.9285714285714286,
        0.8171428571428572,
        0.7885714285714286,
        0.8228571428571428,
        0.6314285714285715,
        0.6542857142857142,
        0.8342857142857143,
        0.7971428571428572,
        0.8885714285714286,
        0.8514285714285714,
        0.8457142857142858,
        0.8714285714285714,
        0.8857142857142857,
        0.8885714285714286,
        0.8257142857142857,
        0.8742857142857143,
        0.8828571428571429,
        0.8857142857142857,
        0.9257142857142857,
        0.9057142857142857,
        0.8771428571428571,
        0.8657142857142858,
        0.8857142857142857,
        0.9028571428571428,
        0.9228571428571428,
        0.92,
        0.9028571428571428,
        0.9057142857142857,
        0.9171428571428571,
        0.9114285714285715,
        0.9114285714285715,
        0.92,
        0.92,
        0.8971428571428571
    ],