{
    "train_loss": [
        0.7394339011775123,
        0.5749098966519038,
        0.37534722901052897,
        0.39587995376851826,
        0.42271926171249813,
        0.3699787240061495,
        0.36750827721423573,
        0.34734951340489917,
        0.31377967608471713,
        0.37671794129742514,
        0.3091756732927428,
        0.2849288672208786,
        0.2655550442636013,
        0.25784949850704936,
        0.2211442777680026,
        0.24874816942546102,
        0.20924579915073183,
        0.19393263186017673,
        0.19573022959132988,
        0.18137288639942806,
        0.1727351379684276,
        0.168590598874208,
        0.16663818223815824,
        0.16769300234607523,
        0.13406966243767077,
        0.12862533099121518,
        0.12280811669511928,
        0.11267350481616126,
        0.10850768597382639,
        0.09599199254686634,
        0.09487688406887981,
        0.09103777300462955,
        0.09526506200846699,
        0.09242745656520128,
        0.09481207411218849,
        0.08175328738159604
    ],
    "train_acc": [
        0.8846960167714885,
        0.8839972047519218,
        0.9168413696715584,
        0.9000698812019566,
        0.9182389937106918,
        0.9273235499650594,
        0.9252271139063591,
        0.9364081062194269,
        0.9454926624737946,
        0.9077568134171907,
        0.9426974143955276,
        0.9454926624737946,
        0.9475890985324947,
        0.9510831586303284,
        0.9566736547868623,
        0.9545772187281621,
        0.9622641509433962,
        0.9629629629629629,
        0.9671558350803634,
        0.9678546470999301,
        0.9713487071977638,
        0.973445143256464,
        0.9706498951781971,
        0.9699510831586303,
        0.973445143256464,
        0.9769392033542977,
        0.976240391334731,
        0.9776380153738644,
        0.9790356394129979,
        0.9811320754716981,
        0.983927323549965,
        0.9846261355695318,
        0.9818308874912649,
        0.9825296995108316,
        0.9797344514325647,
        0.983927323549965
    ],
    "train_f1": [
        0.555256064690027,
        0.6278026905829597,
        0.7104622871046229,
        0.6697459584295612,
        0.7096774193548387,
        0.7360406091370558,
        0.727735368956743,
        0.7586206896551724,
        0.7868852459016393,
        0.6886792452830188,
        0.7842105263157895,
        0.7891891891891892,
        0.7978436657681941,
        0.8087431693989071,
        0.8287292817679558,
        0.821917808219178,
        0.8491620111731844,
        0.8515406162464986,
        0.8660968660968661,
        0.867816091954023,
        0.881159420289855,
        0.8895348837209303,
        0.8786127167630058,
        0.8753623188405797,
        0.8895348837209303,
        0.9032258064516129,
        0.9,
        0.9064327485380117,
        0.9122807017543859,
        0.9203539823008849,
        0.9313432835820895,
        0.9337349397590361,
        0.9230769230769231,
        0.9244712990936556,
        0.9144542772861357,
        0.9313432835820895
    ],
    "train_mcc": [
        0.49927643625906515,
        0.6045783417773938,
        0.6925810258342986,
        0.6515270396203326,
        0.6887007052479961,
        0.7169013266018827,
        0.7067052606564905,
        0.7378084187868791,
        0.7674033943199965,
        0.6711948006389049,
        0.7687681979582224,
        0.7712789431127334,
        0.7816660624692001,
        0.7927497050173126,
        0.8146613961526931,
        0.8077091510029976,
        0.8370355944189887,
        0.8394775039538569,
        0.8544984612001145,
        0.8556780370278493,
        0.8701886912940089,
        0.8795100569737125,
        0.8675249539282609,
        0.8635660605302836,
        0.8795100569737125,
        0.8944133033398397,
        0.8905125094574873,
        0.8983047813123669,
        0.9049725587377283,
        0.9134587801894024,
        0.9250875916641992,
        0.9272283932869811,
        0.9163317442641713,
        0.9165617412148336,
        0.9067446554644526,
        0.9250875916641992
    ],
    "val_loss": [
        0.3454209690292676,
        0.3474680418148637,
        0.4184226244688034,
        0.353194543470939,
        0.38198941200971603,
        0.29676358588039875,
        0.326032099314034,
        0.4029922354966402,
        0.36256271538635093,
        0.325983972599109,
        0.5319550447165966,
        0.4392250310629606,
        0.43283190531656146,
        0.47400787208850187,
        0.44041420907403034,
        0.4994253773863117,
        0.5770962195626149,
        0.6541783742140979,
        0.6766921790937582,
        0.6522041869660219,
        0.7155400260041157,
        0.8767483830451965,
        0.7531499424949288,
        0.8469521631292688,
        0.8190335015145441,
        0.9146906816555808,
        0.9029706763103604,
        0.9624206695395211,
        0.967457555734048,
        1.0361064334089558,
        1.020595176029019,
        1.0221536105746054,
        1.947047529160045,
        1.025954088040938,
        1.0617363353570302,
        1.0911440926914413
    ],
    "val_acc": [
        0.9159663865546218,
        0.8683473389355743,
        0.9355742296918768,
        0.9411764705882353,
        0.876750700280112,
        0.9243697478991597,
        0.9411764705882353,
        0.8935574229691877,
        0.8795518207282913,
        0.9131652661064426,
        0.9411764705882353,
        0.8795518207282913,
        0.9103641456582633,
        0.9103641456582633,
        0.9243697478991597,
        0.927170868347339,
        0.9215686274509803,
        0.9439775910364145,
        0.9467787114845938,
        0.9439775910364145,
        0.9495798319327731,
        0.8907563025210085,
        0.927170868347339,
        0.9495798319327731,
        0.9439775910364145,
        0.9467787114845938,
        0.9411764705882353,
        0.9467787114845938,
        0.9467787114845938,
        0.938375350140056,
        0.9495798319327731,
        0.9439775910364145,
        0.9411764705882353,
        0.9439775910364145,
        0.9439775910364145,
        0.9495798319327731
    ],
    "val_f1": [
        0.7115384615384616,
        0.6178861788617886,
        0.7294117647058823,
        0.7341772151898734,
        0.6271186440677966,
        0.7157894736842105,
        0.7529411764705882,
        0.6415094339622641,
        0.6386554621848739,
        0.6804123711340206,
        0.7407407407407407,
        0.6126126126126126,
        0.673469387755102,
        0.673469387755102,
        0.7096774193548387,
        0.6976744186046512,
        0.6956521739130435,
        0.7560975609756098,
        0.7710843373493976,
        0.7619047619047619,
        0.7804878048780488,
        0.6138613861386139,
        0.7111111111111111,
        0.7567567567567568,
        0.7619047619047619,
        0.7710843373493976,
        0.7529411764705882,
        0.759493670886076,
        0.759493670886076,
        0.7380952380952381,
        0.775,
        0.7560975609756098,
        0.7469879518072289,
        0.7619047619047619,
        0.7619047619047619,
        0.7804878048780488
    ],