{
    "train_loss": [
        0.7009923083914651,
        0.44391012324227225,
        0.37446347888973025,
        0.34938887192143336,
        0.3794571101665497,
        0.34146986338827345,
        0.32528368764453464,
        0.3090527027845383,
        0.3266962294777234,
        0.29004775597196486,
        0.2687471379422479,
        0.2567905504670408,
        0.2232500158664253,
        0.17837587263849047,
        0.13671426568180323,
        0.1180366191185183,
        0.19204422634922796,
        0.2321724146604538,
        0.18767863507899973,
        0.1272958415043023,
        0.09120280709531572,
        0.09915883869139684,
        0.0944282442641755,
        0.08197087843695448,
        0.10073423441499471,
        0.07440006732940674,
        0.061739918237759005,
        0.05737720870335276,
        0.0564399639920642,
        0.05438800177588645,
        0.05197606431061609,
        0.046070730389975424,
        0.047926241784201316,
        0.04478798968225924,
        0.04164853796440487,
        0.040034816527946125,
        0.04226962760246048,
        0.039084349948421325,
        0.036007957672700285,
        0.03776764706708491,
        0.03641061162537274,
        0.04110803928795374,
        0.038359952080322224,
        0.035187296067467996,
        0.03785111871547997,
        0.03678148208224836
    ],
    "train_acc": [
        0.9140461215932913,
        0.9168413696715584,
        0.9329140461215933,
        0.9259259259259259,
        0.9196366177498253,
        0.9133473095737247,
        0.9364081062194269,
        0.9357092941998603,
        0.9294199860237596,
        0.9406009783368274,
        0.9503843466107617,
        0.9531795946890287,
        0.9629629629629629,
        0.9664570230607966,
        0.9692522711390635,
        0.973445143256464,
        0.9538784067085954,
        0.9503843466107617,
        0.9482879105520615,
        0.976240391334731,
        0.9832285115303984,
        0.9832285115303984,
        0.9776380153738644,
        0.986722571628232,
        0.9790356394129979,
        0.9874213836477987,
        0.989517819706499,
        0.9916142557651991,
        0.9916142557651991,
        0.9909154437456325,
        0.9909154437456325,
        0.9937106918238994,
        0.9937106918238994,
        0.9930118798043326,
        0.9937106918238994,
        0.9937106918238994,
        0.9937106918238994,
        0.9930118798043326,
        0.9951083158630328,
        0.9951083158630328,
        0.9944095038434662,
        0.9937106918238994,
        0.9944095038434662,
        0.9951083158630328,
        0.9944095038434662,
        0.9951083158630328
    ],
    "train_f1": [
        0.6095238095238096,
        0.7090464547677262,
        0.7512953367875648,
        0.7295918367346939,
        0.7188264058679706,
        0.7061611374407583,
        0.762402088772846,
        0.7628865979381443,
        0.7468671679197995,
        0.7792207792207793,
        0.8075880758807588,
        0.8174386920980926,
        0.8507042253521127,
        0.8628571428571429,
        0.8757062146892656,
        0.8901734104046243,
        0.8235294117647058,
        0.8065395095367848,
        0.8052631578947368,
        0.9005847953216374,
        0.9285714285714286,
        0.927710843373494,
        0.9069767441860465,
        0.9422492401215805,
        0.9122807017543859,
        0.9454545454545454,
        0.9541284403669725,
        0.9629629629629629,
        0.9629629629629629,
        0.9597523219814241,
        0.96,
        0.9719626168224299,
        0.9719626168224299,
        0.96875,
        0.9719626168224299,
        0.9717868338557993,
        0.9719626168224299,
        0.968944099378882,
        0.9780564263322884,
        0.9780564263322884,
        0.975,
        0.9719626168224299,
        0.975,
        0.9780564263322884,
        0.9748427672955975,
        0.9780564263322884
    ],
    "train_mcc": [
        0.561268763102303,
        0.690126614373567,
        0.7321539864661295,
        0.708563223482307,
        0.7018815250149351,
        0.6916833067483601,
        0.7442022145414161,
        0.746523774250196,
        0.7316113230064215,
        0.7646911897212999,
        0.7923552729522553,
        0.8031518259346059,
        0.8379330010028614,
        0.8505157058234358,
        0.866389292708076,
        0.8807406349139463,
        0.8126258722173111,
        0.7905035568940035,
        0.793451575689889,
        0.8916370038870055,
        0.9221458350914299,
        0.9204011709663432,
        0.8994227045732598,
        0.9363669741682596,
        0.9049725587377283,
        0.9401566482914281,
        0.9494988086438545,
        0.9590786895625976,
        0.9590786895625976,
        0.9553428606196532,
        0.9558583359321824,
        0.9689069865900966,
        0.9689069865900966,
        0.9652012188190497,
        0.9689069865900966,
        0.9685449935977584,
        0.9689069865900966,
        0.9656025978825669,
        0.9756027849166928,
        0.9756027849166928,
        0.9722402357648917,
        0.9689069865900966,
        0.9722402357648917,
        0.9756027849166928,
        0.9719183318599711,
        0.9756027849166928
    ],
    "val_loss": [
        0.2943430145581563,
        0.3525248697648446,
        0.3714963796858986,
        0.3084830654164155,
        0.4099085157116254,
        0.3883155131091674,
        0.294111634294192,
        0.35993528614441556,
        0.3708026433984439,
        0.325100685392196,
        0.44904370109240216,
        0.35897973614434403,
        0.3802334840099017,
        0.4941687158619364,
        0.41136715359364945,
        0.8094346113502979,
        0.3476365573709093,
        0.520023754487435,
        0.43693170805151266,
        0.6028029570358436,
        0.7497907970488692,
        0.7064678186785992,
        0.8667465144147476,
        0.7350929915919551,
        0.7074467187218639,
        0.8188373818059821,
        1.7075498984971393,
        0.8400655115644137,
        0.962505825193754,
        0.8688347868931791,
        0.9967098509368952,
        0.9655864376885196,
        1.0348264370113611,
        0.9528894740700101,
        1.0226355227338597,
        1.0183173015830107,
        1.0260869022458792,
        1.0580220676338286,
        1.0184291680537474,
        1.0414857975517862,
        1.0658648927443817,
        1.0389871701287727,
        1.126436180435121,
        1.086794686644377,
        1.073653698345879,
        1.0703865178628196
    ],
    "val_acc": [
        0.9299719887955182,
        0.938375350140056,
        0.8739495798319328,
        0.9131652661064426,
        0.8375350140056023,
        0.8599439775910365,
        0.9103641456582633,
        0.8683473389355743,
        0.938375350140056,
        0.9411764705882353,
        0.9159663865546218,
        0.938375350140056,
        0.9299719887955182,
        0.9411764705882353,
        0.8991596638655462,
        0.9467787114845938,
        0.8739495798319328,
        0.907563025210084,
        0.938375350140056,
        0.9439775910364145,
        0.9467787114845938,
        0.9439775910364145,
        0.9467787114845938,
        0.9411764705882353,
        0.9411764705882353,
        0.9523809523809523,
        0.9551820728291317,
        0.9523809523809523,
        0.9495798319327731,
        0.9439775910364145,
        0.957983193277311,
        0.9523809523809523,
        0.9523809523809523,
        0.9523809523809523,
        0.9551820728291317,
        0.9523809523809523,
        0.9551820728291317,
        0.957983193277311,
        0.9523809523809523,
        0.9523809523809523,
        0.9551820728291317,
        0.9523809523809523,
        0.9551820728291317,
        0.957983193277311,
        0.9551820728291317,
        0.9523809523809523
    ],