{
    "train_loss": [
        0.9077466676632563,
        0.3866249533163177,
        0.3532795696622796,
        0.3575707255138291,
        0.36588790383603836,
        0.3448742378089163,
        0.3156882024473614,
        0.2696323296262158,
        0.270337363705039,
        0.28044296701749166,
        0.23662378498249584,
        0.2344623063173559,
        0.20022978915108575,
        0.16867274016969733,
        0.14690895169559454,
        0.12262521150211493,
        0.12950557437725366,
        0.1437402459068431,
        0.11567684708990984
    ],
    "train_acc": [
        0.9182389937106918,
        0.9273235499650594,
        0.9294199860237596,
        0.9245283018867925,
        0.9210342417889588,
        0.9308176100628931,
        0.9343116701607268,
        0.944095038434661,
        0.949685534591195,
        0.9475890985324947,
        0.9426974143955276,
        0.9406009783368274,
        0.9531795946890287,
        0.9580712788259959,
        0.9671558350803634,
        0.9720475192173306,
        0.9825296995108316,
        0.9650593990216632,
        0.9713487071977638
    ],
    "train_f1": [
        0.5617977528089888,
        0.7333333333333333,
        0.7430025445292621,
        0.7326732673267327,
        0.7167919799498746,
        0.7455012853470437,
        0.7577319587628866,
        0.7883597883597884,
        0.8064516129032258,
        0.8010610079575596,
        0.783068783068783,
        0.7769028871391076,
        0.8194070080862533,
        0.8369565217391305,
        0.8668555240793201,
        0.8863636363636364,
        0.9253731343283582,
        0.8611111111111112,
        0.8831908831908832
    ],
    "train_mcc": [
        0.5272542512700487,
        0.712311956765119,
        0.7248006178594079,
        0.7165746885462342,
        0.6957800584575162,
        0.7263493124683468,
        0.7404400620873219,
        0.7729347137483389,
        0.7920193308324409,
        0.7874474626009579,
        0.7667412641950463,
        0.7605447106551446,
        0.8067673625767676,
        0.8261430238695083,
        0.8559273772178708,
        0.8780366617355683,
        0.918309716553241,
        0.8514426732644406,
        0.8741057233702345
    ],
    "val_loss": [
        0.43380539615948993,
        0.2876113237192233,
        0.28096038568764925,
        0.29347566949824494,
        0.27829221077263355,
        0.28496528634180623,
        0.28472788430129486,
        0.26016431115567684,
        0.2942867774593954,
        0.2997589754522778,
        0.3323781390984853,
        0.4373478963971138,
        0.4333646110414217,
        0.4976164574424426,
        0.38881362651803403,
        0.573933601010746,
        0.8698128567387661,
        0.43684930839420605,
        0.5707743351037303
    ],
    "val_acc": [
        0.9467787114845938,
        0.907563025210084,
        0.9159663865546218,
        0.9411764705882353,
        0.9131652661064426,
        0.927170868347339,
        0.9327731092436975,
        0.9159663865546218,
        0.8991596638655462,
        0.927170868347339,
        0.8935574229691877,
        0.8431372549019608,
        0.938375350140056,
        0.907563025210084,
        0.907563025210084,
        0.9327731092436975,
        0.9439775910364145,
        0.9327731092436975,
        0.938375350140056
    ],
    "val_f1": [
        0.759493670886076,
        0.6915887850467289,
        0.7,
        0.7692307692307693,
        0.6990291262135923,
        0.723404255319149,
        0.7333333333333333,
        0.7058823529411765,
        0.6727272727272727,
        0.7346938775510204,
        0.6545454545454545,
        0.5625,
        0.75,
        0.6732673267326733,
        0.6796116504854369,
        0.7272727272727273,
        0.7560975609756098,
        0.7391304347826086,
        0.7441860465116279
    ],
    "val_mcc": [
        0.7302867178438885,
        0.6821265976729335,
        0.6809279021498772,
        0.7499647559934978,
        0.6844563873105061,
        0.7002766997485316,
        0.7071456378144494,
        0.6911252848730847,
        0.6640415971718058,
        0.7193101105986055,
        0.6414059769874905,
        0.552636756355443,
        0.7243685221749925,
        0.65028868223566,
        0.6609203701394551,
        0.698197126322703,
        0.7271284502991704,
        0.7161658858874611,
        0.7159525410253363
    ]
}