{
    "train_loss": [
        1.1991929100318388,
        1.1855844381180676,
        1.070239972661842,
        0.9551884071393446,
        0.9304592717777599,
        0.8788401714780114,
        0.8016124320301142,
        0.7877328158779577,
        0.738206261260943,
        0.7674604965881868,
        0.7251225432211702,
        0.6850798223167658,
        0.6583525650203228,
        0.6843752725557848,
        0.6683824329890988,
        0.6517469530755823,
        0.6050139503045515,
        0.642318073998798,
        0.5714376917616888,
        0.6326877854087136,
        0.5946915369819511,
        0.5516955276781862,
        0.559615524316376,
        0.5147087731483307,
        0.5038341083987192,
        0.49904764037240634,
        0.4980817132375457,
        0.486916165121577,
        0.47671618549661204,
        0.4580279812216759,
        0.4743188370696523,
        0.4395314905453812,
        0.44850369881499896
    ],
    "train_acc": [
        0.8690303907380608,
        0.8567293777134588,
        0.8379160636758322,
        0.8299565846599132,
        0.8581765557163531,
        0.8422575976845152,
        0.869753979739508,
        0.8552821997105644,
        0.8704775687409552,
        0.8581765557163531,
        0.8675832127351665,
        0.8784370477568741,
        0.8755426917510853,
        0.8791606367583212,
        0.8690303907380608,
        0.8791606367583212,
        0.877713458755427,
        0.8929088277858177,
        0.8986975397973951,
        0.8856729377713459,
        0.8835021707670043,
        0.8929088277858177,
        0.8965267727930536,
        0.9030390738060782,
        0.9008683068017366,
        0.9052098408104197,
        0.8986975397973951,
        0.9095513748191028,
        0.9052098408104197,
        0.9175108538350217,
        0.9124457308248914,
        0.9109985528219972,
        0.914616497829233
    ],
    "train_f1": [
        0.01092896174863388,
        0.14655172413793102,
        0.35260115606936415,
        0.49023861171366595,
        0.5311004784688995,
        0.5301724137931034,
        0.5754716981132075,
        0.5594713656387665,
        0.6031042128603105,
        0.5701754385964912,
        0.5924276169265034,
        0.625,
        0.6177777777777778,
        0.6280623608017817,
        0.5986696230598669,
        0.6247191011235955,
        0.6252771618625277,
        0.6574074074074074,
        0.6759259259259259,
        0.6488888888888888,
        0.6507592190889371,
        0.672566371681416,
        0.6772009029345373,
        0.6940639269406392,
        0.6879271070615034,
        0.7029478458049887,
        0.6846846846846847,
        0.7165532879818595,
        0.7029478458049887,
        0.7336448598130841,
        0.7218390804597701,
        0.7159353348729792,
        0.7230046948356808
    ],
    "train_mcc": [
        0.06909682464143888,
        0.11934880275535537,
        0.26071012738117155,
        0.4065135141731344,
        0.454455216520169,
        0.45589460218693767,
        0.5074487346222951,
        0.49071886386296504,
        0.5435581528657253,
        0.5040532810126773,
        0.5302685320376684,
        0.5697343324085826,
        0.561276101037626,
        0.5736274712605811,
        0.5381536219704317,
        0.5689084589097141,
        0.5705808073421931,
        0.6063459768462511,
        0.6285815587599994,
        0.5991613175531505,
        0.603752877608526,
        0.628434799930932,
        0.6321526494674451,
        0.651520193706861,
        0.6443163740018844,
        0.6628840881380014,
        0.641426004607201,
        0.6793339865615562,
        0.6628840881380014,
        0.6970359135007421,
        0.6843521917339547,
        0.6768268618560761,
        0.6839136973177471
    ],
    "val_loss": [
        1.1809389157728716,
        1.1309089010412043,
        1.0098955956372349,
        0.9459384950724515,
        0.991822437806563,
        1.0046644319187512,
        1.0514397892084988,
        0.8832531896504489,
        0.8871294476769187,
        0.849633046171882,
        0.8211471926082264,
        0.8796691190112721,
        0.8449580235914751,
        0.8276176777752963,
        0.9039984345436096,
        0.8720875951376829,
        0.8493524464693937,
        0.8541036735881459,
        0.8412649550221183,
        0.8203554451465607,
        0.8245434246279977,
        0.9480572397058661,
        0.8541632701050151,
        0.9238593009385195,
        1.0114560398188503,
        0.9496219564567913,
        1.0139648562127894,
        1.0510405545884913,
        1.0345472747629338,
        0.9985006668350913,
        1.0567313649437644,
        1.210356812585484,
        1.1382469453594901
    ],
    "val_acc": [
        0.8608695652173913,
        0.855072463768116,
        0.8173913043478261,
        0.7797101449275362,
        0.8173913043478261,
        0.8405797101449275,
        0.8463768115942029,
        0.7971014492753623,
        0.8376811594202899,
        0.8405797101449275,
        0.8405797101449275,
        0.8405797101449275,
        0.8289855072463768,
        0.8347826086956521,
        0.8405797101449275,
        0.8405797101449275,
        0.8492753623188406,
        0.8463768115942029,
        0.808695652173913,
        0.8260869565217391,
        0.8434782608695652,
        0.8463768115942029,
        0.8376811594202899,
        0.8434782608695652,
        0.855072463768116,
        0.8405797101449275,
        0.8434782608695652,
        0.8521739130434782,
        0.855072463768116,
        0.8463768115942029,
        0.8463768115942029,
        0.855072463768116,
        0.8521739130434782
    ],
    "val_f1": [
        0.04,
        0.07407407407407407,
        0.4,
        0.4411764705882353,
        0.411214953271028,
        0.4329896907216495,
        0.4536082474226804,
        0.453125,
        0.5,
        0.47619047619047616,
        0.5045045045045045,
        0.46601941747572817,
        0.49572649572649574,
        0.5128205128205128,
        0.4954128440366973,
        0.5045045045045045,
        0.5094339622641509,
        0.5225225225225225,
        0.5074626865671642,
        0.4915254237288136,
        0.4807692307692308,
        0.4854368932038835,
        0.48148148148148145,
        0.4807692307692308,
        0.5,
        0.5132743362831859,
        0.49056603773584906,
        0.5142857142857142,
        0.5192307692307693,
        0.5225225225225225,
        0.5225225225225225,
        0.5,
        0.5048543689320388
    ],
    "val_mcc": [
        0.02504897164340598,
        0.04460536344400504,
        0.2991361832683416,
        0.35409751202577416,
        0.31187839503200426,
        0.34200829972472685,
        0.3660639293689737,
        0.36594091085527947,
        0.4190523705015281,
        0.3899630111914025,
        0.42431185330809834,
        0.3782345781802646,
        0.4152917894492221,
        0.4364707498867656,
        0.41298903395952113,
        0.42431185330809834,
        0.42961001576201474,
        0.44619340628138593,
        0.44047028753835354,
        0.41044645281186115,
        0.3955473001135998,
        0.4012488514557834,
        0.39614379152160045,
        0.3955473001135998,
        0.4191098693059307,
        0.4355229296712323,
        0.4070505857105847,
        0.43537642515293284,
        0.44126382223728217,
        0.44619340628138593,
        0.44619340628138593,
        0.4191098693059307,
        0.4242631247313021
    ]
}