{
    "train_loss": [
        1.210465508428487,
        1.1528933156620373,
        1.0949149016629567,
        1.0242448259483685,
        0.9088341187347065,
        0.7934962138533592,
        0.8007345856590704,
        0.7516067217696797,
        0.7109354578635909,
        0.6809549507769671,
        0.6704615679654208,
        0.6052707232196223,
        0.6090454120527614,
        0.6388390477408062,
        0.6174729364839467,
        0.5534262850203298,
        0.5439646386287429,
        0.5489366139200601,
        0.5049409676681865,
        0.5147453797134486,
        0.4749143583361398,
        0.49330617411231453,
        0.4655117033557458,
        0.43244915404780343,
        0.4488996851511977,
        0.41580251638184895,
        0.3751493966714902,
        0.38189021294767206,
        0.37460364689203823,
        0.3997927089645104,
        0.3550782754001292,
        0.35776165347885003
    ],
    "train_acc": [
        0.8668596237337193,
        0.861794500723589,
        0.8306801736613604,
        0.837192474674385,
        0.8328509406657019,
        0.837192474674385,
        0.8451519536903039,
        0.8574529667149059,
        0.8625180897250362,
        0.8726483357452967,
        0.8726483357452967,
        0.8712011577424024,
        0.8603473227206947,
        0.8632416787264834,
        0.8574529667149059,
        0.8726483357452967,
        0.874095513748191,
        0.8726483357452967,
        0.9001447178002895,
        0.886396526772793,
        0.8849493487698987,
        0.8885672937771346,
        0.8813314037626628,
        0.8994211287988423,
        0.877713458755427,
        0.8972503617945007,
        0.9015918958031838,
        0.9030390738060782,
        0.9073806078147613,
        0.8986975397973951,
        0.9138929088277858,
        0.9182344428364689
    ],
    "train_f1": [
        0.0,
        0.04020100502512563,
        0.25949367088607594,
        0.4155844155844156,
        0.5116279069767442,
        0.5322245322245323,
        0.5427350427350427,
        0.5781584582441114,
        0.5851528384279476,
        0.6140350877192983,
        0.6140350877192983,
        0.6163793103448276,
        0.6085192697768763,
        0.605427974947808,
        0.6144814090019569,
        0.6348547717842323,
        0.640495867768595,
        0.6378600823045267,
        0.6986899563318777,
        0.6694736842105263,
        0.6748466257668712,
        0.6791666666666667,
        0.6680161943319838,
        0.6931567328918322,
        0.6692759295499021,
        0.70042194092827,
        0.7142857142857143,
        0.7112068965517241,
        0.7288135593220338,
        0.7119341563786008,
        0.7429805615550756,
        0.7527352297592997
    ],
    "train_mcc": [
        -0.014825881534837116,
        0.03419034400832417,
        0.16887555362998158,
        0.32198020927779625,
        0.4339193656180541,
        0.46055547179354966,
        0.47186601265240513,
        0.5154844095698454,
        0.5226774649581143,
        0.5577238950997951,
        0.5577238950997951,
        0.5620863636981793,
        0.5587354690240047,
        0.5516095403937671,
        0.571119088117343,
        0.5890780936742368,
        0.5966599208045859,
        0.5938847983814677,
        0.6618402044500595,
        0.6303918257764025,
        0.6412426888177034,
        0.6439070877378636,
        0.6341980948699766,
        0.6537937231868826,
        0.641458320923362,
        0.6685632266362551,
        0.6864350614135188,
        0.6788973013605452,
        0.7031640254795335,
        0.6868687628616315,
        0.7177117435268624,
        0.7277653122820906
    ],
    "val_loss": [
        1.1741117401556536,
        1.1112953966314143,
        1.0305538177490234,
        0.9972919767553156,
        0.9511819752779874,
        0.9867136911912398,
        0.8359740593216636,
        0.862551973624663,
        0.9941416870463978,
        0.812019326470115,
        0.7482756701382723,
        0.8487636094743555,
        0.7557888356122103,
        0.6923687078736045,
        0.7494744062423706,
        0.766015583818609,
        0.691184935244647,
        0.6835740073160692,
        0.693341767246073,
        0.720202313228087,
        0.7401417087424885,
        0.7165393043648113,
        0.7370584823868491,
        0.7968568937344984,
        0.8060351555997675,
        0.7937786172736775,
        0.8740834160284563,
        0.96384028413079,
        0.9522505605762656,
        1.078131846406243,
        1.0099929056384347,
        1.0442456819794395
    ],
    "val_acc": [
        0.8695652173913043,
        0.8666666666666667,
        0.8695652173913043,
        0.8115942028985508,
        0.8463768115942029,
        0.8260869565217391,
        0.8347826086956521,
        0.8202898550724638,
        0.8492753623188406,
        0.8,
        0.8376811594202899,
        0.8579710144927536,
        0.8115942028985508,
        0.8608695652173913,
        0.855072463768116,
        0.8753623188405797,
        0.8579710144927536,
        0.8405797101449275,
        0.8405797101449275,
        0.8347826086956521,
        0.8492753623188406,
        0.8492753623188406,
        0.8492753623188406,
        0.8173913043478261,
        0.8521739130434782,
        0.855072463768116,
        0.863768115942029,
        0.8521739130434782,
        0.8405797101449275,
        0.863768115942029,
        0.8608695652173913,
        0.8579710144927536
    ],
    "val_f1": [
        0.0,
        0.08,
        0.23728813559322035,
        0.4036697247706422,
        0.4854368932038835,
        0.4339622641509434,
        0.49557522123893805,
        0.5373134328358209,
        0.46938775510204084,
        0.5106382978723404,
        0.5555555555555556,
        0.5739130434782609,
        0.5454545454545454,
        0.6065573770491803,
        0.5614035087719298,
        0.5981308411214953,
        0.608,
        0.5864661654135338,
        0.5864661654135338,
        0.583941605839416,
        0.5806451612903226,
        0.5873015873015873,
        0.5873015873015873,
        0.5401459854014599,
        0.5714285714285714,
        0.5833333333333334,
        0.6050420168067226,
        0.5714285714285714,
        0.56,
        0.591304347826087,
        0.5932203389830508,
        0.5811965811965812
    ],
    "val_mcc": [
        0.0,
        0.09706476511819817,
        0.22568012904221668,
        0.30228101786314604,
        0.4012488514557834,
        0.3393722955562948,
        0.41388788132903287,
        0.47981326467770163,
        0.3839695089270066,
        0.4509027090316138,
        0.49615368070002114,
        0.5108358315087606,
        0.5003572218100781,
        0.5571899887785242,
        0.4948812053487255,
        0.5360409914612573,
        0.5621415699395377,
        0.5434006919313873,
        0.5434006919313873,
        0.5449492609130661,
        0.5263292327206727,
        0.5367641243160372,
        0.5367641243160372,
        0.4865618401009518,
        0.510518984292808,
        0.5261866854867568,
        0.5524544722882886,
        0.510518984292808,
        0.5009621246306605,
        0.5322369683479253,
        0.5368786190798006,
        0.5211865916369396
    ]
}