{
    "train_loss": [
        1.2225768132643267,
        1.190146730704741,
        1.2113130607388236,
        1.1665728146379644,
        1.0948300578377463,
        0.9582977830009027,
        0.9273416860537096,
        0.8895201642404903,
        0.813520264219154,
        0.7914199876514348,
        0.7509016414934938,
        0.7280367341908541,
        0.7324763075871901,
        0.6837920614264228,
        0.646234852346507,
        0.6228139535947279,
        0.6049485508013855,
        0.5958809358152476,
        0.5316414441913366,
        0.5175759026950056,
        0.5694471143863418,
        0.5019969726828012,
        0.5381731336767023,
        0.46431699175048957,
        0.44929906048557977,
        0.464209299873222,
        0.4476429682902314,
        0.41453827578913083,
        0.4165936654264277,
        0.4048266531052915,
        0.4040419708260081,
        0.397623364220966,
        0.4118905888701027,
        0.3856071638028053,
        0.38046316379173234,
        0.3907902623442086,
        0.4086513520980423,
        0.37666878874667664,
        0.3773138072680343,
        0.3824735067107461
    ],
    "train_acc": [
        0.8683068017366136,
        0.8683068017366136,
        0.8668596237337193,
        0.8176555716353111,
        0.7973950795947902,
        0.8053545586107091,
        0.8357452966714906,
        0.8263386396526773,
        0.8408104196816208,
        0.8625180897250362,
        0.8646888567293777,
        0.8719247467438495,
        0.8683068017366136,
        0.88205499276411,
        0.8769898697539797,
        0.8892908827785818,
        0.88205499276411,
        0.8929088277858177,
        0.9001447178002895,
        0.8958031837916064,
        0.8849493487698987,
        0.9044862518089725,
        0.8784370477568741,
        0.9088277858176556,
        0.9059334298118669,
        0.9095513748191028,
        0.9008683068017366,
        0.9095513748191028,
        0.9066570188133141,
        0.9117221418234442,
        0.9160636758321273,
        0.9117221418234442,
        0.9117221418234442,
        0.9153400868306801,
        0.9131693198263386,
        0.9153400868306801,
        0.9196816208393632,
        0.9138929088277858,
        0.9160636758321273,
        0.9175108538350217
    ],
    "train_f1": [
        0.0,
        0.0,
        0.061224489795918366,
        0.25882352941176473,
        0.375,
        0.46732673267326735,
        0.5054466230936819,
        0.5161290322580645,
        0.5258620689655172,
        0.5851528384279476,
        0.5925925925925926,
        0.609271523178808,
        0.6060606060606061,
        0.6303854875283447,
        0.6271929824561403,
        0.6514806378132119,
        0.6287015945330297,
        0.6621004566210046,
        0.6790697674418604,
        0.6727272727272727,
        0.6535947712418301,
        0.6986301369863014,
        0.6557377049180327,
        0.7110091743119266,
        0.7136563876651982,
        0.7165532879818595,
        0.7066381156316917,
        0.7191011235955056,
        0.7189542483660131,
        0.7300884955752213,
        0.7422222222222222,
        0.7288888888888889,
        0.7324561403508771,
        0.7417218543046358,
        0.7333333333333333,
        0.7439824945295405,
        0.7516778523489933,
        0.7361419068736141,
        0.7456140350877193,
        0.7432432432432432
    ],
    "train_mcc": [
        0.0,
        0.0,
        0.08881392176873384,
        0.15595868499599597,
        0.2657880489155654,
        0.3815637507463337,
        0.4250523761580048,
        0.4424778154052551,
        0.45058501411137564,
        0.5226774649581143,
        0.5319555743691392,
        0.551395209697982,
        0.5490092778077535,
        0.5751512965457088,
        0.5738250793259305,
        0.6003187838212581,
        0.5728202899583668,
        0.6129643165296064,
        0.6320230237744372,
        0.6261548812700979,
        0.6067878131169333,
        0.6570281761607546,
        0.6169015384428139,
        0.6715293867200264,
        0.6790854335403845,
        0.6793339865615562,
        0.6741479850766441,
        0.6833827870371596,
        0.6869652117752841,
        0.6985949973878628,
        0.7128169670997238,
        0.6965804457359276,
        0.7026345531350133,
        0.7130770731015091,
        0.7019926195238596,
        0.7170458854478761,
        0.7234599729007604,
        0.7056940797245319,
        0.7187357373611487,
        0.7123944711595657
    ],
    "val_loss": [
        1.193930609659715,
        1.176007010719993,
        1.1316764734008096,
        1.0725854418494485,
        0.9995879368348555,
        0.9609877358783375,
        0.9521255222233859,
        0.9228803190318021,
        0.8514453768730164,
        0.867837434465235,
        0.7961955016309564,
        0.815255961634896,
        0.8100027712908658,
        0.812384003942663,
        0.8202637163075533,
        0.8533774803985249,
        0.9051123451102864,
        0.8448970074003394,
        0.8665983487259258,
        0.8963623182340101,
        0.9185564138672568,
        0.8848000358451497,
        0.902906442230398,
        0.9878497963601892,
        1.04901723428206,
        0.9596098769794811,
        0.9913531975312666,
        1.0544180626218969,
        1.1204067197712986,
        1.0447841381484813,
        1.0382782410491596,
        1.071040397340601,
        1.085550157861276,
        1.0833103169094433,
        1.1029741262847728,
        1.117560394785621,
        1.1107109053568407,
        1.1131405153057792,
        1.1271912103349513,
        1.1226510134610264
    ],
    "val_acc": [
        0.8695652173913043,
        0.8695652173913043,
        0.808695652173913,
        0.7739130434782608,
        0.7681159420289855,
        0.8347826086956521,
        0.7681159420289855,
        0.8260869565217391,
        0.855072463768116,
        0.8347826086956521,
        0.8318840579710145,
        0.8289855072463768,
        0.8463768115942029,
        0.8318840579710145,
        0.8724637681159421,
        0.863768115942029,
        0.8753623188405797,
        0.8666666666666667,
        0.8492753623188406,
        0.8724637681159421,
        0.8753623188405797,
        0.855072463768116,
        0.8666666666666667,
        0.8782608695652174,
        0.8869565217391304,
        0.8579710144927536,
        0.863768115942029,
        0.8724637681159421,
        0.8753623188405797,
        0.8695652173913043,
        0.8724637681159421,
        0.8666666666666667,
        0.8579710144927536,
        0.8724637681159421,
        0.8695652173913043,
        0.8724637681159421,
        0.8724637681159421,
        0.8695652173913043,
        0.8695652173913043,
        0.8666666666666667
    ],
    "val_f1": [
        0.0,
        0.0,
        0.32653061224489793,
        0.4,
        0.4117647058823529,
        0.45714285714285713,
        0.4444444444444444,
        0.4827586206896552,
        0.5098039215686274,
        0.4864864864864865,
        0.5,
        0.528,
        0.5225225225225225,
        0.5166666666666667,
        0.5217391304347826,
        0.4946236559139785,
        0.5656565656565656,
        0.5660377358490566,
        0.5357142857142857,
        0.5686274509803921,
        0.5825242718446602,
        0.5833333333333334,
        0.5818181818181818,
        0.5961538461538461,
        0.6138613861386139,
        0.5950413223140496,
        0.584070796460177,
        0.6071428571428571,
        0.5981308411214953,
        0.5945945945945946,
        0.6,
        0.5964912280701754,
        0.5739130434782609,
        0.6,
        0.5945945945945946,
        0.6,
        0.6,
        0.5945945945945946,
        0.5945945945945946,
        0.5892857142857143
    ],