{
    "train_loss": [
        1.1942857165228238,
        1.1797704303806478,
        1.1354679004712538,
        0.9981863092292439,
        0.8922527175058018,
        0.8281507329507307,
        0.7881071093407545,
        0.7261016802354292,
        0.7329499640248038,
        0.6825737729668617,
        0.6503732316195965,
        0.6126540872183713,
        0.5787790190767158,
        0.5268552984026346,
        0.5171362232755531,
        0.5129038024355065,
        0.49599833820353856,
        0.4724724055691199,
        0.42707810855724593,
        0.46311895278367127,
        0.40907011672177096,
        0.391200123524124,
        0.43433016403154895,
        0.4252762777561491,
        0.3947865537960421,
        0.37675615823404357,
        0.35829094103114173,
        0.33504479039799084,
        0.3229999996044419,
        0.30262876945463096,
        0.29852111950855365,
        0.2963970100337809,
        0.27230155806649814,
        0.28891854699362407,
        0.28361887501722033,
        0.27130261275239964,
        0.263855314347893,
        0.2535393001003699,
        0.24749799267473546,
        0.24430913046341052,
        0.24654419233345173,
        0.2565824756906791,
        0.2458483002212068,
        0.24510286782275548,
        0.2402036601931534,
        0.23976120750673793
    ],
    "train_acc": [
        0.8683068017366136,
        0.8683068017366136,
        0.869753979739508,
        0.8096960926193922,
        0.8523878437047757,
        0.8596237337192475,
        0.874095513748191,
        0.8748191027496383,
        0.8632416787264834,
        0.8625180897250362,
        0.8806078147612156,
        0.8661360347322721,
        0.886396526772793,
        0.886396526772793,
        0.8849493487698987,
        0.9001447178002895,
        0.8936324167872648,
        0.9030390738060782,
        0.9015918958031838,
        0.8914616497829233,
        0.914616497829233,
        0.9225759768451519,
        0.8921852387843705,
        0.9001447178002895,
        0.9095513748191028,
        0.9167872648335745,
        0.9240231548480463,
        0.9319826338639653,
        0.9341534008683068,
        0.934876989869754,
        0.9392185238784371,
        0.9421128798842258,
        0.9384949348769899,
        0.9421128798842258,
        0.9442836468885673,
        0.9413892908827786,
        0.9442836468885673,
        0.9486251808972503,
        0.9500723589001447,
        0.9507959479015919,
        0.9522431259044862,
        0.9536903039073806,
        0.9493487698986975,
        0.951519536903039,
        0.9529667149059334,
        0.951519536903039
    ],
    "train_f1": [
        0.0,
        0.0,
        0.09090909090909091,
        0.4416135881104034,
        0.5446428571428571,
        0.5467289719626168,
        0.5776699029126213,
        0.6129753914988815,
        0.579064587973274,
        0.597457627118644,
        0.6389496717724289,
        0.6262626262626263,
        0.6564551422319475,
        0.6638115631691649,
        0.6666666666666666,
        0.6863636363636364,
        0.6892177589852009,
        0.7086956521739131,
        0.711864406779661,
        0.6861924686192469,
        0.74235807860262,
        0.7573696145124716,
        0.6927835051546392,
        0.7088607594936709,
        0.7323340471092077,
        0.7450110864745011,
        0.7692307692307693,
        0.7873303167420814,
        0.7927107061503417,
        0.7945205479452054,
        0.8082191780821918,
        0.8130841121495327,
        0.8045977011494253,
        0.8148148148148148,
        0.8213457076566125,
        0.8120649651972158,
        0.8205128205128205,
        0.8344988344988346,
        0.8368794326241135,
        0.839622641509434,
        0.8428571428571429,
        0.8483412322274881,
        0.8364485981308412,
        0.8423529411764706,
        0.8456057007125891,
        0.8416075650118203
    ],
    "train_mcc": [
        0.0,
        0.0,
        0.13787925215229377,
        0.34695731709854966,
        0.4720373127143985,
        0.4732746023758944,
        0.5096439943143012,
        0.554962304242489,
        0.5140089298290762,
        0.5402595177920826,
        0.5884127634373014,
        0.5816834996668228,
        0.6098516171057305,
        0.6212601265743779,
        0.6274535083565324,
        0.6426292951408037,
        0.654350099540112,
        0.6746601655931539,
        0.6821440890037334,
        0.6520731683095472,
        0.7153643350238846,
        0.7286836818322207,
        0.6625040167701405,
        0.6790467446793633,
        0.7058807001780039,
        0.716503141515119,
        0.7473062537581091,
        0.7652102804045555,
        0.7708094457711848,
        0.7726958076925186,
        0.7892197550541991,
        0.7921344707288024,
        0.7839493620136856,
        0.7953484231131118,
        0.8028929356129092,
        0.7917577594225487,
        0.8013122927074199,
        0.8180677611182621,
        0.8191854314714729,
        0.8227383337704058,
        0.8254896875458301,
        0.8325719500304772,
        0.8201046346194083,
        0.8262848431233234,
        0.8290340257547771,
        0.8248247987818538
    ],
    "val_loss": [
        1.1900174401023171,
        1.1726330681280657,
        1.0303064693104138,
        1.0023425709117542,
        0.9423716230825945,
        0.9847778894684531,
        0.8899078206582502,
        0.8997076478871432,
        0.7927990853786469,
        0.7652393118901686,
        0.7993588772687045,
        0.7480254986069419,
        0.7653818455609408,
        0.7155905257571827,
        0.7991251945495605,
        0.7497606792233207,
        0.7638504261320288,
        0.8100848008285869,
        0.8354051817547191,
        0.6985142081975937,
        0.7368188744241541,
        0.7374198450283571,
        0.7892827974124388,
        0.8759853568944064,
        0.7443928515369241,
        1.0947018401189283,
        0.9725154353813692,
        0.8667774417183616,
        0.8872243951667439,
        0.8922264332121069,
        0.9974529987031763,
        0.9389258487658068,
        1.0134811225262554,
        1.0087609887123108,
        1.00178423659368,
        1.041845595294779,
        1.0996935015374965,
        1.192329462278973,
        1.1524042013016613,
        1.1855310188098387,
        1.1556654978882184,
        1.1353963721882214,
        1.175303503870964,
        1.2411626916040073,
        1.2115830982273275,
        1.215966215187853
    ],
    "val_acc": [
        0.8695652173913043,
        0.8695652173913043,
        0.7478260869565218,
        0.7913043478260869,
        0.808695652173913,
        0.8521739130434782,
        0.8289855072463768,
        0.8405797101449275,
        0.8405797101449275,
        0.8579710144927536,
        0.7739130434782608,
        0.8579710144927536,
        0.8666666666666667,
        0.8608695652173913,
        0.863768115942029,
        0.8405797101449275,
        0.8695652173913043,
        0.863768115942029,
        0.8347826086956521,
        0.855072463768116,
        0.8666666666666667,
        0.8289855072463768,
        0.8666666666666667,
        0.8666666666666667,
        0.8608695652173913,
        0.863768115942029,
        0.881159420289855,
        0.8666666666666667,
        0.8666666666666667,
        0.8666666666666667,
        0.8753623188405797,
        0.8724637681159421,
        0.8724637681159421,
        0.8666666666666667,
        0.8666666666666667,
        0.8666666666666667,
        0.8695652173913043,
        0.8724637681159421,
        0.8724637681159421,
        0.8753623188405797,
        0.8724637681159421,
        0.8724637681159421,
        0.8753623188405797,
        0.8724637681159421,
        0.8724637681159421,
        0.8724637681159421
    ],