{
    "train_loss": [
        0.9555631099745284,
        0.8438377089278642,
        0.8097146499988644,
        0.7881686735984891,
        0.7927987540877143,
        0.7641806865847388,
        0.7366454497326252,
        0.8213465109814045,
        0.7612612004889998,
        0.7506070726139601,
        0.7540487106456313,
        0.6962408866993216,
        0.6356110912422801,
        0.663061530784119,
        0.6495491896950921,
        0.6414399559414664,
        0.6043388216301452
    ],
    "train_acc": [
        0.8161337209302325,
        0.8037790697674418,
        0.8299418604651163,
        0.8321220930232558,
        0.8495639534883721,
        0.8444767441860465,
        0.8699127906976745,
        0.8372093023255814,
        0.8619186046511628,
        0.8510174418604651,
        0.8582848837209303,
        0.8604651162790697,
        0.8626453488372093,
        0.8553779069767442,
        0.8648255813953488,
        0.8684593023255814,
        0.8626453488372093
    ],
    "train_f1": [
        0.41025641025641024,
        0.43983402489626555,
        0.4608294930875576,
        0.47139588100686497,
        0.4888888888888889,
        0.5069124423963134,
        0.5536159600997507,
        0.504424778761062,
        0.5388349514563107,
        0.5287356321839081,
        0.5278450363196125,
        0.5492957746478874,
        0.5594405594405595,
        0.5466970387243736,
        0.5571428571428572,
        0.5839080459770115,
        0.5594405594405595
    ],
    "train_mcc": [
        0.3384599685097117,
        0.38642041746012956,
        0.40280987283892755,
        0.416778359346875,
        0.4317514249615409,
        0.4608166529195501,
        0.5098033257085365,
        0.46266305386540246,
        0.4946436438213511,
        0.4885820397415297,
        0.48137154715019564,
        0.5116501692979273,
        0.5252854584610671,
        0.512505527582684,
        0.5195737905847434,
        0.558101597849626,
        0.5252854584610671
    ],
    "val_loss": [
        0.8851271027868445,
        0.7798344167796049,
        0.8660141446373679,
        0.8257176117463545,
        0.7807196161963723,
        0.74541452256116,
        0.8205001598054712,
        0.9847222891720858,
        0.9091615135019476,
        0.920438988642259,
        0.9527334597977725,
        0.8750222623348236,
        0.9464526637033983,
        1.0835928971117192,
        1.020986334844069,
        1.1257429258389906,
        1.0486795522949912
    ],
    "val_acc": [
        0.8662790697674418,
        0.8313953488372093,
        0.8604651162790697,
        0.8517441860465116,
        0.8081395348837209,
        0.8517441860465116,
        0.872093023255814,
        0.8691860465116279,
        0.8226744186046512,
        0.8488372093023255,
        0.8343023255813954,
        0.8313953488372093,
        0.811046511627907,
        0.8255813953488372,
        0.8023255813953488,
        0.8226744186046512,
        0.8168604651162791
    ],
    "val_f1": [
        0.43902439024390244,
        0.4528301886792453,
        0.42857142857142855,
        0.4,
        0.36538461538461536,
        0.4,
        0.4358974358974359,
        0.4155844155844156,
        0.3711340206185567,
        0.3953488372093023,
        0.3870967741935484,
        0.3958333333333333,
        0.36893203883495146,
        0.3617021276595745,
        0.38181818181818183,
        0.3838383838383838,
        0.37623762376237624
    ],
    "val_mcc": [
        0.36792507694322746,
        0.3933310510376195,
        0.3556567889015356,
        0.32258938812996013,
        0.28338397062599285,
        0.32258938812996013,
        0.3656238759138212,
        0.34320184243471247,
        0.28882895945927933,
        0.317070054904422,
        0.3073939787646633,
        0.3183581039298322,
        0.28748471701477896,
        0.27724531943226527,
        0.30636594761835695,
        0.3046311903112492,
        0.29590349238592745
    ]
}