{
    "train_loss": [
        0.9600131802780684,
        0.8614397547965826,
        0.8299308266750601,
        0.7746625535709913,
        0.747297546891279,
        0.7530725723089173,
        0.7301792266756989,
        0.7052422526270844,
        0.6981285470862721,
        0.6738232644491418,
        0.6424105908981589,
        0.6406238245409589,
        0.6054151772066604,
        0.5797847537107246,
        0.5860680404097535,
        0.5509005486965179
    ],
    "train_acc": [
        0.8270348837209303,
        0.8299418604651163,
        0.8488372093023255,
        0.8270348837209303,
        0.8561046511627907,
        0.846656976744186,
        0.8335755813953488,
        0.842296511627907,
        0.8444767441860465,
        0.846656976744186,
        0.846656976744186,
        0.8524709302325582,
        0.846656976744186,
        0.8568313953488372,
        0.8582848837209303,
        0.8568313953488372
    ],
    "train_f1": [
        0.3769633507853403,
        0.4823008849557522,
        0.48514851485148514,
        0.48034934497816595,
        0.5194174757281553,
        0.5149425287356322,
        0.5032537960954447,
        0.5209713024282561,
        0.5265486725663717,
        0.5300668151447662,
        0.5382932166301969,
        0.5538461538461539,
        0.546236559139785,
        0.5631929046563193,
        0.5676274944567627,
        0.5745140388768899
    ],
    "train_mcc": [
        0.2939697608684243,
        0.4342899496956698,
        0.4269894614957766,
        0.4333526041914079,
        0.4707409342902474,
        0.4712021502145056,
        0.4638053628226916,
        0.48419559159731906,
        0.4910361580351351,
        0.49458341786614834,
        0.5077898025017549,
        0.5271176696849906,
        0.5208967791520842,
        0.5376637074955687,
        0.5433449691987671,
        0.5568580646417935
    ],
    "val_loss": [
        0.9718818447806619,
        0.7821873209693215,
        0.770472293550318,
        0.8187752799554304,
        0.7819689187136564,
        0.7742094234986738,
        0.7706855183297937,
        0.842286313121969,
        0.9060277695005591,
        0.8467362929474224,
        0.9403866068883375,
        0.9467669319022786,
        0.9392632679505781,
        0.9915915510871194,
        1.0348941521211104,
        1.1167580810460178
    ],
    "val_acc": [
        0.8430232558139535,
        0.8488372093023255,
        0.7936046511627907,
        0.7994186046511628,
        0.7790697674418605,
        0.8255813953488372,
        0.7790697674418605,
        0.8343023255813954,
        0.8430232558139535,
        0.813953488372093,
        0.7965116279069767,
        0.7965116279069767,
        0.8168604651162791,
        0.8052325581395349,
        0.8081395348837209,
        0.8081395348837209
    ],
    "val_f1": [
        0.4489795918367347,
        0.44680851063829785,
        0.40336134453781514,
        0.4,
        0.3870967741935484,
        0.4,
        0.42424242424242425,
        0.42424242424242425,
        0.4,
        0.39622641509433965,
        0.375,
        0.38596491228070173,
        0.411214953271028,
        0.40707964601769914,
        0.4,
        0.3888888888888889
    ],
    "val_mcc": [
        0.3832382191217666,
        0.37870530867130703,
        0.33990680380178345,
        0.33263926698598967,
        0.3219283141217839,
        0.32463131014790403,
        0.38011868813682687,
        0.35373762398841396,
        0.32237549394824183,
        0.3225643765831524,
        0.2986427984087503,
        0.31382838683425884,
        0.3418802050844031,
        0.34043602980532656,
        0.32947776471939094,
        0.3143339151330461
    ]
}