{
    "train_loss": [
        0.9954875139302986,
        0.8485234927299411,
        0.8366454333760017,
        0.793531910624615,
        0.7965102916540101,
        0.7602551038875136,
        0.7618550651295241,
        0.747150256190189,
        0.7079404987568079,
        0.7169331215148749,
        0.6774909406207329,
        0.6860153120617534,
        0.6315921406413234,
        0.6353579766528551,
        0.5803062520747961,
        0.6014186109221259
    ],
    "train_acc": [
        0.8328488372093024,
        0.815406976744186,
        0.8226744186046512,
        0.7856104651162791,
        0.8321220930232558,
        0.8299418604651163,
        0.8241279069767442,
        0.8444767441860465,
        0.8539244186046512,
        0.8263081395348837,
        0.8357558139534884,
        0.8270348837209303,
        0.8597383720930233,
        0.8372093023255814,
        0.8604651162790697,
        0.8473837209302325
    ],
    "train_f1": [
        0.3575418994413408,
        0.461864406779661,
        0.45045045045045046,
        0.4359464627151052,
        0.47139588100686497,
        0.4845814977973568,
        0.4851063829787234,
        0.5069124423963134,
        0.5270588235294118,
        0.5031185031185031,
        0.5065502183406113,
        0.516260162601626,
        0.5603644646924829,
        0.5234042553191489,
        0.5770925110132159,
        0.5474137931034483
    ],
    "train_mcc": [
        0.271302605572408,
        0.41296821506849846,
        0.39174747311893393,
        0.39152474954692373,
        0.416778359346875,
        0.4377427932168819,
        0.4428357406903714,
        0.4608166529195501,
        0.4836090202315269,
        0.4698712417580261,
        0.46716629597467824,
        0.49109081863391546,
        0.5297982219792226,
        0.4928912154321527,
        0.5566334593646658,
        0.5220625148859491
    ],
    "val_loss": [
        0.7727580233053728,
        0.7643463719974865,
        0.7911774136803367,
        0.7694778604940935,
        0.7511867501518943,
        0.761982034553181,
        0.8273249214345758,
        0.7971789593046362,
        0.818297640843825,
        0.8240953575481068,
        0.8080356988039884,
        0.8856303881515156,
        0.9806579893285577,
        0.9370089146223936,
        1.0217370932752436,
        1.1666530587456443
    ],
    "val_acc": [
        0.8401162790697675,
        0.8459302325581395,
        0.8081395348837209,
        0.8546511627906976,
        0.8488372093023255,
        0.7877906976744186,
        0.7965116279069767,
        0.8197674418604651,
        0.8052325581395349,
        0.7965116279069767,
        0.7703488372093024,
        0.8197674418604651,
        0.8197674418604651,
        0.811046511627907,
        0.8081395348837209,
        0.8459302325581395
    ],
    "val_f1": [
        0.46601941747572817,
        0.4536082474226804,
        0.43103448275862066,
        0.4318181818181818,
        0.4222222222222222,
        0.44274809160305345,
        0.38596491228070173,
        0.40384615384615385,
        0.3963963963963964,
        0.35185185185185186,
        0.40601503759398494,
        0.39215686274509803,
        0.3541666666666667,
        0.3925233644859813,
        0.37735849056603776,
        0.39080459770114945
    ],
    "val_mcc": [
        0.4073861993778779,
        0.3882855781319441,
        0.37378551131044185,
        0.35945028771931126,
        0.3484812307463104,
        0.40480965302654787,
        0.31382838683425884,
        0.33107677194465307,
        0.32547466541909004,
        0.26764528525145376,
        0.3556046443449957,
        0.3157747554539091,
        0.26830545870503225,
        0.31841516307541773,
        0.29897548509833005,
        0.3116846521779587
    ]
}