{
    "train_loss": [
        0.995487719081169,
        0.8485188858453617,
        0.83673654184785,
        0.7950321830982385,
        0.7955904741619908,
        0.7614352190217306,
        0.7548786789871925,
        0.7489346432131391,
        0.7057981061380963,
        0.7197319269180298,
        0.6623874992825264,
        0.6625158966973771,
        0.6105969742287037,
        0.5944499262543612,
        0.5312164980311727,
        0.5527507714753928
    ],
    "train_acc": [
        0.8328488372093024,
        0.815406976744186,
        0.8226744186046512,
        0.7870639534883721,
        0.8357558139534884,
        0.8313953488372093,
        0.8241279069767442,
        0.8393895348837209,
        0.8575581395348837,
        0.8335755813953488,
        0.8473837209302325,
        0.8306686046511628,
        0.8473837209302325,
        0.8473837209302325,
        0.8604651162790697,
        0.8531976744186046
    ],
    "train_f1": [
        0.3575418994413408,
        0.461864406779661,
        0.45045045045045046,
        0.43761996161228406,
        0.4792626728110599,
        0.4727272727272727,
        0.48945147679324896,
        0.5055928411633109,
        0.5377358490566038,
        0.5075268817204301,
        0.5227272727272727,
        0.5215605749486653,
        0.5353982300884956,
        0.5454545454545454,
        0.5733333333333334,
        0.5589519650655022
    ],
    "train_mcc": [
        0.271302605572408,
        0.41296821506849846,
        0.39174747311893393,
        0.39329971567837646,
        0.4260125848711766,
        0.4191454423553074,
        0.4496923275634619,
        0.46272393421441105,
        0.4966352386686971,
        0.4705700014443699,
        0.48247330635500724,
        0.49638142426955867,
        0.5023853997030282,
        0.5187978921297478,
        0.5502754540943373,
        0.5347936795412188
    ],
    "val_loss": [
        0.7727541923522949,
        0.764329579743472,
        0.791229169477116,
        0.7718048962679777,
        0.7475614439357411,
        0.7617011286995627,
        0.8167957230047747,
        0.7947824651544745,
        0.7886713201349432,
        0.8054155707359314,
        0.7927627617662604,
        0.8420759358189323,
        0.9189555238593708,
        0.9517659680409865,
        1.0488409129056064,
        1.19157835976644
    ],
    "val_acc": [
        0.8401162790697675,
        0.8459302325581395,
        0.8081395348837209,
        0.8517441860465116,
        0.8575581395348837,
        0.7848837209302325,
        0.8052325581395349,
        0.8372093023255814,
        0.8023255813953488,
        0.8023255813953488,
        0.7819767441860465,
        0.8313953488372093,
        0.8459302325581395,
        0.8226744186046512,
        0.8255813953488372,
        0.8459302325581395
    ],
    "val_f1": [
        0.46601941747572817,
        0.4536082474226804,
        0.43103448275862066,
        0.42696629213483145,
        0.4367816091954023,
        0.4307692307692308,
        0.3963963963963964,
        0.40425531914893614,
        0.43333333333333335,
        0.38181818181818183,
        0.4186046511627907,
        0.40816326530612246,
        0.43010752688172044,
        0.4077669902912621,
        0.4230769230769231,
        0.4044943820224719
    ],
    "val_mcc": [
        0.4073861993778779,
        0.3882855781319441,
        0.37378551131044185,
        0.35390142581912903,
        0.36513406411675126,
        0.3870619507673769,
        0.32547466541909004,
        0.32797531405178615,
        0.3804247650533007,
        0.30636594761835695,
        0.3692168402800974,
        0.3338251953669361,
        0.35847780905212423,
        0.33544530996001853,
        0.3549231726039832,
        0.32759587472107793
    ]
}