{
    "train_loss": [
        1.0129139991033644,
        0.790014827535266,
        0.76278803391116,
        0.6967199512180828,
        0.6405632779711768,
        0.6489010290020988,
        0.6544419867651803,
        0.5792954613765081,
        0.5830325257210505,
        0.5619979947805405,
        0.5331898956071763,
        0.5771699533576057,
        0.5157872032196749,
        0.5196679674443745,
        0.5383541012803713,
        0.5426703304761932,
        0.49857725699742633,
        0.5094188515629087,
        0.47095371605384917,
        0.4768239798999968,
        0.4969110453412646,
        0.4964996267642294,
        0.4570144113330614,
        0.44219734164930524,
        0.44356493438993183,
        0.4287342391908169,
        0.4066973396000408,
        0.43526324239515124,
        0.4164777472615242,
        0.4069169710079829,
        0.37230352338935646,
        0.35395492311744464,
        0.3503687575104691,
        0.3408184777058306,
        0.341934531749714,
        0.34090329857454416,
        0.33573884587912334,
        0.3264450936445168,
        0.315684262663126,
        0.31433815136551857,
        0.31947556712354225,
        0.31545508262656985,
        0.3047137544268653,
        0.3049473771381946,
        0.2974680131744771,
        0.3050592926641305,
        0.3017893275689511,
        0.306870775031192,
        0.2922465982181685,
        0.30159998410159633
    ],
    "train_acc": [
        0.8588588588588588,
        0.8370870870870871,
        0.8190690690690691,
        0.8641141141141141,
        0.8318318318318318,
        0.8460960960960962,
        0.8551051051051051,
        0.8483483483483484,
        0.8483483483483484,
        0.8506006006006006,
        0.8573573573573574,
        0.8438438438438438,
        0.8460960960960962,
        0.8566066066066066,
        0.8490990990990991,
        0.8626126126126126,
        0.8475975975975976,
        0.8521021021021021,
        0.8543543543543544,
        0.8498498498498499,
        0.8475975975975976,
        0.8573573573573574,
        0.8611111111111112,
        0.8633633633633634,
        0.8581081081081081,
        0.8626126126126126,
        0.8881381381381381,
        0.8731231231231231,
        0.8678678678678678,
        0.8768768768768769,
        0.8896396396396397,
        0.9039039039039038,
        0.9001501501501501,
        0.9031531531531531,
        0.9054054054054054,
        0.9046546546546547,
        0.9076576576576577,
        0.9121621621621622,
        0.9121621621621622,
        0.9129129129129129,
        0.9121621621621622,
        0.9136636636636637,
        0.9136636636636637,
        0.9151651651651652,
        0.9181681681681682,
        0.9166666666666666,
        0.9166666666666666,
        0.918918918918919,
        0.9181681681681682,
        0.9211711711711712
    ],
    "train_f1": [
        0.3815789473684211,
        0.49417249417249415,
        0.4794816414686825,
        0.514745308310992,
        0.5109170305676856,
        0.5153664302600472,
        0.5281173594132029,
        0.5235849056603774,
        0.5388127853881278,
        0.5382830626450116,
        0.5497630331753555,
        0.5336322869955157,
        0.5265588914549654,
        0.562929061784897,
        0.5543237250554324,
        0.5773672055427251,
        0.5518763796909493,
        0.5708061002178649,
        0.555045871559633,
        0.5594713656387665,
        0.5690021231422505,
        0.5851528384279476,
        0.5861297539149888,
        0.59375,
        0.5900216919739696,
        0.5995623632385121,
        0.6443914081145584,
        0.6219239373601789,
        0.6157205240174672,
        0.6238532110091743,
        0.6573426573426573,
        0.6893203883495146,
        0.6810551558752997,
        0.683046683046683,
        0.6941747572815534,
        0.6924939467312349,
        0.7021791767554479,
        0.7111111111111111,
        0.7111111111111111,
        0.7114427860696517,
        0.7096774193548387,
        0.7146401985111662,
        0.713216957605985,
        0.7182044887780549,
        0.72544080604534,
        0.7204030226700252,
        0.7218045112781954,
        0.7286432160804021,
        0.72544080604534,
        0.732824427480916
    ],
    "train_mcc": [
        0.30251740786375714,
        0.441878570393538,
        0.4318753060330437,
        0.4555142703015306,
        0.4714465758886281,
        0.46701661627013175,
        0.47925676653284494,
        0.4776024019122368,
        0.501046917740817,
        0.49817463726894495,
        0.5098580727596751,
        0.4970020888049021,
        0.4839317629432938,
        0.5314281114578878,
        0.5253861293809723,
        0.5483399472199193,
        0.5229440104522404,
        0.5498113312372226,
        0.52105287215933,
        0.5331517069078922,
        0.552301551275005,
        0.5680927184792915,
        0.5648729637142264,
        0.5750880284950789,
        0.5757059847625181,
        0.5864170969874581,
        0.627161888859355,
        0.6109264770601491,
        0.6078881889578001,
        0.6085541235418949,
        0.647857642422362,
        0.6799731643870408,
        0.6720269029835981,
        0.6699339418933232,
        0.685994106193232,
        0.6843802421781712,
        0.6964052854794234,
        0.7036096010973646,
        0.7036096010973646,
        0.7026026650964114,
        0.7009021285487271,
        0.7070014689327896,
        0.7043123331573522,
        0.7104297594580226,
        0.7173984767160252,
        0.7112441192760778,
        0.7138951848025594,
        0.7217870791335792,
        0.7173984767160252,
        0.7245216895978636
    ],
    "val_loss": [
        0.7775172699581493,
        0.6157213503664191,
        0.7490560629151084,
        0.493713842196898,
        0.47992790016261017,
        0.49716907197778876,
        0.4671776836568659,
        0.4964027838273482,
        0.5221933722496033,
        0.46466881036758423,
        0.4546103612943129,
        0.502911086786877,
        0.4494625668634068,
        0.4433313838460229,
        0.4588941227306019,
        0.44080980122089386,
        0.4917632734233683,
        0.5083068284121427,
        0.41199573468078265,
        0.5814272368496115,
        0.4836979806423187,
        0.9169126464561983,
        0.6336008716713298,
        0.6101005145094611,
        0.975091659209945,
        0.8395222626541826,
        0.7396650774912401,
        0.43426101857965643,
        0.5021104582331397,
        0.4887046136639335,
        0.6209734014489434,
        0.7267800867557526,
        0.8089701255614107,
        0.8079020990566774,
        1.4010128223083236,
        1.4649346064437518,
        1.2753450274467468,
        1.2573240453546697,
        1.4381701106374913,
        1.4363763765855269,
        1.275573775849559,
        1.6707600145177408,
        1.457454807379029,
        1.559991267594424,
        1.6336989849805832,
        1.5692200809717178,
        1.4382036274129695,
        1.704067047346722,
        1.7352866984226487,
        1.7288655337284913
    ],