{
    "train_loss": [
        1.1148744126160939,
        0.8333693075747717,
        0.7164119198208764,
        0.6751144798029036,
        0.6897847184113094,
        0.6192201187922841,
        0.605144148071607,
        0.5975547773497445,
        0.5874399312195324,
        0.5544446905454,
        0.582334388579641,
        0.5768735979994138,
        0.5105111347067923,
        0.4987438471899146,
        0.5136085095859709,
        0.520107687938781,
        0.4807514381550607,
        0.4965237712576276
    ],
    "train_acc": [
        0.8918918918918919,
        0.8423423423423423,
        0.8423423423423423,
        0.8348348348348348,
        0.8475975975975976,
        0.8468468468468469,
        0.8333333333333334,
        0.8303303303303303,
        0.8318318318318318,
        0.8438438438438438,
        0.8243243243243243,
        0.8265765765765766,
        0.8498498498498499,
        0.8468468468468469,
        0.8438438438438438,
        0.831081081081081,
        0.8671171171171171,
        0.8460960960960962
    ],
    "train_f1": [
        0.18181818181818182,
        0.4878048780487805,
        0.5023696682464455,
        0.5111111111111111,
        0.5375854214123007,
        0.5299539170506913,
        0.5173913043478261,
        0.5108225108225108,
        0.5254237288135594,
        0.5398230088495575,
        0.5125,
        0.5010799136069114,
        0.5535714285714286,
        0.5641025641025641,
        0.5536480686695279,
        0.5360824742268041,
        0.600451467268623,
        0.570230607966457
    ],
    "train_mcc": [
        0.20184577738092158,
        0.4296148511046381,
        0.45046596339818,
        0.46924825141982457,
        0.49980227137456,
        0.4885366688269197,
        0.4805195053668966,
        0.47258042994808847,
        0.49511457678319165,
        0.5069919215565338,
        0.48073200879407463,
        0.4601457306185646,
        0.5233382646770697,
        0.5446236180874072,
        0.5300961985054258,
        0.5140749245872315,
        0.581636947952706,
        0.556432414118573
    ],
    "val_loss": [
        0.8575398325920105,
        0.5806838436560198,
        0.49835266308350995,
        0.44918532263148914,
        0.4898372292518616,
        0.608720454302701,
        0.45294435999610205,
        0.47647540406747296,
        0.47070140730250964,
        0.4478974857113578,
        0.4897144003347917,
        0.46534953875975177,
        0.4586576074361801,
        0.4288670998066664,
        0.48517407883297314,
        0.4808556654236533,
        0.43411837789145385,
        0.47923422943462024
    ],
    "val_acc": [
        0.8738738738738738,
        0.8828828828828829,
        0.8918918918918919,
        0.8708708708708709,
        0.8348348348348348,
        0.7837837837837838,
        0.8558558558558559,
        0.8588588588588588,
        0.8408408408408409,
        0.8708708708708709,
        0.8948948948948949,
        0.8738738738738738,
        0.8198198198198198,
        0.8438438438438438,
        0.7927927927927928,
        0.8318318318318318,
        0.8468468468468469,
        0.8678678678678678
    ],
    "val_f1": [
        0.5961538461538461,
        0.6138613861386139,
        0.64,
        0.6194690265486725,
        0.56,
        0.5068493150684932,
        0.6,
        0.591304347826087,
        0.576,
        0.6194690265486725,
        0.631578947368421,
        0.625,
        0.5454545454545454,
        0.5806451612903226,
        0.5106382978723404,
        0.5625,
        0.5853658536585366,
        0.6206896551724138
    ],
    "val_mcc": [
        0.5614520188146449,
        0.5793317619702111,
        0.6099375455928332,
        0.6046158801107367,
        0.546583459925557,
        0.5068340299791976,
        0.5915112358769482,
        0.5715739957163776,
        0.568254169790447,
        0.6046158801107367,
        0.5934860616132056,
        0.6099942813304187,
        0.5384435856371167,
        0.5727646056836697,
        0.5040147850948644,
        0.5551144703550158,
        0.5773434742354467,
        0.6114918694381116
    ]
}