{
    "train_loss": [
        1.0766734338942028,
        0.9033893871875036,
        0.7867801707415354,
        0.7355550634009498,
        0.7047047650530225,
        0.655011528304645,
        0.6317114716484433,
        0.6476450945649829,
        0.5783949127154691,
        0.5751152499800637,
        0.5766380081574122,
        0.578098267494213,
        0.6217925051848093,
        0.597207825808298,
        0.5246449485421181,
        0.48808609658763524,
        0.5025689718978745,
        0.49350194278217496,
        0.47724531023275285,
        0.4353921768211183,
        0.43916493676425444,
        0.39283944684125127,
        0.39159291947171804,
        0.38676514476537704,
        0.3834279953014283,
        0.39756484294221517,
        0.3367849175064337
    ],
    "train_acc": [
        0.8483483483483484,
        0.8325825825825826,
        0.8663663663663663,
        0.8175675675675675,
        0.8460960960960962,
        0.8363363363363363,
        0.8243243243243243,
        0.8475975975975976,
        0.8438438438438438,
        0.8340840840840841,
        0.8213213213213213,
        0.8348348348348348,
        0.8385885885885885,
        0.8415915915915916,
        0.8438438438438438,
        0.8506006006006006,
        0.8528528528528528,
        0.8453453453453453,
        0.8693693693693694,
        0.8626126126126126,
        0.8626126126126126,
        0.8768768768768769,
        0.8776276276276276,
        0.8791291291291291,
        0.8768768768768769,
        0.8813813813813813,
        0.8821321321321322
    ],
    "train_f1": [
        0.3525641025641026,
        0.4520884520884521,
        0.510989010989011,
        0.48187633262260127,
        0.5153664302600472,
        0.5112107623318386,
        0.5125,
        0.549889135254989,
        0.5377777777777778,
        0.5267665952890792,
        0.524,
        0.5319148936170213,
        0.5190156599552572,
        0.532150776053215,
        0.543859649122807,
        0.5683297180043384,
        0.5663716814159292,
        0.5617021276595745,
        0.6081081081081081,
        0.5995623632385121,
        0.5995623632385121,
        0.6289592760180995,
        0.6369710467706013,
        0.639821029082774,
        0.6339285714285714,
        0.6359447004608295,
        0.6455981941309256
    ],
    "train_mcc": [
        0.2680181344975247,
        0.38493044566281176,
        0.4497587730763923,
        0.43669603699200116,
        0.46701661627013175,
        0.46818485513138974,
        0.48073200879407463,
        0.5196560522145476,
        0.5036682599127551,
        0.4951416740749016,
        0.5034940153014701,
        0.5029764001086079,
        0.4785226261906212,
        0.49673574354884853,
        0.513621193143379,
        0.5473741648047966,
        0.5413330841825398,
        0.5422622803566721,
        0.5918697771662408,
        0.5864170969874581,
        0.5864170969874581,
        0.6177096104873379,
        0.6312283572694484,
        0.6339532337331105,
        0.6268377923130881,
        0.6230395615358078,
        0.6394767053678587
    ],
    "val_loss": [
        0.8435637571594932,
        0.688139487396587,
        0.5833577676252886,
        0.5114955956285651,
        0.5158381164073944,
        0.60760343616659,
        0.4833597784692591,
        0.487075918100097,
        0.514945615421642,
        0.4626045254143802,
        0.48262917318127374,
        0.5214065177874132,
        0.5571968040683053,
        0.4467686834660443,
        0.45324446667324414,
        0.46695362437855115,
        0.4817336580970071,
        0.6644492975690148,
        0.5902957645329562,
        0.627501214092428,
        0.6114395125345751,
        0.7413113550706343,
        0.8763602362437681,
        0.823007769882679,
        1.2378725849769332,
        0.7629415108398958,
        1.0070175325328654
    ],
    "val_acc": [
        0.6996996996996997,
        0.8858858858858859,
        0.8498498498498499,
        0.8828828828828829,
        0.8618618618618619,
        0.7717717717717718,
        0.8498498498498499,
        0.8738738738738738,
        0.8168168168168168,
        0.8378378378378378,
        0.8528528528528528,
        0.8768768768768769,
        0.7927927927927928,
        0.8588588588588588,
        0.8498498498498499,
        0.8408408408408409,
        0.8228228228228228,
        0.8648648648648649,
        0.8558558558558559,
        0.8588588588588588,
        0.8498498498498499,
        0.8738738738738738,
        0.8588588588588588,
        0.8828828828828829,
        0.8798798798798799,
        0.8498498498498499,
        0.8558558558558559
    ],
    "val_f1": [
        0.39759036144578314,
        0.6041666666666666,
        0.576271186440678,
        0.6138613861386139,
        0.603448275862069,
        0.4864864864864865,
        0.5689655172413793,
        0.6037735849056604,
        0.5413533834586466,
        0.5714285714285714,
        0.5950413223140496,
        0.6306306306306306,
        0.5106382978723404,
        0.5982905982905983,
        0.5901639344262295,
        0.576,
        0.549618320610687,
        0.5714285714285714,
        0.5862068965517241,
        0.584070796460177,
        0.5535714285714286,
        0.5961538461538461,
        0.5607476635514018,
        0.6060606060606061,
        0.6,
        0.5614035087719298,
        0.5555555555555556
    ],
    "val_mcc": [
        0.366146046676159,
        0.5617008598836766,
        0.5567942539842174,
        0.5793317619702111,
        0.5890289028056912,
        0.4797297297297297,
        0.5441029695408504,
        0.5736838347840124,
        0.5344167529398614,
        0.5638102308604501,
        0.5867146488488576,
        0.6154691756434039,
        0.5040147850948644,
        0.5840064110455403,
        0.5819927896551865,
        0.568254169790447,
        0.542525261856547,
        0.5320212541547227,
        0.5665659361732708,
        0.5590799560856603,
        0.5184951391308559,
        0.5614520188146449,
        0.5211444390419782,
        0.5673327458122758,
        0.5611425419454066,
        0.5313395169042351,
        0.5158557346946043
    ]
}