{
    "train_loss": [
        1.0592881866863795,
        0.8074969897667567,
        0.700144309373129,
        0.620014638418243,
        0.6752911500987553,
        0.6007716655731201,
        0.5647258801119668,
        0.5502083319283667,
        0.5382102749177388,
        0.5131005609319323,
        0.4965278992340678,
        0.4411672254403432,
        0.409346610662483,
        0.40597956556649434,
        0.3553106144425415,
        0.31866618370016414,
        0.28586901325200287
    ],
    "train_acc": [
        0.8295795795795796,
        0.8483483483483484,
        0.8438438438438438,
        0.8288288288288288,
        0.8423423423423423,
        0.8633633633633634,
        0.8603603603603603,
        0.8460960960960962,
        0.8566066066066066,
        0.8656156156156156,
        0.8581081081081081,
        0.8798798798798799,
        0.8911411411411412,
        0.8933933933933934,
        0.8866366366366366,
        0.9144144144144144,
        0.9166666666666666
    ],
    "train_f1": [
        0.35327635327635326,
        0.5073170731707317,
        0.5094339622641509,
        0.5230125523012552,
        0.5093457943925234,
        0.5863636363636363,
        0.573394495412844,
        0.5572354211663066,
        0.5820568927789934,
        0.5995525727069351,
        0.5846153846153846,
        0.6330275229357798,
        0.6472019464720195,
        0.6586538461538461,
        0.6480186480186481,
        0.7061855670103093,
        0.7116883116883117
    ],
    "train_mcc": [
        0.2632532297897187,
        0.4525057947723703,
        0.4584629982625194,
        0.4922630449532029,
        0.4593695168323237,
        0.5607577438259015,
        0.5427877942796949,
        0.5318895473026642,
        0.5618738056544331,
        0.5803988275309704,
        0.5643860424044632,
        0.6184878059239217,
        0.6257764675953753,
        0.6420479308300151,
        0.6343803850401097,
        0.6885357028404672,
        0.6939515160527653
    ],
    "val_loss": [
        0.8563186743042686,
        0.7237128615379333,
        0.6598048345609144,
        0.8779562332413413,
        0.7169661196795377,
        0.7176642986861143,
        0.7351605296134949,
        0.8036931726065549,
        0.8274815082550049,
        0.8928316885774786,
        1.2043219615112652,
        1.1784802038561215,
        1.0920329744165593,
        1.4936465201052753,
        1.1591182567856528,
        1.5415471304546704,
        1.9224616560068997
    ],
    "val_acc": [
        0.8378378378378378,
        0.9039039039039038,
        0.8318318318318318,
        0.8768768768768769,
        0.8468468468468469,
        0.8018018018018018,
        0.7537537537537538,
        0.8138138138138138,
        0.7897897897897898,
        0.8018018018018018,
        0.8378378378378378,
        0.8318318318318318,
        0.7897897897897898,
        0.8108108108108109,
        0.8468468468468469,
        0.8438438438438438,
        0.8588588588588588
    ],
    "val_f1": [
        0.49056603773584906,
        0.5789473684210527,
        0.4909090909090909,
        0.5591397849462365,
        0.49504950495049505,
        0.484375,
        0.4383561643835616,
        0.4745762711864407,
        0.43548387096774194,
        0.46774193548387094,
        0.47058823529411764,
        0.4716981132075472,
        0.4262295081967213,
        0.43243243243243246,
        0.48484848484848486,
        0.5,
        0.5052631578947369
    ],
    "val_mcc": [
        0.43749240183774774,
        0.5258077426117893,
        0.44197999993927367,
        0.5093509557918635,
        0.43854140570766753,
        0.45535284789349356,
        0.41346351826956995,
        0.42953890448046156,
        0.3835243449197429,
        0.4273895713866069,
        0.4091381957311201,
        0.41375747681135966,
        0.3690658039782554,
        0.3679170173313561,
        0.42444164909212995,
        0.44738841277775787,
        0.4463333545099076
    ]
}