{
    "train_loss": [
        1.053505613690331,
        0.9613921344280243,
        0.8433214993703932,
        0.7151455751487187,
        0.7189654438268571,
        0.7087777625946772,
        0.6115010607810247,
        0.5930351614952087,
        0.6015201693489438,
        0.5529561347904659,
        0.527371789018313,
        0.4941094201945123,
        0.491862715000198,
        0.45426915692431585,
        0.45754537554014296,
        0.45038678497076035,
        0.4270738803205036,
        0.41637937085969107
    ],
    "train_acc": [
        0.8536036036036037,
        0.8220720720720721,
        0.8588588588588588,
        0.8596096096096096,
        0.8626126126126126,
        0.8536036036036037,
        0.8678678678678678,
        0.8506006006006006,
        0.8370870870870871,
        0.8348348348348348,
        0.8558558558558559,
        0.8573573573573574,
        0.8415915915915916,
        0.8611111111111112,
        0.8596096096096096,
        0.8596096096096096,
        0.8716216216216216,
        0.8588588588588588
    ],
    "train_f1": [
        0.34782608695652173,
        0.43705463182897863,
        0.5078534031413613,
        0.5359801488833746,
        0.5525672371638142,
        0.5517241379310345,
        0.5665024630541872,
        0.5487528344671202,
        0.5373134328358209,
        0.5299145299145299,
        0.5807860262008734,
        0.5739910313901345,
        0.5594989561586639,
        0.5804988662131519,
        0.5978494623655914,
        0.5961123110151187,
        0.6157303370786517,
        0.5877192982456141
    ],
    "train_mcc": [
        0.2655168859471753,
        0.3672594455120412,
        0.4477029957399089,
        0.4861637631191436,
        0.5081475579654774,
        0.5149526739611452,
        0.5244752900632499,
        0.5131426275323959,
        0.5079817289688056,
        0.4979071754080368,
        0.5606256116648481,
        0.547196933972297,
        0.5411095605044425,
        0.5536545736392532,
        0.5858182763030376,
        0.582678038318422,
        0.6003144487135538,
        0.5688142150278481
    ],
    "val_loss": [
        1.1520452878691934,
        0.8593366037715565,
        0.7733239396051927,
        0.7793789533051577,
        0.8090456615794789,
        0.8080862056125294,
        0.711324854330583,
        0.7148938558318398,
        0.7066325870427218,
        0.9326481060548262,
        0.7203815037553961,
        0.7868039594455198,
        0.9470206499099731,
        0.8219743154265664,
        0.7071730494499207,
        1.116846202449365,
        0.7955671657215465,
        1.4298226122151723
    ],
    "val_acc": [
        0.5585585585585585,
        0.8588588588588588,
        0.9129129129129129,
        0.8438438438438438,
        0.8108108108108109,
        0.8528528528528528,
        0.8168168168168168,
        0.8408408408408409,
        0.7987987987987988,
        0.8408408408408409,
        0.8258258258258259,
        0.7987987987987988,
        0.8348348348348348,
        0.7957957957957958,
        0.7507507507507507,
        0.8228228228228228,
        0.7837837837837838,
        0.8348348348348348
    ],
    "val_f1": [
        0.2898550724637681,
        0.5052631578947369,
        0.6027397260273972,
        0.5094339622641509,
        0.47058823529411764,
        0.5148514851485149,
        0.46956521739130436,
        0.49523809523809526,
        0.464,
        0.5137614678899083,
        0.5084745762711864,
        0.464,
        0.5132743362831859,
        0.46875,
        0.4195804195804196,
        0.49572649572649574,
        0.45454545454545453,
        0.5132743362831859
    ],
    "val_mcc": [
        0.22277531736371256,
        0.4463333545099076,
        0.5539117094069973,
        0.4612273268641358,
        0.42537958480004495,
        0.46294145384478586,
        0.41966556384317333,
        0.4423954394700769,
        0.42348913595993587,
        0.4700432992102791,
        0.47443421370582056,
        0.42348913595993587,
        0.4742519489503812,
        0.43372504895631864,
        0.3817256125148012,
        0.4563016847452472,
        0.418928460303571,
        0.4742519489503812
    ]
}