{
    "train_loss": [
        1.2103522835775864,
        1.1879672019980674,
        1.0900715090507684,
        0.951848890892295,
        0.9193794165932855,
        0.7700785776210386,
        0.7829563707806343,
        0.6830906320449918,
        0.6498171208902846,
        0.657325534626495,
        0.6443857859040416,
        0.6020563362642776,
        0.57442028993784,
        0.6112200018278388,
        0.5444730076678964,
        0.6020126211088758,
        0.6499378975740698,
        0.5479284355113673,
        0.5223124054108941,
        0.5214487522147423,
        0.4784699751194133,
        0.4751976678191229,
        0.4892683386109596,
        0.44798920112986895
    ],
    "train_acc": [
        0.8663220088626292,
        0.8663220088626292,
        0.8168389955686853,
        0.8441654357459379,
        0.8412112259970458,
        0.8567208271787297,
        0.8633677991137371,
        0.8818316100443131,
        0.880354505169867,
        0.8810930576070901,
        0.8581979320531757,
        0.8729689807976366,
        0.8870014771048744,
        0.861890694239291,
        0.8877400295420975,
        0.8626292466765141,
        0.8670605612998523,
        0.880354505169867,
        0.879615952732644,
        0.8884785819793205,
        0.9032496307237814,
        0.8870014771048744,
        0.8973412112259971,
        0.9017725258493353
    ],
    "train_f1": [
        0.0,
        0.0,
        0.30726256983240224,
        0.4841075794621027,
        0.5011600928074246,
        0.5630630630630631,
        0.5766590389016019,
        0.634703196347032,
        0.6367713004484304,
        0.6414253897550112,
        0.6,
        0.6260869565217392,
        0.6637362637362637,
        0.6237424547283702,
        0.6637168141592921,
        0.6265060240963856,
        0.6311475409836066,
        0.6639004149377593,
        0.6652977412731006,
        0.6752688172043011,
        0.7082405345211581,
        0.6871165644171779,
        0.702355460385439,
        0.712742980561555
    ],
    "train_mcc": [
        0.0,
        0.0,
        0.20176255980100657,
        0.39739289128543703,
        0.4171585347442433,
        0.49285919119643745,
        0.5086860906030354,
        0.5791325382717404,
        0.582975347071439,
        0.5892127666160276,
        0.5442874454636336,
        0.5725376984872944,
        0.6178226163579045,
        0.5785415736268926,
        0.6171229765170685,
        0.5823468480205078,
        0.585485063048721,
        0.6251083938999512,
        0.6283672749522984,
        0.6345350728190412,
        0.6709160143559539,
        0.6566009428500172,
        0.6687013640244831,
        0.680371952687256
    ],
    "val_loss": [
        1.1868344111876055,
        1.1989797678860752,
        1.0626890496774153,
        1.404861325567419,
        0.8634126457301053,
        1.1510411270640113,
        0.9005620032548904,
        0.837437548420646,
        0.7508154619823803,
        1.0181364525448193,
        0.7437318373810161,
        0.8066053607247092,
        1.1997569095004688,
        0.7886813106861982,
        1.3032486939972097,
        0.9435204294594851,
        1.2551551081917502,
        1.1563961749727076,
        1.0870312926444141,
        0.9275553131645377,
        1.1494922814044086,
        1.191538935357874,
        1.0121374076062983,
        1.0852961431850086
    ],
    "val_acc": [
        0.8672566371681416,
        0.8672566371681416,
        0.8849557522123894,
        0.8820058997050148,
        0.887905604719764,
        0.887905604719764,
        0.8938053097345132,
        0.8613569321533924,
        0.887905604719764,
        0.9026548672566371,
        0.8584070796460177,
        0.7640117994100295,
        0.6047197640117994,
        0.8761061946902655,
        0.9085545722713865,
        0.7610619469026548,
        0.8672566371681416,
        0.8849557522123894,
        0.8820058997050148,
        0.8672566371681416,
        0.8731563421828908,
        0.887905604719764,
        0.8495575221238938,
        0.887905604719764
    ],
    "val_f1": [
        0.0,
        0.0,
        0.36065573770491804,
        0.3103448275862069,
        0.5128205128205128,
        0.3870967741935484,
        0.5714285714285714,
        0.5765765765765766,
        0.6545454545454545,
        0.5822784810126582,
        0.5714285714285714,
        0.4805194805194805,
        0.3619047619047619,
        0.625,
        0.5633802816901409,
        0.4968944099378882,
        0.5631067961165048,
        0.5979381443298969,
        0.5454545454545454,
        0.5871559633027523,
        0.5981308411214953,
        0.5957446808510638,
        0.5486725663716814,
        0.62
    ],
    "val_mcc": [
        0.0,
        0.0,
        0.36389912653491635,
        0.32933104633799054,
        0.45810850968096867,
        0.38812914454910347,
        0.5128801509016568,
        0.5102497059240493,
        0.6044902395703955,
        0.5350451040834988,
        0.5044595534134956,
        0.4193943398867183,
        0.27999961580864147,
        0.569956216993417,
        0.5406598211435163,
        0.4508215858718567,
        0.49175667784785093,
        0.5331105226322442,
        0.4778611522204404,
        0.5221713857456454,
        0.5345786521684767,
        0.5314614994124497,
        0.4770665321575525,
        0.5588707632382696
    ]
}