{
    "train_loss": [
        1.2057226036870203,
        1.1805835005848906,
        1.1058031417602716,
        1.0258646995522256,
        0.8953743729480478,
        0.8173739397248556,
        0.7973763859549234,
        0.7156405033067216,
        0.720300955827846,
        0.6694172648496406,
        0.6490083270987799,
        0.7437918456487878,
        0.6529123859350071,
        0.5619965982298518,
        0.5334517266168151,
        0.5189551849697911,
        0.518670508334803,
        0.46676904725473983,
        0.4548537003439526,
        0.4011107801004898,
        0.3754859227080678,
        0.3730268026160639,
        0.3905237628970035,
        0.37148380088944766,
        0.33619807279387187,
        0.3261861668596434,
        0.30223881808477776,
        0.30798644572496414,
        0.30589692476530406,
        0.30513240570245787,
        0.30710899145450704,
        0.26465069961755777,
        0.264524414269037,
        0.2521518523436646,
        0.26452964336373086
    ],
    "train_acc": [
        0.8670605612998523,
        0.8633677991137371,
        0.8360413589364845,
        0.8257016248153619,
        0.8316100443131462,
        0.8353028064992615,
        0.845642540620384,
        0.8692762186115214,
        0.8567208271787297,
        0.878138847858198,
        0.8744460856720827,
        0.8412112259970458,
        0.8818316100443131,
        0.895864106351551,
        0.8929098966026587,
        0.8899556868537666,
        0.896602658788774,
        0.8980797636632201,
        0.9062038404726735,
        0.9135893648449039,
        0.9180206794682423,
        0.9209748892171344,
        0.9172821270310192,
        0.9209748892171344,
        0.930576070901034,
        0.9298375184638109,
        0.9327917282127031,
        0.9394387001477105,
        0.948301329394387,
        0.9283604135893648,
        0.9438700147710487,
        0.947562776957164,
        0.9505169867060561,
        0.947562776957164,
        0.9497784342688331
    ],
    "train_f1": [
        0.021739130434782608,
        0.06091370558375635,
        0.2838709677419355,
        0.4537037037037037,
        0.5269709543568465,
        0.5265392781316348,
        0.5654885654885655,
        0.6057906458797327,
        0.5800865800865801,
        0.6341463414634146,
        0.6413502109704642,
        0.5841392649903289,
        0.6380090497737556,
        0.6887417218543046,
        0.6784922394678492,
        0.6809421841541756,
        0.6929824561403509,
        0.6986899563318777,
        0.7158836689038032,
        0.7346938775510204,
        0.750561797752809,
        0.7562642369020501,
        0.7477477477477478,
        0.7573696145124716,
        0.7863636363636364,
        0.7785547785547785,
        0.7945823927765236,
        0.8101851851851852,
        0.8325358851674641,
        0.7829977628635347,
        0.8215962441314554,
        0.831353919239905,
        0.8416075650118203,
        0.8337236533957846,
        0.8380952380952381
    ],
    "train_mcc": [
        0.0738042387906663,
        0.07754597081451346,
        0.19777945603953628,
        0.35992107325188755,
        0.45286329337369235,
        0.4508896663590854,
        0.5011326046507537,
        0.5456377011547336,
        0.5160820096817639,
        0.5806838616485367,
        0.5946651624581847,
        0.5330126646913759,
        0.5837898395314398,
        0.6480480251231233,
        0.6350006205653129,
        0.6421166659538639,
        0.6540245398789245,
        0.6615855838265564,
        0.679736953848673,
        0.7010861715944947,
        0.7214905463517722,
        0.726737514858712,
        0.7177770694842623,
        0.7286351209217533,
        0.7635519602699091,
        0.7509973301513942,
        0.7744880450624815,
        0.7899488205283947,
        0.8128125636048128,
        0.7616713701048398,
        0.8019188984485315,
        0.8122073273431676,
        0.8250505592060273,
        0.8167814845677664,
        0.819992998053874
    ],
    "val_loss": [
        1.1878271211277356,
        1.1896478100256487,
        1.1955852725289084,
        1.0973440679636868,
        1.433964891867204,
        1.36541978337548,
        1.0608714873140508,
        1.130841005932201,
        1.1122216473926196,
        1.0930021513592114,
        1.3839476785876534,
        1.177570554343137,
        1.2491991438648917,
        1.1774708439003339,
        1.2378639334982091,
        1.1265026466412977,
        1.2484014440666547,
        1.3932524892416867,
        1.2500471662391315,
        1.4454334324056453,
        1.4423095340078527,
        1.7854838289997794,
        1.3428412973880768,
        1.3624184944412925,
        1.491403655572371,
        1.4991710511120884,
        1.6028673669153994,
        1.8432813638990575,
        1.5391780652783134,
        1.7244345870884983,
        1.8215089399706235,
        1.8221322121945294,
        2.0172174274921417,
        1.9244857040995902,
        2.0268917828798294
    ],
    "val_acc": [
        0.8672566371681416,
        0.8613569321533924,
        0.8672566371681416,
        0.7787610619469026,
        0.49852507374631266,
        0.5486725663716814,
        0.8820058997050148,
        0.7138643067846607,
        0.8761061946902655,
        0.7551622418879056,
        0.8790560471976401,
        0.8908554572271387,
        0.8820058997050148,
        0.8761061946902655,
        0.8790560471976401,
        0.8820058997050148,
        0.8997050147492626,
        0.8997050147492626,
        0.8259587020648967,
        0.9026548672566371,
        0.8908554572271387,
        0.8849557522123894,
        0.8289085545722714,
        0.8377581120943953,
        0.8820058997050148,
        0.8672566371681416,
        0.8908554572271387,
        0.8967551622418879,
        0.8348082595870207,
        0.8849557522123894,
        0.8790560471976401,
        0.8938053097345132,
        0.8938053097345132,
        0.8938053097345132,
        0.8938053097345132
    ],
    "val_f1": [
        0.0,
        0.0784313725490196,
        0.26229508196721313,
        0.4444444444444444,
        0.32,
        0.34334763948497854,
        0.5555555555555556,
        0.389937106918239,
        0.5333333333333333,
        0.4503311258278146,
        0.5060240963855421,
        0.5316455696202531,
        0.5454545454545454,
        0.5531914893617021,
        0.5591397849462365,
        0.574468085106383,
        0.6222222222222222,
        0.6304347826086957,
        0.5354330708661418,
        0.6451612903225806,
        0.6336633663366337,
        0.5063291139240507,
        0.532258064516129,
        0.5378151260504201,
        0.6,
        0.5794392523364486,
        0.6185567010309279,
        0.5783132530120482,
        0.5333333333333333,
        0.6138613861386139,
        0.594059405940594,
        0.6170212765957447,
        0.6170212765957447,
        0.6,
        0.6
    ],
    "val_mcc": [
        0.0,
        0.07935649889266497,
        0.24090630111583694,
        0.35542712758566397,
        0.22739444440870626,
        0.2631618045205754,
        0.4875283446712018,
        0.29199669607756845,
        0.46190476190476193,
        0.37374795552265755,
        0.4397056167085651,
        0.4771608563463659,
        0.4778611522204404,
        0.48201304372401266,
        0.48948091280709033,
        0.5067372715682311,
        0.5643990929705215,
        0.5726271589475874,
        0.4692896945723433,
        0.5892308553629085,
        0.5751399868356489,
        0.4482187324777994,
        0.46297572449459534,
        0.46674922171123495,
        0.5352888378290371,
        0.5120889322522303,
        0.5572360689107558,
        0.5223790521296431,
        0.46172401664436996,
        0.551728308697166,
        0.5283166305586833,
        0.5561857272566683,
        0.5561857272566683,
        0.5387755102040817,
        0.5387755102040817
    ]
}