{
    "train_loss": [
        1.2071316949156827,
        1.181757322577543,
        1.1501368644625642,
        0.9980789325958075,
        0.9930359977622365,
        0.854594370653463,
        0.8109782844088799,
        0.7693505917870721,
        0.7287496598654015,
        0.6935358823731889,
        0.6530417377172515,
        0.6263332637243493,
        0.6297748982906342,
        0.7669985221568928,
        0.694297275570936,
        0.6521782119606816,
        0.6236852799044099,
        0.6218606316766073,
        0.6039221581331519,
        0.5982616179904272,
        0.5665131498907887,
        0.5533837443867395,
        0.5248689978968265,
        0.534534561079602,
        0.5526733755372292,
        0.5791976088008215,
        0.517840322020442,
        0.49869418248187664,
        0.5245092933954194,
        0.47827778687310774,
        0.48767103254795074,
        0.4674359002085619,
        0.47746301910211875,
        0.4629969319631887,
        0.4576665842255881,
        0.46250416650328524,
        0.4660142382910085,
        0.44702772137730623,
        0.49399645106737006,
        0.428004949245342,
        0.4324770230193471,
        0.41951647262240566,
        0.42244134358195373,
        0.41146626444750056,
        0.42080708333226136,
        0.4163088067326435,
        0.4033645561268163,
        0.4124821358641913,
        0.4063305568902992,
        0.3954634059133918
    ],
    "train_acc": [
        0.8663220088626292,
        0.8663220088626292,
        0.844903988183161,
        0.8301329394387001,
        0.7673559822747416,
        0.8286558345642541,
        0.8596750369276218,
        0.845642540620384,
        0.8707533234859675,
        0.8751846381093058,
        0.8906942392909897,
        0.8847858197932054,
        0.8774002954209749,
        0.8397341211225997,
        0.9091580502215657,
        0.912850812407681,
        0.9062038404726735,
        0.8988183161004432,
        0.9047267355982275,
        0.9017725258493353,
        0.9025110782865583,
        0.8988183161004432,
        0.9054652880354506,
        0.9069423929098966,
        0.9098966026587888,
        0.9047267355982275,
        0.9158050221565731,
        0.9135893648449039,
        0.8995568685376661,
        0.9135893648449039,
        0.9076809453471196,
        0.914327917282127,
        0.9062038404726735,
        0.914327917282127,
        0.912850812407681,
        0.914327917282127,
        0.9106351550960118,
        0.9217134416543574,
        0.9135893648449039,
        0.9194977843426884,
        0.9231905465288035,
        0.9254062038404727,
        0.9217134416543574,
        0.9231905465288035,
        0.9283604135893648,
        0.9209748892171344,
        0.9276218611521418,
        0.9327917282127031,
        0.9327917282127031,
        0.9327917282127031
    ],
    "train_f1": [
        0.0,
        0.03208556149732621,
        0.19230769230769232,
        0.441747572815534,
        0.450261780104712,
        0.5378486055776892,
        0.5887445887445888,
        0.5743380855397149,
        0.6067415730337079,
        0.6285714285714286,
        0.6509433962264151,
        0.6548672566371682,
        0.6406926406926406,
        0.5580448065173116,
        0.6737400530503979,
        0.6878306878306878,
        0.684863523573201,
        0.6776470588235294,
        0.6766917293233082,
        0.6855791962174941,
        0.6872037914691943,
        0.6864988558352403,
        0.6952380952380952,
        0.7028301886792453,
        0.7136150234741784,
        0.7006960556844548,
        0.7246376811594203,
        0.7247058823529412,
        0.6909090909090909,
        0.7220902612826603,
        0.7113163972286374,
        0.7314814814814815,
        0.7133182844243793,
        0.7351598173515982,
        0.7293577981651376,
        0.7363636363636363,
        0.7268623024830699,
        0.7523364485981309,
        0.7310344827586207,
        0.7482678983833718,
        0.7581395348837209,
        0.7612293144208038,
        0.7511737089201878,
        0.7592592592592593,
        0.7695961995249406,
        0.7540229885057471,
        0.7677725118483413,
        0.7828162291169452,
        0.7828162291169452,
        0.7828162291169452
    ],
    "train_mcc": [
        0.0,
        0.07181647127041364,
        0.1336940391030499,
        0.3468616206787925,
        0.3665375910452961,
        0.46993432879188407,
        0.5267850545388821,
        0.5142607624081647,
        0.5461973190797457,
        0.5746077475706849,
        0.5967460392509808,
        0.6062746813615776,
        0.5910033236815917,
        0.4935993852294265,
        0.6217342167266389,
        0.6380644609010742,
        0.634970132876006,
        0.6289139143526475,
        0.6250826647686513,
        0.6381183088817856,
        0.6399119733193889,
        0.6417071676320069,
        0.6492215577147299,
        0.6589564243492464,
        0.672257891021496,
        0.6576747080214544,
        0.6833762085372777,
        0.6853782169302597,
        0.647676166018565,
        0.6814969734176809,
        0.6708916507496595,
        0.6950076295712437,
        0.6756006558153927,
        0.7008865209382749,
        0.6933715001487866,
        0.7028551156620623,
        0.6920818873565742,
        0.7192094788745779,
        0.6951623544603777,
        0.7155013494735724,
        0.7266696360749383,
        0.7287521272208118,
        0.7173573718656823,
        0.7285162852031793,
        0.738327562080936,
        0.7229586662380234,
        0.7363666276086953,
        0.7536865783114672,
        0.7536865783114672,
        0.7536865783114672
    ],
    "val_loss": [
        1.2119046612219377,
        1.2195214791731401,
        1.147365239533511,
        1.0212723233483054,
        1.0852649157697505,
        1.0171396610411731,
        1.0435356822880832,
        0.8705248236656189,
        0.8955536701462485,
        0.9316635131835938,
        0.8706175441091711,
        0.9038810919631611,
        0.9814708530902863,
        0.9310430071570657,
        1.0331410332159563,
        0.8777588416229595,
        0.836454223502766,
        0.8229170116511259,
        0.8171042501926422,
        0.8997123485261743,
        0.8778714510527524,
        0.8825468448075381,
        0.9193599210544066,
        0.8777566443790089,
        0.8162785389206626,
        0.8414129587736997,
        0.9034504782069813,
        0.9643477418205955,
        0.8892653530294244,
        0.9673095508055254,
        0.9395771460099653,
        0.9787139892578125,
        0.9104323834180832,
        0.9005634351210161,
        0.9269573932344263,
        0.931811579249122,
        1.0644387819550254,
        1.0136195055463098,
        1.007927618920803,
        1.1056114787405187,
        1.068309710784392,
        1.0165175280787728,
        1.0299296446821906,
        1.0521616204218431,
        1.107171799648892,
        1.0634984414685855,
        1.080846752632748,
        1.087293122302402,
        1.0848953263326124,
        1.0920249061150984
    ],