{
    "train_loss": [
        1.1976795154948567,
        1.189734275950942,
        1.0831822669783304,
        1.0544086583825045,
        0.9537943144177281,
        0.8375238388083702,
        0.8269006221793419,
        0.7257352367390034,
        0.7279147166152333,
        0.7332877274169478,
        0.6480094256789185,
        0.6500556143217309,
        0.6168255681215331,
        0.5970650051915368,
        0.567625631426656,
        0.5380626965400784,
        0.5031978176083676,
        0.4501982916926229,
        0.4847592288671538,
        0.43945877773817194,
        0.4432890494895536,
        0.39027892330358194,
        0.3722006607540818,
        0.36686573368172315,
        0.41650895497133567,
        0.3829937140608943,
        0.38013824629922244,
        0.33420381071262584,
        0.3339358763985856,
        0.30595176034542015
    ],
    "train_acc": [
        0.8641063515509602,
        0.8626292466765141,
        0.8382570162481536,
        0.8220088626292467,
        0.8124076809453471,
        0.8596750369276218,
        0.8412112259970458,
        0.8729689807976366,
        0.8596750369276218,
        0.861890694239291,
        0.8825701624815362,
        0.8663220088626292,
        0.8870014771048744,
        0.8744460856720827,
        0.8884785819793205,
        0.8825701624815362,
        0.8906942392909897,
        0.9054652880354506,
        0.9002954209748892,
        0.9054652880354506,
        0.9135893648449039,
        0.9254062038404727,
        0.9202363367799113,
        0.9209748892171344,
        0.9025110782865583,
        0.9135893648449039,
        0.9172821270310192,
        0.9261447562776958,
        0.9379615952732644,
        0.9372230428360414
    ],
    "train_f1": [
        0.031578947368421054,
        0.10576923076923077,
        0.30914826498422715,
        0.3504043126684636,
        0.4816326530612245,
        0.5662100456621004,
        0.5511482254697286,
        0.6177777777777778,
        0.5957446808510638,
        0.6029723991507431,
        0.6293706293706294,
        0.6205450733752621,
        0.6498855835240275,
        0.6367521367521367,
        0.6636971046770601,
        0.6624203821656051,
        0.6768558951965066,
        0.7142857142857143,
        0.7019867549668874,
        0.7104072398190046,
        0.7297921478060047,
        0.7645687645687645,
        0.75,
        0.7551487414187643,
        0.7130434782608696,
        0.738255033557047,
        0.7488789237668162,
        0.7685185185185185,
        0.8018867924528302,
        0.7961630695443646
    ],
    "train_mcc": [
        0.04799228395842451,
        0.11473561893994076,
        0.2225189453462723,
        0.24744872790949063,
        0.39659893886241704,
        0.49611845918092146,
        0.4827823674594512,
        0.5604641349431477,
        0.5369124797335892,
        0.5461107376075788,
        0.5714508294572508,
        0.5693723915203728,
        0.5973668086223497,
        0.5874859201137792,
        0.6164471825293364,
        0.6201715708008514,
        0.6346855615896851,
        0.6780456977470932,
        0.6642980317780824,
        0.6718176741531788,
        0.6931965001116159,
        0.7341648457113183,
        0.7173467333258675,
        0.7248453407751141,
        0.6798511177515091,
        0.707048425934062,
        0.719727289154197,
        0.7396858370804912,
        0.7777217049913898,
        0.7691671277773262
    ],
    "val_loss": [
        1.177604458548806,
        1.1509458260102705,
        1.4681613878770308,
        1.10827327858318,
        0.9627982811494307,
        1.0223043777725913,
        0.8601762435652993,
        0.9712260528044268,
        1.0629754337397488,
        1.0128264156254856,
        0.9225876548073508,
        1.0307198817079717,
        0.8610211529515006,
        0.8009948134422302,
        0.9699544689872048,
        0.952007307247682,
        0.9402264031496915,
        1.3171294656666843,
        1.3040729476646944,
        1.4785422601483085,
        1.1346428719433872,
        1.139893664555116,
        1.36310448768464,
        1.2516731836579063,
        1.195496765050021,
        1.854729957201264,
        1.3600399805740877,
        1.3915878236293793,
        1.472449048676274,
        1.4199564389207147
    ],
    "val_acc": [
        0.8672566371681416,
        0.8584070796460177,
        0.2359882005899705,
        0.5693215339233039,
        0.8820058997050148,
        0.7551622418879056,
        0.8525073746312685,
        0.7817109144542773,
        0.8938053097345132,
        0.8967551622418879,
        0.8672566371681416,
        0.8938053097345132,
        0.8082595870206489,
        0.8436578171091446,
        0.911504424778761,
        0.911504424778761,
        0.8495575221238938,
        0.9085545722713865,
        0.8967551622418879,
        0.9026548672566371,
        0.8584070796460177,
        0.8230088495575221,
        0.9026548672566371,
        0.7492625368731564,
        0.8790560471976401,
        0.9026548672566371,
        0.8790560471976401,
        0.8731563421828908,
        0.8908554572271387,
        0.8613569321533924
    ],
    "val_f1": [
        0.0,
        0.07692307692307693,
        0.24489795918367346,
        0.35398230088495575,
        0.47368421052631576,
        0.4429530201342282,
        0.576271186440678,
        0.4931506849315068,
        0.4,
        0.4444444444444444,
        0.5714285714285714,
        0.4375,
        0.48,
        0.5619834710743802,
        0.6590909090909091,
        0.6590909090909091,
        0.5565217391304348,
        0.5633802816901409,
        0.5454545454545454,
        0.5217391304347826,
        0.5714285714285714,
        0.53125,
        0.6526315789473685,
        0.4370860927152318,
        0.6095238095238096,
        0.5217391304347826,
        0.6095238095238096,
        0.5904761904761905,
        0.6185567010309279,
        0.5688073394495413
    ],
    "val_mcc": [
        0.0,
        0.06546491993811297,
        0.06512539258344317,
        0.2783881262861021,
        0.4188013481625216,
        0.36186808642701257,
        0.5141593568700216,
        0.4294800371564329,
        0.4231416769957594,
        0.45018020946925186,
        0.5019528829055149,
        0.43383992772194896,
        0.39681727637704706,
        0.49847342167655984,
        0.6084811575443634,
        0.6084811575443634,
        0.4877225374936183,
        0.5406598211435163,
        0.49813581718432565,
        0.5021527998551162,
        0.5044595534134956,
        0.46468029180757975,
        0.5973290281293568,
        0.3549941726744958,
        0.5475116586230435,
        0.5021527998551162,
        0.5475116586230435,
        0.5247322707642792,
        0.5572360689107558,
        0.49995550977077413
    ]
}