{
    "train_loss": [
        1.223972788784239,
        0.9136415753099654,
        0.9308132655090756,
        1.0081575161880918,
        0.9263155380884807,
        0.8215137422084808,
        0.8723318384753334,
        0.8785886353916592,
        0.8477184110217624,
        0.8103936331139671,
        0.8246999661127726,
        0.7998672293292152,
        0.7716706024275886,
        0.7520829035176171,
        0.7737020585272048,
        0.7323760516113705,
        0.7139448086420696,
        0.6692888531419966,
        0.6964039209816191,
        0.6279420369201236,
        0.6135531349314584,
        0.6425116807222366,
        0.6123499360349444,
        0.5627314941750632,
        0.5551457555757628,
        0.5595539179113176,
        0.5250093410412471,
        0.6213189565473133,
        0.5722135100099776,
        0.52015057835314,
        0.6756122211615244,
        0.5715954310364193,
        0.5152180284261704,
        0.47442381762795977,
        0.48272546629110974,
        0.45541712608602314,
        0.4713692085610496,
        0.4644527044561174,
        0.45469016283750535,
        0.4989882747332255,
        0.4481487704647912,
        0.4313658454351955,
        0.46198355837000743,
        0.4199081732167138,
        0.6690434409512414,
        0.5613035420576732
    ],
    "train_acc": [
        0.9414634146341463,
        0.8606271777003485,
        0.8313588850174216,
        0.8209059233449477,
        0.8494773519163763,
        0.8557491289198607,
        0.845993031358885,
        0.8585365853658536,
        0.8599303135888502,
        0.8571428571428571,
        0.8620209059233449,
        0.8689895470383275,
        0.8794425087108014,
        0.8606271777003485,
        0.8857142857142857,
        0.8885017421602788,
        0.8822299651567944,
        0.8752613240418119,
        0.8731707317073171,
        0.8933797909407666,
        0.8738675958188153,
        0.8850174216027874,
        0.8933797909407666,
        0.8885017421602788,
        0.8912891986062718,
        0.8801393728222997,
        0.8954703832752613,
        0.8871080139372822,
        0.8808362369337979,
        0.8878048780487805,
        0.9052264808362369,
        0.8655052264808363,
        0.8898954703832752,
        0.8898954703832752,
        0.8905923344947735,
        0.8940766550522649,
        0.8996515679442508,
        0.8905923344947735,
        0.8933797909407666,
        0.8996515679442508,
        0.8975609756097561,
        0.8975609756097561,
        0.8940766550522649,
        0.90801393728223,
        0.913588850174216,
        0.9114982578397213
    ],
    "train_f1": [
        0.06666666666666667,
        0.2366412213740458,
        0.20915032679738563,
        0.19937694704049844,
        0.22857142857142856,
        0.2527075812274368,
        0.22456140350877193,
        0.2222222222222222,
        0.23574144486692014,
        0.24354243542435425,
        0.23846153846153847,
        0.2713178294573643,
        0.270042194092827,
        0.24812030075187969,
        0.28695652173913044,
        0.30434782608695654,
        0.28085106382978725,
        0.28112449799196787,
        0.28346456692913385,
        0.31390134529147984,
        0.2845849802371542,
        0.2978723404255319,
        0.31390134529147984,
        0.3103448275862069,
        0.30357142857142855,
        0.2892561983471074,
        0.32432432432432434,
        0.2894736842105263,
        0.2962962962962963,
        0.3090128755364807,
        0.33980582524271846,
        0.27715355805243447,
        0.30701754385964913,
        0.3247863247863248,
        0.3203463203463203,
        0.3333333333333333,
        0.3394495412844037,
        0.3261802575107296,
        0.34334763948497854,
        0.35135135135135137,
        0.3466666666666667,
        0.3466666666666667,
        0.3391304347826087,
        0.38317757009345793,
        0.37373737373737376,
        0.3864734299516908
    ],
    "train_mcc": [
        0.036550943509487475,
        0.2777591072122874,
        0.25481126379206476,
        0.24479440219120593,
        0.27407185148907165,
        0.3096655316148241,
        0.27015800471430435,
        0.25584746736823155,
        0.2769011880843534,
        0.29258132542211207,
        0.27949071962509286,
        0.3270536221466749,
        0.31303511736710166,
        0.29692270059934595,
        0.332632968797929,
        0.3569158354726519,
        0.3271339562383411,
        0.33603973168008755,
        0.34252420398684763,
        0.3653622404020705,
        0.3435451292246093,
        0.3511467047588669,
        0.3653622404020705,
        0.36666953530390595,
        0.35181641360348853,
        0.3434100782366895,
        0.37897637736999046,
        0.33488948044941547,
        0.35413732576558776,
        0.36548881095908625,
        0.3879299974362813,
        0.341090617825514,
        0.35928371417758354,
        0.38838254449538545,
        0.3799729362382226,
        0.39587506476983564,
        0.3966622639188339,
        0.38960821513136906,
        0.4137276193036518,
        0.4160869772966972,
        0.4120329896363757,
        0.4120329896363757,
        0.4054815688220977,
        0.4526160734141121,
        0.42606317985257386,
        0.45074786548262824
    ],
    "val_loss": [
        1.5919360518455505,
        2.2067273569603763,
        3.037702647348245,
        1.0125194092591603,
        1.5383423957973719,
        1.9129005620876949,
        2.113398615270853,
        1.4961604624986649,
        1.9827389319737752,
        2.2760991056760154,
        2.1205231410761676,
        2.389789586265882,
        2.353889805575212,
        2.461004296938578,
        1.754196931918462,
        1.9737437243262927,
        1.9456580616533756,
        1.9738517502943675,
        2.058037276069323,
        2.19165546198686,
        2.3391696580996117,
        2.473617168764273,
        2.1649348015586534,
        2.2463580676509687,
        2.4613223100701966,
        2.508170061667139,
        2.5110303771992526,
        2.440981605245421,
        2.322956665729483,
        7.536461258927981,
        2.3065019212663174,
        2.2657460098465285,
        7.5940445599456625,
        2.3067992764214673,
        2.3999129260579743,
        2.2079309057444334,
        2.438699182588607,
        2.4703288736442723,
        2.4617339173952737,
        2.528693969051043,
        2.5818679574877024,
        2.6110677359004817,
        2.479881859074036,
        2.39321275241673,
        2.5667110526313386,
        2.5328733002146087
    ],
    "val_acc": [
        0.8659217877094972,
        0.9078212290502793,
        0.9078212290502793,
        0.8770949720670391,
        0.9022346368715084,
        0.8715083798882681,
        0.8994413407821229,
        0.8910614525139665,
        0.8547486033519553,
        0.8631284916201117,
        0.8854748603351955,
        0.9050279329608939,
        0.8743016759776536,
        0.9134078212290503,
        0.8715083798882681,
        0.8770949720670391,
        0.888268156424581,
        0.888268156424581,
        0.88268156424581,
        0.8743016759776536,
        0.8994413407821229,
        0.9078212290502793,
        0.88268156424581,
        0.9022346368715084,
        0.8687150837988827,
        0.9022346368715084,
        0.8966480446927374,
        0.9022346368715084,
        0.8910614525139665,
        0.9022346368715084,
        0.9078212290502793,
        0.88268156424581,
        0.8966480446927374,
        0.9022346368715084,
        0.8938547486033519,
        0.8994413407821229,
        0.9022346368715084,
        0.8994413407821229,
        0.9050279329608939,
        0.9022346368715084,
        0.9022346368715084,
        0.9022346368715084,
        0.9078212290502793,
        0.888268156424581,
        0.9050279329608939,
        0.8994413407821229
    ],