{
    "train_loss": [
        1.1529851886961195,
        0.9783933215671116,
        0.9486698468526205,
        0.9582449588510725,
        0.9556260228157043,
        0.9148021784093645,
        0.8895712686909569,
        0.8902858634789784,
        0.8060326688819461,
        0.7818459355168872,
        0.7811190207799276,
        0.7901597211758296,
        0.8048448655340407,
        0.76606914334827,
        0.7252239737245771,
        0.7281357960568534,
        0.7276298489835528,
        0.7675816264417437,
        0.6795737670527564,
        0.7010932902495066,
        0.665115718377961,
        0.6376982337898678,
        0.6358330289522807,
        0.6124119483762317,
        0.6058581236335966,
        0.6122028433614307,
        0.6174104462067286,
        0.5852005577749676,
        0.5973414265447192,
        0.5678873866796493,
        0.5725236048301061,
        0.5807372351487478,
        0.5343323919508193,
        0.561136222547955,
        0.5567823208040661,
        0.5401308013333215,
        0.5174960980812708
    ],
    "train_acc": [
        0.9463414634146341,
        0.8662020905923344,
        0.8222996515679443,
        0.7986062717770035,
        0.8327526132404182,
        0.805574912891986,
        0.840418118466899,
        0.7714285714285715,
        0.8397212543554007,
        0.8696864111498258,
        0.8494773519163763,
        0.8717770034843205,
        0.8348432055749129,
        0.8557491289198607,
        0.8557491289198607,
        0.8759581881533101,
        0.8815331010452961,
        0.8668989547038327,
        0.8905923344947735,
        0.8717770034843205,
        0.8996515679442508,
        0.9059233449477352,
        0.9094076655052264,
        0.9031358885017422,
        0.9038327526132404,
        0.9101045296167247,
        0.9191637630662021,
        0.9177700348432056,
        0.9212543554006969,
        0.9282229965156794,
        0.9198606271777003,
        0.9254355400696864,
        0.9310104529616725,
        0.9261324041811847,
        0.9254355400696864,
        0.9289198606271777,
        0.9358885017421603
    ],
    "train_f1": [
        0.15384615384615385,
        0.21311475409836064,
        0.2006269592476489,
        0.19047619047619047,
        0.21052631578947367,
        0.20057306590257878,
        0.21843003412969283,
        0.18,
        0.22818791946308725,
        0.26666666666666666,
        0.24475524475524477,
        0.264,
        0.2379421221864952,
        0.24727272727272728,
        0.25806451612903225,
        0.28225806451612906,
        0.2796610169491525,
        0.2625482625482625,
        0.30837004405286345,
        0.2755905511811024,
        0.3076923076923077,
        0.34146341463414637,
        0.35,
        0.3412322274881517,
        0.3300970873786408,
        0.34517766497461927,
        0.3763440860215054,
        0.37894736842105264,
        0.3825136612021858,
        0.4046242774566474,
        0.3915343915343915,
        0.3954802259887006,
        0.4277456647398844,
        0.4044943820224719,
        0.4022346368715084,
        0.41379310344827586,
        0.4457831325301205
    ],
    "train_mcc": [
        0.12642839253229532,
        0.23527338039318488,
        0.24608918064000923,
        0.2431115369879589,
        0.2562027450020281,
        0.25776616391546775,
        0.2641127355094389,
        0.23923072371923762,
        0.28184737697745726,
        0.3184718015081914,
        0.3020827992549775,
        0.31174774476940204,
        0.303832202044133,
        0.3003016718199292,
        0.31897321754122293,
        0.3370713953241275,
        0.32605770262528216,
        0.3146563574577613,
        0.3604810224633529,
        0.33098260132121904,
        0.346668025103858,
        0.38935963067874935,
        0.3966984490083034,
        0.393675297508622,
        0.3750486676898665,
        0.3880558478674913,
        0.4191302953459719,
        0.4258939715455941,
        0.42434456824482386,
        0.44293985759647325,
        0.44110994473981946,
        0.43526512277726115,
        0.4714205877701459,
        0.44739826126432963,
        0.4455037631951976,
        0.4551812665537215,
        0.48641738483655034
    ],
    "val_loss": [
        1.060363918542862,
        1.0649803926547368,
        2.3000417600075402,
        1.1932017418245475,
        1.5721043075124423,
        1.2164566939075787,
        1.4538725428283215,
        1.5502205764253933,
        1.5880801926056545,
        1.729470560948054,
        1.7367897381385167,
        1.9006889909505844,
        1.889695896456639,
        1.894705817103386,
        1.9992949838439624,
        2.369417396684488,
        2.2431198731064796,
        7.087267552812894,
        1.9101933408528566,
        2.0600639044617615,
        2.137040582795938,
        2.170328805843989,
        2.212458317478498,
        2.2501862638940415,
        2.497070509940386,
        2.501599818468094,
        2.448978246189654,
        2.444354514280955,
        2.5068235037227473,
        2.651643667370081,
        2.5766763277351856,
        2.587947847942511,
        2.89890073488156,
        2.5488153360784054,
        2.5751364529132843,
        2.6206753849983215,
        2.598519186178843
    ],
    "val_acc": [
        0.8100558659217877,
        0.8770949720670391,
        0.8687150837988827,
        0.8184357541899442,
        0.9106145251396648,
        0.8435754189944135,
        0.8100558659217877,
        0.8324022346368715,
        0.8631284916201117,
        0.8854748603351955,
        0.8715083798882681,
        0.8603351955307262,
        0.840782122905028,
        0.8687150837988827,
        0.8854748603351955,
        0.8715083798882681,
        0.88268156424581,
        0.8715083798882681,
        0.8938547486033519,
        0.8994413407821229,
        0.8966480446927374,
        0.9078212290502793,
        0.9022346368715084,
        0.9050279329608939,
        0.9050279329608939,
        0.9022346368715084,
        0.9106145251396648,
        0.9078212290502793,
        0.9162011173184358,
        0.9134078212290503,
        0.9162011173184358,
        0.9162011173184358,
        0.9134078212290503,
        0.9134078212290503,
        0.9162011173184358,
        0.9162011173184358,
        0.9162011173184358
    ],
    "val_f1": [
        0.17073170731707318,
        0.21428571428571427,
        0.2033898305084746,
        0.17721518987341772,
        0.2,
        0.2,
        0.17073170731707318,
        0.1891891891891892,
        0.19672131147540983,
        0.22641509433962265,
        0.20689655172413793,
        0.1935483870967742,
        0.19718309859154928,
        0.2033898305084746,
        0.19607843137254902,
        0.20689655172413793,
        0.2222222222222222,
        0.20689655172413793,
        0.24,
        0.25,
        0.24489795918367346,
        0.26666666666666666,
        0.2553191489361702,
        0.2608695652173913,
        0.2608695652173913,
        0.2222222222222222,
        0.23809523809523808,
        0.23255813953488372,
        0.25,
        0.24390243902439024,
        0.25,
        0.25,
        0.24390243902439024,
        0.24390243902439024,
        0.25,
        0.21052631578947367,
        0.21052631578947367
    ],