{
    "train_loss": [
        1.200473971499337,
        1.1750946417450905,
        0.8834687875376808,
        0.9172380175855425,
        0.8953224241733551,
        0.9104074094030592,
        0.8416014505757226,
        0.8979306466049618,
        0.857053628232744,
        0.9075496594111124,
        0.820347754822837,
        0.8236643970012665,
        0.7851886683040195,
        0.7943586554792192,
        0.7365857329633501,
        0.7416986498567794,
        0.7178594317701128,
        0.701565412680308,
        0.6750090959999296,
        0.6608510451184378,
        0.6377859354019165,
        0.6041157580084271,
        0.5979113058911429,
        0.5664676386449072,
        0.506087933646308,
        0.5582840899626414,
        0.5781021263864305
    ],
    "train_acc": [
        0.9700348432055749,
        0.8885017421602788,
        0.818815331010453,
        0.8209059233449477,
        0.8627177700348432,
        0.840418118466899,
        0.8815331010452961,
        0.8550522648083624,
        0.8543554006968641,
        0.8334494773519163,
        0.8578397212543554,
        0.8620209059233449,
        0.8585365853658536,
        0.8857142857142857,
        0.8850174216027874,
        0.8766550522648083,
        0.8954703832752613,
        0.8912891986062718,
        0.8905923344947735,
        0.9101045296167247,
        0.9142857142857143,
        0.9275261324041811,
        0.9205574912891986,
        0.9205574912891986,
        0.9219512195121952,
        0.9337979094076655,
        0.9163763066202091
    ],
    "train_f1": [
        0.0,
        0.21568627450980393,
        0.20245398773006135,
        0.19937694704049844,
        0.23938223938223938,
        0.23411371237458195,
        0.2672413793103448,
        0.23529411764705882,
        0.25622775800711745,
        0.2059800664451827,
        0.25547445255474455,
        0.25,
        0.25092250922509224,
        0.28695652173913044,
        0.2918454935622318,
        0.27755102040816326,
        0.3055555555555556,
        0.3157894736842105,
        0.314410480349345,
        0.3582089552238806,
        0.3626943005181347,
        0.40229885057471265,
        0.36666666666666664,
        0.3870967741935484,
        0.391304347826087,
        0.4171779141104294,
        0.3684210526315789
    ],
    "train_mcc": [
        0.0,
        0.2224398367337467,
        0.25188168831122576,
        0.24479440219120593,
        0.2803645337816016,
        0.2917720169426828,
        0.30623598108514033,
        0.28056727964036726,
        0.31723683011372095,
        0.2476723333753806,
        0.3122811330486335,
        0.2986960680960858,
        0.3037622314427435,
        0.332632968797929,
        0.3413694067868035,
        0.32845556399349557,
        0.34917282733553157,
        0.37148083104166757,
        0.37026451156520085,
        0.40826252239575567,
        0.40754457456299825,
        0.44098991978976576,
        0.4019015865260809,
        0.4327760883812171,
        0.4363206120421828,
        0.4489292141599703,
        0.41241423336945593
    ],
    "val_loss": [
        1.6855698886017005,
        1.2998609592517216,
        1.2456486392766237,
        1.0913172277311485,
        1.2618734687566757,
        1.2163780331611633,
        1.168743796646595,
        1.1521378916998704,
        1.2850240195790927,
        1.4284185233215492,
        1.2686604286233585,
        1.6295822535951932,
        1.7284770458936691,
        1.6521681621670723,
        1.6167686680952709,
        1.7250508355597656,
        1.7489094287157059,
        2.098056356112162,
        2.516964891925454,
        2.3408746471007666,
        2.3978411393860974,
        2.2787060091892877,
        2.41755623370409,
        2.8026180987556777,
        3.263309040417274,
        3.6532296488682428,
        2.587700511018435
    ],
    "val_acc": [
        0.9720670391061452,
        0.8184357541899442,
        0.8435754189944135,
        0.8603351955307262,
        0.8603351955307262,
        0.8603351955307262,
        0.8547486033519553,
        0.88268156424581,
        0.8798882681564246,
        0.8743016759776536,
        0.8631284916201117,
        0.8910614525139665,
        0.8854748603351955,
        0.8966480446927374,
        0.8770949720670391,
        0.9078212290502793,
        0.8687150837988827,
        0.8854748603351955,
        0.9106145251396648,
        0.9078212290502793,
        0.9134078212290503,
        0.8994413407821229,
        0.9050279329608939,
        0.9050279329608939,
        0.9189944134078212,
        0.9134078212290503,
        0.9022346368715084
    ],
    "val_f1": [
        0.0,
        0.17721518987341772,
        0.2,
        0.1935483870967742,
        0.1935483870967742,
        0.1935483870967742,
        0.1875,
        0.16,
        0.1568627450980392,
        0.21052631578947367,
        0.19672131147540983,
        0.23529411764705882,
        0.22641509433962265,
        0.2127659574468085,
        0.21428571428571427,
        0.23255813953488372,
        0.2033898305084746,
        0.22641509433962265,
        0.15789473684210525,
        0.15384615384615385,
        0.16216216216216217,
        0.14285714285714285,
        0.19047619047619047,
        0.19047619047619047,
        0.17142857142857143,
        0.16216216216216217,
        0.18604651162790697
    ],
    "val_mcc": [
        0.0,
        0.2179981235981849,
        0.24162925624247766,
        0.21877736813658327,
        0.21877736813658327,
        0.21877736813658327,
        0.21274666004227888,
        0.1551124007422386,
        0.15196364932542739,
        0.23527360716095483,
        0.22190648776663024,
        0.25842741930292834,
        0.25023268322087944,
        0.22087438037276666,
        0.2388507489794853,
        0.23898166545277327,
        0.22841132047135218,
        0.25023268322087944,
        0.1400215545076021,
        0.1360596949069422,
        0.1441685557499949,
        0.12514051407021906,
        0.1845573629258403,
        0.1845573629258403,
        0.1530895225649376,
        0.1441685557499949,
        0.18038205159517545
    ]
}