{
    "train_loss": [
        1.2004739625586405,
        1.1751619327399465,
        0.8835591071181828,
        0.917251146501965,
        0.8945262690385183,
        0.9118232958846622,
        0.8357797748512692,
        0.9025561054547627,
        0.8593509034978019,
        0.909181022644043,
        0.8210132618745168,
        0.8250690367486742,
        0.7899237354596456,
        0.7987769458029005,
        0.7522657248708937,
        0.7501144806543986,
        0.7386576775047514,
        0.7426450636651781,
        0.7146837294101716,
        0.6949389371607039,
        0.6953478505214056,
        0.6363936268621021,
        0.6363146881262461,
        0.6229580071237352,
        0.5645337591568629,
        0.5740371876292758,
        0.6209447847472297,
        0.5470844831731584
    ],
    "train_acc": [
        0.9700348432055749,
        0.8885017421602788,
        0.818815331010453,
        0.8202090592334494,
        0.8620209059233449,
        0.8397212543554007,
        0.8815331010452961,
        0.8550522648083624,
        0.8536585365853658,
        0.8341463414634146,
        0.8550522648083624,
        0.8592334494773519,
        0.8571428571428571,
        0.8815331010452961,
        0.8843205574912892,
        0.8682926829268293,
        0.89198606271777,
        0.8710801393728222,
        0.8682926829268293,
        0.8968641114982578,
        0.8794425087108014,
        0.9163763066202091,
        0.9059233449477352,
        0.9017421602787457,
        0.9031358885017422,
        0.9177700348432056,
        0.9038327526132404,
        0.9121951219512195
    ],
    "train_f1": [
        0.0,
        0.21568627450980393,
        0.20245398773006135,
        0.19875776397515527,
        0.23846153846153847,
        0.23333333333333334,
        0.2672413793103448,
        0.23529411764705882,
        0.2553191489361702,
        0.20134228187919462,
        0.2517985611510791,
        0.24060150375939848,
        0.2490842490842491,
        0.27350427350427353,
        0.2905982905982906,
        0.26459143968871596,
        0.2857142857142857,
        0.2801556420233463,
        0.2702702702702703,
        0.3333333333333333,
        0.27615062761506276,
        0.375,
        0.33497536945812806,
        0.3380281690140845,
        0.3349282296650718,
        0.37894736842105264,
        0.3300970873786408,
        0.37
    ],
    "train_mcc": [
        0.0,
        0.2224398367337467,
        0.25188168831122576,
        0.24415149519012577,
        0.27949071962509286,
        0.2910079587778294,
        0.30623598108514033,
        0.28056727964036726,
        0.31637603963057054,
        0.2390766183825966,
        0.3088037209553567,
        0.28564048709089757,
        0.3020218159076835,
        0.3161849991425934,
        0.3402508475935241,
        0.31655195316648316,
        0.32288726983926136,
        0.3395009302703481,
        0.3260869653498146,
        0.3913465773455594,
        0.3228742428865269,
        0.4225517567971711,
        0.3792702096201052,
        0.3909039467500021,
        0.3837139216037673,
        0.4258939715455941,
        0.3750486676898665,
        0.4228870801131898
    ],
    "val_loss": [
        1.685574005668362,
        1.2997309317191441,
        1.2459054881085951,
        1.092055960247914,
        1.2625605935851734,
        1.1947290400664012,
        1.2587646668155987,
        1.1346450212101142,
        1.3526776532332103,
        1.5092665553092957,
        1.2734659910202026,
        1.5151275023818016,
        1.638758869220813,
        1.6165950745344162,
        1.4793843651811283,
        1.6645299481848876,
        1.689824815839529,
        1.7876489087939262,
        2.0943731106817722,
        1.9817203109463055,
        2.2390049832562604,
        2.1313977583001056,
        2.2564768716692924,
        2.5629918202757835,
        2.9732777091364064,
        2.640927148362001,
        2.3622684764365354,
        2.5095999290545783
    ],
    "val_acc": [
        0.9720670391061452,
        0.8184357541899442,
        0.8435754189944135,
        0.8603351955307262,
        0.8603351955307262,
        0.8603351955307262,
        0.8547486033519553,
        0.88268156424581,
        0.8798882681564246,
        0.8687150837988827,
        0.8659217877094972,
        0.8854748603351955,
        0.888268156424581,
        0.8994413407821229,
        0.8715083798882681,
        0.8966480446927374,
        0.8631284916201117,
        0.8743016759776536,
        0.9022346368715084,
        0.9050279329608939,
        0.9050279329608939,
        0.8938547486033519,
        0.8994413407821229,
        0.9022346368715084,
        0.9050279329608939,
        0.9022346368715084,
        0.8910614525139665,
        0.9022346368715084
    ],
    "val_f1": [
        0.0,
        0.17721518987341772,
        0.2,
        0.1935483870967742,
        0.1935483870967742,
        0.1935483870967742,
        0.1875,
        0.16,
        0.18867924528301888,
        0.2033898305084746,
        0.2,
        0.16326530612244897,
        0.23076923076923078,
        0.18181818181818182,
        0.20689655172413793,
        0.17777777777777778,
        0.2222222222222222,
        0.21052631578947367,
        0.18604651162790697,
        0.19047619047619047,
        0.22727272727272727,
        0.20833333333333334,
        0.21739130434782608,
        0.2222222222222222,
        0.19047619047619047,
        0.18604651162790697,
        0.1702127659574468,
        0.18604651162790697
    ],
    "val_mcc": [
        0.0,
        0.2179981235981849,
        0.24162925624247766,
        0.21877736813658327,
        0.21877736813658327,
        0.21877736813658327,
        0.21274666004227888,
        0.1551124007422386,
        0.19808873642630737,
        0.22841132047135218,
        0.2251164466214841,
        0.15836180819901113,
        0.25426461753186885,
        0.17636851278674112,
        0.23179547772286185,
        0.17250526532836422,
        0.2634568311285645,
        0.23527360716095483,
        0.18038205159517545,
        0.1845573629258403,
        0.23418895928642364,
        0.21675179525000854,
        0.22514755198077194,
        0.2295818688288766,
        0.1845573629258403,
        0.18038205159517545,
        0.16518914926470296,
        0.18038205159517545
    ]
}