{
    "train_loss": [
        1.2010750429970878,
        0.796273505403882,
        0.7196728842599052,
        0.6842077913738432,
        0.6450062294801077,
        0.6501725550208773,
        0.6507674512409028,
        0.6012637661326499,
        0.5984650055567423,
        0.5446967347746804,
        0.5637339126496088,
        0.5761042120201247,
        0.5233757339772724,
        0.491793776906672,
        0.4752639727223487,
        0.46882352889293716,
        0.47528832334847676,
        0.4691493688594727,
        0.4213595007147108,
        0.44852959719442187,
        0.431905325679552,
        0.42794057318852063,
        0.4252582660743168,
        0.4207345112448647,
        0.410846831543105
    ],
    "train_acc": [
        0.8903903903903904,
        0.8521021021021021,
        0.816066066066066,
        0.8536036036036037,
        0.8348348348348348,
        0.8708708708708709,
        0.8521021021021021,
        0.8746246246246246,
        0.8611111111111112,
        0.8648648648648649,
        0.8686186186186187,
        0.8543543543543544,
        0.8791291291291291,
        0.8738738738738738,
        0.8731231231231231,
        0.8843843843843844,
        0.8798798798798799,
        0.8821321321321322,
        0.8911411411411412,
        0.8873873873873874,
        0.8896396396396397,
        0.8896396396396397,
        0.8888888888888888,
        0.8918918918918919,
        0.8941441441441441
    ],
    "train_f1": [
        0.02666666666666667,
        0.5087281795511222,
        0.47983014861995754,
        0.5368171021377672,
        0.519650655021834,
        0.5825242718446602,
        0.5532879818594104,
        0.5856079404466501,
        0.5687645687645687,
        0.5852534562211982,
        0.5920745920745921,
        0.5669642857142857,
        0.6120481927710844,
        0.6018957345971564,
        0.6096997690531177,
        0.6280193236714976,
        0.6226415094339622,
        0.6252983293556086,
        0.6437346437346437,
        0.6394230769230769,
        0.6423357664233577,
        0.6440677966101694,
        0.6407766990291263,
        0.645320197044335,
        0.6518518518518519
    ],
    "train_mcc": [
        0.0685828501364615,
        0.4523034824726035,
        0.4329524815172916,
        0.49194062630023955,
        0.4811861842437508,
        0.546086617612671,
        0.5189300484048042,
        0.5470633937617132,
        0.5345061624241865,
        0.5571023016174966,
        0.563880933781811,
        0.5389137176426401,
        0.5837329009260372,
        0.5736405134898656,
        0.5876707300672216,
        0.6031863635168913,
        0.6003863930068373,
        0.6017369396903058,
        0.6199205466678628,
        0.6181367346138997,
        0.6197566919476564,
        0.6226975015301793,
        0.6182218238531336,
        0.6214863765224408,
        0.6291323836868389
    ],
    "val_loss": [
        1.0045488747683438,
        0.8279042352329601,
        0.6899208426475525,
        0.7135697169737383,
        0.7125225012952631,
        0.8462242809208956,
        0.7592407410795038,
        0.6820133314891295,
        0.7191723720593886,
        0.8581336790865118,
        0.779437159950083,
        0.7233076068488035,
        0.9485932100902904,
        0.710179244930094,
        0.8324676833369515,
        0.9877820719372142,
        0.7840363843874498,
        0.8840925395488739,
        1.1786730181087146,
        1.008492586287585,
        1.1399529657580636,
        0.9757926409894769,
        1.1846208220178431,
        1.159445201808756,
        1.0999938601797277
    ],
    "val_acc": [
        0.8948948948948949,
        0.7027027027027027,
        0.8528528528528528,
        0.8528528528528528,
        0.8528528528528528,
        0.8438438438438438,
        0.8588588588588588,
        0.8468468468468469,
        0.8198198198198198,
        0.8708708708708709,
        0.8318318318318318,
        0.8438438438438438,
        0.8648648648648649,
        0.8108108108108109,
        0.8378378378378378,
        0.8498498498498499,
        0.8198198198198198,
        0.8348348348348348,
        0.8648648648648649,
        0.8438438438438438,
        0.8498498498498499,
        0.8378378378378378,
        0.8588588588588588,
        0.8528528528528528,
        0.8348348348348348
    ],
    "val_f1": [
        0.36363636363636365,
        0.41420118343195267,
        0.5148514851485149,
        0.5148514851485149,
        0.5148514851485149,
        0.49019607843137253,
        0.4946236559139785,
        0.5048543689320388,
        0.4642857142857143,
        0.5376344086021505,
        0.4716981132075472,
        0.48,
        0.5054945054945055,
        0.4424778761061947,
        0.47058823529411764,
        0.4897959183673469,
        0.4642857142857143,
        0.46601941747572817,
        0.4943820224719101,
        0.48,
        0.4791666666666667,
        0.47058823529411764,
        0.5052631578947369,
        0.4948453608247423,
        0.46601941747572817
    ],
    "val_mcc": [
        0.3312979436883853,
        0.40718967205359374,
        0.46294145384478586,
        0.46294145384478586,
        0.46294145384478586,
        0.433397992593382,
        0.4323237676544019,
        0.45247468377188865,
        0.40979397623781366,
        0.48367522641270966,
        0.41375747681135966,
        0.41924122923573404,
        0.4441591884716641,
        0.38250124510115713,
        0.4091381957311201,
        0.4297466680826573,
        0.40979397623781366,
        0.40422810365788325,
        0.4301229098210038,
        0.41924122923573404,
        0.41552513180448564,
        0.4091381957311201,
        0.4463333545099076,
        0.4351605652757176,
        0.40422810365788325
    ]
}