{
    "train_loss": [
        1.1039428597404843,
        0.7871705307846978,
        0.7132074932257334,
        0.7197112419775554,
        0.7302502265998295,
        0.6648036475692477,
        0.6680508699445498,
        0.6320862958119029,
        0.6118071334702628,
        0.5658483402360053,
        0.5595245212316513,
        0.5631914890947796,
        0.5671349426820165,
        0.5339267523515792,
        0.512147015049344,
        0.5212110422906422
    ],
    "train_acc": [
        0.8828828828828829,
        0.8558558558558559,
        0.8506006006006006,
        0.8821321321321322,
        0.8370870870870871,
        0.8888888888888888,
        0.8798798798798799,
        0.8641141141141141,
        0.8708708708708709,
        0.8731231231231231,
        0.8641141141141141,
        0.8708708708708709,
        0.8716216216216216,
        0.8791291291291291,
        0.8731231231231231,
        0.8693693693693694
    ],
    "train_f1": [
        0.3157894736842105,
        0.5025906735751295,
        0.5227817745803357,
        0.5602240896358543,
        0.5167037861915368,
        0.5911602209944752,
        0.5833333333333334,
        0.563855421686747,
        0.5825242718446602,
        0.5764411027568922,
        0.5761124121779859,
        0.5904761904761905,
        0.5938242280285035,
        0.5944584382871536,
        0.5985748218527316,
        0.5934579439252337
    ],
    "train_mcc": [
        0.2700725555272113,
        0.4420273952856104,
        0.47336187551431036,
        0.5059547792364495,
        0.47459739937439027,
        0.5432481802470926,
        0.5389478665891209,
        0.5238720783813086,
        0.546086617612671,
        0.534654612996637,
        0.5430757879509244,
        0.5586535286217077,
        0.5631870153220672,
        0.5560664288962947,
        0.5691242144072195,
        0.5652555683587407
    ],
    "val_loss": [
        0.8975161964243109,
        0.8098543015393344,
        0.8064264438369058,
        0.7338318499651822,
        0.8636039007793773,
        0.725516676902771,
        0.764606692574241,
        0.6792632124640725,
        0.690655838359486,
        0.687774658203125,
        0.6771982271562923,
        0.7030756134878505,
        0.7904488904909655,
        0.7784539704973047,
        0.7598578388040717,
        0.8722939355806871
    ],
    "val_acc": [
        0.8648648648648649,
        0.7777777777777778,
        0.8498498498498499,
        0.8258258258258259,
        0.8798798798798799,
        0.8138138138138138,
        0.8078078078078078,
        0.8498498498498499,
        0.8438438438438438,
        0.8498498498498499,
        0.8708708708708709,
        0.8408408408408409,
        0.8648648648648649,
        0.8558558558558559,
        0.8408408408408409,
        0.8138138138138138
    ],
    "val_f1": [
        0.5360824742268041,
        0.44776119402985076,
        0.5283018867924528,
        0.5084745762711864,
        0.4444444444444444,
        0.5,
        0.5,
        0.5098039215686274,
        0.5185185185185185,
        0.5283018867924528,
        0.5274725274725275,
        0.49523809523809526,
        0.5161290322580645,
        0.5102040816326531,
        0.5309734513274337,
        0.5079365079365079
    ],
    "val_mcc": [
        0.4851634873726169,
        0.41180395154309374,
        0.4849622518905239,
        0.47443421370582056,
        0.3771043771043771,
        0.47125479785347085,
        0.4769806468306685,
        0.45765778945564395,
        0.4749283889168136,
        0.4849622518905239,
        0.4702033881126333,
        0.4423954394700769,
        0.4579994970335558,
        0.4545913973311859,
        0.4971896249126872,
        0.4849710947767704
    ]
}