{
    "train_loss": [
        1.0810684561729431,
        0.7639432130824952,
        0.7151015379599163,
        0.68462192657448,
        0.6428498810245877,
        0.6007910314060393,
        0.571899641482603,
        0.5770685945947965,
        0.550626012540999,
        0.5672785260138058,
        0.5758743956685066,
        0.5112300579036985,
        0.5396767184138298,
        0.5078687277578172,
        0.506320425442287,
        0.5545719223363059,
        0.5249921253749302,
        0.4891949136342321,
        0.4757469796708652,
        0.4386212093134721,
        0.4090648165770939,
        0.43750989756413866,
        0.4406787245756104,
        0.43399330601096153,
        0.4297010646689506
    ],
    "train_acc": [
        0.8903903903903904,
        0.8731231231231231,
        0.8498498498498499,
        0.8626126126126126,
        0.8663663663663663,
        0.8611111111111112,
        0.8656156156156156,
        0.8603603603603603,
        0.8626126126126126,
        0.8618618618618619,
        0.8783783783783784,
        0.8716216216216216,
        0.8731231231231231,
        0.8821321321321322,
        0.8596096096096096,
        0.8776276276276276,
        0.8588588588588588,
        0.8746246246246246,
        0.8746246246246246,
        0.8753753753753754,
        0.8731231231231231,
        0.8761261261261262,
        0.8768768768768769,
        0.8768768768768769,
        0.8641141141141141
    ],
    "train_f1": [
        0.3706896551724138,
        0.5493333333333333,
        0.5215311004784688,
        0.5590361445783133,
        0.5700483091787439,
        0.5563549160671463,
        0.5807962529274004,
        0.5694444444444444,
        0.5694117647058824,
        0.5779816513761468,
        0.6029411764705882,
        0.5976470588235294,
        0.6004728132387707,
        0.6045340050377834,
        0.5759637188208617,
        0.6034063260340633,
        0.5746606334841629,
        0.5956416464891041,
        0.6052009456264775,
        0.6139534883720931,
        0.6078886310904872,
        0.6275395033860045,
        0.6272727272727273,
        0.6238532110091743,
        0.6021978021978022
    ],
    "train_mcc": [
        0.3283029428517481,
        0.49615122084811264,
        0.4720603178685956,
        0.5178859961268357,
        0.53125331145131,
        0.515148871853098,
        0.5489660000635425,
        0.5363853273742933,
        0.5339842841254607,
        0.5486108720984817,
        0.5699975708239828,
        0.5694183032783084,
        0.5722264023925635,
        0.5683568210524361,
        0.5478671527668451,
        0.5715984867659055,
        0.5465712324452344,
        0.5626693434079422,
        0.5781477333848328,
        0.5918496722065506,
        0.5845903105985412,
        0.6145626727886733,
        0.6129079007875543,
        0.6068416502863484,
        0.5871594692984135
    ],
    "val_loss": [
        0.9360777248035778,
        0.7940410348502073,
        0.8732291839339517,
        0.7690213214267384,
        0.7622347528284247,
        0.8534871421077035,
        0.7721318196166645,
        0.7453376650810242,
        0.8120163516564802,
        0.7049432342702692,
        0.7615593915635889,
        0.6998636803843759,
        0.7589533437382091,
        0.7930509150028229,
        0.8493645536628637,
        0.7756622406569395,
        0.8564645214514299,
        0.7820013788613406,
        1.1453414234248074,
        0.8309415199539878,
        1.0524743714115836,
        1.0115400525656613,
        1.0010988116264343,
        0.9173189022324302,
        1.1345036354931919
    ],
    "val_acc": [
        0.8498498498498499,
        0.8498498498498499,
        0.7777777777777778,
        0.8498498498498499,
        0.8768768768768769,
        0.8768768768768769,
        0.8618618618618619,
        0.8498498498498499,
        0.8528528528528528,
        0.8858858858858859,
        0.8708708708708709,
        0.8258258258258259,
        0.8528528528528528,
        0.8438438438438438,
        0.8678678678678678,
        0.8348348348348348,
        0.8648648648648649,
        0.8438438438438438,
        0.8378378378378378,
        0.8348348348348348,
        0.8348348348348348,
        0.8348348348348348,
        0.8498498498498499,
        0.8078078078078078,
        0.8498498498498499
    ],
    "val_f1": [
        0.45652173913043476,
        0.5098039215686274,
        0.44776119402985076,
        0.5192307692307693,
        0.5287356321839081,
        0.5287356321839081,
        0.5306122448979592,
        0.5192307692307693,
        0.5333333333333333,
        0.5581395348837209,
        0.4819277108433735,
        0.5396825396825397,
        0.5333333333333333,
        0.5357142857142857,
        0.4883720930232558,
        0.5217391304347826,
        0.5161290322580645,
        0.49019607843137253,
        0.5178571428571429,
        0.5132743362831859,
        0.5045045045045045,
        0.5217391304347826,
        0.5454545454545454,
        0.5,
        0.5
    ],
    "val_mcc": [
        0.3864597491733151,
        0.45765778945564395,
        0.41180395154309374,
        0.4713788059267101,
        0.46957792548913774,
        0.46957792548913774,
        0.47943612657971457,
        0.4713788059267101,
        0.49011739649746133,
        0.5034116394399638,
        0.4144004006238047,
        0.5285243241620629,
        0.49011739649746133,
        0.5019664815314253,
        0.42219261040241146,
        0.48786889852339627,
        0.4579994970335558,
        0.433397992593382,
        0.47892335520802237,
        0.4742519489503812,
        0.46052198087734375,
        0.48786889852339627,
        0.511766315719159,
        0.4769806468306685,
        0.44378541512453495
    ]
}