{
    "train_loss": [
        1.2010861337184906,
        0.7954719357547306,
        0.7141821292184648,
        0.6781113772165208,
        0.6267808895735514,
        0.6180650222869146,
        0.5945764066917556,
        0.593351953795978,
        0.555020038925466,
        0.5358759846006121,
        0.5597522883188157,
        0.5702237909038862,
        0.5319101189573606,
        0.508782808447168,
        0.49758527073122205,
        0.4794033769340742,
        0.4783603595126243,
        0.4710021157349859,
        0.4151936528228578
    ],
    "train_acc": [
        0.8903903903903904,
        0.8551051051051051,
        0.8205705705705706,
        0.8551051051051051,
        0.8483483483483484,
        0.8738738738738738,
        0.8641141141141141,
        0.8723723723723724,
        0.8708708708708709,
        0.8746246246246246,
        0.8603603603603603,
        0.8453453453453453,
        0.8791291291291291,
        0.8648648648648649,
        0.8641141141141141,
        0.8858858858858859,
        0.8821321321321322,
        0.8866366366366366,
        0.8941441441441441
    ],
    "train_f1": [
        0.02666666666666667,
        0.5138539042821159,
        0.4838012958963283,
        0.5415676959619953,
        0.5345622119815668,
        0.582089552238806,
        0.5700712589073634,
        0.5771144278606966,
        0.5845410628019324,
        0.6052009456264775,
        0.573394495412844,
        0.5541125541125541,
        0.6120481927710844,
        0.5909090909090909,
        0.5914221218961625,
        0.6310679611650486,
        0.6288416075650118,
        0.6308068459657702,
        0.6552567237163814
    ],
    "train_mcc": [
        0.0685828501364615,
        0.4577432916471631,
        0.43595573093956597,
        0.4978778253853919,
        0.49288801763043316,
        0.5424455689476289,
        0.5335010198963057,
        0.536346559106674,
        0.5492365744677054,
        0.5781477333848328,
        0.5427877942796949,
        0.5274381575783496,
        0.5837329009260372,
        0.5665522057105296,
        0.568374897964388,
        0.6061992894797231,
        0.6077543883461796,
        0.604739012998213,
        0.6349238426959428
    ],
    "val_loss": [
        1.0046276450157166,
        0.8291046619415283,
        0.6897343668070707,
        0.7057469297539104,
        0.7175305539911444,
        0.7659421075474132,
        0.8785000836307352,
        0.6773140227252786,
        0.6918642249974337,
        0.8404597626491026,
        0.7751791260459207,
        0.7412819266319275,
        1.026581498709592,
        0.6971943405541506,
        0.7905902835455808,
        1.0055280869657344,
        0.7841781174594705,
        0.9202060211788524,
        1.339810999956998
    ],
    "val_acc": [
        0.8948948948948949,
        0.7057057057057057,
        0.8498498498498499,
        0.8528528528528528,
        0.8528528528528528,
        0.8378378378378378,
        0.8678678678678678,
        0.8378378378378378,
        0.8108108108108109,
        0.8738738738738738,
        0.8348348348348348,
        0.8198198198198198,
        0.8618618618618619,
        0.7987987987987988,
        0.8198198198198198,
        0.8498498498498499,
        0.8198198198198198,
        0.8498498498498499,
        0.8648648648648649
    ],
    "val_f1": [
        0.36363636363636365,
        0.40963855421686746,
        0.5098039215686274,
        0.5242718446601942,
        0.5050505050505051,
        0.4807692307692308,
        0.4634146341463415,
        0.5,
        0.47058823529411764,
        0.5227272727272727,
        0.4954128440366973,
        0.4339622641509434,
        0.4772727272727273,
        0.464,
        0.45454545454545453,
        0.4791666666666667,
        0.4642857142857143,
        0.4897959183673469,
        0.4444444444444444
    ],
    "val_mcc": [
        0.3312979436883853,
        0.39541186882252083,
        0.45765778945564395,
        0.47659797382889135,
        0.4491340091808231,
        0.42339801962880563,
        0.3931520350648432,
        0.4514359418714632,
        0.42537958480004495,
        0.4629874037390619,
        0.4466674899753593,
        0.3662876267585835,
        0.40970424996504856,
        0.42348913595993587,
        0.3954557894193501,
        0.41552513180448564,
        0.40979397623781366,
        0.4297466680826573,
        0.3715752707301467
    ]
}