{
    "train_loss": [
        1.0703569806757427,
        0.7822159691935494,
        0.6492582864704586,
        0.688429879290717,
        0.5989638937725907,
        0.5854032532799811,
        0.6170522904112226,
        0.5605536255808103,
        0.5509164532025655,
        0.5248614975384304,
        0.4892629842673029,
        0.48060655398737817,
        0.4792238704505421,
        0.47984556250628974,
        0.44669593196539653,
        0.4399999167237963,
        0.43381631640451296
    ],
    "train_acc": [
        0.8791291291291291,
        0.8633633633633634,
        0.8581081081081081,
        0.8611111111111112,
        0.8701201201201201,
        0.8656156156156156,
        0.8656156156156156,
        0.8738738738738738,
        0.8783783783783784,
        0.8798798798798799,
        0.8828828828828829,
        0.8828828828828829,
        0.8888888888888888,
        0.8768768768768769,
        0.8918918918918919,
        0.8858858858858859,
        0.8948948948948949
    ],
    "train_f1": [
        0.36363636363636365,
        0.5380710659898477,
        0.5573770491803278,
        0.5605700712589073,
        0.5685785536159601,
        0.5748218527315915,
        0.5748218527315915,
        0.5882352941176471,
        0.592964824120603,
        0.6153846153846154,
        0.6157635467980296,
        0.6138613861386139,
        0.6354679802955665,
        0.616822429906542,
        0.6487804878048781,
        0.6398104265402843,
        0.6568627450980392
    ],
    "train_mcc": [
        0.30301356868698276,
        0.4865907646598013,
        0.5195149395004518,
        0.521626621726001,
        0.5256009140260445,
        0.5394382189814579,
        0.5394382189814579,
        0.5518606242940696,
        0.5545463472711687,
        0.5882477393437556,
        0.5851072191002442,
        0.5820756324400963,
        0.6093599907150419,
        0.5946683604494121,
        0.6273277046826271,
        0.6210744250252972,
        0.6364997081003317
    ],
    "val_loss": [
        0.9906368309801276,
        0.7407530275258151,
        0.8824510777538473,
        0.741142440925945,
        0.7796519473195076,
        0.8090664636005055,
        0.7828305905515497,
        0.7491689351471987,
        0.7506318905136802,
        0.7946361872282895,
        1.0041010948744686,
        0.8412342911416834,
        1.0574792244217612,
        0.8831823563033884,
        1.0348439893939279,
        1.0972886356440457,
        1.160232427445325
    ],
    "val_acc": [
        0.7837837837837838,
        0.8438438438438438,
        0.8498498498498499,
        0.8108108108108109,
        0.7807807807807807,
        0.7777777777777778,
        0.8348348348348348,
        0.8258258258258259,
        0.7777777777777778,
        0.7957957957957958,
        0.7957957957957958,
        0.8048048048048048,
        0.7807807807807807,
        0.8018018018018018,
        0.8198198198198198,
        0.8198198198198198,
        0.8048048048048048
    ],
    "val_f1": [
        0.4461538461538462,
        0.5094339622641509,
        0.5,
        0.47058823529411764,
        0.45112781954887216,
        0.463768115942029,
        0.48598130841121495,
        0.46296296296296297,
        0.44776119402985076,
        0.4603174603174603,
        0.4603174603174603,
        0.4444444444444444,
        0.43410852713178294,
        0.45901639344262296,
        0.4642857142857143,
        0.4642857142857143,
        0.453781512605042
    ],
    "val_mcc": [
        0.4047463446346528,
        0.4612273268641358,
        0.44378541512453495,
        0.42537958480004495,
        0.4153444038328496,
        0.4400162138837371,
        0.4326761017724121,
        0.4044510477807624,
        0.41180395154309374,
        0.4196412506988317,
        0.4196412506988317,
        0.3886788716521598,
        0.38684235511578074,
        0.4132581494384348,
        0.40979397623781366,
        0.40979397623781366,
        0.4030229873034517
    ]
}