{
    "train_loss": [
        1.0840244775726682,
        0.8090310330901828,
        0.7126175321283794,
        0.6003810309228443,
        0.5871019565633365,
        0.5814199461823418,
        0.617413879150436,
        0.6335308926091308,
        0.5685350355647859,
        0.4998350828176453,
        0.5511312931776047,
        0.5079313665628433,
        0.5606381680284228,
        0.5041011571884155,
        0.4635051446301596,
        0.415494132964384,
        0.41262255431640715,
        0.4176452736414614,
        0.41449127683327314,
        0.390720553341366,
        0.376120849290774,
        0.38465696440211367,
        0.3791620007583073,
        0.36837563078318325,
        0.3598030081817082,
        0.35447981102125986
    ],
    "train_acc": [
        0.8873873873873874,
        0.8573573573573574,
        0.8641141141141141,
        0.8573573573573574,
        0.8671171171171171,
        0.8558558558558559,
        0.8460960960960962,
        0.8588588588588588,
        0.8708708708708709,
        0.8686186186186187,
        0.8678678678678678,
        0.8633633633633634,
        0.8498498498498499,
        0.8566066066066066,
        0.8791291291291291,
        0.8708708708708709,
        0.8678678678678678,
        0.8708708708708709,
        0.8678678678678678,
        0.8723723723723724,
        0.8798798798798799,
        0.8761261261261262,
        0.8888888888888888,
        0.8821321321321322,
        0.8851351351351351,
        0.8888888888888888
    ],
    "train_f1": [
        0.32432432432432434,
        0.5297029702970297,
        0.5347043701799485,
        0.5476190476190477,
        0.5755395683453237,
        0.5576036866359447,
        0.5434298440979956,
        0.5436893203883495,
        0.5865384615384616,
        0.5920745920745921,
        0.5887850467289719,
        0.5767441860465117,
        0.5535714285714286,
        0.5649202733485194,
        0.6120481927710844,
        0.6108597285067874,
        0.6071428571428571,
        0.6143497757847534,
        0.6123348017621145,
        0.6205357142857143,
        0.6396396396396397,
        0.6292134831460674,
        0.6525821596244131,
        0.6407322654462243,
        0.6433566433566433,
        0.6542056074766355
    ],
    "train_mcc": [
        0.2866736730943729,
        0.4786990001187352,
        0.48140671855290335,
        0.5051466216746859,
        0.5390271554752624,
        0.5220763285336438,
        0.5089933804379241,
        0.4979964801190293,
        0.5523809450195827,
        0.563880933781811,
        0.5593730099406063,
        0.5449104781976715,
        0.5216956415288817,
        0.5330716402814503,
        0.5837329009260372,
        0.5928146269646902,
        0.5905679459839153,
        0.5989728135932786,
        0.599849010341892,
        0.6077860220976736,
        0.6304948860902959,
        0.6175935421159838,
        0.638799184714512,
        0.6287149167699159,
        0.6285054307685849,
        0.6417288277944863
    ],
    "val_loss": [
        0.985744449225339,
        0.8993452570655129,
        0.7975161834196611,
        0.8319206021048806,
        0.8560699332844127,
        0.803511606021361,
        0.7675252096219496,
        0.741053269668059,
        0.8103680962866003,
        0.8135977035219019,
        0.7787249467589639,
        0.9259267882867293,
        0.8098760409788652,
        0.900123043493791,
        0.9815129448067058,
        1.290683096105402,
        1.4310195446014404,
        1.4947526942599902,
        1.1654281995513223,
        1.159481021490964,
        1.3138834210959347,
        1.4261199777776545,
        1.4061655673113735,
        1.3017102696678855,
        1.3586847755041989,
        1.4193996421315453
    ],
    "val_acc": [
        0.7957957957957958,
        0.8438438438438438,
        0.8108108108108109,
        0.7687687687687688,
        0.7897897897897898,
        0.7447447447447447,
        0.8198198198198198,
        0.8108108108108109,
        0.8168168168168168,
        0.7297297297297297,
        0.8468468468468469,
        0.8138138138138138,
        0.8348348348348348,
        0.8348348348348348,
        0.8078078078078078,
        0.8138138138138138,
        0.7927927927927928,
        0.8228228228228228,
        0.8108108108108109,
        0.8108108108108109,
        0.8348348348348348,
        0.8258258258258259,
        0.8168168168168168,
        0.8408408408408409,
        0.8288288288288288,
        0.8288288288288288
    ],
    "val_f1": [
        0.47692307692307695,
        0.5,
        0.4878048780487805,
        0.42962962962962964,
        0.4444444444444444,
        0.42953020134228187,
        0.47368421052631576,
        0.4878048780487805,
        0.5040650406504065,
        0.4155844155844156,
        0.5321100917431193,
        0.48333333333333334,
        0.5045045045045045,
        0.5132743362831859,
        0.49206349206349204,
        0.48333333333333334,
        0.4566929133858268,
        0.49572649572649574,
        0.496,
        0.4878048780487805,
        0.5132743362831859,
        0.49122807017543857,
        0.48739495798319327,
        0.5225225225225225,
        0.49557522123893805,
        0.5128205128205128
    ],
    "val_mcc": [
        0.44771797950260733,
        0.44738841277775787,
        0.45335752204109614,
        0.38714724854337945,
        0.39786463600618543,
        0.4040857666499028,
        0.4239868429564025,
        0.45335752204109614,
        0.47537094502734356,
        0.3890745236609009,
        0.49341910844519893,
        0.4435485927323771,
        0.46052198087734375,
        0.4742519489503812,
        0.46319448008412417,
        0.4435485927323771,
        0.4158444316268057,
        0.4563016847452472,
        0.4671965223770004,
        0.45335752204109614,
        0.4742519489503812,
        0.44682165109233685,
        0.44773618229663825,
        0.48367322176384064,
        0.45131427298807514,
        0.47884262244294296
    ]
}