{
    "train_loss": [
        1.1623108741782961,
        0.7916521252620787,
        0.7677790934131259,
        0.7024892157032376,
        0.6474938137190682,
        0.6201796943233127,
        0.6041399474654879,
        0.5571739070472264,
        0.5668628613154093,
        0.5368262412292617,
        0.519190523596037,
        0.48341234702439534,
        0.4753136361638705,
        0.4743576667138508,
        0.44333404515470776,
        0.43635106831789017,
        0.42917053614343914,
        0.4347113253814833,
        0.42428423783608843,
        0.41932209190868197
    ],
    "train_acc": [
        0.8858858858858859,
        0.8303303303303303,
        0.8596096096096096,
        0.8588588588588588,
        0.8716216216216216,
        0.8581081081081081,
        0.8588588588588588,
        0.8678678678678678,
        0.8513513513513513,
        0.8551051051051051,
        0.8656156156156156,
        0.8611111111111112,
        0.8656156156156156,
        0.8581081081081081,
        0.8693693693693694,
        0.8791291291291291,
        0.8701201201201201,
        0.8686186186186187,
        0.8738738738738738,
        0.8738738738738738
    ],
    "train_f1": [
        0.20833333333333334,
        0.481651376146789,
        0.5142857142857142,
        0.5204081632653061,
        0.5692695214105793,
        0.5467625899280576,
        0.5627906976744186,
        0.5829383886255924,
        0.5560538116591929,
        0.5720620842572062,
        0.5903890160183066,
        0.5879732739420935,
        0.5995525727069351,
        0.5864332603938731,
        0.6063348416289592,
        0.631578947368421,
        0.6112359550561798,
        0.6119733924611973,
        0.6216216216216216,
        0.6181818181818182
    ],
    "train_mcc": [
        0.19686039877929493,
        0.42632623790396146,
        0.455960798954542,
        0.4647002108662326,
        0.5253404485059411,
        0.5032097300420159,
        0.5273082804443417,
        0.5499235577221496,
        0.5241854319185273,
        0.5465975321558592,
        0.5647405083882276,
        0.5663200155438137,
        0.5803988275309704,
        0.5675543818148255,
        0.5870342026497583,
        0.6170832061550635,
        0.5945547509127438,
        0.5980721131821474,
        0.6074286335628364,
        0.6013189770182982
    ],
    "val_loss": [
        1.1287185820666226,
        0.7718704613772306,
        0.7705287039279938,
        0.7838174754923041,
        0.8225675360722975,
        0.8190749856558713,
        0.8401760350574147,
        0.9629487991333008,
        0.953984260559082,
        1.0485588555986232,
        1.061770425601439,
        1.2768314995548942,
        1.099226862192154,
        1.1707617356018587,
        1.2269076244397596,
        1.274244181134484,
        1.3080084405162118,
        1.323422754352743,
        1.3507793369618328,
        1.4079094176942653
    ],
    "val_acc": [
        0.5795795795795796,
        0.8498498498498499,
        0.8348348348348348,
        0.8468468468468469,
        0.8468468468468469,
        0.8318318318318318,
        0.8168168168168168,
        0.8078078078078078,
        0.7897897897897898,
        0.8018018018018018,
        0.8078078078078078,
        0.8078078078078078,
        0.7777777777777778,
        0.8108108108108109,
        0.7987987987987988,
        0.8138138138138138,
        0.8018018018018018,
        0.8138138138138138,
        0.8108108108108109,
        0.8078078078078078
    ],
    "val_f1": [
        0.3269230769230769,
        0.4791666666666667,
        0.48598130841121495,
        0.5048543689320388,
        0.5233644859813084,
        0.5,
        0.47863247863247865,
        0.4666666666666667,
        0.4444444444444444,
        0.45901639344262296,
        0.4666666666666667,
        0.4666666666666667,
        0.4393939393939394,
        0.4793388429752066,
        0.464,
        0.48333333333333334,
        0.46774193548387094,
        0.4745762711864407,
        0.4793388429752066,
        0.4666666666666667
    ],
    "val_mcc": [
        0.29813346567053506,
        0.41552513180448564,
        0.4326761017724121,
        0.45247468377188865,
        0.47990033706910606,
        0.4558802288846195,
        0.4337607470475514,
        0.42128088861962554,
        0.39786463600618543,
        0.4132581494384348,
        0.42128088861962554,
        0.42128088861962554,
        0.39757811177570307,
        0.43942190828204714,
        0.42348913595993587,
        0.4435485927323771,
        0.4273895713866069,
        0.42953890448046156,
        0.43942190828204714,
        0.42128088861962554
    ]
}