{
    "train_loss": [
        1.1287474149749392,
        0.8139927855559758,
        0.6907774174497241,
        0.6666749162333352,
        0.6304159320536113,
        0.6079714411780948,
        0.5920681832801729,
        0.5471964169825826,
        0.5224068285453887,
        0.4954071949635233,
        0.5551782420703343,
        0.5160434586661202,
        0.47776261663862635,
        0.4526884626774561,
        0.4242644687848432,
        0.41775401184956235,
        0.4264505665217127
    ],
    "train_acc": [
        0.8843843843843844,
        0.8273273273273273,
        0.8641141141141141,
        0.8355855855855856,
        0.8498498498498499,
        0.8408408408408409,
        0.8513513513513513,
        0.8513513513513513,
        0.8596096096096096,
        0.8596096096096096,
        0.8378378378378378,
        0.8603603603603603,
        0.8783783783783784,
        0.8716216216216216,
        0.8828828828828829,
        0.8783783783783784,
        0.8798798798798799
    ],
    "train_f1": [
        0.2524271844660194,
        0.4700460829493088,
        0.5463659147869674,
        0.5207877461706784,
        0.54337899543379,
        0.5330396475770925,
        0.5560538116591929,
        0.5416666666666666,
        0.5853658536585366,
        0.5908096280087527,
        0.5404255319148936,
        0.588495575221239,
        0.6197183098591549,
        0.6191536748329621,
        0.6388888888888888,
        0.6318181818181818,
        0.627906976744186
    ],
    "train_mcc": [
        0.2250567532590406,
        0.4111607471014433,
        0.49789544103582145,
        0.4823457394089388,
        0.5053201627158845,
        0.4972524924937168,
        0.5241854319185273,
        0.5012707178037219,
        0.5637557258312886,
        0.573234957975218,
        0.5124359973219722,
        0.568194667301306,
        0.5975137742404075,
        0.6064486601179365,
        0.6241718513007217,
        0.6187023626721825,
        0.6094518699598803
    ],
    "val_loss": [
        0.8439134955406189,
        0.7515780275518243,
        0.7771245512095365,
        0.7947877591306513,
        0.7312874495983124,
        0.7859170870347456,
        0.951773998412219,
        0.8059704222462394,
        0.8096565875140104,
        1.4036206210201436,
        0.8908143422820352,
        0.9728110703555021,
        1.011960742148486,
        1.327487742358988,
        1.3967724970795892,
        1.3158708580515601,
        1.2127593389966271
    ],
    "val_acc": [
        0.8378378378378378,
        0.8648648648648649,
        0.7567567567567568,
        0.8348348348348348,
        0.7837837837837838,
        0.7597597597597597,
        0.7987987987987988,
        0.7387387387387387,
        0.7387387387387387,
        0.8468468468468469,
        0.7777777777777778,
        0.7927927927927928,
        0.7987987987987988,
        0.8288288288288288,
        0.8258258258258259,
        0.8228228228228228,
        0.8168168168168168
    ],
    "val_f1": [
        0.47058823529411764,
        0.5161290322580645,
        0.425531914893617,
        0.5045045045045045,
        0.45454545454545453,
        0.43661971830985913,
        0.464,
        0.4161073825503356,
        0.40816326530612246,
        0.49504950495049505,
        0.4393939393939394,
        0.46511627906976744,
        0.47244094488188976,
        0.49557522123893805,
        0.49122807017543857,
        0.49572649572649574,
        0.48739495798319327
    ],
    "val_mcc": [
        0.4091381957311201,
        0.4579994970335558,
        0.38815041255421323,
        0.46052198087734375,
        0.418928460303571,
        0.40568174952482433,
        0.42348913595993587,
        0.38366066642306346,
        0.3692744729379982,
        0.43854140570766753,
        0.39757811177570307,
        0.42995430433049125,
        0.43754576303751347,
        0.45131427298807514,
        0.44682165109233685,
        0.4563016847452472,
        0.44773618229663825
    ]
}