{
    "train_loss": [
        1.7214232668280602,
        1.42837705463171,
        1.303576934337616,
        1.5016464479267597,
        1.2352692186832428,
        1.0584761776030063,
        0.9446539968252182,
        0.7509721614420414,
        1.038752008974552,
        0.7071617539972067,
        0.5208993084728718,
        0.5080941500142216,
        0.46836237944662573,
        0.5756262202281505,
        0.5270820187404752,
        0.39644067706540226,
        0.45211471877992154,
        0.3041688514873385,
        0.2106454712105915,
        0.2783620921894908,
        0.1718868017429486,
        0.10203244866570457,
        0.1242107655853033,
        0.13708262025174917,
        0.09433474959805607,
        0.07505038898671046,
        0.07174544057343155,
        0.06095421040663496,
        0.04702648915990722,
        0.06593805325683207,
        0.04127046805151622,
        0.0508635989506729,
        0.0448886172787752,
        0.04741403766529402,
        0.029854087548528696,
        0.04459819740513922
    ],
    "train_acc": [
        0.9690721649484536,
        0.9659000793021412,
        0.9666931007137193,
        0.9635210150674068,
        0.8992862807295797,
        0.8675654242664552,
        0.8049167327517843,
        0.8588421887390959,
        0.7724028548770817,
        0.8850118953211736,
        0.8969072164948454,
        0.9032513877874703,
        0.8865979381443299,
        0.8818398096748612,
        0.8620142743854085,
        0.9175257731958762,
        0.8897700237906423,
        0.9532117367168914,
        0.9547977795400476,
        0.9468675654242664,
        0.9698651863600317,
        0.9817605075337034,
        0.9841395717684377,
        0.9809674861221253,
        0.9762093576526566,
        0.9896907216494846,
        0.9912767644726408,
        0.9912767644726408,
        0.9920697858842189,
        0.9936558287073751,
        0.992862807295797,
        0.9952418715305313,
        0.9952418715305313,
        0.9936558287073751,
        0.9952418715305313,
        0.9960348929421095
    ],
    "train_f1": [
        0.0,
        0.0,
        0.0,
        0.041666666666666664,
        0.08633093525179857,
        0.17733990147783252,
        0.18543046357615894,
        0.25833333333333336,
        0.19154929577464788,
        0.2995169082125604,
        0.3434343434343434,
        0.35789473684210527,
        0.33488372093023255,
        0.3257918552036199,
        0.28688524590163933,
        0.4090909090909091,
        0.3412322274881517,
        0.556390977443609,
        0.5714285714285714,
        0.5179856115107914,
        0.6666666666666666,
        0.7722772277227723,
        0.7916666666666666,
        0.76,
        0.7222222222222222,
        0.8571428571428571,
        0.8764044943820225,
        0.8764044943820225,
        0.8863636363636364,
        0.9069767441860465,
        0.896551724137931,
        0.9285714285714286,
        0.9285714285714286,
        0.9069767441860465,
        0.9285714285714286,
        0.9397590361445783
    ],
    "train_mcc": [
        0.0,
        -0.010077645040825874,
        -0.008724027127718597,
        0.039269020322889585,
        0.049284283179077,
        0.17605474902251503,
        0.22398246279196507,
        0.3101408321531275,
        0.25608483597545173,
        0.3478336336200005,
        0.40131849284200594,
        0.4138164526846169,
        0.4039079879500499,
        0.3958783687163616,
        0.35580443089882136,
        0.46754531007034156,
        0.4094776567743103,
        0.5945799852996962,
        0.612020039298508,
        0.5578561415163609,
        0.69104140377251,
        0.7856162307674776,
        0.7990061164802015,
        0.7710100563516086,
        0.7425236363923341,
        0.8614065686978157,
        0.87919208561284,
        0.87919208561284,
        0.8884847346756322,
        0.9079399273766752,
        0.8980623349449683,
        0.9286610509317867,
        0.9286610509317867,
        0.9079399273766752,
        0.9286610509317867,
        0.9395408154556973
    ],
    "val_loss": [
        1.8742583334445952,
        1.5630192637443543,
        1.7488523244857788,
        1.2479735374450684,
        1.1762634485960006,
        1.2259304106235505,
        0.8171280145645141,
        1.2465233892202376,
        0.8530185580253601,
        0.6835378617048263,
        0.7835277795791626,
        2.4846900060772894,
        1.4491953283548356,
        1.1918310917913915,
        0.7963161826133728,
        1.0893246114253998,
        1.2435479879379272,
        1.885052715241909,
        2.6078552696853876,
        1.531502677500248,
        3.202477926760912,
        4.670260328054428,
        4.296329225972295,
        5.360802247002721,
        4.759264339134097,
        5.756596379633993,
        6.246692013181746,
        6.042944630980491,
        6.795460849255323,
        6.53931887075305,
        7.155973941646517,
        7.180911435186863,
        7.806199213070795,
        7.694326435029507,
        8.145342183113097,
        6.630817577242851
    ],
    "val_acc": [
        0.9683544303797469,
        0.9683544303797469,
        0.9683544303797469,
        0.939873417721519,
        0.9525316455696202,
        0.7436708860759493,
        0.8639240506329114,
        0.8417721518987342,
        0.7721518987341772,
        0.8575949367088608,
        0.7753164556962026,
        0.8670886075949367,
        0.819620253164557,
        0.8765822784810127,
        0.7183544303797469,
        0.569620253164557,
        0.8765822784810127,
        0.8829113924050633,
        0.9240506329113924,
        0.8481012658227848,
        0.9367088607594937,
        0.939873417721519,
        0.9082278481012658,
        0.9335443037974683,
        0.9367088607594937,
        0.939873417721519,
        0.9430379746835443,
        0.9335443037974683,
        0.9430379746835443,
        0.9367088607594937,
        0.939873417721519,
        0.9430379746835443,
        0.9430379746835443,
        0.939873417721519,
        0.9462025316455697,
        0.939873417721519
    ],
    "val_f1": [
        0.0,
        0.0,
        0.0,
        0.0,
        0.0,
        0.16494845360824742,
        0.12244897959183673,
        0.24242424242424243,
        0.2,
        0.23728813559322035,
        0.20224719101123595,
        0.16,
        0.12307692307692308,
        0.1702127659574468,
        0.16822429906542055,
        0.11688311688311688,
        0.23529411764705882,
        0.24489795918367346,
        0.29411764705882354,
        0.2,
        0.3333333333333333,
        0.17391304347826086,
        0.21621621621621623,
        0.16,
        0.16666666666666666,
        0.17391304347826086,
        0.18181818181818182,
        0.16,
        0.18181818181818182,
        0.16666666666666666,
        0.17391304347826086,
        0.18181818181818182,
        0.18181818181818182,
        0.17391304347826086,
        0.19047619047619047,
        0.17391304347826086
    ],