{
    "train_loss": [
        1.1596052686373393,
        0.5464842208557659,
        0.39280637668238744,
        0.3663725381924046,
        0.3678525987598631,
        0.2950818396276898,
        0.2857139742622773,
        0.2724588337043921,
        0.2385771743953228,
        0.21359604857861997,
        0.21563252119554413,
        0.16424984224658046,
        0.1682024500022332,
        0.134081046614382,
        0.16739711510017513,
        0.12084566821965079,
        0.08947847313247621,
        0.0884849527074645,
        0.0799655040868351,
        0.07788234306240661,
        0.0669714744144585,
        0.06665438417241805,
        0.07463030957118867,
        0.09439048129651281,
        0.07187220013616348,
        0.06558836746391737
    ],
    "train_acc": [
        0.8979734451432565,
        0.9154437456324249,
        0.9294199860237596,
        0.9280223619846262,
        0.9126484975541579,
        0.939203354297694,
        0.9329140461215933,
        0.9454926624737946,
        0.9517819706498952,
        0.9552760307477288,
        0.9468902865129281,
        0.9650593990216632,
        0.9650593990216632,
        0.9741439552760307,
        0.9622641509433962,
        0.9797344514325647,
        0.9846261355695318,
        0.9860237596086653,
        0.9874213836477987,
        0.9881201956673655,
        0.989517819706499,
        0.9902166317260657,
        0.9888190076869322,
        0.9811320754716981,
        0.9888190076869322,
        0.9902166317260657
    ],
    "train_f1": [
        0.1797752808988764,
        0.6840731070496083,
        0.7362924281984334,
        0.7352185089974294,
        0.7030878859857482,
        0.7751937984496124,
        0.7538461538461538,
        0.7936507936507936,
        0.8150134048257373,
        0.8260869565217391,
        0.798941798941799,
        0.8595505617977528,
        0.8603351955307262,
        0.8933717579250721,
        0.85,
        0.9144542772861357,
        0.9341317365269461,
        0.9397590361445783,
        0.9454545454545454,
        0.9483282674772037,
        0.9541284403669725,
        0.9570552147239264,
        0.950920245398773,
        0.9203539823008849,
        0.950920245398773,
        0.9570552147239264
    ],
    "train_mcc": [
        0.2478836414588214,
        0.652138746837764,
        0.7135143919735321,
        0.714202960313273,
        0.687546864638064,
        0.7606791139136653,
        0.7365628215208931,
        0.7791281633016315,
        0.8023391390653809,
        0.8135194462552034,
        0.7853216128549242,
        0.8484032772175787,
        0.8499151421137583,
        0.8846605641911631,
        0.8386159751689319,
        0.9067446554644526,
        0.928052919155729,
        0.9340556156076192,
        0.9401566482914281,
        0.9432449218834733,
        0.9494988086438545,
        0.9526651742643139,
        0.9457350625074041,
        0.9134587801894024,
        0.9457350625074041,
        0.9526651742643139
    ],
    "val_loss": [
        0.8011818478504816,
        0.51280153170228,
        0.4739192509247611,
        0.5098428890729944,
        0.44623117335140705,
        0.5377609170973301,
        0.5260090917969743,
        0.4592889768537134,
        0.6954869748418181,
        0.5556349265389144,
        1.0779888511945803,
        1.1059525543823838,
        1.0664804514575128,
        0.6206806466604272,
        1.2319093908493717,
        1.1422771267910623,
        1.8851941709872335,
        1.5658321304945275,
        1.1251884270459414,
        1.5238333131710533,
        1.788126366205688,
        2.1712223201369247,
        0.9368342012166977,
        3.12854574835607,
        2.1678856558476887,
        1.9290707218594132
    ],
    "val_acc": [
        0.9299719887955182,
        0.8403361344537815,
        0.9159663865546218,
        0.8151260504201681,
        0.8879551820728291,
        0.9187675070028011,
        0.9159663865546218,
        0.8907563025210085,
        0.9299719887955182,
        0.9019607843137255,
        0.9495798319327731,
        0.9439775910364145,
        0.9355742296918768,
        0.8599439775910365,
        0.9355742296918768,
        0.9243697478991597,
        0.9411764705882353,
        0.938375350140056,
        0.9187675070028011,
        0.9355742296918768,
        0.9411764705882353,
        0.9467787114845938,
        0.8431372549019608,
        0.9467787114845938,
        0.9467787114845938,
        0.9411764705882353
    ],
    "val_f1": [
        0.6753246753246753,
        0.5511811023622047,
        0.6739130434782609,
        0.5285714285714286,
        0.6153846153846154,
        0.6881720430107527,
        0.6808510638297872,
        0.6213592233009708,
        0.6987951807228916,
        0.6391752577319587,
        0.775,
        0.7435897435897436,
        0.7228915662650602,
        0.5833333333333334,
        0.7228915662650602,
        0.6823529411764706,
        0.7123287671232876,
        0.725,
        0.6741573033707865,
        0.7160493827160493,
        0.7341772151898734,
        0.7397260273972602,
        0.5333333333333333,
        0.7466666666666667,
        0.7397260273972602,
        0.7272727272727273
    ],
    "val_mcc": [
        0.6361530289467464,
        0.5359346420173536,
        0.6401185267970912,
        0.5256104000978054,
        0.5843384412354871,
        0.6578029858778388,
        0.6503268931930419,
        0.5903123186263024,
        0.6625121071847622,
        0.6044960068479591,
        0.7478745846960986,
        0.7124616032220761,
        0.6898772376099571,
        0.5672782373357473,
        0.6898772376099571,
        0.6446319863062182,
        0.6803419861427407,
        0.691493795605927,
        0.6377723426259043,
        0.6815229514097453,
        0.7017997905853365,
        0.7108855084079517,
        0.5025000102127507,
        0.7170181890051158,
        0.7108855084079517,
        0.6943854985195639
    ]
}