{
    "train_loss": [
        2.1057042986154557,
        1.492378944158554,
        1.3065107986330986,
        1.2995020575821399,
        1.4331357464194299,
        1.2853505983948708,
        1.124321746826172,
        1.0372750505805015,
        0.9773994617164135,
        0.9861498937010765,
        0.8364040572196245,
        0.9048238091170788,
        0.8529959730803967,
        0.7513035494834185,
        0.7730442821979523,
        0.7620880030095577,
        0.7252618845552206,
        0.6976573240011931,
        0.6658039066940546,
        0.6514275912195444,
        0.5929467394948006,
        0.6455979274585844,
        0.5859464149922132,
        0.6395324226468801,
        0.5280970074236393,
        0.5268393522128463,
        0.48943556286394596,
        0.4851992010138929,
        0.6545687180012465,
        0.4752712585031986,
        0.4077385775744915,
        0.533305986225605,
        0.4350804263725877,
        0.3986492000520229,
        0.3388178236782551,
        0.3718211529776454,
        0.35553158456459644,
        0.30784515077248215,
        0.33164989445358517,
        0.3136716869659722,
        0.3784057511948049,
        0.321755008213222,
        0.296992265060544,
        0.3201145282015204,
        0.3126174301840365,
        0.30607634242624043,
        0.32154771462082865,
        0.28831728287041186
    ],
    "train_acc": [
        0.9690721649484536,
        0.9690721649484536,
        0.9603489294210944,
        0.8953211736716892,
        0.9682791435368755,
        0.8897700237906423,
        0.8477398889770024,
        0.8675654242664552,
        0.8564631245043616,
        0.8509119746233148,
        0.845360824742268,
        0.8358445678033307,
        0.8596352101506741,
        0.8493259318001586,
        0.8691514670896114,
        0.8485329103885805,
        0.865979381443299,
        0.8596352101506741,
        0.887390959555908,
        0.887390959555908,
        0.8929421094369548,
        0.9095955590800952,
        0.8715305313243458,
        0.9048374306106265,
        0.8977002379064235,
        0.929421094369548,
        0.8992862807295797,
        0.9349722442505948,
        0.9095955590800952,
        0.9270420301348137,
        0.936558287073751,
        0.8969072164948454,
        0.9484536082474226,
        0.9413164155432197,
        0.9484536082474226,
        0.957176843774782,
        0.9516256938937351,
        0.957176843774782,
        0.9619349722442506,
        0.9603489294210944,
        0.9540047581284695,
        0.9595559080095163,
        0.9635210150674068,
        0.9666931007137193,
        0.964314036478985,
        0.9619349722442506,
        0.9635210150674068,
        0.9627279936558287
    ],
    "train_f1": [
        0.0,
        0.0,
        0.038461538461538464,
        0.10810810810810811,
        0.0,
        0.07947019867549669,
        0.1724137931034483,
        0.215962441314554,
        0.21645021645021645,
        0.2231404958677686,
        0.22924901185770752,
        0.19455252918287938,
        0.2716049382716049,
        0.24603174603174602,
        0.27312775330396477,
        0.2450592885375494,
        0.2555066079295154,
        0.23376623376623376,
        0.30392156862745096,
        0.297029702970297,
        0.33497536945812806,
        0.3522727272727273,
        0.2956521739130435,
        0.3333333333333333,
        0.35175879396984927,
        0.41830065359477125,
        0.3487179487179487,
        0.4305555555555556,
        0.37362637362637363,
        0.425,
        0.4666666666666667,
        0.3434343434343434,
        0.5185185185185185,
        0.4788732394366197,
        0.5185185185185185,
        0.5645161290322581,
        0.5271317829457365,
        0.5645161290322581,
        0.5932203389830508,
        0.5833333333333334,
        0.546875,
        0.5785123966942148,
        0.6101694915254238,
        0.625,
        0.6086956521739131,
        0.5932203389830508,
        0.603448275862069,
        0.5982905982905983
    ],
    "train_mcc": [
        0.0,
        0.0,
        0.027115927906659888,
        0.07545400531666731,
        -0.005032820347323118,
        0.04083584317236891,
        0.17851277047752184,
        0.23400660312928898,
        0.2430372766369373,
        0.25827397725902723,
        0.2731209672286205,
        0.22116866984788738,
        0.3320128700604286,
        0.2984603891080618,
        0.3239068459784424,
        0.2975269864098054,
        0.298185221696896,
        0.26853713151393344,
        0.35176111702421686,
        0.34078091370939617,
        0.39394706998179996,
        0.3939459996568019,
        0.35894952253818013,
        0.3726770623244363,
        0.4135807858829002,
        0.4548466343281871,
        0.40589943162058295,
        0.46012617004579964,
        0.42728443581985726,
        0.47058539091536283,
        0.510352471909885,
        0.40131849284200594,
        0.5532457926831641,
        0.5153810771258381,
        0.5532457926831641,
        0.5914145027976628,
        0.55543291744165,
        0.5914145027976628,
        0.6154110466671135,
        0.6071250350668529,
        0.5767443929732629,
        0.6030929861423906,
        0.634313792559042,
        0.6422236421863812,
        0.6284309097091375,
        0.6154110466671135,
        0.6240087893405053,
        0.6196697100686785
    ],
    "val_loss": [
        2.026427632570267,
        1.5465136289596557,
        1.3274329483509064,
        1.6464086055755616,
        1.306599497795105,
        1.1548401474952699,
        1.0779754370450974,
        1.069984993338585,
        0.9138989299535751,
        0.8978098332881927,
        1.0567576631903648,
        0.8513847351074219,
        0.7954864025115966,
        0.8709544867277146,
        0.8265831887722015,
        0.8199746906757355,
        0.7971882343292236,
        0.7464875608682633,
        0.9576373785734177,
        0.9361274123191834,
        0.9377982050180436,
        0.9095471709966659,
        1.0677513860166072,
        0.893441553413868,
        0.9200849935412407,
        0.7137541353702546,
        0.9649053394794465,
        0.9865126058459281,
        0.9789530232548713,
        1.0143272668123244,
        1.0416557252407075,
        0.9076533235609532,
        0.9023911640048027,
        0.9250889092683792,
        1.0311515480279922,
        0.9975283771753312,
        1.0299463599920273,
        1.0233336970210076,
        1.1151735574007033,
        1.1009493857622146,
        1.0401549577713012,
        1.0922202907502652,
        1.1114283576607704,
        1.0945257365703582,
        1.085641548037529,
        1.1534865736961364,
        1.1163556739687919,
        1.1376251094043255
    ],