{
    "train_loss": [
        1.337365809082985,
        1.2969614699482919,
        1.2933810144662856,
        1.2514606826007366,
        1.1463387489318848,
        1.0447287738323212,
        0.8867396790534258,
        0.715972033701837,
        0.5958287291228771,
        0.3702142842579633,
        0.3454605772159994,
        0.76338099129498,
        1.4725758500397206,
        0.8609728008508682,
        0.7761026963591575,
        0.5454755147919059,
        0.43218389740213753,
        0.3082262446288951,
        0.22688891082070767,
        0.5626608151243999,
        0.7318137526512146,
        0.5173223285004497,
        0.19977599953417666,
        0.3117072470369749,
        0.44144973140209914,
        0.15431364038959144,
        0.13186303999682422,
        0.13526661600044462,
        0.06910604736767709,
        0.052863047500432005,
        0.03854338334167551,
        0.04118210259402986,
        0.036175687115974145,
        0.023799516852341183,
        0.02383692741750565,
        0.022164439596235753,
        0.024655615363371908,
        0.02476988644930316
    ],
    "train_acc": [
        0.9666931007137193,
        0.9389373513084853,
        0.9064234734337827,
        0.9056304520222046,
        0.8778747026169706,
        0.8921490880253767,
        0.8969072164948454,
        0.9056304520222046,
        0.9127676447264076,
        0.9318001586042823,
        0.9333862014274386,
        0.8628072957969866,
        0.7946074544012688,
        0.852498017446471,
        0.8683584456780333,
        0.9135606661379857,
        0.8984932593180016,
        0.9476605868358445,
        0.9460745440126883,
        0.880253766851705,
        0.8485329103885805,
        0.8739095955590801,
        0.9532117367168914,
        0.9246629659000793,
        0.8977002379064235,
        0.9714512291831879,
        0.9738302934179223,
        0.9730372720063442,
        0.9873116574147502,
        0.9904837430610627,
        0.992862807295797,
        0.9936558287073751,
        0.9960348929421095,
        0.9968279143536876,
        0.9960348929421095,
        0.9960348929421095,
        0.9968279143536876,
        0.9960348929421095
    ],
    "train_f1": [
        0.0,
        0.11494252873563218,
        0.09230769230769231,
        0.16783216783216784,
        0.20618556701030927,
        0.26881720430107525,
        0.29347826086956524,
        0.33519553072625696,
        0.367816091954023,
        0.45569620253164556,
        0.475,
        0.2821576763485477,
        0.1829652996845426,
        0.23140495867768596,
        0.2719298245614035,
        0.384180790960452,
        0.36633663366336633,
        0.5352112676056338,
        0.5277777777777778,
        0.3167420814479638,
        0.2450592885375494,
        0.29955947136563876,
        0.5693430656934306,
        0.4444444444444444,
        0.34517766497461927,
        0.6842105263157895,
        0.7027027027027027,
        0.6909090909090909,
        0.8297872340425532,
        0.8666666666666667,
        0.896551724137931,
        0.9069767441860465,
        0.9397590361445783,
        0.9512195121951219,
        0.9397590361445783,
        0.9397590361445783,
        0.9512195121951219,
        0.9397590361445783
    ],
    "train_mcc": [
        -0.008724027127718597,
        0.08415478324161423,
        0.056392363661052096,
        0.14626206189032157,
        0.21214072736755574,
        0.29195495530805105,
        0.32330467267753676,
        0.3742897799606434,
        0.4122325215981178,
        0.5064148803199704,
        0.5327956572442081,
        0.34659862590525176,
        0.22543538394827375,
        0.27073794531580614,
        0.3228025653209481,
        0.43625586692727203,
        0.4363572211892309,
        0.5822823343773688,
        0.5761832537980649,
        0.38284367701049365,
        0.2975269864098054,
        0.36248928240076195,
        0.615422712505237,
        0.5075015899941743,
        0.40283188495293715,
        0.7104089322804364,
        0.7259745223437242,
        0.711504373713373,
        0.8365444258390112,
        0.870170383097198,
        0.8980623349449683,
        0.9079399273766752,
        0.9395408154556973,
        0.9507933092280547,
        0.9395408154556973,
        0.9395408154556973,
        0.9507933092280547,
        0.9395408154556973
    ],
    "val_loss": [
        1.3047193944454194,
        1.2924685776233673,
        1.2948872685432433,
        1.2792779445648192,
        1.2613737344741822,
        1.2937959134578705,
        1.1369587182998657,
        1.0397591233253478,
        0.883991651237011,
        1.09932781457901,
        1.42376047372818,
        3.2072174191474914,
        0.9074308454990387,
        0.8278333574533463,
        0.9154219716787338,
        1.2325018122792244,
        1.0824423104524612,
        1.128817895054817,
        2.0034689554944634,
        0.8129334777593613,
        0.6520640552043915,
        0.7143588587641716,
        2.796459890343249,
        0.7652874708175659,
        1.0551675319671632,
        2.93757837805897,
        4.315361998230219,
        5.2154487449675795,
        5.974451989680529,
        5.824266349896789,
        6.9849384851753715,
        6.602301958523458,
        7.214278108254075,
        7.120012159086764,
        7.70081704595068,
        7.764708493543549,
        8.072798225283623,
        8.315643640882081
    ],
    "val_acc": [
        0.9683544303797469,
        0.8955696202531646,
        0.879746835443038,
        0.7816455696202531,
        0.8386075949367089,
        0.930379746835443,
        0.8924050632911392,
        0.6740506329113924,
        0.9240506329113924,
        0.6867088607594937,
        0.6265822784810127,
        0.8069620253164557,
        0.8449367088607594,
        0.810126582278481,
        0.879746835443038,
        0.8860759493670886,
        0.8037974683544303,
        0.9050632911392406,
        0.8987341772151899,
        0.8449367088607594,
        0.8386075949367089,
        0.8607594936708861,
        0.9462025316455697,
        0.8544303797468354,
        0.8481012658227848,
        0.930379746835443,
        0.9556962025316456,
        0.9525316455696202,
        0.9588607594936709,
        0.9493670886075949,
        0.9588607594936709,
        0.9588607594936709,
        0.9556962025316456,
        0.9588607594936709,
        0.9588607594936709,
        0.9556962025316456,
        0.9556962025316456,
        0.9588607594936709
    ],
    "val_f1": [
        0.0,
        0.05714285714285714,
        0.05,
        0.12658227848101267,
        0.13559322033898305,
        0.15384615384615385,
        0.22727272727272727,
        0.1487603305785124,
        0.3333333333333333,
        0.16806722689075632,
        0.1323529411764706,
        0.1643835616438356,
        0.24615384615384617,
        0.21052631578947367,
        0.2962962962962963,
        0.25,
        0.18421052631578946,
        0.25,
        0.2,
        0.24615384615384617,
        0.2608695652173913,
        0.2413793103448276,
        0.41379310344827586,
        0.23333333333333334,
        0.22580645161290322,
        0.35294117647058826,
        0.3,
        0.2857142857142857,
        0.3157894736842105,
        0.2727272727272727,
        0.23529411764705882,
        0.3157894736842105,
        0.2222222222222222,
        0.3157894736842105,
        0.23529411764705882,
        0.2222222222222222,
        0.2222222222222222,
        0.23529411764705882
    ],