{
    "train_loss": [
        0.7131466366806809,
        0.46751377807587996,
        0.4685329165385694,
        0.4518587835589234,
        0.5485516993366942,
        0.3709223693122669,
        0.41586528809703127,
        0.38257960883938535,
        0.37323429815623227,
        0.36972046658700825,
        0.372918288470531,
        0.3269529473416659,
        0.36481975611983514,
        0.3208847549192759,
        0.33629536507081015,
        0.32192761922369195,
        0.30945208699119336,
        0.2885997076423801,
        0.305221351158178,
        0.28947696063135353,
        0.30953555767025265
    ],
    "train_acc": [
        0.8656716417910447,
        0.8916288124594419,
        0.8942245295262816,
        0.8896820246593121,
        0.9046073977936405,
        0.9247242050616483,
        0.9253731343283582,
        0.9201817001946788,
        0.9286177806619078,
        0.9383517196625568,
        0.9234263465282284,
        0.9409474367293965,
        0.9383517196625568,
        0.9461388708630759,
        0.9474367293964958,
        0.9428942245295263,
        0.9487345879299156,
        0.9474367293964958,
        0.9539260220635951,
        0.9539260220635951,
        0.9493835171966256
    ],
    "train_f1": [
        0.5152224824355972,
        0.6584867075664622,
        0.6597077244258872,
        0.66,
        0.6825053995680346,
        0.7375565610859729,
        0.7380410022779044,
        0.7260579064587973,
        0.7477064220183486,
        0.7775175644028103,
        0.728110599078341,
        0.7838479809976246,
        0.7754137115839244,
        0.7980535279805353,
        0.8057553956834532,
        0.7894736842105263,
        0.8105515587529976,
        0.8048192771084337,
        0.8238213399503722,
        0.8264058679706602,
        0.8115942028985508
    ],
    "train_mcc": [
        0.4480988628138401,
        0.6326855783095477,
        0.6310633306994707,
        0.6382136114106532,
        0.6540556499974255,
        0.7139721226736906,
        0.7136846208738143,
        0.7023181968359303,
        0.7243043583695306,
        0.7569874101616941,
        0.7005485899001732,
        0.7627929729357227,
        0.7534243245050124,
        0.7768853932204629,
        0.7873838419698307,
        0.7686003302861577,
        0.7929922585824583,
        0.7857649565633441,
        0.8049812212181957,
        0.8093956170577054,
        0.7934148380587559
    ],
    "val_loss": [
        0.3430356578185008,
        0.4057443958635514,
        0.34387075901031494,
        0.3422596317071181,
        0.3444056866260675,
        0.34764491480130416,
        0.34585802257061005,
        0.3505353411802879,
        0.3858640119433403,
        0.4947410340492542,
        0.4141389842216785,
        0.37583481405790037,
        0.39824130558050597,
        0.45679878615416014,
        0.44523128867149353,
        0.46334885977781737,
        0.4227560300093431,
        0.4223411828279495,
        0.4171533790918497,
        0.6292439544430146,
        0.5125037718277711
    ],
    "val_acc": [
        0.9324675324675324,
        0.9506493506493506,
        0.8623376623376623,
        0.9454545454545454,
        0.9402597402597402,
        0.948051948051948,
        0.9298701298701298,
        0.9402597402597402,
        0.9402597402597402,
        0.9454545454545454,
        0.935064935064935,
        0.9402597402597402,
        0.9402597402597402,
        0.9402597402597402,
        0.9376623376623376,
        0.9402597402597402,
        0.9402597402597402,
        0.9402597402597402,
        0.9376623376623376,
        0.9402597402597402,
        0.9402597402597402
    ],
    "val_f1": [
        0.7547169811320755,
        0.7816091954022989,
        0.624113475177305,
        0.7789473684210526,
        0.7766990291262136,
        0.7959183673469388,
        0.7522935779816514,
        0.7766990291262136,
        0.7676767676767676,
        0.7469879518072289,
        0.7311827956989247,
        0.7722772277227723,
        0.7676767676767676,
        0.7722772277227723,
        0.75,
        0.7415730337078652,
        0.7578947368421053,
        0.7676767676767676,
        0.76,
        0.7472527472527473,
        0.7415730337078652
    ],
    "val_mcc": [
        0.7310457061452081,
        0.7538581851118374,
        0.6189556412214049,
        0.7506812812160043,
        0.7537153010079811,
        0.7717885110353546,
        0.7316364882867419,
        0.7537153010079811,
        0.7399013530622824,
        0.7181820040063815,
        0.6956773489817882,
        0.7467500707355899,
        0.7399013530622824,
        0.7467500707355899,
        0.7179283587687243,
        0.7078611180371772,
        0.7265989303062333,
        0.7399013530622824,
        0.7317324615820154,
        0.713920084230944,
        0.7078611180371772
    ]
}