{
    "train_loss": [
        0.8047770213107673,
        0.5166338733872589,
        0.47103347918208766,
        0.47022370689985704,
        0.40800608443666475,
        0.42224032690330426,
        0.3888929845119009,
        0.43047661349481464,
        0.4061638249122367,
        0.41134544431555026,
        0.35891358235052656,
        0.3664995503364777,
        0.347052876134308,
        0.345109686711613,
        0.33112248352595736,
        0.3593422621488571,
        0.32516852021217346,
        0.30857428661262504,
        0.34520757791339135,
        0.3113841588551901
    ],
    "train_acc": [
        0.8215444516547696,
        0.8935756002595717,
        0.8929266709928618,
        0.9188838416612589,
        0.9318624269954575,
        0.9188838416612589,
        0.9214795587280986,
        0.918234912394549,
        0.9072031148604802,
        0.9195327709279688,
        0.9305645684620376,
        0.9357560025957171,
        0.9331602855288773,
        0.9351070733290071,
        0.9402985074626866,
        0.9338092147955873,
        0.9415963659961064,
        0.9370538611291369,
        0.936404931862427,
        0.9221284879948086
    ],
    "train_f1": [
        0.45759368836291914,
        0.6583333333333333,
        0.6625766871165644,
        0.7126436781609196,
        0.7552447552447552,
        0.715261958997722,
        0.7205542725173211,
        0.7149321266968326,
        0.6911447084233261,
        0.7181818181818181,
        0.7562642369020501,
        0.7692307692307693,
        0.765375854214123,
        0.771689497716895,
        0.784037558685446,
        0.7638888888888888,
        0.7877358490566038,
        0.7790432801822323,
        0.7741935483870968,
        0.7402597402597403
    ],
    "train_mcc": [
        0.3864342404148876,
        0.629681074511256,
        0.6377439642233035,
        0.6824887741014891,
        0.7312871514720127,
        0.686620777245218,
        0.6913523930972999,
        0.687030899969454,
        0.6645138623435565,
        0.6903573007801258,
        0.7353356957766916,
        0.7477814651137016,
        0.7461612332281301,
        0.7533501564654767,
        0.7643816971371,
        0.7423220198191937,
        0.7681702997507851,
        0.7623995394052879,
        0.755095877911702,
        0.7236211648796791
    ],
    "val_loss": [
        0.6352818516584543,
        0.3218412399291992,
        0.4394843108378924,
        0.32026903675152707,
        0.36294204684404224,
        0.4399847101706725,
        0.35838159918785095,
        0.4077069094547859,
        0.3953253340262633,
        0.3576097396703867,
        0.3888011457255253,
        0.3888196245982097,
        0.3964119679652728,
        0.4334842379276569,
        0.4032487261753816,
        0.4531676849493614,
        0.39968307373615414,
        0.4229238216693585,
        0.4012618423081361,
        0.424646273183708
    ],
    "val_acc": [
        0.7194805194805195,
        0.9402597402597402,
        0.9402597402597402,
        0.9376623376623376,
        0.9506493506493506,
        0.9454545454545454,
        0.935064935064935,
        0.9012987012987013,
        0.9454545454545454,
        0.9376623376623376,
        0.9376623376623376,
        0.9324675324675324,
        0.9402597402597402,
        0.935064935064935,
        0.9324675324675324,
        0.9428571428571428,
        0.9428571428571428,
        0.9376623376623376,
        0.9402597402597402,
        0.9376623376623376
    ],
    "val_f1": [
        0.4489795918367347,
        0.7628865979381443,
        0.7722772277227723,
        0.7647058823529411,
        0.7956989247311828,
        0.7529411764705882,
        0.7619047619047619,
        0.6885245901639344,
        0.7789473684210526,
        0.7647058823529411,
        0.76,
        0.7547169811320755,
        0.7722772277227723,
        0.7422680412371134,
        0.7547169811320755,
        0.78,
        0.7843137254901961,
        0.7551020408163265,
        0.7722772277227723,
        0.7551020408163265
    ],
    "val_mcc": [
        0.4447391024746409,
        0.7331800469525914,
        0.7467500707355899,
        0.7388073275734658,
        0.7691643928883152,
        0.7228961304610547,
        0.7384304022082288,
        0.6720184981640773,
        0.7506812812160043,
        0.7388073275734658,
        0.7317324615820154,
        0.7310457061452081,
        0.7467500707355899,
        0.7094854009291929,
        0.7310457061452081,
        0.7548885521384083,
        0.7616301488135994,
        0.7247691935658378,
        0.7467500707355899,
        0.7247691935658378
    ]
}