{
    "train_loss": [
        0.9422769985940992,
        0.5433861102376666,
        0.4495291694694636,
        0.4395324691217773,
        0.4220980582188587,
        0.43064716139010023,
        0.3996113435346253,
        0.3725065025025789,
        0.3661317811632643,
        0.3541732646372853,
        0.47851805328106395,
        0.41724669735650627,
        0.3539718862394897,
        0.345751161325951,
        0.34489860826609087,
        0.3434735614122177,
        0.3466132496084486,
        0.34295196907252684,
        0.3293364172687336
    ],
    "train_acc": [
        0.890979883192732,
        0.8384166125892277,
        0.890330953926022,
        0.8864373783257625,
        0.9052563270603504,
        0.9123945489941596,
        0.9201817001946788,
        0.9318624269954575,
        0.9338092147955873,
        0.9279688513951979,
        0.9253731343283582,
        0.9026606099935107,
        0.9351070733290071,
        0.9318624269954575,
        0.9331602855288773,
        0.9402985074626866,
        0.9299156391953277,
        0.9312134977287476,
        0.9396495781959766
    ],
    "train_f1": [
        0.48148148148148145,
        0.5714285714285714,
        0.6613226452905812,
        0.6464646464646465,
        0.6919831223628692,
        0.7071583514099783,
        0.7198177676537585,
        0.7552447552447552,
        0.7616822429906542,
        0.7448275862068966,
        0.7344110854503464,
        0.6887966804979253,
        0.7663551401869159,
        0.7540983606557377,
        0.7610208816705336,
        0.780952380952381,
        0.7511520737327189,
        0.7557603686635944,
        0.7811764705882352
    ],
    "train_mcc": [
        0.4238142383148558,
        0.5518310684768649,
        0.639522387112985,
        0.619700028050298,
        0.6689901159862248,
        0.6832689824793465,
        0.6920335459709372,
        0.7312871514720127,
        0.7386074810981189,
        0.7206123540808416,
        0.7077422586054833,
        0.667749249081505,
        0.74411443681471,
        0.7294080755770643,
        0.7386512977090898,
        0.7591376586673593,
        0.7278222339059376,
        0.7332769627070904,
        0.7607367973721969
    ],
    "val_loss": [
        0.3991906711688408,
        0.41649052729973424,
        0.42850332936415303,
        0.40506698191165924,
        0.7943911930689445,
        0.4265245474301852,
        0.44718755609714067,
        0.4503620003278439,
        0.45979340145221126,
        0.4025838036949818,
        0.49174968554423404,
        0.4508882084718117,
        0.47199290646956515,
        0.44319913994807464,
        0.49185899931650895,
        0.44741826217908126,
        0.4579571863779655,
        0.4522389912834534,
        0.4819780748624068
    ],
    "val_acc": [
        0.8441558441558441,
        0.8909090909090909,
        0.948051948051948,
        0.9532467532467532,
        0.935064935064935,
        0.9428571428571428,
        0.9376623376623376,
        0.9376623376623376,
        0.9454545454545454,
        0.9376623376623376,
        0.948051948051948,
        0.9402597402597402,
        0.9428571428571428,
        0.9454545454545454,
        0.9454545454545454,
        0.948051948051948,
        0.948051948051948,
        0.9428571428571428,
        0.948051948051948
    ],
    "val_f1": [
        0.5945945945945946,
        0.6557377049180327,
        0.7959183673469388,
        0.8085106382978723,
        0.7619047619047619,
        0.7843137254901961,
        0.7692307692307693,
        0.7692307692307693,
        0.7835051546391752,
        0.7692307692307693,
        0.7872340425531915,
        0.7578947368421053,
        0.7659574468085106,
        0.7789473684210526,
        0.7789473684210526,
        0.8,
        0.7959183673469388,
        0.7708333333333334,
        0.7872340425531915
    ],
    "val_mcc": [
        0.5904534153783937,
        0.6313956183095993,
        0.7717885110353546,
        0.7840796732727358,
        0.7384304022082288,
        0.7616301488135994,
        0.7459845637787657,
        0.7459845637787657,
        0.7568746929759901,
        0.7459845637787657,
        0.7597940196757925,
        0.7265989303062333,
        0.7355083660788494,
        0.7506812812160043,
        0.7506812812160043,
        0.7780446426948012,
        0.7717885110353546,
        0.7418138079673036,
        0.7597940196757925
    ]
}