{
    "train_loss": [
        0.769338099932184,
        0.4677290435956449,
        0.42227522078521396,
        0.43877753828253063,
        0.394257767772188,
        0.3919830042108589,
        0.4179075998919351,
        0.3707390345480977,
        0.37839531320698405,
        0.36780668817916695,
        0.35335205586589113,
        0.35462407554898945,
        0.3770472238562545,
        0.33740715606480226,
        0.33380815645261686,
        0.3396883881745898,
        0.3317447216535101,
        0.33220963575402085,
        0.3105841599480838,
        0.30672168123478794,
        0.31084367055065776,
        0.3246240451627848,
        0.3027887035693441,
        0.29974730282413714
    ],
    "train_acc": [
        0.8948734587929915,
        0.890979883192732,
        0.9117456197274497,
        0.9033095392602206,
        0.9240752757949383,
        0.9169370538611291,
        0.9234263465282284,
        0.9299156391953277,
        0.9292667099286178,
        0.9279688513951979,
        0.9312134977287476,
        0.9351070733290071,
        0.9318624269954575,
        0.9286177806619078,
        0.9383517196625568,
        0.9402985074626866,
        0.9415963659961064,
        0.9441920830629461,
        0.9383517196625568,
        0.9435431537962362,
        0.9461388708630759,
        0.9480856586632057,
        0.954574951330305,
        0.9506813757300454
    ],
    "train_f1": [
        0.5178571428571429,
        0.6585365853658537,
        0.7043478260869566,
        0.6781857451403888,
        0.7334851936218679,
        0.7192982456140351,
        0.730593607305936,
        0.7476635514018691,
        0.7517084282460137,
        0.74364896073903,
        0.7568807339449541,
        0.7641509433962265,
        0.7597254004576659,
        0.7544642857142857,
        0.7775175644028103,
        0.7819905213270142,
        0.7867298578199052,
        0.7942583732057417,
        0.7775175644028103,
        0.7943262411347518,
        0.8009592326139089,
        0.8067632850241546,
        0.825,
        0.8164251207729468
    ],
    "train_mcc": [
        0.4601238066931982,
        0.6337189248233198,
        0.6795634029484825,
        0.6488265438243599,
        0.7082718521480951,
        0.6963493650515297,
        0.704560699965471,
        0.7220866139483456,
        0.7299229270509723,
        0.7186688356109389,
        0.7351799157506681,
        0.7404554661002257,
        0.7388476405786908,
        0.736001222369899,
        0.7569874101616941,
        0.7608792808893496,
        0.7664406255168533,
        0.774199201018016,
        0.7569874101616941,
        0.7756328210009376,
        0.7817754253572032,
        0.7877773783324162,
        0.8057018040997783,
        0.7990522977850956
    ],
    "val_loss": [
        0.2903366811000384,
        0.3437166122289804,
        0.4405118507834581,
        0.36913435275738055,
        0.357496448720877,
        0.49784373520658565,
        0.39499915505831057,
        0.40695406840397763,
        0.43555282744077534,
        0.4153627008199692,
        0.5379658123621573,
        0.40837369056848377,
        0.40864887547034484,
        0.4055910574702116,
        0.4434541893693117,
        0.41400506977851576,
        0.4451472289287127,
        0.4535842898946542,
        0.4471894296316,
        1.0417389823840215,
        0.4571058807464746,
        0.4469613266678957,
        0.4574595999259215,
        0.4938231139228894
    ],
    "val_acc": [
        0.9142857142857143,
        0.935064935064935,
        0.9428571428571428,
        0.9376623376623376,
        0.9142857142857143,
        0.9454545454545454,
        0.948051948051948,
        0.948051948051948,
        0.9506493506493506,
        0.9428571428571428,
        0.9298701298701298,
        0.9142857142857143,
        0.9454545454545454,
        0.9428571428571428,
        0.9428571428571428,
        0.9402597402597402,
        0.9402597402597402,
        0.9454545454545454,
        0.9402597402597402,
        0.9454545454545454,
        0.9454545454545454,
        0.9428571428571428,
        0.9454545454545454,
        0.9454545454545454
    ],
    "val_f1": [
        0.7079646017699115,
        0.7572815533980582,
        0.75,
        0.7692307692307693,
        0.7130434782608696,
        0.7640449438202247,
        0.7916666666666666,
        0.7959183673469388,
        0.8041237113402062,
        0.78,
        0.7428571428571429,
        0.7272727272727273,
        0.7878787878787878,
        0.78,
        0.78,
        0.7722772277227723,
        0.7722772277227723,
        0.7835051546391752,
        0.7628865979381443,
        0.7835051546391752,
        0.7789473684210526,
        0.7755102040816326,
        0.7835051546391752,
        0.7789473684210526
    ],
    "val_mcc": [
        0.6835769058526029,
        0.7310520402388409,
        0.717741935483871,
        0.7459845637787657,
        0.6922619839035193,
        0.7332715171462041,
        0.7656992571658828,
        0.7717885110353546,
        0.7805693389993886,
        0.7548885521384083,
        0.7160730803420626,
        0.7184212081070996,
        0.7632315759065887,
        0.7548885521384083,
        0.7548885521384083,
        0.7467500707355899,
        0.7467500707355899,
        0.7568746929759901,
        0.7331800469525914,
        0.7568746929759901,
        0.7506812812160043,
        0.7482788523005962,
        0.7568746929759901,
        0.7506812812160043
    ]
}