{
    "train_loss": [
        1.201006183790606,
        1.191578212172486,
        1.1903353541396384,
        1.064319770003474,
        0.875817937213321,
        0.8425741971925248,
        0.7695847354656042,
        0.6867283471795016,
        0.7098260674365732,
        0.6498489171959633,
        0.6085221718910129,
        0.5423760258181151,
        0.5047628144885219,
        0.4660170088673747,
        0.5293938961139945,
        0.4547380794619405,
        0.3742806802308837,
        0.38775022570476975,
        0.39181507811989896,
        0.352957048041876,
        0.34586054675800854,
        0.3099823503993278,
        0.3036271234930948,
        0.2769009562772374,
        0.2685759487713492,
        0.28030446483645327,
        0.2548341040694436,
        0.250013638201148,
        0.23313902613035467,
        0.22198012869718464,
        0.21415563854713773,
        0.20778258066884306,
        0.23038804002625998,
        0.20666787214577198,
        0.20510901034224865
    ],
    "train_acc": [
        0.8664206642066421,
        0.8664206642066421,
        0.8649446494464945,
        0.8590405904059041,
        0.8228782287822878,
        0.8391143911439114,
        0.8590405904059041,
        0.8671586715867159,
        0.8708487084870848,
        0.8619926199261992,
        0.8752767527675277,
        0.8863468634686347,
        0.9033210332103321,
        0.8959409594095941,
        0.8944649446494465,
        0.8952029520295203,
        0.9143911439114392,
        0.9136531365313653,
        0.9143911439114392,
        0.9202952029520295,
        0.922509225092251,
        0.9232472324723248,
        0.9343173431734317,
        0.9402214022140222,
        0.9416974169741698,
        0.9291512915129151,
        0.9453874538745387,
        0.9453874538745387,
        0.9453874538745387,
        0.9490774907749078,
        0.9512915129151291,
        0.9498154981549816,
        0.9520295202952029,
        0.948339483394834,
        0.9535055350553505
    ],
    "train_f1": [
        0.0,
        0.0,
        0.0,
        0.3696369636963696,
        0.5061728395061729,
        0.5439330543933054,
        0.5910064239828694,
        0.6218487394957983,
        0.6268656716417911,
        0.625250501002004,
        0.6515463917525773,
        0.6723404255319149,
        0.6988505747126437,
        0.6993603411513859,
        0.687089715536105,
        0.6965811965811965,
        0.7375565610859729,
        0.7394209354120267,
        0.7422222222222222,
        0.755656108597285,
        0.7619047619047619,
        0.7688888888888888,
        0.7935034802784223,
        0.812933025404157,
        0.8158508158508159,
        0.7876106194690266,
        0.8246445497630331,
        0.8271028037383178,
        0.8271028037383178,
        0.8376470588235294,
        0.8443396226415094,
        0.8403755868544601,
        0.8441247002398081,
        0.8372093023255814,
        0.8496420047732697
    ],
    "train_mcc": [
        0.0,
        0.0,
        -0.01509632853101994,
        0.300906341927937,
        0.42726875344097626,
        0.4736550648165858,
        0.5305283219275192,
        0.5708318971842484,
        0.5754848731696508,
        0.5810883649291065,
        0.6104721758005031,
        0.6323050580776122,
        0.6562935356031964,
        0.6656287905177737,
        0.6470826820275224,
        0.6618750650048747,
        0.7048675328590952,
        0.7090832656933572,
        0.7128018060341919,
        0.7268712997812735,
        0.734180050090034,
        0.7454324884992135,
        0.769572525758901,
        0.793594801836313,
        0.7959100592065212,
        0.7690293299284319,
        0.8044770812845853,
        0.8091478797741009,
        0.8091478797741009,
        0.8209151334651176,
        0.8286426303676864,
        0.8244907405938068,
        0.8263964628273949,
        0.8219275237457456,
        0.8335321994879089
    ],
    "val_loss": [
        1.2017310641028665,
        1.1801682060415095,
        1.114912900057706,
        1.0293497985059565,
        1.1272065192461014,
        0.8474659052762118,
        0.7672995085066016,
        0.8448222387920726,
        0.7195235084403645,
        0.8141946033997969,
        0.7570343627171083,
        0.8835857862775977,
        0.950545686212453,
        1.1291068954901262,
        0.9232623035257513,
        1.4702929231253536,
        1.4805521206422285,
        1.0228028907017275,
        1.0749537321654232,
        1.4021174718033185,
        1.8572834513404153,
        1.8556371537799186,
        1.6639564714648507,
        1.9745924716646022,
        1.6297578730366447,
        2.407247094945474,
        1.8865916290405123,
        2.0161904113536533,
        2.48552098328417,
        2.6397158496759157,
        2.503392848440192,
        2.7682407545772465,
        2.173286160962148,
        2.6274343495341865,
        2.3276463215324013
    ],
    "val_acc": [
        0.8668639053254438,
        0.8668639053254438,
        0.8550295857988166,
        0.7485207100591716,
        0.8846153846153846,
        0.7958579881656804,
        0.8875739644970414,
        0.8224852071005917,
        0.849112426035503,
        0.8875739644970414,
        0.8668639053254438,
        0.8846153846153846,
        0.8520710059171598,
        0.8994082840236687,
        0.8698224852071006,
        0.8964497041420119,
        0.878698224852071,
        0.8698224852071006,
        0.8905325443786982,
        0.9023668639053254,
        0.8846153846153846,
        0.8964497041420119,
        0.8816568047337278,
        0.8964497041420119,
        0.8757396449704142,
        0.908284023668639,
        0.878698224852071,
        0.8905325443786982,
        0.908284023668639,
        0.8964497041420119,
        0.9023668639053254,
        0.908284023668639,
        0.8816568047337278,
        0.908284023668639,
        0.8964497041420119
    ],
    "val_f1": [
        0.0,
        0.0,
        0.07547169811320754,
        0.4585987261146497,
        0.4935064935064935,
        0.49635036496350365,
        0.5869565217391305,
        0.5454545454545454,
        0.5641025641025641,
        0.5957446808510638,
        0.5714285714285714,
        0.5979381443298969,
        0.5614035087719298,
        0.6136363636363636,
        0.6,
        0.6236559139784946,
        0.6019417475728155,
        0.6071428571428571,
        0.6185567010309279,
        0.6451612903225806,
        0.6060606060606061,
        0.6236559139784946,
        0.6,
        0.631578947368421,
        0.5961538461538461,
        0.6436781609195402,
        0.594059405940594,
        0.6185567010309279,
        0.6436781609195402,
        0.6236559139784946,
        0.6292134831460674,
        0.6436781609195402,
        0.6,
        0.6436781609195402,
        0.6236559139784946
    ],
    "val_mcc": [
        0.0,
        0.0,
        0.0535605529714093,
        0.39017945076205934,
        0.4384579547868331,
        0.4256022978656446,
        0.5220889200790669,
        0.48637953254158606,
        0.4980224406895127,
        0.5312387766777169,
        0.5016893078679857,
        0.5328813111869483,
        0.4929126349685659,
        0.5560373769238268,
        0.5379835463243424,
        0.5640886334460158,
        0.537689148476046,
        0.5478732157507432,
        0.557018792181479,
        0.5890378559145781,
        0.5421984366870317,
        0.5640886334460158,
        0.5350538946342926,
        0.5726057305993424,
        0.5310130028454315,
        0.5915817026332142,
        0.528075886300277,
        0.557018792181479,
        0.5915817026332142,
        0.5640886334460158,
        0.57305157211397,
        0.5915817026332142,
        0.5350538946342926,
        0.5915817026332142,
        0.5640886334460158
    ]
}