{
    "train_loss": [
        1.2002336521481358,
        1.1982752223347508,
        1.1984867703082949,
        1.1661304082981376,
        1.1336951034013616,
        1.0559860460979993,
        0.9770459505014641,
        0.8902082214521807,
        0.8191696897495625,
        0.7732106849204662,
        0.7577491728372352,
        0.6958603519339894,
        0.670258411141329,
        0.6311421768609867,
        0.6354393938253092,
        0.6165650258230608,
        0.6026050968225612,
        0.6051219015620476,
        0.570752949215645,
        0.5481488146754199,
        0.5185405611991882,
        0.5206635421098664,
        0.4872336300999619,
        0.47360722079526546,
        0.46229551108770595,
        0.4339704364538193,
        0.4464039890918621,
        0.4335945411476978,
        0.4294531243138535,
        0.41804070094990176,
        0.40473889923372935,
        0.40908493569423987,
        0.39007382094860077,
        0.4025341376315716,
        0.3974531209746072,
        0.38630582565485044
    ],
    "train_acc": [
        0.8656826568265683,
        0.8664206642066421,
        0.8642066420664206,
        0.862730627306273,
        0.8383763837638376,
        0.8361623616236162,
        0.8428044280442805,
        0.8509225092250923,
        0.870110701107011,
        0.8612546125461255,
        0.8819188191881919,
        0.8819188191881919,
        0.8789667896678967,
        0.8856088560885609,
        0.8686346863468635,
        0.8782287822878229,
        0.8870848708487085,
        0.8811808118081181,
        0.8863468634686347,
        0.8797047970479704,
        0.8996309963099631,
        0.9025830258302583,
        0.9047970479704797,
        0.9084870848708487,
        0.9099630996309963,
        0.915129151291513,
        0.9121771217712177,
        0.915129151291513,
        0.9121771217712177,
        0.9173431734317343,
        0.922509225092251,
        0.9188191881918819,
        0.9232472324723248,
        0.922509225092251,
        0.9261992619926199,
        0.9269372693726937
    ],
    "train_f1": [
        0.0,
        0.0,
        0.0,
        0.07,
        0.21505376344086022,
        0.3583815028901734,
        0.44386422976501305,
        0.547085201793722,
        0.5963302752293578,
        0.5727272727272728,
        0.6244131455399061,
        0.6363636363636364,
        0.6272727272727273,
        0.6436781609195402,
        0.6212765957446809,
        0.6436285097192225,
        0.6607538802660754,
        0.6552462526766595,
        0.6592920353982301,
        0.652452025586354,
        0.6977777777777778,
        0.7105263157894737,
        0.7074829931972789,
        0.7207207207207207,
        0.7252252252252253,
        0.7380410022779044,
        0.734966592427617,
        0.7427293064876958,
        0.7361419068736141,
        0.7454545454545455,
        0.7661469933184856,
        0.75,
        0.7647058823529411,
        0.7619047619047619,
        0.7727272727272727,
        0.7755102040816326
    ],
    "train_mcc": [
        -0.010670773628345917,
        0.0,
        -0.018495987385060197,
        0.08232178474471313,
        0.14161491240160137,
        0.2650754878452061,
        0.35337082929833113,
        0.47364730163133056,
        0.5324598673914478,
        0.5042791620672136,
        0.5652046262587312,
        0.5815185521764178,
        0.5704843535893885,
        0.5895918686516632,
        0.5687544542097787,
        0.594916754923194,
        0.613327307027498,
        0.6102699960621167,
        0.6117525276158471,
        0.6073003734101649,
        0.6584173352591558,
        0.6756469866429818,
        0.6680721332971226,
        0.6849046725480163,
        0.6903896742401419,
        0.7046726142053353,
        0.7036371885316965,
        0.7125492087361871,
        0.705652054731327,
        0.7139289352207677,
        0.7417597286633212,
        0.7194460345142822,
        0.7378731832423627,
        0.734180050090034,
        0.7470315309818552,
        0.7507070292882618
    ],
    "val_loss": [
        1.172501970421184,
        1.1801266778599133,
        1.1571710814129224,
        1.1456176367673008,
        1.0895568457516758,
        1.034132334319028,
        0.9516969756646589,
        0.8329893106764014,
        0.8889438022266735,
        0.7548375102606687,
        0.7227319370616566,
        0.7397997270930897,
        0.7655050971291282,
        0.7528014372695576,
        0.7871950539675626,
        0.7519827539270575,
        0.6928523291241039,
        0.7984368652105331,
        0.7047881429845636,
        0.7050697938962416,
        0.7543729218569669,
        0.7840521877462213,
        0.7549646063284441,
        0.7780662504109469,
        0.8829840909351002,
        0.9507702412930402,
        0.8795912021940405,
        0.920410080389543,
        0.9418116455728357,
        0.9057049791921269,
        0.9858133095231923,
        1.0298084779219194,
        1.0920245390046726,
        1.044736924496564,
        1.0393782752481373,
        1.0964443493973126
    ],
    "val_acc": [
        0.8698224852071006,
        0.8727810650887574,
        0.8698224852071006,
        0.8550295857988166,
        0.8461538461538461,
        0.8313609467455622,
        0.7958579881656804,
        0.8816568047337278,
        0.8846153846153846,
        0.8698224852071006,
        0.8816568047337278,
        0.8846153846153846,
        0.878698224852071,
        0.8698224852071006,
        0.8875739644970414,
        0.8875739644970414,
        0.8816568047337278,
        0.8846153846153846,
        0.878698224852071,
        0.8846153846153846,
        0.8905325443786982,
        0.8875739644970414,
        0.8757396449704142,
        0.8757396449704142,
        0.8875739644970414,
        0.8875739644970414,
        0.863905325443787,
        0.863905325443787,
        0.863905325443787,
        0.8579881656804734,
        0.8727810650887574,
        0.8727810650887574,
        0.8698224852071006,
        0.863905325443787,
        0.8757396449704142,
        0.8727810650887574
    ],
    "val_f1": [
        0.043478260869565216,
        0.0851063829787234,
        0.08333333333333333,
        0.1694915254237288,
        0.36585365853658536,
        0.4672897196261682,
        0.4888888888888889,
        0.5833333333333334,
        0.6060606060606061,
        0.5769230769230769,
        0.6078431372549019,
        0.6138613861386139,
        0.6019417475728155,
        0.6206896551724138,
        0.62,
        0.62,
        0.6153846153846154,
        0.5894736842105263,
        0.6095238095238096,
        0.6060606060606061,
        0.6262626262626263,
        0.6041666666666666,
        0.5882352941176471,
        0.5882352941176471,
        0.6122448979591837,
        0.6122448979591837,
        0.5576923076923077,
        0.5576923076923077,
        0.5576923076923077,
        0.5555555555555556,
        0.5742574257425742,
        0.5742574257425742,
        0.56,
        0.5576923076923077,
        0.58,
        0.5656565656565656
    ],