{
    "train_loss": [
        1.1985428832298102,
        1.1929102747939353,
        1.138482117375662,
        0.9587705052176188,
        0.9586727328078691,
        0.8370120483775472,
        0.7961629275665727,
        0.7026520884314249,
        0.68168419114379,
        0.6688916378243025,
        0.5878850984018903,
        0.5763197742229285,
        0.5782295808542607,
        0.5601796182089074,
        0.5469485618347345,
        0.53999263048172,
        0.5228332073189491,
        0.4760313664757928,
        0.4607541907665341,
        0.49613733970841695,
        0.4553546617890513,
        0.3992676405712616,
        0.38507946182128994,
        0.39448204168746637,
        0.360244375068781,
        0.3850173078650652,
        0.3744729939241742,
        0.32337864159151564,
        0.2796857901957146,
        0.29428708535987275,
        0.31335579525939256,
        0.27241636985956236,
        0.293381217607232,
        0.2877852247897969,
        0.2724728925630104,
        0.23671575098536735,
        0.27138783826037893,
        0.25704139626996464,
        0.2584402655186348,
        0.25005426110569823,
        0.24484729740855304,
        0.2496669912754103
    ],
    "train_acc": [
        0.8649446494464945,
        0.8656826568265683,
        0.8273062730627306,
        0.8287822878228782,
        0.8413284132841329,
        0.8450184501845018,
        0.847970479704797,
        0.8708487084870848,
        0.8619926199261992,
        0.862730627306273,
        0.8929889298892989,
        0.8833948339483395,
        0.8841328413284133,
        0.8907749077490775,
        0.8826568265682657,
        0.8996309963099631,
        0.9033210332103321,
        0.9062730627306274,
        0.9143911439114392,
        0.9070110701107011,
        0.9114391143911439,
        0.9217712177121771,
        0.9254612546125461,
        0.915129151291513,
        0.933579335793358,
        0.922509225092251,
        0.9247232472324723,
        0.9357933579335793,
        0.9416974169741698,
        0.9394833948339484,
        0.9372693726937269,
        0.940959409594096,
        0.948339483394834,
        0.9446494464944649,
        0.9498154981549816,
        0.9512915129151291,
        0.9468634686346864,
        0.9461254612546125,
        0.9512915129151291,
        0.9527675276752767,
        0.9512915129151291,
        0.9542435424354243
    ],
    "train_f1": [
        0.0,
        0.010869565217391304,
        0.19863013698630136,
        0.4703196347031963,
        0.491725768321513,
        0.5434782608695652,
        0.5672268907563025,
        0.6031746031746031,
        0.5995717344753747,
        0.6125,
        0.672686230248307,
        0.6623931623931624,
        0.6564551422319475,
        0.672566371681416,
        0.6609808102345416,
        0.695067264573991,
        0.7108167770419426,
        0.7208791208791209,
        0.7351598173515982,
        0.7149321266968326,
        0.7297297297297297,
        0.7511737089201878,
        0.7623529411764706,
        0.7450110864745011,
        0.7857142857142857,
        0.7651006711409396,
        0.7671232876712328,
        0.7972027972027972,
        0.8149882903981265,
        0.8084112149532711,
        0.8,
        0.8130841121495327,
        0.8333333333333334,
        0.8267898383371824,
        0.8365384615384616,
        0.8421052631578947,
        0.8293838862559242,
        0.8266033254156769,
        0.8421052631578947,
        0.84688995215311,
        0.8436018957345972,
        0.8502415458937198
    ],
    "train_mcc": [
        -0.01509632853101994,
        0.02765882459791691,
        0.11211060128507716,
        0.37998458180189254,
        0.40594867584651706,
        0.4706657651095655,
        0.5024965553860186,
        0.5413652927773756,
        0.5411605451454655,
        0.5600473504802687,
        0.6262078657855684,
        0.6194004577714665,
        0.6093777001869223,
        0.6280225416481834,
        0.6179055401570028,
        0.6541333819282751,
        0.6751756473265738,
        0.6880892027853319,
        0.7009263353464151,
        0.6773628242063723,
        0.6958746759322674,
        0.7173943020641017,
        0.7305847197454879,
        0.7165137897553068,
        0.7574079879555639,
        0.73985666240387,
        0.7396606849121333,
        0.7734698810883683,
        0.7942937699501638,
        0.786672471281339,
        0.7757499266053027,
        0.7922913234045295,
        0.8143240588355628,
        0.8103210750877835,
        0.8170892807979864,
        0.824257092304983,
        0.8101501081811116,
        0.8065487847419575,
        0.824257092304983,
        0.8299675495536869,
        0.8271691888706901,
        0.8328907929436018
    ],
    "val_loss": [
        1.1871588230133057,
        1.1447145017710598,
        1.0984264016151428,
        0.8883159973404624,
        0.9861612807620656,
        0.8639151101762598,
        0.8685719045725736,
        0.852705180644989,
        1.001575616273013,
        0.88721379366788,
        0.9481924799355593,
        0.8325810567899183,
        0.8731019605289806,
        1.2191181142221799,
        0.7456348619677804,
        0.9219046370549635,
        0.7865642959421332,
        1.0411627130074934,
        0.7954254475506869,
        1.0444870780814777,
        1.0930041657252745,
        0.90282849019224,
        1.059523885900324,
        1.1702975156632336,
        0.9447202628309076,
        1.0205697037956931,
        1.1216195672750473,
        1.3516158190640537,
        1.3532615060156041,
        1.3940792178565806,
        1.25452974032272,
        1.4634311700409108,
        1.2756308777765795,
        1.6186430291696028,
        1.4208776246417651,
        1.4902698817578228,
        1.5501458990302952,
        1.5911083302714608,
        1.5288495827804913,
        1.483061893419786,
        1.523229979994622,
        1.8645961460742084
    ],
    "val_acc": [
        0.8698224852071006,
        0.863905325443787,
        0.8727810650887574,
        0.8757396449704142,
        0.7485207100591716,
        0.834319526627219,
        0.8816568047337278,
        0.8609467455621301,
        0.8875739644970414,
        0.8550295857988166,
        0.8372781065088757,
        0.8668639053254438,
        0.8431952662721893,
        0.893491124260355,
        0.8698224852071006,
        0.878698224852071,
        0.7928994082840237,
        0.8727810650887574,
        0.8224852071005917,
        0.8964497041420119,
        0.8905325443786982,
        0.8224852071005917,
        0.8461538461538461,
        0.8757396449704142,
        0.8402366863905325,
        0.8520710059171598,
        0.8727810650887574,
        0.8668639053254438,
        0.8757396449704142,
        0.8816568047337278,
        0.8668639053254438,
        0.8757396449704142,
        0.8609467455621301,
        0.8727810650887574,
        0.8727810650887574,
        0.8698224852071006,
        0.8727810650887574,
        0.8668639053254438,
        0.863905325443787,
        0.863905325443787,
        0.8579881656804734,
        0.8668639053254438
    ],