{
    "train_loss": [
        1.2090380579926248,
        1.197183954161267,
        1.068609940451245,
        0.9854789902997572,
        0.8582764753075534,
        0.756776302359825,
        0.736651172471601,
        0.661776322265004,
        0.6345062734082688,
        0.6268950447786686,
        0.6047694565251817,
        0.6379135607980019,
        0.6343613883783651,
        0.5703762080087218,
        0.5230505140714867,
        0.5027666441922964,
        0.49228694619134417,
        0.44874211764612865,
        0.4252856016852135,
        0.38636164904333825,
        0.3935869370782098,
        0.4004877308426901,
        0.35780416429042816,
        0.35691972024912055,
        0.3142355339125145,
        0.31941653268281806,
        0.29402484103690746,
        0.30479287771984587,
        0.29397276754296103,
        0.26591335150391554,
        0.26830143030992776,
        0.2855260368696479
    ],
    "train_acc": [
        0.8656826568265683,
        0.8560885608856088,
        0.8413284132841329,
        0.8265682656826568,
        0.8413284132841329,
        0.8538745387453874,
        0.8605166051660517,
        0.8678966789667897,
        0.8797047970479704,
        0.8634686346863468,
        0.8922509225092251,
        0.8811808118081181,
        0.8634686346863468,
        0.8841328413284133,
        0.8774907749077491,
        0.9025830258302583,
        0.8892988929889298,
        0.9077490774907749,
        0.9047970479704797,
        0.9210332103321033,
        0.9158671586715867,
        0.9129151291512915,
        0.9365313653136531,
        0.9387453874538746,
        0.9372693726937269,
        0.9431734317343173,
        0.9424354243542435,
        0.9424354243542435,
        0.9394833948339484,
        0.9490774907749078,
        0.9520295202952029,
        0.9431734317343173
    ],
    "train_f1": [
        0.0,
        0.029850746268656716,
        0.3582089552238806,
        0.4547563805104408,
        0.5274725274725275,
        0.5714285714285714,
        0.5827814569536424,
        0.6133909287257019,
        0.6385809312638581,
        0.6201232032854209,
        0.6681818181818182,
        0.6537634408602151,
        0.6153846153846154,
        0.654945054945055,
        0.6570247933884298,
        0.6986301369863014,
        0.6835443037974683,
        0.7165532879818595,
        0.7164835164835165,
        0.7595505617977528,
        0.7443946188340808,
        0.7400881057268722,
        0.7971698113207547,
        0.8028503562945368,
        0.802784222737819,
        0.815347721822542,
        0.8160377358490566,
        0.8160377358490566,
        0.8075117370892019,
        0.8329297820823245,
        0.8426150121065376,
        0.8162291169451074
    ],
    "train_mcc": [
        -0.010670773628345917,
        0.00590787155236702,
        0.269492981880249,
        0.3613117315434512,
        0.4504432035148774,
        0.5054496965911405,
        0.5181157616881603,
        0.5575109000814176,
        0.5861729694675484,
        0.5713501319113888,
        0.6201382472310198,
        0.6079370728725862,
        0.5639050518599834,
        0.6070735212158588,
        0.6170898871357241,
        0.6566585072713086,
        0.6474180995993501,
        0.6790901194292744,
        0.682688157347367,
        0.7324818744564637,
        0.7142954086939232,
        0.7113858248120423,
        0.7720955184254107,
        0.7781373667799819,
        0.7807577529976805,
        0.7920765508783811,
        0.7947143632023209,
        0.7947143632023209,
        0.7850341579775997,
        0.8120462239299702,
        0.8235638263900903,
        0.7936252129745084
    ],
    "val_loss": [
        1.1767779968001626,
        1.0845113721760837,
        1.0642159906300632,
        1.005326514894312,
        0.8389942293817346,
        0.8436948196454481,
        0.7993688962676309,
        1.0260965685275467,
        0.7830795781178908,
        0.8090301833369515,
        0.7620108317245137,
        0.7872080559080298,
        0.8815839859572324,
        0.9913433654741808,
        0.9393770816651258,
        0.8724996122446927,
        0.9260949343442917,
        0.9743872068145059,
        0.9752053984186866,
        0.971417826007713,
        0.8953379595821555,
        1.0473869131370024,
        1.0400003889067606,
        0.9858132235028527,
        1.0621354518966242,
        0.9760065593502738,
        1.1608825583349576,
        1.2545229210094972,
        1.276450135491111,
        1.126325914974917,
        1.442295860160481,
        1.3536606539379468
    ],
    "val_acc": [
        0.8698224852071006,
        0.863905325443787,
        0.7455621301775148,
        0.6863905325443787,
        0.8609467455621301,
        0.8402366863905325,
        0.7988165680473372,
        0.908284023668639,
        0.8224852071005917,
        0.8816568047337278,
        0.8284023668639053,
        0.8431952662721893,
        0.8905325443786982,
        0.8905325443786982,
        0.8846153846153846,
        0.8284023668639053,
        0.8994082840236687,
        0.8846153846153846,
        0.8816568047337278,
        0.8875739644970414,
        0.878698224852071,
        0.8846153846153846,
        0.8846153846153846,
        0.8727810650887574,
        0.8846153846153846,
        0.8757396449704142,
        0.8875739644970414,
        0.8905325443786982,
        0.8964497041420119,
        0.8905325443786982,
        0.8964497041420119,
        0.8964497041420119
    ],
    "val_f1": [
        0.08333333333333333,
        0.3235294117647059,
        0.45569620253164556,
        0.42391304347826086,
        0.5607476635514018,
        0.5263157894736842,
        0.5072463768115942,
        0.6265060240963856,
        0.53125,
        0.6226415094339622,
        0.5396825396825397,
        0.5691056910569106,
        0.6021505376344086,
        0.6262626262626263,
        0.5714285714285714,
        0.532258064516129,
        0.6382978723404256,
        0.5979381443298969,
        0.6078431372549019,
        0.6041666666666666,
        0.6095238095238096,
        0.5894736842105263,
        0.5894736842105263,
        0.5904761904761905,
        0.6060606060606061,
        0.5882352941176471,
        0.5957446808510638,
        0.6021505376344086,
        0.631578947368421,
        0.6185567010309279,
        0.5977011494252874,
        0.631578947368421
    ],
    "val_mcc": [
        0.14861894264067996,
        0.27451204853251976,
        0.3868536456483369,
        0.3627197322852582,
        0.48932441575883406,
        0.44970047814860087,
        0.4410754706663048,
        0.5773219443034152,
        0.464349078442518,
        0.5633774806752778,
        0.47364669848654056,
        0.5088025554672523,
        0.5391394109774534,
        0.5659679660774618,
        0.5048119079458875,
        0.4626504082795103,
        0.5807107994128232,
        0.5328813111869483,
        0.5445158311540763,
        0.540381300772313,
        0.5472729062710445,
        0.523545974720362,
        0.523545974720362,
        0.5244811070695151,
        0.5421984366870317,
        0.5212570985709754,
        0.5312387766777169,
        0.5391394109774534,
        0.5726057305993424,
        0.557018792181479,
        0.5387814344816361,
        0.5726057305993424
    ]
}