{
    "train_loss": [
        1.0655028522014618,
        0.7851835836966833,
        0.6857964268752507,
        0.728297444326537,
        0.6153567600108328,
        0.6037524725709643,
        0.6012128907300177,
        0.5896264956820578,
        0.6155484027805782,
        0.5829397546393531,
        0.5469809440629823,
        0.5441490681398482,
        0.53865918304239,
        0.4754942698138101,
        0.5139118207707292,
        0.466119436281068,
        0.43934769999413265,
        0.4523262997113523
    ],
    "train_acc": [
        0.8986486486486487,
        0.8746246246246246,
        0.8701201201201201,
        0.8648648648648649,
        0.8783783783783784,
        0.8723723723723724,
        0.8761261261261262,
        0.8648648648648649,
        0.8768768768768769,
        0.8656156156156156,
        0.8686186186186187,
        0.8648648648648649,
        0.8641141141141141,
        0.8866366366366366,
        0.8408408408408409,
        0.8776276276276276,
        0.8888888888888888,
        0.8806306306306306
    ],
    "train_f1": [
        0.4534412955465587,
        0.5474254742547425,
        0.5506493506493506,
        0.5477386934673367,
        0.5846153846153846,
        0.5641025641025641,
        0.5885286783042394,
        0.569377990430622,
        0.59,
        0.5707434052757794,
        0.5823389021479713,
        0.5794392523364486,
        0.578088578088578,
        0.628992628992629,
        0.5527426160337553,
        0.6146572104018913,
        0.6390243902439025,
        0.6276346604215457
    ],
    "train_mcc": [
        0.40696185709402305,
        0.4937626900084461,
        0.5009364945857444,
        0.5005660633871128,
        0.5433234120799384,
        0.5184373006526032,
        0.551376675640595,
        0.5331227212500856,
        0.5528671401843466,
        0.5345007433632439,
        0.5496407576759116,
        0.5491575122265598,
        0.5478106645797903,
        0.6032309959670332,
        0.5320065137583754,
        0.5915745673209539,
        0.6167913895568957,
        0.6095138199553337
    ],
    "val_loss": [
        0.9432519999417391,
        0.7507612949067896,
        0.7068306912075389,
        0.7271540273319591,
        0.6338488459587097,
        0.7482381788167086,
        0.6118491427464918,
        0.6999635588039052,
        0.6684784211895682,
        0.7213790579275652,
        0.6367964202707465,
        0.6953967728398063,
        0.8063889714804563,
        0.9487215686928142,
        0.8600037423047152,
        0.8153973885557868,
        0.8120670047673312,
        0.949798974123868
    ],
    "val_acc": [
        0.8738738738738738,
        0.8828828828828829,
        0.8738738738738738,
        0.8708708708708709,
        0.8738738738738738,
        0.8618618618618619,
        0.8678678678678678,
        0.8798798798798799,
        0.8678678678678678,
        0.8588588588588588,
        0.8558558558558559,
        0.8228228228228228,
        0.8828828828828829,
        0.8738738738738738,
        0.8618618618618619,
        0.8708708708708709,
        0.8468468468468469,
        0.8768768768768769
    ],
    "val_f1": [
        0.5116279069767442,
        0.5185185185185185,
        0.5961538461538461,
        0.5168539325842697,
        0.5714285714285714,
        0.5306122448979592,
        0.5769230769230769,
        0.5918367346938775,
        0.5416666666666666,
        0.5346534653465347,
        0.5471698113207547,
        0.5354330708661418,
        0.5714285714285714,
        0.5531914893617021,
        0.54,
        0.5567010309278351,
        0.5321100917431193,
        0.5684210526315789
    ],
    "val_mcc": [
        0.44656436566502383,
        0.4546191745818164,
        0.5614520188146449,
        0.45334817618197454,
        0.5242506821399514,
        0.47484485869220733,
        0.5376167916008155,
        0.5489535938638235,
        0.4866220320774426,
        0.48232737391938507,
        0.5029556907695452,
        0.5163977794943222,
        0.5184758473652127,
        0.498926192475157,
        0.48795003647426655,
        0.5055325774004944,
        0.4874502627147611,
        0.5179005726341652
    ]
}