{
    "train_loss": [
        1.1144580585615975,
        0.8477196998539425,
        0.716309572259585,
        0.7306734770536423,
        0.6812567838600704,
        0.6368353909679821,
        0.6097923506583486,
        0.6331908078420729,
        0.6247251204081944,
        0.5566435215019044,
        0.5636424312279338,
        0.5252170223920118,
        0.5189560754668145,
        0.4729603741850172,
        0.44172996495451244,
        0.46576747723988127,
        0.45328377471083686,
        0.4330737078118892,
        0.43848120279255365,
        0.42610165157488417,
        0.3992359251493499,
        0.4029894119926861,
        0.3850927218085244,
        0.37782152209963116,
        0.36965464357109296,
        0.35716274930607705,
        0.358872485241764
    ],
    "train_acc": [
        0.8978978978978979,
        0.8618618618618619,
        0.8663663663663663,
        0.8558558558558559,
        0.8626126126126126,
        0.8603603603603603,
        0.8641141141141141,
        0.8671171171171171,
        0.8573573573573574,
        0.8551051051051051,
        0.8716216216216216,
        0.8521021021021021,
        0.8573573573573574,
        0.8596096096096096,
        0.8678678678678678,
        0.8543543543543544,
        0.8716216216216216,
        0.8693693693693694,
        0.8626126126126126,
        0.8671171171171171,
        0.8738738738738738,
        0.8708708708708709,
        0.8806306306306306,
        0.8768768768768769,
        0.8776276276276276,
        0.8828828828828829,
        0.8843843843843844
    ],
    "train_f1": [
        0.41379310344827586,
        0.5208333333333334,
        0.5412371134020618,
        0.5406698564593302,
        0.5367088607594936,
        0.541871921182266,
        0.5700712589073634,
        0.5586034912718204,
        0.5432692307692307,
        0.5563218390804597,
        0.5535248041775457,
        0.567032967032967,
        0.5642201834862385,
        0.5720823798627003,
        0.5925925925925926,
        0.5726872246696035,
        0.5918854415274463,
        0.6098654708520179,
        0.5995623632385121,
        0.5968109339407744,
        0.6146788990825688,
        0.6073059360730594,
        0.6310904872389791,
        0.6306306306306306,
        0.6353467561521253,
        0.6422018348623854,
        0.6451612903225806
    ],
    "train_mcc": [
        0.37587327455053526,
        0.46474657919141515,
        0.4902403274852661,
        0.4972951959754905,
        0.486358310861608,
        0.49545623623563795,
        0.5349749594922519,
        0.5146721178365732,
        0.49995981370890036,
        0.522335757561576,
        0.5039467500954814,
        0.5433387368274457,
        0.5327197056770054,
        0.5430805484839941,
        0.5672577564618257,
        0.5502833517490692,
        0.5615670855502874,
        0.5949806832948441,
        0.5864170969874581,
        0.5753577349535752,
        0.5968872900242196,
        0.5883329071947543,
        0.6155767739689741,
        0.6207552255663958,
        0.6281965445648702,
        0.6318877905772455,
        0.6347354652496241
    ],
    "val_loss": [
        0.9638694470578973,
        0.7497203891927545,
        0.6970101486552845,
        0.7087388472123579,
        0.6651605286381461,
        0.6389836072921753,
        0.6205235584215685,
        0.8035435486923564,
        0.6631339233029973,
        0.666918936100873,
        0.6437994160435416,
        0.8813375559720126,
        0.8166653378443285,
        1.0959307876500217,
        1.0702394545078278,
        0.7964962016452443,
        0.9331668520515616,
        1.1877508664673024,
        1.4176528560188175,
        1.4141037626699968,
        1.358848582614552,
        1.3133674453605304,
        1.4128718254241077,
        1.440611939538609,
        1.6556712903759696,
        1.7339757111939518,
        1.6795086206190966
    ],
    "val_acc": [
        0.8378378378378378,
        0.8798798798798799,
        0.8588588588588588,
        0.8888888888888888,
        0.8888888888888888,
        0.8648648648648649,
        0.8648648648648649,
        0.8798798798798799,
        0.8828828828828829,
        0.8648648648648649,
        0.8678678678678678,
        0.8888888888888888,
        0.8828828828828829,
        0.8648648648648649,
        0.8738738738738738,
        0.8648648648648649,
        0.8618618618618619,
        0.8708708708708709,
        0.8798798798798799,
        0.8738738738738738,
        0.8708708708708709,
        0.8588588588588588,
        0.8588588588588588,
        0.8648648648648649,
        0.8738738738738738,
        0.8768768768768769,
        0.8768768768768769
    ],
    "val_f1": [
        0.5178571428571429,
        0.5652173913043478,
        0.5346534653465347,
        0.5194805194805194,
        0.5647058823529412,
        0.5263157894736842,
        0.5631067961165048,
        0.5652173913043478,
        0.5517241379310345,
        0.5871559633027523,
        0.5925925925925926,
        0.6021505376344086,
        0.5806451612903226,
        0.5794392523364486,
        0.58,
        0.5794392523364486,
        0.5818181818181818,
        0.5904761904761905,
        0.5833333333333334,
        0.5714285714285714,
        0.5656565656565656,
        0.5436893203883495,
        0.5436893203883495,
        0.5794392523364486,
        0.5714285714285714,
        0.5773195876288659,
        0.5773195876288659
    ],
    "val_mcc": [
        0.4727455680310745,
        0.5118047294611074,
        0.48232737391938507,
        0.45721370123901867,
        0.5078333750770082,
        0.46751024664813834,
        0.5193522523317319,
        0.5118047294611074,
        0.49338378757054413,
        0.5570860145311556,
        0.562516052405674,
        0.5563872635167074,
        0.5308388687633893,
        0.5445959387988671,
        0.5367450401216932,
        0.5445959387988671,
        0.5517538374627764,
        0.555725171419042,
        0.5366745839482653,
        0.5242506821399514,
        0.5182366428092904,
        0.49538214837795963,
        0.49538214837795963,
        0.5445959387988671,
        0.5242506821399514,
        0.5303948353054367,
        0.5303948353054367
    ]
}