{
    "train_loss": [
        1.0820451435588656,
        0.7737986558959598,
        0.704714081117085,
        0.718153236522561,
        0.664011762255714,
        0.5939475752058483,
        0.708484808249133,
        0.5741123942037424,
        0.5895440117234275,
        0.5578186724867139,
        0.5291986206457728,
        0.49857979232356664,
        0.4776330813765526,
        0.4616870136842841,
        0.47277672890396344,
        0.46963304103839965,
        0.4345405126611392,
        0.40980393616926103,
        0.40486516821242513,
        0.3791560168777193,
        0.37075249460481463
    ],
    "train_acc": [
        0.9016516516516516,
        0.8843843843843844,
        0.831081081081081,
        0.8325825825825826,
        0.8506006006006006,
        0.8581081081081081,
        0.8378378378378378,
        0.8626126126126126,
        0.8483483483483484,
        0.8753753753753754,
        0.8798798798798799,
        0.8821321321321322,
        0.8858858858858859,
        0.8866366366366366,
        0.8813813813813813,
        0.8843843843843844,
        0.9009009009009009,
        0.9001501501501501,
        0.9024024024024024,
        0.9016516516516516,
        0.9054054054054054
    ],
    "train_f1": [
        0.4329004329004329,
        0.5722222222222222,
        0.4966442953020134,
        0.49887640449438203,
        0.5446224256292906,
        0.5531914893617021,
        0.5344827586206896,
        0.5673758865248227,
        0.5589519650655022,
        0.5970873786407767,
        0.6097560975609756,
        0.6252983293556086,
        0.6346153846153846,
        0.636144578313253,
        0.6273584905660378,
        0.6333333333333333,
        0.6732673267326733,
        0.6666666666666666,
        0.6700507614213198,
        0.674937965260546,
        0.685
    ],
    "train_mcc": [
        0.3985845125698928,
        0.5214788739975738,
        0.44973918034941945,
        0.4520546495949598,
        0.5081232374056751,
        0.5144672642894925,
        0.5042198177056143,
        0.5322612572967529,
        0.5339823152119986,
        0.5655752700694077,
        0.5805636724371039,
        0.6033092331106032,
        0.6137241474709134,
        0.6152227745010219,
        0.6079194571897231,
        0.6137580945980096,
        0.6565779039745303,
        0.6464017841410004,
        0.6485331889400606,
        0.6582067458602899,
        0.6692718421733935
    ],
    "val_loss": [
        0.9315389828248457,
        0.746257871389389,
        0.790370989929546,
        0.6572310491041704,
        0.65884384106506,
        0.8766921203244816,
        0.7202607474543832,
        0.7830342244018208,
        0.7012959827076305,
        0.8098723509094932,
        0.8115774609825828,
        0.8697870617563074,
        1.1729594008489088,
        1.246421442790465,
        0.9368367384780537,
        1.1669566387479955,
        1.178812250494957,
        1.2769040694798937,
        1.6077252301302822,
        1.4920663278211246,
        1.4906436773863705
    ],
    "val_acc": [
        0.8978978978978979,
        0.8948948948948949,
        0.8078078078078078,
        0.8618618618618619,
        0.8678678678678678,
        0.8828828828828829,
        0.8768768768768769,
        0.8798798798798799,
        0.8738738738738738,
        0.8528528528528528,
        0.8678678678678678,
        0.8678678678678678,
        0.8648648648648649,
        0.8648648648648649,
        0.8618618618618619,
        0.8678678678678678,
        0.8708708708708709,
        0.8738738738738738,
        0.8858858858858859,
        0.8798798798798799,
        0.8798798798798799
    ],
    "val_f1": [
        0.5405405405405406,
        0.4927536231884058,
        0.5151515151515151,
        0.54,
        0.5510204081632653,
        0.5714285714285714,
        0.5494505494505495,
        0.5652173913043478,
        0.5625,
        0.5148514851485149,
        0.5416666666666666,
        0.5416666666666666,
        0.5263157894736842,
        0.5263157894736842,
        0.5208333333333334,
        0.5319148936170213,
        0.5274725274725275,
        0.5333333333333333,
        0.5476190476190477,
        0.5454545454545454,
        0.5555555555555556
    ],
    "val_mcc": [
        0.4831081081081081,
        0.43589525338882773,
        0.49612050903681926,
        0.48795003647426655,
        0.4995477704160794,
        0.5184758473652127,
        0.49255205499695204,
        0.5118047294611074,
        0.5116483080128539,
        0.4580762769066785,
        0.4866220320774426,
        0.4866220320774426,
        0.46751024664813834,
        0.46751024664813834,
        0.46159575614203124,
        0.4735570640442168,
        0.4666282626286914,
        0.4730702750915578,
        0.4879137347194662,
        0.4864400321530922,
        0.499190719728515
    ]
}