{
    "train_loss": [
        1.188367709517479,
        0.8839310421830132,
        0.7779500392221269,
        0.7019489247884069,
        0.7596477922939119,
        0.6464889234020597,
        0.6558693498373032,
        0.634111378519308,
        0.6007052784164747,
        0.6033255656560262,
        0.5677519660620463,
        0.5477025625961167,
        0.5347819676001867,
        0.5067954027936572,
        0.5034537251506533,
        0.47621982260828927,
        0.45436995724836987,
        0.4331504830292293,
        0.46913618665365947,
        0.49554365766899927,
        0.42875662481500987,
        0.4248329989966892,
        0.39060634552013307,
        0.3869637783084597,
        0.3682818749830836,
        0.3644244372844696,
        0.37049863842271624,
        0.36578153251182466,
        0.3737025071112883,
        0.35543098779661314,
        0.3519012156341757,
        0.3381276334680262,
        0.3363690447239649,
        0.32290704397573355,
        0.32806269274581046,
        0.315308321178669,
        0.32797543119106976,
        0.3240312680247284,
        0.32518069800876437,
        0.32317823029699777
    ],
    "train_acc": [
        0.8911411411411412,
        0.8370870870870871,
        0.7995495495495496,
        0.7965465465465466,
        0.7987987987987988,
        0.8303303303303303,
        0.8258258258258259,
        0.8340840840840841,
        0.831081081081081,
        0.8048048048048048,
        0.8400900900900901,
        0.8551051051051051,
        0.8318318318318318,
        0.8393393393393394,
        0.8596096096096096,
        0.8566066066066066,
        0.8588588588588588,
        0.8588588588588588,
        0.8288288288288288,
        0.8551051051051051,
        0.8611111111111112,
        0.8671171171171171,
        0.8783783783783784,
        0.8768768768768769,
        0.8843843843843844,
        0.8783783783783784,
        0.8783783783783784,
        0.8671171171171171,
        0.8693693693693694,
        0.8821321321321322,
        0.8798798798798799,
        0.8903903903903904,
        0.8918918918918919,
        0.8956456456456456,
        0.8918918918918919,
        0.8956456456456456,
        0.8956456456456456,
        0.8956456456456456,
        0.8956456456456456,
        0.8978978978978979
    ],
    "train_f1": [
        0.026845637583892617,
        0.4845605700712589,
        0.48554913294797686,
        0.46548323471400394,
        0.4745098039215686,
        0.5065502183406113,
        0.5245901639344263,
        0.5267665952890792,
        0.5322245322245323,
        0.5057034220532319,
        0.5359477124183006,
        0.5603644646924829,
        0.5409836065573771,
        0.5614754098360656,
        0.58719646799117,
        0.589247311827957,
        0.5982905982905983,
        0.6016949152542372,
        0.5511811023622047,
        0.5831533477321814,
        0.6038543897216274,
        0.6160520607375272,
        0.6334841628959276,
        0.6322869955156951,
        0.65,
        0.64,
        0.6367713004484304,
        0.6193548387096774,
        0.6233766233766234,
        0.647191011235955,
        0.6444444444444445,
        0.6604651162790698,
        0.6682027649769585,
        0.6729411764705883,
        0.6682027649769585,
        0.675990675990676,
        0.675990675990676,
        0.675990675990676,
        0.6744730679156908,
        0.6807511737089202
    ],
    "train_mcc": [
        0.06892223001865523,
        0.4279263897310582,
        0.45746519875279434,
        0.42583278312990847,
        0.4391843329651578,
        0.4657615086774126,
        0.4997722455501959,
        0.4951416740749016,
        0.5074030063717192,
        0.48818090343955295,
        0.5043809754295906,
        0.5288620650587966,
        0.5218222991626323,
        0.549384866178178,
        0.568680151090611,
        0.5764112656363392,
        0.589615898625588,
        0.5959261662369959,
        0.5439733084982148,
        0.5675733440435442,
        0.5964811716046494,
        0.609704168711784,
        0.6235005158114733,
        0.6237979169683564,
        0.6436854448851916,
        0.6356116258023218,
        0.6295613637030589,
        0.6159049507190324,
        0.6197457773504336,
        0.6424727937378228,
        0.6413482938844769,
        0.6522665818486404,
        0.6639752245341649,
        0.6656345370569149,
        0.6639752245341649,
        0.6713981077970846,
        0.6713981077970846,
        0.6713981077970846,
        0.6685170328058478,
        0.6759379647151772
    ],
    "val_loss": [
        0.9694995934312994,
        0.9043218520554629,
        0.7921657670627941,
        0.6996301493861459,
        0.7043729803778909,
        1.8198347301645712,
        0.7071054577827454,
        0.667300592769276,
        0.7249792651696638,
        0.6137532605366274,
        0.809180307794701,
        0.7379922609437596,
        0.7839441055601294,
        1.0095097883181139,
        1.0653012733567844,
        0.8380363258448514,
        1.0051053870807996,
        0.947505839846351,
        1.2039112827994607,
        0.8201383650302887,
        0.8807496455582705,
        1.4175446466966108,
        1.0486797866496174,
        1.1446257558735935,
        1.2780283824964003,
        1.6019390929828992,
        1.3068583445115523,
        1.7360239787535234,
        1.3664363961328159,
        1.6168277304280887,
        1.465229112993587,
        1.595481430942362,
        2.1581531167030334,
        1.987628742375157,
        2.435186891393228,
        1.8804665356874466,
        1.889292305166071,
        1.9108886502005837,
        2.623662527311932,
        2.2284107452089135
    ],
    "val_acc": [
        0.8948948948948949,
        0.8738738738738738,
        0.7567567567567568,
        0.8018018018018018,
        0.8498498498498499,
        0.8948948948948949,
        0.8678678678678678,
        0.8558558558558559,
        0.8558558558558559,
        0.8678678678678678,
        0.8558558558558559,
        0.8588588588588588,
        0.8288288288288288,
        0.8798798798798799,
        0.8648648648648649,
        0.8528528528528528,
        0.8528528528528528,
        0.8678678678678678,
        0.8678678678678678,
        0.8348348348348348,
        0.8408408408408409,
        0.8678678678678678,
        0.8588588588588588,
        0.8708708708708709,
        0.8798798798798799,
        0.8678678678678678,
        0.8648648648648649,
        0.8678678678678678,
        0.8708708708708709,
        0.8708708708708709,
        0.8708708708708709,
        0.8678678678678678,
        0.8708708708708709,
        0.8678678678678678,
        0.8678678678678678,
        0.8678678678678678,
        0.8678678678678678,
        0.8708708708708709,
        0.8708708708708709,
        0.8708708708708709
    ],
    "val_f1": [
        0.18604651162790697,
        0.5333333333333333,
        0.4563758389261745,
        0.5147058823529411,
        0.5454545454545454,
        0.3137254901960784,
        0.5510204081632653,
        0.5714285714285714,
        0.5555555555555556,
        0.5769230769230769,
        0.5471698113207547,
        0.5607476635514018,
        0.5210084033613446,
        0.5652173913043478,
        0.5631067961165048,
        0.5420560747663551,
        0.5585585585585585,
        0.5686274509803921,
        0.56,
        0.5378151260504201,
        0.5470085470085471,
        0.56,
        0.5688073394495413,
        0.5904761904761905,
        0.6078431372549019,
        0.56,
        0.5794392523364486,
        0.5686274509803921,
        0.5904761904761905,
        0.5567010309278351,
        0.5825242718446602,
        0.5769230769230769,
        0.5473684210526316,
        0.5686274509803921,
        0.5510204081632653,
        0.5416666666666666,
        0.5416666666666666,
        0.5473684210526316,
        0.5473684210526316,
        0.5473684210526316
    ],