{
    "accuracy": 0.8561320754716981,
    "precision": 0.463768115942029,
    "recall": 0.5714285714285714,
    "f1": 0.512,
    "auc": 0.848044448757764,
    "mcc": 0.43191087889942165
}