{
    "train_loss": [
        1.2090886526329572,
        1.0544709355332131,
        0.9735363375308902,
        0.9310531408287758,
        0.7730205426382464,
        0.760098758825036,
        0.7856509921162628,
        0.6733517820058867,
        0.719137716778489,
        0.6266110920628836,
        0.5804066789704699,
        0.7026878068613451,
        0.5582851961601613,
        0.5258320874946062,
        0.4214621584775836,
        0.4966739488895549,
        0.3984976092050242,
        0.2780687384480654,
        0.2828202157519584,
        0.2524218065880759,
        0.2136072715701059,
        0.22330566564964693,
        0.23616892991717472,
        0.16296052690162216,
        0.13569284858301195,
        0.11099833386495363,
        0.09789070727433576,
        0.13000880420034708,
        0.11006833717963377,
        0.09669081451436289,
        0.10123444918738028,
        0.10027528428580872,
        0.09103004093996661,
        0.06666512161406667,
        0.06777001196128685,
        0.07027156674184669,
        0.06699542423471981,
        0.07292545596570817,
        0.06825135832349229,
        0.0611076827965092,
        0.06642153538454887,
        0.06460802776327487,
        0.056220552438685976,
        0.06106853081714795,
        0.05836737691966254,
        0.05817273663096996,
        0.07621509339227232,
        0.05163496100008055,
        0.07473283093206065
    ],
    "train_acc": [
        0.8669623059866962,
        0.8063562453806357,
        0.8240946045824095,
        0.8019216555801921,
        0.8470066518847007,
        0.8373983739837398,
        0.8817442719881744,
        0.8810051736881005,
        0.8632668144863267,
        0.8928307464892831,
        0.9053954175905395,
        0.8669623059866962,
        0.9194382852919438,
        0.925351071692535,
        0.9327420546932742,
        0.9172209903917221,
        0.9297856614929786,
        0.9556541019955654,
        0.9549150036954915,
        0.9541759053954176,
        0.9586104951958611,
        0.959349593495935,
        0.9482631189948263,
        0.974870657797487,
        0.975609756097561,
        0.9822616407982262,
        0.9822616407982262,
        0.974870657797487,
        0.9822616407982262,
        0.9859571322985957,
        0.9822616407982262,
        0.983739837398374,
        0.983739837398374,
        0.9866962305986696,
        0.9874353288987435,
        0.9881744271988174,
        0.9896526237989652,
        0.9889135254988913,
        0.9903917220990391,
        0.9896526237989652,
        0.9889135254988913,
        0.991130820399113,
        0.9896526237989652,
        0.9903917220990391,
        0.9903917220990391,
        0.991869918699187,
        0.991130820399113,
        0.9903917220990391,
        0.9896526237989652
    ],
    "train_f1": [
        0.0,
        0.31413612565445026,
        0.4826086956521739,
        0.46184738955823296,
        0.5548387096774193,
        0.5510204081632653,
        0.6172248803827751,
        0.6298850574712643,
        0.5916114790286976,
        0.6635730858468677,
        0.7037037037037037,
        0.6137339055793991,
        0.7373493975903614,
        0.7577937649880095,
        0.7753086419753087,
        0.7358490566037735,
        0.7710843373493976,
        0.8507462686567164,
        0.8455696202531645,
        0.8465346534653465,
        0.8585858585858586,
        0.8635235732009926,
        0.8300970873786407,
        0.9109947643979057,
        0.9147286821705426,
        0.93717277486911,
        0.9368421052631579,
        0.9132653061224489,
        0.9375,
        0.9498680738786279,
        0.93717277486911,
        0.9417989417989417,
        0.9421052631578948,
        0.9523809523809523,
        0.9549071618037135,
        0.9574468085106383,
        0.9625668449197861,
        0.96,
        0.9651474530831099,
        0.9625668449197861,
        0.96,
        0.967741935483871,
        0.9625668449197861,
        0.9651474530831099,
        0.9651474530831099,
        0.9703504043126685,
        0.967741935483871,
        0.9651474530831099,
        0.9621621621621622
    ],
    "train_mcc": [
        0.0,
        0.20228945626322836,
        0.3961798851016189,
        0.373101890170126,
        0.48612482815894603,
        0.48551128612407235,
        0.5563712898368521,
        0.573582980149571,
        0.5296977672240786,
        0.6136564536433471,
        0.6622828312049792,
        0.5594158937233291,
        0.6993220772861132,
        0.7240924424667451,
        0.7426733860913718,
        0.6992866537454052,
        0.7395340838794188,
        0.831296002735481,
        0.8238507209671271,
        0.8267513078589372,
        0.8393372415599484,
        0.8466137203299059,
        0.8091203932098217,
        0.8984414043433906,
        0.9035735584203827,
        0.928974384522345,
        0.928297403909899,
        0.9028001706378121,
        0.9296771934752409,
        0.9433299272487469,
        0.928974384522345,
        0.9338041759007669,
        0.9344291319798976,
        0.9461187372426554,
        0.9489275387756607,
        0.9517565850092179,
        0.9574764469232889,
        0.9546061336237863,
        0.9603677919425406,
        0.9574764469232889,
        0.9546061336237863,
        0.963280440557746,
        0.9574764469232889,
        0.9603677919425406,
        0.9603677919425406,
        0.96621466960017,
        0.963280440557746,
        0.9603677919425406,
        0.9566429302709156
    ],
    "val_loss": [
        1.1025435057553379,
        0.9748336239294573,
        0.8857998631217263,
        0.7345041605559263,
        0.7550090063701976,
        0.7222681208090349,
        0.6798007542436774,
        0.7200397821989927,
        1.0321337160739033,
        0.7601484195752577,
        0.6697996529665861,
        0.7267125736583363,
        0.6794261512431231,
        1.1140329119834034,
        0.869235022501512,
        0.8364941640333696,
        0.7225913947278803,
        0.8483635796742006,
        0.9552713483572006,
        1.0076563331213864,
        1.0374202321876178,
        1.3243345469236374,
        1.2309363714673303,
        1.5519947003234515,
        1.4696031991731038,
        1.7148723676800728,
        1.7812438674948432,
        1.7386420971967957,
        1.684576463970271,
        1.9200730188326403,
        1.8024757233532993,
        1.8051219575784423,
        1.8955578194423155,
        2.2743215804750267,
        2.204614831642671,
        2.5310533663088624,
        2.398120258342136,
        2.148436726494269,
        2.1637237519025803,
        2.3960012021389874,
        2.4849068153310907,
        2.687009745023467,
        2.319092559543523,
        2.3927342231300743,
        2.5094478103247555,
        2.358251428739591,
        2.4211838922717352,
        2.3694514740597117,
        2.289816898378459
    ],