{
    "train_loss": [
        1.2031437837800314,
        1.142155267471491,
        1.0278239333352377,
        0.8590712491856065,
        0.7663912281047466,
        0.7617713663467142,
        0.6540974953839945,
        0.5895671716263128,
        0.55034024458985,
        0.46865698972413705,
        0.3908375751140506,
        0.3193736679332201,
        0.2211972660450048,
        0.18632487796766814,
        0.21910192899752495,
        0.19388310429315234,
        0.18350327829288882,
        0.12045561574226202,
        0.09750391984206819,
        0.08667097728006369,
        0.06591809548567547,
        0.061332138201091874,
        0.05227458688192243,
        0.06844988862204171,
        0.04462860144815559,
        0.05452877391660369,
        0.0430776211054086,
        0.05206342249686375,
        0.05077476523340095,
        0.04254719984262835,
        0.04296134933991747,
        0.045677152998355584
    ],
    "train_acc": [
        0.8677014042867701,
        0.8543976348854397,
        0.795269770879527,
        0.827790096082779,
        0.8455284552845529,
        0.8455284552845529,
        0.8876570583887657,
        0.8795269770879527,
        0.8906134515890614,
        0.8928307464892831,
        0.9120473022912047,
        0.9364375461936437,
        0.9519586104951958,
        0.9630450849963045,
        0.9438285291943829,
        0.959349593495935,
        0.9608277900960828,
        0.974870657797487,
        0.9807834441980784,
        0.9830007390983001,
        0.9896526237989652,
        0.9903917220990391,
        0.991869918699187,
        0.9896526237989652,
        0.991869918699187,
        0.9933481152993349,
        0.9933481152993349,
        0.9926090169992609,
        0.991869918699187,
        0.9933481152993349,
        0.9926090169992609,
        0.9940872135994088
    ],
    "train_f1": [
        0.011049723756906077,
        0.08372093023255814,
        0.36027713625866054,
        0.5094736842105263,
        0.5505376344086022,
        0.5654885654885655,
        0.6481481481481481,
        0.6625258799171843,
        0.6681614349775785,
        0.6895074946466809,
        0.7396061269146609,
        0.7962085308056872,
        0.8426150121065376,
        0.8743718592964824,
        0.8199052132701422,
        0.8655256723716381,
        0.8684863523573201,
        0.9132653061224489,
        0.9322916666666666,
        0.9396325459317585,
        0.9625668449197861,
        0.9651474530831099,
        0.9703504043126685,
        0.9621621621621622,
        0.9703504043126685,
        0.975609756097561,
        0.975609756097561,
        0.9728260869565217,
        0.9703504043126685,
        0.975609756097561,
        0.972972972972973,
        0.9782608695652174
    ],
    "train_mcc": [
        0.0694263618798067,
        0.05954958027793573,
        0.24749473069408734,
        0.4308906504589307,
        0.4807877387093566,
        0.5021020453697433,
        0.5952017808516077,
        0.6248171082544395,
        0.6221298666324967,
        0.6538161608347309,
        0.712736415841654,
        0.7711932069120471,
        0.8242678058058871,
        0.8583170141802702,
        0.7995866349682557,
        0.850454604775858,
        0.8524794343414706,
        0.9028001706378121,
        0.9235953191750185,
        0.9316921810884315,
        0.9574764469232889,
        0.9603677919425406,
        0.96621466960017,
        0.9566429302709156,
        0.96621466960017,
        0.9721490017721417,
        0.9721490017721417,
        0.9688579461020458,
        0.96621466960017,
        0.9721490017721417,
        0.96917076097309,
        0.9751496844091779
    ],
    "val_loss": [
        1.1971011053432117,
        0.9648989113894376,
        0.8754295327446677,
        0.8011359138922258,
        0.7181448069485751,
        0.783224341544238,
        0.7541375945914875,
        1.0299205461686307,
        0.8709699782458219,
        0.8116501569747925,
        0.9619330411607568,
        1.054092745889317,
        1.7819724529981613,
        1.9886933985081585,
        1.9043961573730817,
        2.0892304730686275,
        1.8483809849078006,
        1.885588984597813,
        2.324256184426221,
        2.5769698186354204,
        3.093263078819622,
        2.701038661328229,
        3.1181718321009115,
        2.5446830479936167,
        2.894863094795834,
        3.006524615973996,
        3.3584766930011525,
        3.321710605512966,
        3.079254834489389,
        3.254368018020283,
        3.3512194644321096,
        3.6462438722903077
    ],
    "val_acc": [
        0.8672566371681416,
        0.7935103244837758,
        0.855457227138643,
        0.799410029498525,
        0.8023598820058997,
        0.8997050147492626,
        0.8495575221238938,
        0.8849557522123894,
        0.7286135693215339,
        0.775811209439528,
        0.8259587020648967,
        0.8702064896755162,
        0.8908554572271387,
        0.9085545722713865,
        0.9026548672566371,
        0.9056047197640118,
        0.9056047197640118,
        0.8820058997050148,
        0.9085545722713865,
        0.911504424778761,
        0.9144542772861357,
        0.911504424778761,
        0.9144542772861357,
        0.9085545722713865,
        0.911504424778761,
        0.9056047197640118,
        0.911504424778761,
        0.9056047197640118,
        0.9056047197640118,
        0.9056047197640118,
        0.9056047197640118,
        0.9085545722713865
    ],
    "val_f1": [
        0.0425531914893617,
        0.35185185185185186,
        0.4731182795698925,
        0.47692307692307695,
        0.5109489051094891,
        0.6046511627906976,
        0.5486725663716814,
        0.5301204819277109,
        0.4457831325301205,
        0.4794520547945205,
        0.5354330708661418,
        0.5686274509803921,
        0.5934065934065934,
        0.6436781609195402,
        0.6292134831460674,
        0.6190476190476191,
        0.6444444444444445,
        0.574468085106383,
        0.6352941176470588,
        0.6341463414634146,
        0.6419753086419753,
        0.6428571428571429,
        0.6329113924050633,
        0.6352941176470588,
        0.625,
        0.6,
        0.6153846153846154,
        0.6,
        0.6,
        0.6,
        0.6,
        0.6075949367088608
    ],
    "val_mcc": [
        0.08338529638105613,
        0.23775025123318677,
        0.3897309702512721,
        0.39548516554021396,
        0.4455292027889837,
        0.5481387209106466,
        0.4770665321575525,
        0.4672634285155911,
        0.37995760451902344,
        0.41047054079972434,
        0.4692896945723433,
        0.498257092504477,
        0.5304257433534969,
        0.5917592745939246,
        0.5732424070379929,
        0.5673751739875875,
        0.5900226757369614,
        0.5067372715682311,
        0.5845464859407249,
        0.5879779523457126,
        0.5988498522678853,
        0.5946226855305529,
        0.5929293518206318,
        0.5845464859407249,
        0.5815651244396478,
        0.552992577021526,
        0.575425816409466,
        0.552992577021526,
        0.552992577021526,
        0.552992577021526,
        0.552992577021526,
        0.5639872279520654
    ]
}