{
    "train_loss": [
        1.2090176454810209,
        1.0758367125378099,
        0.9487573850986569,
        0.8397213913673578,
        0.851841282705928,
        0.787290462920832,
        0.7379781978074894,
        0.7275931724282199,
        0.7593406168527381,
        0.5740395545266396,
        0.6246434564507285,
        0.5249979856402375,
        0.5612186370200889,
        0.4974738820347675,
        0.4294241846993912,
        0.5330001973482066,
        0.3785393624458202,
        0.3365076506553694,
        0.26282196630572163,
        0.27920040817454805,
        0.2687223306748756,
        0.22359637041078056,
        0.1947915644363262,
        0.1865486544232036,
        0.17241873794646803
    ],
    "train_acc": [
        0.8669623059866962,
        0.8388765705838876,
        0.7309682187730968,
        0.8337028824833703,
        0.8292682926829268,
        0.8580931263858093,
        0.8507021433850702,
        0.8477457501847746,
        0.8344419807834442,
        0.893569844789357,
        0.9039172209903917,
        0.917960088691796,
        0.9164818920916482,
        0.9053954175905395,
        0.926829268292683,
        0.9039172209903917,
        0.9423503325942351,
        0.9445676274944568,
        0.9586104951958611,
        0.9445676274944568,
        0.9519586104951958,
        0.9667405764966741,
        0.9704360679970436,
        0.9682187730968219,
        0.9719142645971914
    ],
    "train_f1": [
        0.0,
        0.2482758620689655,
        0.4185303514376997,
        0.5360824742268041,
        0.5497076023391813,
        0.5789473684210527,
        0.5843621399176955,
        0.5863453815261044,
        0.5725190839694656,
        0.6771300448430493,
        0.6948356807511737,
        0.7363420427553444,
        0.7341176470588235,
        0.6995305164319249,
        0.7614457831325301,
        0.7031963470319634,
        0.8088235294117647,
        0.8157248157248157,
        0.8578680203045685,
        0.8192771084337349,
        0.8379052369077307,
        0.8831168831168831,
        0.8969072164948454,
        0.8900255754475703,
        0.9015544041450777
    ],
    "train_mcc": [
        0.0,
        0.17013782654579732,
        0.3317796253864564,
        0.4657294029038541,
        0.4885509235817379,
        0.5145874266129734,
        0.526922873467994,
        0.5322093334054022,
        0.520956478144634,
        0.6330817029232617,
        0.6504257739282374,
        0.6992580407450972,
        0.6974210703863202,
        0.6560682688124729,
        0.7280449391384742,
        0.6629849780633246,
        0.7829451662576616,
        0.7909182600469158,
        0.8381324005762526,
        0.7969798075841411,
        0.815928774719213,
        0.8663066151093919,
        0.8828888613254705,
        0.8753465076168048,
        0.8880023404537041
    ],
    "val_loss": [
        1.1799687472256748,
        0.8835542039437727,
        0.9284151467410001,
        1.169275630604137,
        0.7886796214363792,
        0.7715013839981772,
        0.6630065251480449,
        0.8104774193330244,
        0.6030622097578916,
        0.5915323238481175,
        0.6543129086494446,
        0.7221290442076597,
        0.7121934348886664,
        0.6779226145961068,
        1.007113972848112,
        0.6940027312798933,
        0.7040722559798848,
        0.7210761146111921,
        1.0229359797456048,
        1.251034910028631,
        0.9093742262233387,
        1.3557301736013456,
        1.5045493177392266,
        1.363607501441782,
        1.4757726138288325
    ],
    "val_acc": [
        0.8672566371681416,
        0.7935103244837758,
        0.7315634218289085,
        0.5575221238938053,
        0.8436578171091446,
        0.8731563421828908,
        0.8200589970501475,
        0.7168141592920354,
        0.8702064896755162,
        0.9026548672566371,
        0.8436578171091446,
        0.8938053097345132,
        0.8584070796460177,
        0.8908554572271387,
        0.8849557522123894,
        0.8938053097345132,
        0.8731563421828908,
        0.8643067846607669,
        0.8643067846607669,
        0.9056047197640118,
        0.8849557522123894,
        0.887905604719764,
        0.8908554572271387,
        0.9026548672566371,
        0.8908554572271387
    ],
    "val_f1": [
        0.0,
        0.453125,
        0.4550898203592814,
        0.3644067796610169,
        0.5619834710743802,
        0.5981308411214953,
        0.5850340136054422,
        0.4782608695652174,
        0.639344262295082,
        0.6915887850467289,
        0.6015037593984962,
        0.6538461538461539,
        0.6129032258064516,
        0.6542056074766355,
        0.5979381443298969,
        0.64,
        0.6386554621848739,
        0.6166666666666667,
        0.5740740740740741,
        0.6363636363636364,
        0.6285714285714286,
        0.5777777777777777,
        0.5842696629213483,
        0.6373626373626373,
        0.5934065934065934
    ],
    "val_mcc": [
        0.0,
        0.3635850415683489,
        0.39497740653209734,
        0.30932779464401755,
        0.49847342167655984,
        0.5345786521684767,
        0.5584455941117163,
        0.45161225507462466,
        0.5971670840141498,
        0.6470272517497088,
        0.56158191585406,
        0.6000502702225505,
        0.5657985563890318,
        0.6020478119172159,
        0.5331105226322442,
        0.582452688647502,
        0.5930285402747694,
        0.5664506603232415,
        0.5059610171834373,
        0.5823571564795788,
        0.5702910464818078,
        0.5131519274376417,
        0.5215040747733818,
        0.5811992367875886,
        0.5304257433534969
    ]
}