{
    "train_loss": [
        1.4783649512312629,
        1.1303407786922022,
        0.8695411858233538,
        0.7859749936244704,
        0.9184789488261397,
        1.237272476608103,
        0.9112422500144352,
        0.8364095748825506,
        0.9289774810048667,
        0.7934982427819208,
        0.9328250546347011,
        0.81559173356403,
        0.703890267082236,
        0.6674224680120294,
        0.6506789103150368,
        0.6787725035101175,
        0.5784313050522045,
        0.6149996867911383
    ],
    "train_acc": [
        0.8901569186875892,
        0.8609129814550642,
        0.8659058487874465,
        0.8601997146932953,
        0.8288159771754636,
        0.7803138373751783,
        0.8708987161198288,
        0.8195435092724679,
        0.8601997146932953,
        0.8388017118402282,
        0.7325249643366619,
        0.7810271041369472,
        0.8744650499286734,
        0.87660485021398,
        0.8737517831669044,
        0.891583452211127,
        0.9001426533523538,
        0.9094151212553495
    ],
    "train_f1": [
        0.2222222222222222,
        0.22924901185770752,
        0.24193548387096775,
        0.24031007751937986,
        0.21052631578947367,
        0.13966480446927373,
        0.24267782426778242,
        0.20189274447949526,
        0.24031007751937986,
        0.23648648648648649,
        0.15349887133182843,
        0.18133333333333335,
        0.2727272727272727,
        0.2821576763485477,
        0.2834008097165992,
        0.3090909090909091,
        0.3269230769230769,
        0.33507853403141363
    ],
    "train_mcc": [
        0.23370010540325084,
        0.26941755652622873,
        0.2857590767928766,
        0.28855362073997776,
        0.263603760834175,
        0.15918501632519613,
        0.28213094208281786,
        0.25475452518923414,
        0.28855362073997776,
        0.3022617893910682,
        0.20822154137547164,
        0.24080573828431204,
        0.32762625635210446,
        0.3407665025415029,
        0.3464674921911433,
        0.36488559484251176,
        0.38051425764856056,
        0.3781806124170637
    ],
    "val_loss": [
        1.1658571362495422,
        1.07262507351962,
        1.0945499945770611,
        1.297028904611414,
        1.0164324045181274,
        1.0932302204045383,
        1.0718966749581424,
        1.1845712458545512,
        0.985702698880976,
        1.3918564915657043,
        0.9483604539524425,
        0.8425731252540242,
        1.111925715749914,
        0.841395231810483,
        0.8436407284303145,
        0.8304007811979814,
        0.9965534630146894,
        0.8472700985995206
    ],
    "val_acc": [
        0.8657142857142858,
        0.8142857142857143,
        0.9057142857142857,
        0.8114285714285714,
        0.5514285714285714,
        0.82,
        0.8885714285714286,
        0.8428571428571429,
        0.8657142857142858,
        0.5257142857142857,
        0.7,
        0.76,
        0.8942857142857142,
        0.7942857142857143,
        0.8857142857142857,
        0.8485714285714285,
        0.8914285714285715,
        0.8571428571428571
    ],
    "val_f1": [
        0.2033898305084746,
        0.17721518987341772,
        0.2978723404255319,
        0.175,
        0.11299435028248588,
        0.18181818181818182,
        0.23529411764705882,
        0.2028985507246377,
        0.22950819672131148,
        0.10752688172043011,
        0.11764705882352941,
        0.14285714285714285,
        0.24489795918367346,
        0.16279069767441862,
        0.23076923076923078,
        0.208955223880597,
        0.20833333333333334,
        0.21875
    ],
    "val_mcc": [
        0.22735532458974472,
        0.21676816638064553,
        0.33147505064355093,
        0.21437323142813605,
        0.17952620513562367,
        0.22169195062412572,
        0.2574993149716816,
        0.24344507072784838,
        0.2694272939472877,
        0.17052137727262195,
        0.14390559503529463,
        0.17732428286626736,
        0.26628343697530177,
        0.20084691646493416,
        0.2533201985524494,
        0.24948655877078296,
        0.21578040968268195,
        0.2590903115793027
    ]
}