{
    "train_loss": [
        1.765070153908296,
        1.2043269601735203,
        0.8540793430398811,
        0.8467257422479716,
        0.6910476650704037,
        0.8232427071779966,
        0.6770896796475757,
        0.6709274634380232,
        0.6461387473073873,
        0.6932764708657156,
        0.6488880125636404,
        0.5394405516033823,
        0.5009046989408407,
        0.5334509719501842,
        0.5268931564959612,
        0.49412085640836845
    ],
    "train_acc": [
        0.963623395149786,
        0.8152639087018545,
        0.8166904422253923,
        0.8231098430813124,
        0.833095577746077,
        0.8081312410841655,
        0.8559201141226819,
        0.8430813124108416,
        0.8502139800285307,
        0.8851640513552068,
        0.8459343794579173,
        0.8659058487874465,
        0.8851640513552068,
        0.8801711840228246,
        0.8609129814550642,
        0.8837375178316691
    ],
    "train_f1": [
        0.10526315789473684,
        0.18808777429467086,
        0.19435736677115986,
        0.21019108280254778,
        0.23529411764705882,
        0.1921921921921922,
        0.2230769230769231,
        0.23076923076923078,
        0.23357664233576642,
        0.27149321266968324,
        0.24475524475524477,
        0.2878787878787879,
        0.3090128755364807,
        0.30578512396694213,
        0.28044280442804426,
        0.30042918454935624
    ],
    "train_mcc": [
        0.10091733090374581,
        0.23220626596409383,
        0.24282374639203913,
        0.2674383165239932,
        0.3054553865476321,
        0.24457742907329483,
        0.26347295553688765,
        0.2879981670042455,
        0.286420309575875,
        0.3130302026229222,
        0.3102931577631949,
        0.36436204018386403,
        0.3741496201354483,
        0.37594520561239647,
        0.3575042958213214,
        0.361836057519723
    ],
    "val_loss": [
        1.1463638923384927,
        0.9278177293864164,
        1.0195402394641528,
        0.9172375933690504,
        1.3754945532842116,
        1.1709316142580726,
        2.0693800327452747,
        0.9417835148898038,
        1.3485233566977761,
        1.1698156920346348,
        1.456492387435653,
        1.7204854474826292,
        2.201423467560248,
        2.358226417140527,
        2.2063475007360633,
        2.8930833766406234
    ],
    "val_acc": [
        0.9028571428571428,
        0.6685714285714286,
        0.7342857142857143,
        0.8,
        0.9028571428571428,
        0.8828571428571429,
        0.9142857142857143,
        0.8542857142857143,
        0.8628571428571429,
        0.8514285714285714,
        0.8771428571428571,
        0.8828571428571429,
        0.8885714285714286,
        0.8771428571428571,
        0.8714285714285714,
        0.9
    ],
    "val_f1": [
        0.2608695652173913,
        0.12121212121212122,
        0.1308411214953271,
        0.16666666666666666,
        0.22727272727272727,
        0.19607843137254902,
        0.21052631578947367,
        0.2153846153846154,
        0.1724137931034483,
        0.21212121212121213,
        0.24561403508771928,
        0.19607843137254902,
        0.20408163265306123,
        0.21818181818181817,
        0.21052631578947367,
        0.2553191489361702
    ],
    "val_mcc": [
        0.28066852696859884,
        0.16246891852456524,
        0.1620227985017175,
        0.20520420262510508,
        0.2332902853390726,
        0.20417105447458778,
        0.20228869496966945,
        0.25581251631975727,
        0.18090066871437022,
        0.2526124011407279,
        0.2845479679531136,
        0.20417105447458778,
        0.21178097911485988,
        0.24153958130008235,
        0.23424908472907838,
        0.2756979988525688
    ]
}