{
    "train_loss": [
        1.567727580666542,
        0.9822785976258191,
        1.0019787719303912,
        0.83455579592423,
        0.7559179690751162,
        0.8124276548624039,
        0.7058679556304758,
        0.722343045879494,
        0.6278862895613367,
        0.5327010070058432,
        0.4590105109594085,
        0.5172707316550341,
        0.4250210112976757,
        0.48787074417553167,
        0.6740007149902257,
        0.7135800915685567,
        0.5432975102554668,
        0.4773300378160043,
        0.4075730527666482,
        0.4334769970314069,
        0.41208851980892097,
        0.3782643679190766,
        0.3592118290676312,
        0.3462009004909884,
        0.31332368835468183,
        0.33951591687615623,
        0.35152085396376526,
        0.33670824198898947,
        0.30584054778922687,
        0.2692066700282422,
        0.3113525142385201,
        0.2728509036824107,
        0.2623293674127622,
        0.24155580989000472,
        0.2668076983907006,
        0.26303344490853225,
        0.23514618758450856,
        0.277446445395154,
        0.23142579456113957,
        0.22897725748109884,
        0.23403048629618503,
        0.2580172614702447,
        0.243372208354148,
        0.2304846995764158,
        0.20939709940417248,
        0.2380443135784431,
        0.24731836065819318,
        0.2162464842284945,
        0.24949792044406588,
        0.21589686154303225
    ],
    "train_acc": [
        0.9657631954350927,
        0.920827389443652,
        0.7639087018544936,
        0.855206847360913,
        0.7917261055634808,
        0.8423680456490727,
        0.8195435092724679,
        0.8366619115549215,
        0.8537803138373752,
        0.8437945791726106,
        0.890870185449358,
        0.8644793152639088,
        0.8865905848787446,
        0.8523537803138374,
        0.7938659058487875,
        0.703281027104137,
        0.81811697574893,
        0.8516405135520685,
        0.8701854493580599,
        0.8823109843081313,
        0.8851640513552068,
        0.8737517831669044,
        0.8951497860199714,
        0.9037089871611983,
        0.9022824536376605,
        0.9101283880171184,
        0.8894436519258203,
        0.9001426533523538,
        0.9158345221112696,
        0.9265335235378032,
        0.9286733238231099,
        0.9236804564907275,
        0.9322396576319544,
        0.9293865905848787,
        0.9343794579172611,
        0.9329529243937232,
        0.9372325249643366,
        0.9379457917261056,
        0.9415121255349501,
        0.9379457917261056,
        0.9436519258202568,
        0.9379457917261056,
        0.942225392296719,
        0.9407988587731811,
        0.942225392296719,
        0.9443651925820257,
        0.9365192582025678,
        0.9407988587731811,
        0.9365192582025678,
        0.9415121255349501
    ],
    "train_f1": [
        0.0,
        0.112,
        0.17042606516290726,
        0.2339622641509434,
        0.1978021978021978,
        0.24054982817869416,
        0.22629969418960244,
        0.23411371237458195,
        0.23220973782771537,
        0.26262626262626265,
        0.34334763948497854,
        0.2803030303030303,
        0.34024896265560167,
        0.2787456445993031,
        0.2125340599455041,
        0.1646586345381526,
        0.229607250755287,
        0.2827586206896552,
        0.3,
        0.30962343096234307,
        0.3263598326359833,
        0.3166023166023166,
        0.3524229074889868,
        0.36619718309859156,
        0.3744292237442922,
        0.3883495145631068,
        0.3459915611814346,
        0.36363636363636365,
        0.40404040404040403,
        0.44324324324324327,
        0.4318181818181818,
        0.42780748663101603,
        0.4632768361581921,
        0.4530386740331492,
        0.46511627906976744,
        0.4659090909090909,
        0.4823529411764706,
        0.4727272727272727,
        0.5,
        0.48520710059171596,
        0.5093167701863354,
        0.48520710059171596,
        0.49056603773584906,
        0.49079754601226994,
        0.5030674846625767,
        0.5125,
        0.47337278106508873,
        0.49696969696969695,
        0.47337278106508873,
        0.5
    ],
    "train_mcc": [
        -0.012294893805350919,
        0.08104404204998784,
        0.22843863788683133,
        0.2824865854209559,
        0.26696135404261867,
        0.3062233450403858,
        0.3008346181406304,
        0.299934636429793,
        0.2807995690939983,
        0.345312332379512,
        0.42340387059834955,
        0.35278712843216403,
        0.4255005264581521,
        0.36511839976632854,
        0.2952842574322578,
        0.24958625810443688,
        0.3085183996228907,
        0.37348902611040763,
        0.38007672575145135,
        0.37937681320761457,
        0.40368828098881376,
        0.4044924969333335,
        0.43130588546567306,
        0.4383351898342879,
        0.45513849961870667,
        0.4620949523565857,
        0.43053502095017937,
        0.44099503529020967,
        0.47533799043444835,
        0.5130054043192966,
        0.48866960728316233,
        0.4952146373318226,
        0.5295540141116671,
        0.5211089418084351,
        0.5260846523035583,
        0.5317215829064836,
        0.5452330991611493,
        0.5273899835918029,
        0.559687467457945,
        0.547573717857127,
        0.5673045350286912,
        0.547573717857127,
        0.5420427340313344,
        0.5471771999011295,
        0.5621962381223086,
        0.5699053228450702,
        0.5328764258167761,
        0.557208137279576,
        0.5328764258167761,
        0.559687467457945
    ],
    "val_loss": [
        1.0427290932698683,
        1.0493221012028782,
        0.9974019066853956,
        1.1896056587045842,
        1.7395160821351139,
        1.3152518285946413,
        1.7414467233148487,
        1.2837525877085598,
        2.3350317600098522,
        2.2147077945145694,
        2.7023514678532425,
        2.782128092917529,
        2.911538389596072,
        2.6569647897373545,
        1.954721355980093,
        2.02733420512893,
        2.5649789625948127,
        2.8208849836479533,
        2.8567032434723596,
        3.0211530077186497,
        3.0321638096462595,
        3.0677738216790287,
        3.3633496083996515,
        3.11120061034506,
        3.315042644739151,
        3.17946608974175,
        3.154367442835461,
        3.2630818208510224,
        3.5748529603535477,
        3.877643797885288,
        3.7262149432843383,
        3.7077064395628194,
        3.8794142370196907,
        3.90296835181388,
        3.941226999868046,
        4.005465395409953,
        4.166048763489181,
        4.070465815338221,
        4.218274539167231,
        4.0808539485389534,
        4.1280640153722326,
        4.158248115669597,
        4.133227797394449,
        4.179172500290654,
        4.178666942498901,
        4.3077788054943085,
        4.2175735167481685,
        4.239981954409317,
        4.131778108802709,
        4.256954735314304
    ],