{
    "train_loss": [
        1.871101400256157,
        1.289954413473606,
        1.3713599920272828,
        1.2934981718659402,
        1.3076738610863685,
        1.2820092529058456,
        1.1477342516183853,
        1.183272770792246,
        1.0787381023168563,
        0.985239727795124,
        0.9201002314686775,
        0.9409825950860977,
        0.8711104035377503,
        1.0365327447652817,
        0.9487052343785762,
        0.9647882640361786,
        0.7999157436192036,
        0.7719282083213329,
        0.7503549158573151,
        0.7570890858769417,
        0.7295638833194971,
        0.7148457288742065,
        0.706604178994894,
        0.7180095218122006,
        0.6855359666049481,
        0.7082203064113856,
        0.6912240024656058,
        0.688252835161984,
        0.6378710310906172,
        0.6978038940578699,
        0.661157737672329,
        0.6783832423388958,
        0.6643377657979727,
        0.6435228865593672,
        0.669488138332963
    ],
    "train_acc": [
        0.9484944532488114,
        0.93026941362916,
        0.7987321711568938,
        0.8803486529318542,
        0.8898573692551506,
        0.9532488114104596,
        0.7527733755942948,
        0.8676703645007924,
        0.6949286846275753,
        0.7591125198098256,
        0.786053882725832,
        0.8185419968304279,
        0.8272583201267829,
        0.7591125198098256,
        0.8438985736925515,
        0.8462757527733756,
        0.7892234548335975,
        0.8193343898573693,
        0.8090332805071315,
        0.7963549920760697,
        0.8185419968304279,
        0.8106180665610143,
        0.8256735340729001,
        0.8114104595879557,
        0.8193343898573693,
        0.820919175911252,
        0.8050713153724247,
        0.8225039619651348,
        0.8129952456418383,
        0.8201267828843106,
        0.8201267828843106,
        0.8129952456418383,
        0.812202852614897,
        0.8201267828843106,
        0.8201267828843106
    ],
    "train_f1": [
        0.029850746268656716,
        0.06382978723404255,
        0.05925925925925926,
        0.062111801242236024,
        0.027972027972027972,
        0.0,
        0.11864406779661017,
        0.1691542288557214,
        0.12300683371298406,
        0.14124293785310735,
        0.15625,
        0.17921146953405018,
        0.21014492753623187,
        0.15083798882681565,
        0.22134387351778656,
        0.21138211382113822,
        0.20359281437125748,
        0.20279720279720279,
        0.20462046204620463,
        0.20923076923076922,
        0.20209059233449478,
        0.21639344262295082,
        0.2198581560283688,
        0.20666666666666667,
        0.22448979591836735,
        0.2206896551724138,
        0.23125,
        0.2222222222222222,
        0.2236842105263158,
        0.2305084745762712,
        0.2356902356902357,
        0.23376623376623376,
        0.22295081967213115,
        0.2356902356902357,
        0.2305084745762712
    ],
    "train_mcc": [
        0.004508067690046173,
        0.02879549811977024,
        0.008318377863974002,
        0.017894362410446955,
        -0.020893296048476746,
        -0.022368436492287952,
        0.1155820750419091,
        0.1612962295287568,
        0.13962298517249003,
        0.15743104325389856,
        0.1755351340993983,
        0.20115130914293952,
        0.2496332917326319,
        0.17628448151076587,
        0.25659657341388686,
        0.2382919321828162,
        0.26409077043291995,
        0.24208821222337273,
        0.25238886193776533,
        0.2700757098995113,
        0.24135530504008504,
        0.27319298184854846,
        0.2680365015794621,
        0.2545238855282118,
        0.28145227803709605,
        0.27322415292017893,
        0.3061643267677663,
        0.2747745530891221,
        0.2850457707640876,
        0.29194669621709163,
        0.301617390103614,
        0.30419596515710257,
        0.28429810144826717,
        0.301617390103614,
        0.29194669621709163
    ],
    "val_loss": [
        1.2633845448493957,
        1.336654257774353,
        1.3364832282066346,
        1.3123571693897247,
        1.3987435221672058,
        1.1691923260688781,
        1.1521686792373658,
        1.285606986284256,
        1.0693745821714402,
        0.8197624683380127,
        1.021929717063904,
        1.0405690759420394,
        0.9535271733999252,
        0.8840835154056549,
        1.1871310472488403,
        0.9251917451620102,
        0.9426468789577485,
        0.9571653246879578,
        0.9860281974077225,
        1.0862658694386482,
        1.0852977722883224,
        1.2496900662779808,
        1.2751889839768409,
        1.289371708035469,
        1.3103232100605964,
        1.3135909542441369,
        1.3307753831148148,
        1.3454694896936417,
        1.3601211726665496,
        1.368146723508835,
        1.4798401921987534,
        1.4116893723607062,
        1.42043087631464,
        1.4215111672878264,
        1.4356731176376343
    ],
    "val_acc": [
        0.9714285714285714,
        0.9555555555555556,
        0.9555555555555556,
        0.9555555555555556,
        0.9555555555555556,
        0.9555555555555556,
        0.9174603174603174,
        0.6412698412698413,
        0.9142857142857143,
        0.7714285714285715,
        0.7968253968253968,
        0.8761904761904762,
        0.834920634920635,
        0.7587301587301587,
        0.8,
        0.7873015873015873,
        0.8761904761904762,
        0.8539682539682539,
        0.834920634920635,
        0.8634920634920635,
        0.8222222222222222,
        0.8603174603174604,
        0.8603174603174604,
        0.8571428571428571,
        0.8571428571428571,
        0.8571428571428571,
        0.8476190476190476,
        0.8507936507936508,
        0.8507936507936508,
        0.8476190476190476,
        0.8476190476190476,
        0.8476190476190476,
        0.8476190476190476,
        0.8571428571428571,
        0.8571428571428571
    ],
    "val_f1": [
        0.0,
        0.0,
        0.0,
        0.0,
        0.0,
        0.0,
        0.07142857142857142,
        0.08130081300813008,
        0.22857142857142856,
        0.16279069767441862,
        0.15789473684210525,
        0.20408163265306123,
        0.1875,
        0.17391304347826086,
        0.16,
        0.1927710843373494,
        0.23529411764705882,
        0.20689655172413793,
        0.21212121212121213,
        0.24561403508771928,
        0.2,
        0.21428571428571427,
        0.2413793103448276,
        0.23728813559322035,
        0.23728813559322035,
        0.23728813559322035,
        0.2,
        0.2033898305084746,
        0.2033898305084746,
        0.2,
        0.2,
        0.2,
        0.2,
        0.21052631578947367,
        0.21052631578947367
    ],
    "val_mcc": [
        0.0,
        -0.02178034209345161,
        -0.02178034209345161,
        -0.02178034209345161,
        -0.02178034209345161,
        -0.02178034209345161,
        0.03658961738540057,
        0.06910984550596184,
        0.22554323092817535,
        0.21283153734900961,
        0.19025379883847685,
        0.2207486048066084,
        0.22229219840706288,
        0.24346903197336445,
        0.19264218356443555,
        0.26454732879025356,
        0.26906911759852503,
        0.24185081719883328,
        0.26587108624392386,
        0.29843552437503723,
        0.25351087174688497,
        0.2490759640315694,
        0.2944270818072753,
        0.2905274777302746,
        0.2905274777302746,
        0.2905274777302746,
        0.23500148915619812,
        0.23838152018894326,
        0.23838152018894326,
        0.23500148915619812,
        0.23500148915619812,
        0.23500148915619812,
        0.23500148915619812,
        0.24541398451145194,
        0.24541398451145194
    ]
}