{
    "train_loss": [
        3.6347667284309866,
        1.6136450976133347,
        1.541110284626484,
        1.2296703726053237,
        1.1881518095731736,
        1.1397077448666095,
        1.0658638820052146,
        0.9093235567212105,
        0.8681915789842606,
        0.9091539941728115,
        0.8221765607595444,
        0.9331960394978523,
        0.6128032993525266,
        0.5819020923227072,
        0.5384412348270416,
        0.4949568284675479,
        0.3738869781605899,
        0.4013273371383548,
        0.36077235313132405,
        0.3641357408836484,
        0.2708236131817102,
        0.29510511364787817,
        0.2810324070975184,
        0.2937514457851648,
        0.2556804293766618,
        0.19895827295258642,
        0.20529739502817393,
        0.2049851056886837,
        0.21453354526311158,
        0.201738157030195,
        0.21374800452031195,
        0.18785290410742164,
        0.16649575966876,
        0.17759682703763247,
        0.16793993547325953,
        0.14110596086247823,
        0.14380386810516937,
        0.13938129270682112,
        0.1199661862803623,
        0.1416331130079925,
        0.13719216588651761,
        0.1311702359933406,
        0.16239120136015117
    ],
    "train_acc": [
        0.9683042789223455,
        0.9683042789223455,
        0.9683042789223455,
        0.8415213946117274,
        0.9247226624405706,
        0.8114104595879557,
        0.7551505546751188,
        0.8700475435816165,
        0.8438985736925515,
        0.8581616481774961,
        0.8217115689381933,
        0.8613312202852615,
        0.8557844690966719,
        0.8946117274167987,
        0.866877971473851,
        0.8811410459587956,
        0.9207606973058637,
        0.8977812995245642,
        0.9183835182250396,
        0.9136291600633915,
        0.9310618066561014,
        0.9350237717908082,
        0.9421553090332805,
        0.9255150554675119,
        0.9445324881141046,
        0.9508716323296355,
        0.9524564183835182,
        0.9587955625990491,
        0.9595879556259905,
        0.9635499207606973,
        0.9508716323296355,
        0.9532488114104596,
        0.9659270998415214,
        0.9667194928684627,
        0.9675118858954042,
        0.9706814580031695,
        0.9706814580031695,
        0.9706814580031695,
        0.9706814580031695,
        0.971473851030111,
        0.9690966719492868,
        0.9690966719492868,
        0.971473851030111
    ],
    "train_f1": [
        0.0,
        0.0,
        0.0,
        0.07407407407407407,
        0.09523809523809523,
        0.09848484848484848,
        0.176,
        0.21904761904761905,
        0.2509505703422053,
        0.24472573839662448,
        0.23208191126279865,
        0.2553191489361702,
        0.272,
        0.3248730964467005,
        0.29411764705882354,
        0.32432432432432434,
        0.42528735632183906,
        0.3645320197044335,
        0.4245810055865922,
        0.39779005524861877,
        0.47904191616766467,
        0.4875,
        0.5100671140939598,
        0.45348837209302323,
        0.5205479452054794,
        0.5633802816901409,
        0.5652173913043478,
        0.6,
        0.6046511627906976,
        0.6290322580645161,
        0.5571428571428572,
        0.5755395683453237,
        0.6446280991735537,
        0.6557377049180327,
        0.6611570247933884,
        0.6837606837606838,
        0.6837606837606838,
        0.6782608695652174,
        0.6837606837606838,
        0.6842105263157895,
        0.6722689075630253,
        0.6722689075630253,
        0.6842105263157895
    ],
    "train_mcc": [
        0.0,
        0.0,
        0.0,
        0.03161669755195627,
        0.06015954701450162,
        0.06984490763159283,
        0.22926042099191918,
        0.23332427848453052,
        0.307515578812633,
        0.28358331539954046,
        0.29352391007779627,
        0.29807383981728114,
        0.3320753763174788,
        0.37034693588308837,
        0.3572226625734193,
        0.38922805771075,
        0.4808779765310819,
        0.4293256421757026,
        0.4853577924120082,
        0.4527076221448708,
        0.5408669731266399,
        0.5427123770453576,
        0.5562283786150678,
        0.514574781798161,
        0.5648627928737834,
        0.6101312949203419,
        0.606630023627498,
        0.635309839608818,
        0.6391565969326423,
        0.6593822059125618,
        0.5999881691843656,
        0.6201070270189307,
        0.6723834559955164,
        0.6863228688279566,
        0.6908389764937186,
        0.7097545826420248,
        0.7097545826420248,
        0.7006313377009568,
        0.7097545826420248,
        0.7056627177562578,
        0.700121185308632,
        0.700121185308632,
        0.7056627177562578
    ],
    "val_loss": [
        1.2405051171779633,
        1.2306463241577148,
        1.2194423973560333,
        1.2182454466819763,
        1.4379171520471572,
        1.2624601244926452,
        1.1241905301809312,
        0.9983512967824936,
        0.8533901065587998,
        1.1487426102161407,
        1.2828066632151605,
        0.9202460944652557,
        1.635319745540619,
        1.6271263852715492,
        1.4104352816939354,
        2.8712338745594024,
        2.692741320282221,
        3.848274801671505,
        2.955406053364277,
        4.7210849152877925,
        4.855314415227622,
        3.4991558238863947,
        5.110691484808922,
        4.071529860794544,
        4.739379926025867,
        5.676052269525826,
        5.7299264432862405,
        5.329543756693601,
        5.915638091228902,
        5.502617163956165,
        5.64604025632143,
        6.515910486364737,
        6.450167183950543,
        6.288812305778265,
        6.5948286458849905,
        6.467795547377318,
        6.942307509481907,
        6.547377372533083,
        6.926384654827416,
        6.765217553079128,
        7.185243753530085,
        7.108825012296438,
        7.334619511663914
    ],
    "val_acc": [
        0.9714285714285714,
        0.9714285714285714,
        0.9714285714285714,
        0.873015873015873,
        0.9174603174603174,
        0.6222222222222222,
        0.9555555555555556,
        0.7714285714285715,
        0.834920634920635,
        0.6285714285714286,
        0.9174603174603174,
        0.8476190476190476,
        0.8317460317460318,
        0.8476190476190476,
        0.9047619047619048,
        0.9142857142857143,
        0.8920634920634921,
        0.926984126984127,
        0.8825396825396825,
        0.9047619047619048,
        0.9428571428571428,
        0.9238095238095239,
        0.946031746031746,
        0.9333333333333333,
        0.946031746031746,
        0.9492063492063492,
        0.9492063492063492,
        0.9523809523809523,
        0.9492063492063492,
        0.9492063492063492,
        0.9396825396825397,
        0.9492063492063492,
        0.9492063492063492,
        0.9492063492063492,
        0.9492063492063492,
        0.9492063492063492,
        0.9523809523809523,
        0.9492063492063492,
        0.9523809523809523,
        0.9492063492063492,
        0.9492063492063492,
        0.9492063492063492,
        0.9492063492063492
    ],