{
    "train_loss": [
        3.054646883904934,
        1.3030496373772622,
        1.3867539189755917,
        1.3093853518366814,
        1.2599619969725608,
        1.1528675317764283,
        1.125187984853983,
        1.031247106194496,
        1.0045303046703338,
        0.8394119143486023,
        0.8360259827226401,
        0.685030959174037,
        0.6018868181854486,
        0.5711777623742819,
        0.5051743656396865,
        0.4565329870209098,
        0.33972886241972444,
        0.4457811612635851,
        0.34392663976177573,
        0.3116813708096743,
        0.3494038383476436,
        0.2850452195852995,
        0.29601040491834285,
        0.2738277790136635,
        0.2736131435260177,
        0.24075840916484595,
        0.254813346080482,
        0.21669357027858496
    ],
    "train_acc": [
        0.9683042789223455,
        0.9603803486529319,
        0.8763866877971473,
        0.9564183835182251,
        0.8098256735340729,
        0.8225039619651348,
        0.777337559429477,
        0.7931854199683043,
        0.8074484944532488,
        0.8748019017432647,
        0.8510301109350238,
        0.9136291600633915,
        0.9445324881141046,
        0.9350237717908082,
        0.9381933438985737,
        0.9572107765451664,
        0.9619651347068146,
        0.9619651347068146,
        0.9793977812995246,
        0.9730586370839936,
        0.9635499207606973,
        0.9722662440570523,
        0.9778129952456418,
        0.9873217115689382,
        0.9793977812995246,
        0.9865293185419969,
        0.9801901743264659,
        0.9873217115689382
    ],
    "train_f1": [
        0.0,
        0.07407407407407407,
        0.025,
        0.03508771929824561,
        0.07692307692307693,
        0.13178294573643412,
        0.11912225705329153,
        0.17665615141955837,
        0.18181818181818182,
        0.2882882882882883,
        0.23577235772357724,
        0.36257309941520466,
        0.4852941176470588,
        0.4305555555555556,
        0.47297297297297297,
        0.5645161290322581,
        0.6065573770491803,
        0.6,
        0.7346938775510204,
        0.6851851851851852,
        0.6166666666666667,
        0.6728971962616822,
        0.7307692307692307,
        0.8260869565217391,
        0.7450980392156863,
        0.8172043010752689,
        0.7524752475247525,
        0.8260869565217391
    ],
    "train_mcc": [
        0.0,
        0.06720546251838976,
        -0.027808847092512808,
        0.01809456927713183,
        0.03608714830514099,
        0.12073154290017092,
        0.11070718504228018,
        0.2100368931222467,
        0.21176406550974894,
        0.3377281825974173,
        0.27500743174508796,
        0.3981406207309496,
        0.511105129561364,
        0.45567974072262624,
        0.5105613614875042,
        0.5867981120696858,
        0.6312716319342565,
        0.6211869431147649,
        0.7379132892565285,
        0.6980294624246335,
        0.6397495951845421,
        0.6833913600992033,
        0.7415383097602664,
        0.8272286904435037,
        0.7541021715767546,
        0.819011550986539,
        0.7606100665433373,
        0.8272286904435037
    ],
    "val_loss": [
        1.272738367319107,
        1.398498773574829,
        1.190838995575905,
        1.2407376945018769,
        1.2348101139068604,
        1.4444647789001466,
        1.3584583342075347,
        1.3599241107702256,
        1.3486217230558395,
        1.7082033634185791,
        1.4784527331590653,
        1.7520217835903167,
        1.3331873089075088,
        1.5094046957790852,
        1.5194212764501571,
        1.57749145925045,
        1.754377344250679,
        1.5832213744521142,
        1.6836450554430484,
        1.6865746885538102,
        2.0127877324819563,
        2.057997413724661,
        2.408393607288599,
        2.101543644070625,
        2.1672670442610977,
        2.0730385594069958,
        2.2120957508683206,
        2.3394000019878147
    ],
    "val_acc": [
        0.9714285714285714,
        0.9365079365079365,
        0.9714285714285714,
        0.9301587301587302,
        0.8793650793650793,
        0.4507936507936508,
        0.7333333333333333,
        0.834920634920635,
        0.8253968253968254,
        0.6285714285714286,
        0.9111111111111111,
        0.6158730158730159,
        0.9174603174603174,
        0.9523809523809523,
        0.8888888888888888,
        0.9333333333333333,
        0.9174603174603174,
        0.9079365079365079,
        0.9333333333333333,
        0.9333333333333333,
        0.9301587301587302,
        0.9365079365079365,
        0.9492063492063492,
        0.9365079365079365,
        0.946031746031746,
        0.9333333333333333,
        0.9492063492063492,
        0.9492063492063492
    ],
    "val_f1": [
        0.0,
        0.0,
        0.0,
        0.0,
        0.17391304347826086,
        0.06486486486486487,
        0.10638297872340426,
        0.07142857142857142,
        0.15384615384615385,
        0.07874015748031496,
        0.0,
        0.06201550387596899,
        0.23529411764705882,
        0.21052631578947367,
        0.10256410256410256,
        0.16,
        0.1875,
        0.17142857142857143,
        0.2222222222222222,
        0.2222222222222222,
        0.08333333333333333,
        0.16666666666666666,
        0.1111111111111111,
        0.16666666666666666,
        0.10526315789473684,
        0.16,
        0.1111111111111111,
        0.1111111111111111
    ],
    "val_mcc": [
        0.0,
        -0.03262271426580123,
        0.0,
        -0.03558186815843067,
        0.17417046294318078,
        0.03727998461784293,
        0.11038998391256899,
        0.035145688176233716,
        0.16945859735114127,
        0.06411524120080805,
        -0.043450170645163176,
        0.02242242646654375,
        0.23162710467184372,
        0.18632102821336105,
        0.0741886512099543,
        0.1338932600086452,
        0.17160069803345132,
        0.1562975021344373,
        0.20406349327836207,
        0.20406349327836207,
        0.05113099925649136,
        0.14061024795535124,
        0.08496732026143791,
        0.14061024795535124,
        0.0776337617555671,
        0.1338932600086452,
        0.08496732026143791,
        0.08496732026143791
    ]
}