{
    "train_loss": [
        1.0998285072190421,
        0.8318341871102651,
        0.7653324497597558,
        0.7150508910417557,
        0.6981938772258305,
        0.6001840627619198,
        0.6224745387832323,
        0.5620017541306359,
        0.5394225961395672,
        0.5982485718670345,
        0.5206176216403643,
        0.440543970536618,
        0.43608245714789345,
        0.39885206556036357,
        0.40362769471747534,
        0.3924890916262354,
        0.36686834905828747
    ],
    "train_acc": [
        0.8573573573573574,
        0.8385885885885885,
        0.8468468468468469,
        0.8498498498498499,
        0.8445945945945946,
        0.8693693693693694,
        0.8453453453453453,
        0.8566066066066066,
        0.8723723723723724,
        0.8333333333333334,
        0.8641141141141141,
        0.8716216216216216,
        0.8708708708708709,
        0.8821321321321322,
        0.8851351351351351,
        0.8881381381381381,
        0.8971471471471472
    ],
    "train_f1": [
        0.30656934306569344,
        0.48931116389548696,
        0.5119617224880383,
        0.5260663507109005,
        0.5389755011135857,
        0.5797101449275363,
        0.5541125541125541,
        0.5707865168539326,
        0.5952380952380952,
        0.5276595744680851,
        0.580046403712297,
        0.6104783599088838,
        0.6126126126126126,
        0.6288416075650118,
        0.6365795724465558,
        0.6510538641686182,
        0.6730310262529833
    ],
    "train_mcc": [
        0.22806530608012926,
        0.43256863544871654,
        0.46013752323472684,
        0.47877269041900217,
        0.5032607169273351,
        0.5432421534622403,
        0.5274381575783496,
        0.5427174707054537,
        0.5645987405047102,
        0.49563233537138457,
        0.5494309529556434,
        0.591087117432761,
        0.5958955072991066,
        0.6077543883461796,
        0.616621807088438,
        0.6373191817528142,
        0.6612697177157294
    ],
    "val_loss": [
        0.9408132921565663,
        0.7525536770170386,
        0.7258996286175468,
        0.741116854277524,
        0.6966675872152502,
        0.7254380123181776,
        0.713512122631073,
        0.7045535824515603,
        0.9224509271708402,
        1.0322109244086526,
        0.7480463439768011,
        1.0099798170003025,
        0.9068348854780197,
        1.0074120820923285,
        1.4289996146478436,
        1.2804007232189178,
        2.2710242813283745
    ],
    "val_acc": [
        0.7807807807807807,
        0.8798798798798799,
        0.8288288288288288,
        0.8558558558558559,
        0.8498498498498499,
        0.7297297297297297,
        0.8168168168168168,
        0.8228228228228228,
        0.7177177177177178,
        0.7177177177177178,
        0.8048048048048048,
        0.8438438438438438,
        0.8168168168168168,
        0.8288288288288288,
        0.8468468468468469,
        0.8378378378378378,
        0.8498498498498499
    ],
    "val_f1": [
        0.416,
        0.5652173913043478,
        0.5043478260869565,
        0.5384615384615384,
        0.5283018867924528,
        0.4155844155844156,
        0.47863247863247865,
        0.48695652173913045,
        0.3815789473684211,
        0.3974358974358974,
        0.4715447154471545,
        0.5185185185185185,
        0.49586776859504134,
        0.5128205128205128,
        0.49504950495049505,
        0.4807692307692308,
        0.4444444444444444
    ],
    "val_mcc": [
        0.3579280563343391,
        0.5157455603795779,
        0.4651344536299886,
        0.49536919907566235,
        0.4849622518905239,
        0.3890745236609009,
        0.4337607470475514,
        0.442400008736581,
        0.3340961457486536,
        0.3631269179415012,
        0.43134409905484866,
        0.4749283889168136,
        0.4616028231612228,
        0.47884262244294296,
        0.43854140570766753,
        0.42339801962880563,
        0.3715740189623717
    ]
}