{
    "train_loss": [
        1.1507130407151722,
        0.9733890607243493,
        0.8241297474929264,
        0.7643440862496694,
        0.6992635613396054,
        0.6247668166955312,
        0.5877140121800559,
        0.6173378374604952,
        0.5700406155415944,
        0.5219032370618412,
        0.4686886160856202,
        0.4609429701453164,
        0.41726316582588924,
        0.41276009913001743,
        0.39576361186447595,
        0.2943604223962341,
        0.23482974363529743,
        0.2731755021959543,
        0.22632139761533057,
        0.19940335401112125
    ],
    "train_acc": [
        0.8626126126126126,
        0.8438438438438438,
        0.8318318318318318,
        0.8506006006006006,
        0.8445945945945946,
        0.8633633633633634,
        0.8475975975975976,
        0.8566066066066066,
        0.8648648648648649,
        0.8528528528528528,
        0.8791291291291291,
        0.8746246246246246,
        0.8911411411411412,
        0.8971471471471472,
        0.8948948948948949,
        0.9226726726726727,
        0.9436936936936937,
        0.9406906906906907,
        0.9466966966966966,
        0.948948948948949
    ],
    "train_f1": [
        0.20087336244541484,
        0.44086021505376344,
        0.4838709677419355,
        0.5250596658711217,
        0.5241379310344828,
        0.553921568627451,
        0.5538461538461539,
        0.5526932084309133,
        0.5794392523364486,
        0.5663716814159292,
        0.6193853427895981,
        0.6088992974238876,
        0.6472019464720195,
        0.6730310262529833,
        0.6634615384615384,
        0.7365728900255755,
        0.7922437673130194,
        0.7823691460055097,
        0.7988668555240793,
        0.8068181818181818
    ],
    "train_mcc": [
        0.1382149566837177,
        0.3664071753254774,
        0.4286737336433697,
        0.47671810583691643,
        0.47997059407489767,
        0.5095410823909384,
        0.5245325453400502,
        0.5136247273878337,
        0.5476078931043379,
        0.5396305332114305,
        0.5959117263616409,
        0.5843072727392512,
        0.6257764675953753,
        0.6612697177157294,
        0.6480257298840438,
        0.7266307765512908,
        0.780130708179026,
        0.769289297159899,
        0.7847809443158859,
        0.7937088865054563
    ],
    "val_loss": [
        0.9953132000836459,
        0.8598575537854974,
        0.7877214632251046,
        0.7726341215046969,
        0.8180334649302743,
        0.7580545978112654,
        0.9706155874512412,
        0.7652273625135422,
        0.7392499230124734,
        1.192411873828281,
        2.266606504266912,
        1.71487734940919,
        1.698042008009824,
        1.8968219987370751,
        1.9247854948043823,
        2.8241656232963908,
        3.4065664132887665,
        2.666387528181076,
        2.057702126828107,
        3.423404650254683
    ],
    "val_acc": [
        0.8408408408408409,
        0.8108108108108109,
        0.8648648648648649,
        0.8258258258258259,
        0.8408408408408409,
        0.8258258258258259,
        0.8468468468468469,
        0.8468468468468469,
        0.7657657657657657,
        0.8528528528528528,
        0.8678678678678678,
        0.8588588588588588,
        0.8348348348348348,
        0.8528528528528528,
        0.8408408408408409,
        0.8528528528528528,
        0.8678678678678678,
        0.8678678678678678,
        0.8348348348348348,
        0.8438438438438438
    ],
    "val_f1": [
        0.46464646464646464,
        0.4,
        0.4578313253012048,
        0.46296296296296297,
        0.49523809523809526,
        0.48214285714285715,
        0.49504950495049505,
        0.4742268041237113,
        0.44285714285714284,
        0.4731182795698925,
        0.4358974358974359,
        0.45977011494252873,
        0.45544554455445546,
        0.3950617283950617,
        0.43010752688172044,
        0.4367816091954023,
        0.4358974358974359,
        0.45,
        0.40860215053763443,
        0.35
    ],
    "val_mcc": [
        0.39974928900343687,
        0.3230905469016159,
        0.38662356217619454,
        0.4044510477807624,
        0.4423954394700769,
        0.4328371025612166,
        0.43854140570766753,
        0.41015910422726803,
        0.41228354394209077,
        0.40664803827524804,
        0.36294667329805175,
        0.38901664306364425,
        0.3897413094334308,
        0.3149979661333754,
        0.35529657951694027,
        0.3621628822551464,
        0.36294667329805175,
        0.3782107378381238,
        0.32962085013778636,
        0.26397565783803745
    ]
}