{
    "train_loss": [
        1.1063766593024844,
        0.849752697916258,
        0.7774648794106075,
        0.7635614680392402,
        0.7395588230519068,
        0.6344926690771466,
        0.6387151373284203,
        0.6083166769572667,
        0.5956164875200817,
        0.5568126152668681,
        0.5253776099000659,
        0.5354584930908113,
        0.5191987692600205,
        0.4776295388028735,
        0.4808281280455135,
        0.45349627254264696,
        0.40669678967623485,
        0.37554583019976107,
        0.367093494516753,
        0.3378280167068754,
        0.3191693207869927,
        0.3023796471811476,
        0.28043692745268345,
        0.2693074711021923,
        0.25498021120161174,
        0.2630818775367169,
        0.2628785775353511,
        0.24004829062947206,
        0.23597741362062238
    ],
    "train_acc": [
        0.8370870870870871,
        0.8686186186186187,
        0.8573573573573574,
        0.8686186186186187,
        0.8325825825825826,
        0.8903903903903904,
        0.8686186186186187,
        0.8423423423423423,
        0.8483483483483484,
        0.8648648648648649,
        0.8566066066066066,
        0.8468468468468469,
        0.8663663663663663,
        0.8588588588588588,
        0.8791291291291291,
        0.8768768768768769,
        0.8866366366366366,
        0.8918918918918919,
        0.8933933933933934,
        0.8993993993993994,
        0.9076576576576577,
        0.9151651651651652,
        0.9196696696696697,
        0.9241741741741741,
        0.9241741741741741,
        0.9234234234234234,
        0.9234234234234234,
        0.9279279279279279,
        0.9294294294294294
    ],
    "train_f1": [
        0.3111111111111111,
        0.5283018867924528,
        0.5202020202020202,
        0.5501285347043702,
        0.5098901098901099,
        0.5989010989010989,
        0.5721271393643031,
        0.5248868778280543,
        0.5491071428571429,
        0.5588235294117647,
        0.5668934240362812,
        0.5384615384615384,
        0.5761904761904761,
        0.5668202764976958,
        0.6193853427895981,
        0.6113744075829384,
        0.6378896882494005,
        0.6487804878048781,
        0.6602870813397129,
        0.6747572815533981,
        0.6917293233082706,
        0.710997442455243,
        0.727735368956743,
        0.7403598971722365,
        0.7390180878552972,
        0.7384615384615385,
        0.7397959183673469,
        0.7486910994764397,
        0.7552083333333334
    ],
    "train_mcc": [
        0.22004416936590945,
        0.4703796068464159,
        0.4652751009907927,
        0.5000743677264832,
        0.4675989781051746,
        0.5528027853573009,
        0.5322954217236613,
        0.48298656498098275,
        0.5159562828242955,
        0.5155867312342429,
        0.5362923110220287,
        0.5003278379257786,
        0.5408178929727004,
        0.5337516528949281,
        0.5959117263616409,
        0.5854989913737234,
        0.6166315772472967,
        0.6273277046826271,
        0.6449408400596922,
        0.6603006941600701,
        0.6755647721797633,
        0.6956167865499348,
        0.7168108247828064,
        0.7303087075339678,
        0.7277862076456155,
        0.7284645263536597,
        0.7310003797297849,
        0.7372252859726917,
        0.7459630752978437
    ],
    "val_loss": [
        0.9185347557067871,
        0.8983281308954413,
        0.8581412759694186,
        0.7831353382630781,
        0.8203628225760027,
        0.8106696009635925,
        0.8047309626232494,
        0.8398102982477709,
        0.7107093388384039,
        0.7526389739730142,
        0.7623115628957748,
        0.7940998754718087,
        1.402435224164616,
        1.007316142320633,
        0.8619948557832025,
        0.8959371014074846,
        1.168000104752454,
        1.1073491952636025,
        1.4416943327947096,
        2.2966959191994234,
        1.7022511498494581,
        2.079851850189946,
        2.735741115429185,
        2.536298021674156,
        3.1161650202491065,
        2.795959081162106,
        3.86897336082025,
        3.4412358078089627,
        3.325407010899984
    ],
    "val_acc": [
        0.8048048048048048,
        0.7897897897897898,
        0.8678678678678678,
        0.8408408408408409,
        0.8798798798798799,
        0.8528528528528528,
        0.7747747747747747,
        0.8618618618618619,
        0.8378378378378378,
        0.8198198198198198,
        0.8558558558558559,
        0.7897897897897898,
        0.8558558558558559,
        0.8528528528528528,
        0.8318318318318318,
        0.8348348348348348,
        0.8498498498498499,
        0.8318318318318318,
        0.8318318318318318,
        0.8558558558558559,
        0.8348348348348348,
        0.8528528528528528,
        0.8498498498498499,
        0.8498498498498499,
        0.8498498498498499,
        0.8528528528528528,
        0.8708708708708709,
        0.8588588588588588,
        0.8588588588588588
    ],
    "val_f1": [
        0.43478260869565216,
        0.4444444444444444,
        0.40540540540540543,
        0.5309734513274337,
        0.42857142857142855,
        0.5242718446601942,
        0.46808510638297873,
        0.5306122448979592,
        0.49056603773584906,
        0.4915254237288136,
        0.48936170212765956,
        0.46153846153846156,
        0.4782608695652174,
        0.5333333333333333,
        0.4716981132075472,
        0.45544554455445546,
        0.45652173913043476,
        0.5087719298245614,
        0.46153846153846156,
        0.4666666666666667,
        0.4444444444444444,
        0.4842105263157895,
        0.4444444444444444,
        0.45652173913043476,
        0.4444444444444444,
        0.449438202247191,
        0.4819277108433735,
        0.45977011494252873,
        0.45977011494252873
    ],
    "val_mcc": [
        0.3741966740563581,
        0.39786463600618543,
        0.3312952996472343,
        0.4971896249126872,
        0.36170291156998363,
        0.47659797382889135,
        0.45059200066076055,
        0.47943612657971457,
        0.43749240183774774,
        0.45198655909314106,
        0.42660244452303747,
        0.42623216206863007,
        0.41231691141456767,
        0.49011739649746133,
        0.41375747681135966,
        0.3897413094334308,
        0.3864597491733151,
        0.46965645922827115,
        0.3994076264798534,
        0.3978111157211651,
        0.3750569289147438,
        0.42100462120182996,
        0.3715740189623717,
        0.3864597491733151,
        0.3715740189623717,
        0.3772506584476578,
        0.4144004006238047,
        0.38901664306364425,
        0.38901664306364425
    ]
}