{
    "train_loss": [
        0.9889426437162218,
        0.7647216249079931,
        0.7053242850871313,
        0.6809006077902657,
        0.6184921520096915,
        0.5941207306016059,
        0.5952994117424601,
        0.5878356397151947,
        0.554161766455287,
        0.5263695652995791,
        0.5185737691464878,
        0.5015313855948902,
        0.5033043012732551,
        0.42831404294286457,
        0.4113611312849181,
        0.40064310211510884,
        0.425755313819363,
        0.375037174139704,
        0.33623943974574405,
        0.3058783071381705,
        0.2891883330330962,
        0.2745279948271456,
        0.265955284770046,
        0.2694596437116464,
        0.23241029169765257,
        0.23641040371287436,
        0.2199772461539223,
        0.2100716313968102,
        0.201113651329208,
        0.21286862742687976
    ],
    "train_acc": [
        0.8656156156156156,
        0.8843843843843844,
        0.8468468468468469,
        0.8611111111111112,
        0.8656156156156156,
        0.8566066066066066,
        0.8513513513513513,
        0.8626126126126126,
        0.8693693693693694,
        0.8483483483483484,
        0.8460960960960962,
        0.8603603603603603,
        0.8573573573573574,
        0.8813813813813813,
        0.8873873873873874,
        0.8866366366366366,
        0.8693693693693694,
        0.8866366366366366,
        0.9181681681681682,
        0.9121621621621622,
        0.9196696696696697,
        0.9264264264264265,
        0.924924924924925,
        0.9376876876876877,
        0.9421921921921922,
        0.9391891891891891,
        0.9421921921921922,
        0.9481981981981982,
        0.9451951951951952,
        0.9496996996996997
    ],
    "train_f1": [
        0.42071197411003236,
        0.5649717514124294,
        0.5165876777251185,
        0.5520581113801453,
        0.5665859564164649,
        0.558891454965358,
        0.5540540540540541,
        0.5673758865248227,
        0.5934579439252337,
        0.5665236051502146,
        0.564755838641189,
        0.5848214285714286,
        0.5833333333333334,
        0.6291079812206573,
        0.6428571428571429,
        0.639618138424821,
        0.6167400881057269,
        0.6430260047281324,
        0.7139107611548556,
        0.7007672634271099,
        0.7249357326478149,
        0.7393617021276596,
        0.7382198952879581,
        0.7713498622589532,
        0.7843137254901961,
        0.7768595041322314,
        0.7867036011080333,
        0.7988338192419825,
        0.7943661971830986,
        0.8091168091168092
    ],
    "train_mcc": [
        0.3456330919021387,
        0.511086826622721,
        0.46691421253514426,
        0.5086440010979288,
        0.5266524485345999,
        0.523375457169976,
        0.5209301865848631,
        0.5307770854466781,
        0.5652555683587407,
        0.5451997905311755,
        0.5448599399189046,
        0.5618711524609846,
        0.56312726833183,
        0.6093096058044374,
        0.6240508593347343,
        0.6195967730979329,
        0.6055488168890129,
        0.6255183813229876,
        0.6950151535001335,
        0.6832111905493923,
        0.7116410583603879,
        0.7234924981215711,
        0.7246373603103967,
        0.7562741780350691,
        0.7692248012857691,
        0.7627817375974841,
        0.7735988065453533,
        0.7812431275573113,
        0.7802637077505836,
        0.7960192906092657
    ],
    "val_loss": [
        0.9428345886143771,
        0.8305691399357535,
        0.8727433085441589,
        0.7768042182380502,
        0.7722757892175154,
        0.8422907617959109,
        0.7857004837556318,
        0.7945049838586287,
        0.8167724067514593,
        0.898296670480208,
        1.0596516918052326,
        0.7589403092861176,
        0.8179549358107827,
        0.8609077686613257,
        0.9400313808159395,
        0.9692185480486263,
        0.9147626134482297,
        0.9563137116757306,
        1.3447797041047702,
        1.207917633381757,
        1.2754430879246106,
        1.3683620406822725,
        1.416511145505038,
        1.4048253785480151,
        1.4883476197719574,
        1.6888162737542933,
        1.8713730682026257,
        1.9100162495266308,
        2.037704120982777,
        1.5589533759789034
    ],
    "val_acc": [
        0.8678678678678678,
        0.8438438438438438,
        0.7477477477477478,
        0.8678678678678678,
        0.8378378378378378,
        0.8678678678678678,
        0.8588588588588588,
        0.8708708708708709,
        0.8228228228228228,
        0.8708708708708709,
        0.8678678678678678,
        0.8168168168168168,
        0.8378378378378378,
        0.8408408408408409,
        0.8768768768768769,
        0.8588588588588588,
        0.8378378378378378,
        0.8558558558558559,
        0.8678678678678678,
        0.8618618618618619,
        0.8678678678678678,
        0.8678678678678678,
        0.8738738738738738,
        0.8738738738738738,
        0.8618618618618619,
        0.8708708708708709,
        0.8738738738738738,
        0.8618618618618619,
        0.8678678678678678,
        0.8408408408408409
    ],
    "val_f1": [
        0.47619047619047616,
        0.49019607843137253,
        0.4166666666666667,
        0.5510204081632653,
        0.509090909090909,
        0.5111111111111111,
        0.5346534653465347,
        0.5168539325842697,
        0.5042016806722689,
        0.5274725274725275,
        0.45,
        0.48739495798319327,
        0.509090909090909,
        0.5309734513274337,
        0.5684210526315789,
        0.5436893203883495,
        0.49056603773584906,
        0.52,
        0.5510204081632653,
        0.4772727272727273,
        0.47619047619047616,
        0.47619047619047616,
        0.4473684210526316,
        0.475,
        0.41025641025641024,
        0.4266666666666667,
        0.43243243243243246,
        0.39473684210526316,
        0.42105263157894735,
        0.4044943820224719
    ],
    "val_mcc": [
        0.4078031200523573,
        0.433397992593382,
        0.37856424374763653,
        0.5042808558282432,
        0.4652421051992355,
        0.45028530923875193,
        0.4873415019819042,
        0.4565590355076768,
        0.4700927797932315,
        0.4702033881126333,
        0.3782107378381238,
        0.44773618229663825,
        0.4652421051992355,
        0.4971896249126872,
        0.5223195544341402,
        0.5007212638858941,
        0.43749240183774774,
        0.4683296010133358,
        0.5042808558282432,
        0.40970424996504856,
        0.4078031200523573,
        0.4078031200523573,
        0.37707007841732293,
        0.4067695078381454,
        0.33381646307673307,
        0.3543998708470579,
        0.3617119896892881,
        0.31757501273953637,
        0.3473225455784297,
        0.32437840707431187
    ]
}