{
    "train_loss": [
        1.3450602882438236,
        0.9780301064252853,
        0.9298459728558858,
        0.8984007802274492,
        0.9327060474289788,
        0.8189560757742987,
        0.8047810514767965,
        0.8276621613237592,
        0.7680395596557194,
        0.8438360909620921,
        0.7609059088759952,
        0.7906342754761378,
        0.7619304842419095,
        0.7338911215464274,
        0.6741000996695624,
        0.7542750689718458,
        0.6711020946502686,
        0.8555231653981739,
        0.6980279445648193,
        0.7274072200059891,
        0.7069570024808248,
        0.7245798759990268,
        0.6344983130693436,
        0.6018159813351102,
        0.6011435157722897,
        0.6077862319019106,
        0.5762447400225533,
        0.5487300647629632,
        0.5111053377389908,
        0.47425013217661116
    ],
    "train_acc": [
        0.9693165969316597,
        0.8919107391910739,
        0.8270571827057183,
        0.8521617852161785,
        0.8382147838214784,
        0.8695955369595537,
        0.8319386331938633,
        0.8396094839609484,
        0.8521617852161785,
        0.8535564853556485,
        0.8430962343096234,
        0.8675034867503487,
        0.8291492329149233,
        0.8465829846582985,
        0.8695955369595537,
        0.8598326359832636,
        0.8730822873082287,
        0.8382147838214784,
        0.8410041841004184,
        0.8612273361227336,
        0.8430962343096234,
        0.8535564853556485,
        0.8919107391910739,
        0.8695955369595537,
        0.8647140864714087,
        0.8765690376569037,
        0.8640167364016736,
        0.8821478382147838,
        0.9016736401673641,
        0.8919107391910739
    ],
    "train_f1": [
        0.0,
        0.22110552763819097,
        0.19480519480519481,
        0.22058823529411764,
        0.19444444444444445,
        0.24899598393574296,
        0.19933554817275748,
        0.21768707482993196,
        0.2318840579710145,
        0.2391304347826087,
        0.23208191126279865,
        0.23387096774193547,
        0.21221864951768488,
        0.2413793103448276,
        0.277992277992278,
        0.24719101123595505,
        0.272,
        0.2214765100671141,
        0.2348993288590604,
        0.23754789272030652,
        0.24242424242424243,
        0.22794117647058823,
        0.30493273542600896,
        0.277992277992278,
        0.2814814814814815,
        0.2716049382716049,
        0.28044280442804426,
        0.3045267489711934,
        0.3380281690140845,
        0.33476394849785407
    ],
    "train_mcc": [
        -0.006491551642542645,
        0.23048922788887188,
        0.23630649687321778,
        0.26218305381185203,
        0.22813273253007,
        0.2934578917654781,
        0.24096824717829995,
        0.26752886247112856,
        0.2814381114297941,
        0.29263007626036325,
        0.2900340608926474,
        0.27081170081257205,
        0.26613902924501215,
        0.30331006466395766,
        0.3421146611802091,
        0.30030984391970755,
        0.32775997580922894,
        0.27541530437474976,
        0.2970147326751813,
        0.2826692575999992,
        0.30860338485600813,
        0.2734531527077212,
        0.3573986991787239,
        0.3421146611802091,
        0.3542547914032712,
        0.32299992866005706,
        0.35329643582455456,
        0.3706523872710161,
        0.3955028357452969,
        0.4066073902822669
    ],
    "val_loss": [
        1.316156204789877,
        1.2353918080528576,
        1.1502204462885857,
        0.9639061267177264,
        1.2084311234454315,
        1.1556588610013325,
        1.373987428843975,
        1.061598226428032,
        1.012271876136462,
        0.983475978175799,
        1.0731137692928314,
        1.534452463189761,
        1.0298635885119438,
        1.1001687807341416,
        1.8634384647011757,
        0.9601610948642095,
        1.8537244324882824,
        1.005504069228967,
        0.9795748293399811,
        1.202978887905677,
        1.0449388474225998,
        1.1161256382862728,
        1.0949854888021946,
        1.0957849410672982,
        1.3868141416460276,
        1.099789875249068,
        1.0407718271017075,
        1.021027607222398,
        1.0497431705395381,
        1.1085723613699277
    ],
    "val_acc": [
        0.9693593314763231,
        0.8356545961002786,
        0.8384401114206128,
        0.8440111420612814,
        0.8635097493036211,
        0.8774373259052924,
        0.8523676880222841,
        0.8356545961002786,
        0.8885793871866295,
        0.841225626740947,
        0.8913649025069638,
        0.8495821727019499,
        0.8690807799442897,
        0.8272980501392758,
        0.8997214484679665,
        0.871866295264624,
        0.9080779944289693,
        0.8050139275766016,
        0.8746518105849582,
        0.8579387186629527,
        0.8662952646239555,
        0.8774373259052924,
        0.8607242339832869,
        0.83008356545961,
        0.8551532033426184,
        0.8328690807799443,
        0.8467966573816156,
        0.8217270194986073,
        0.7994428969359332,
        0.8440111420612814
    ],
    "val_f1": [
        0.0,
        0.1917808219178082,
        0.19444444444444445,
        0.2,
        0.2222222222222222,
        0.2413793103448276,
        0.208955223880597,
        0.1917808219178082,
        0.25925925925925924,
        0.19718309859154928,
        0.2641509433962264,
        0.20588235294117646,
        0.22950819672131148,
        0.18421052631578946,
        0.28,
        0.23333333333333334,
        0.26666666666666666,
        0.16666666666666666,
        0.23728813559322035,
        0.2153846153846154,
        0.2,
        0.2413793103448276,
        0.21875,
        0.18666666666666668,
        0.1875,
        0.1891891891891892,
        0.2028985507246377,
        0.1794871794871795,
        0.14285714285714285,
        0.17647058823529413
    ],
    "val_mcc": [
        0.0,
        0.21808626280191282,
        0.22081603723530532,
        0.22645051373820227,
        0.24829542145633393,
        0.2664086651049146,
        0.2353780922667075,
        0.21808626280191282,
        0.28285667621691835,
        0.2236033137527942,
        0.28729324815657487,
        0.23233509935031835,
        0.2552525521973865,
        0.21021968418986614,
        0.3015118999695019,
        0.2588703416324934,
        0.2736861994256611,
        0.19127829820054845,
        0.2625873094801402,
        0.2416808338069013,
        0.21179108497288593,
        0.2664086651049146,
        0.24494732240686046,
        0.21279019243867242,
        0.1993845821249626,
        0.21541170250154787,
        0.2293602022675043,
        0.2052240102399477,
        0.15112104144382513,
        0.18811012550791947
    ]
}