{
    "train_loss": [
        1.2173424012131162,
        0.9668409311109118,
        0.8024078104231093,
        0.8430233147409227,
        0.784473384751214,
        0.9882139060232374,
        0.876308853758706,
        0.9276670485734939,
        0.833738527695338,
        0.8633114841249254,
        0.8519926673836178,
        0.8406472762425741,
        0.806989296277364,
        0.7876179966661665,
        0.7277135676807828,
        0.8152533994780646,
        0.7648009988996718
    ],
    "train_acc": [
        0.9184100418410042,
        0.7907949790794979,
        0.8375174337517434,
        0.8521617852161785,
        0.8549511854951185,
        0.8437935843793585,
        0.8256624825662483,
        0.7803347280334728,
        0.7928870292887029,
        0.8138075313807531,
        0.8110181311018131,
        0.8291492329149233,
        0.8312412831241283,
        0.8277545327754533,
        0.8396094839609484,
        0.8319386331938633,
        0.8138075313807531
    ],
    "train_f1": [
        0.09302325581395349,
        0.1935483870967742,
        0.22073578595317725,
        0.2318840579710145,
        0.22388059701492538,
        0.2328767123287671,
        0.2088607594936709,
        0.1732283464566929,
        0.1907356948228883,
        0.21238938053097345,
        0.19584569732937684,
        0.21725239616613418,
        0.22435897435897437,
        0.22570532915360503,
        0.24342105263157895,
        0.2098360655737705,
        0.1981981981981982
    ],
    "train_mcc": [
        0.05980224831098741,
        0.258757066822231,
        0.2746798731892342,
        0.2814381114297941,
        0.26538458819617156,
        0.29081006964164663,
        0.2627267481238641,
        0.22457780906326275,
        0.25171948040677855,
        0.27863075166775375,
        0.24923344391709945,
        0.2753282761461595,
        0.28660805246974375,
        0.29214642572530497,
        0.313869124533096,
        0.25965846883455257,
        0.2517058121278845
    ],
    "val_loss": [
        1.1319977045059204,
        1.9134763814508915,
        1.249684768418471,
        1.0475094616413116,
        1.5725114246209462,
        0.9798203582564989,
        1.188737836976846,
        1.1440292944510777,
        1.3286182632048924,
        1.0297087828318279,
        1.221721701323986,
        1.1108665739496548,
        1.4027163262168567,
        1.09329370316118,
        1.1667428612709045,
        1.3333098515868187,
        1.5172757133841515
    ],
    "val_acc": [
        0.8050139275766016,
        0.8969359331476323,
        0.8272980501392758,
        0.8551532033426184,
        0.8774373259052924,
        0.8913649025069638,
        0.8774373259052924,
        0.7883008356545961,
        0.8467966573816156,
        0.7883008356545961,
        0.8523676880222841,
        0.8105849582172702,
        0.8635097493036211,
        0.807799442896936,
        0.8857938718662952,
        0.8217270194986073,
        0.8857938718662952
    ],
    "val_f1": [
        0.16666666666666666,
        0.27450980392156865,
        0.18421052631578946,
        0.21212121212121213,
        0.2413793103448276,
        0.2641509433962264,
        0.2413793103448276,
        0.15555555555555556,
        0.2028985507246377,
        0.15555555555555556,
        0.208955223880597,
        0.17073170731707318,
        0.2222222222222222,
        0.1686746987951807,
        0.2545454545454545,
        0.1794871794871795,
        0.2545454545454545
    ],
    "val_mcc": [
        0.19127829820054845,
        0.29661151037309547,
        0.21021968418986614,
        0.23849224912785297,
        0.2664086651049146,
        0.28729324815657487,
        0.2664086651049146,
        0.17865833707976628,
        0.2293602022675043,
        0.17865833707976628,
        0.2353780922667075,
        0.19576565638976434,
        0.24829542145633393,
        0.19350300295939507,
        0.278557250662498,
        0.2052240102399477,
        0.278557250662498
    ]
}