{
    "train_loss": [
        1.324950283434656,
        1.0846982025437886,
        0.9923996124002669,
        0.9588906976911756,
        0.9217930535475413,
        0.9652033236291674,
        0.8969259858131409,
        0.8748932633135054,
        0.9326356099711524,
        0.8276912477281358,
        0.7942026760843065,
        0.911207338836458,
        0.8712369362513225,
        0.7802588330374823,
        0.7432479845152961,
        0.7565993434853024,
        0.744491473171446,
        0.8454247130288018
    ],
    "train_acc": [
        0.9707112970711297,
        0.9295676429567643,
        0.8263598326359832,
        0.896094839609484,
        0.8389121338912134,
        0.8235704323570432,
        0.8235704323570432,
        0.8096234309623431,
        0.8193863319386332,
        0.8514644351464435,
        0.8340306834030683,
        0.806136680613668,
        0.8347280334728033,
        0.8598326359832636,
        0.8856345885634589,
        0.8451882845188284,
        0.8765690376569037,
        0.8465829846582985
    ],
    "train_f1": [
        0.0,
        0.1652892561983471,
        0.19935691318327975,
        0.2731707317073171,
        0.20618556701030927,
        0.19169329073482427,
        0.19682539682539682,
        0.19469026548672566,
        0.20307692307692307,
        0.24734982332155478,
        0.23225806451612904,
        0.20114942528735633,
        0.21262458471760798,
        0.25830258302583026,
        0.2743362831858407,
        0.25,
        0.27755102040816326,
        0.2413793103448276
    ],
    "train_mcc": [
        0.0,
        0.13932625079446997,
        0.2449507454376977,
        0.3026297627664198,
        0.24791794331088635,
        0.23307208221523504,
        0.2423339658337748,
        0.24801339550748103,
        0.25678494064358454,
        0.3090470903775934,
        0.2986594755338904,
        0.262840040518283,
        0.2624696140163114,
        0.31942646062918006,
        0.3167126783802938,
        0.3202294664601615,
        0.33283479698319135,
        0.30331006466395766
    ],
    "val_loss": [
        1.2427698597311974,
        1.1511788368225098,
        1.007583610713482,
        0.9808853467305502,
        1.1716750723620255,
        1.184431046868364,
        1.1200238739450772,
        1.4105331742515166,
        1.0926704878608386,
        1.1894497300187747,
        1.290096474190553,
        1.1083900108933449,
        1.0388918469349544,
        1.0945246331393719,
        1.0717415753751993,
        1.6746723738809426,
        1.1347485159834225,
        1.0161011219024658
    ],
    "val_acc": [
        0.9693593314763231,
        0.9220055710306406,
        0.9108635097493036,
        0.9108635097493036,
        0.8941504178272981,
        0.8551532033426184,
        0.8579387186629527,
        0.8022284122562674,
        0.8551532033426184,
        0.8022284122562674,
        0.8635097493036211,
        0.8579387186629527,
        0.8523676880222841,
        0.8802228412256268,
        0.8746518105849582,
        0.8885793871866295,
        0.883008356545961,
        0.8551532033426184
    ],
    "val_f1": [
        0.0,
        0.3,
        0.30434782608695654,
        0.30434782608695654,
        0.2692307692307692,
        0.21212121212121213,
        0.2153846153846154,
        0.16470588235294117,
        0.21212121212121213,
        0.16470588235294117,
        0.2222222222222222,
        0.2153846153846154,
        0.208955223880597,
        0.24561403508771928,
        0.23728813559322035,
        0.25925925925925924,
        0.25,
        0.21212121212121213
    ],
    "val_mcc": [
        0.0,
        0.30317552280088694,
        0.32298260410633645,
        0.32298260410633645,
        0.291875208430118,
        0.23849224912785297,
        0.2416808338069013,
        0.18909024495455054,
        0.23849224912785297,
        0.18909024495455054,
        0.24829542145633393,
        0.2416808338069013,
        0.2353780922667075,
        0.27034000862972524,
        0.2625873094801402,
        0.28285667621691835,
        0.274387369636259,
        0.23849224912785297
    ]
}