{
    "train_loss": [
        1.3450595882203844,
        0.9780364927318361,
        0.9298349956671397,
        0.8987835745016733,
        0.926452425453398,
        0.8172812673780653,
        0.8040417035420736,
        0.8327163444625006,
        0.7811504185199738,
        0.8390341248777178,
        0.7665687190161811,
        0.7829973657925924,
        0.7596466468440162,
        0.7272716432809829,
        0.6685870316293504,
        0.7508072634538014,
        0.6748652458190918,
        0.9008531981044345,
        0.7131171445051829,
        0.7114101337061988,
        0.6938897470633189,
        0.7364304012722439,
        0.6359453552299076,
        0.6168668316470252,
        0.5804857605033451,
        0.6159250603781806,
        0.5651949647400114,
        0.5380894872877333,
        0.521235766261816,
        0.47165821856922574
    ],
    "train_acc": [
        0.9693165969316597,
        0.8919107391910739,
        0.8270571827057183,
        0.8535564853556485,
        0.8375174337517434,
        0.8688981868898187,
        0.8291492329149233,
        0.8361227336122734,
        0.8479776847977685,
        0.8563458856345886,
        0.8375174337517434,
        0.8688981868898187,
        0.8312412831241283,
        0.8417015341701534,
        0.8751743375174338,
        0.8675034867503487,
        0.8737796373779637,
        0.8389121338912134,
        0.8389121338912134,
        0.8682008368200836,
        0.8633193863319386,
        0.8563458856345886,
        0.8926080892608089,
        0.8668061366806137,
        0.8772663877266388,
        0.8884239888423989,
        0.8849372384937239,
        0.9086471408647141,
        0.9211994421199442,
        0.8967921896792189
    ],
    "train_f1": [
        0.0,
        0.22110552763819097,
        0.19480519480519481,
        0.2222222222222222,
        0.18815331010452963,
        0.248,
        0.19672131147540983,
        0.21926910299003322,
        0.22695035460992907,
        0.2426470588235294,
        0.23102310231023102,
        0.248,
        0.21428571428571427,
        0.2408026755852843,
        0.2924901185770751,
        0.25196850393700787,
        0.2612244897959184,
        0.21694915254237288,
        0.2376237623762376,
        0.24701195219123506,
        0.25757575757575757,
        0.23134328358208955,
        0.3063063063063063,
        0.2681992337164751,
        0.2903225806451613,
        0.2982456140350877,
        0.30962343096234307,
        0.36097560975609755,
        0.3756906077348066,
        0.34513274336283184
    ],
    "train_mcc": [
        -0.006491551642542645,
        0.23048922788887188,
        0.23630649687321778,
        0.26377454011245444,
        0.2178352078682752,
        0.2925270068954033,
        0.23828482528316353,
        0.2732202974353171,
        0.27664830760254583,
        0.2959933504994596,
        0.2932126101888838,
        0.2925270068954033,
        0.2682265719030025,
        0.3070296545750228,
        0.35981912730667137,
        0.3005149514141724,
        0.30910697700437473,
        0.2667948664785695,
        0.30393115008413363,
        0.29160213876934377,
        0.31439580686656726,
        0.2767351459232447,
        0.35861278267772484,
        0.32865833354717405,
        0.3533527785060377,
        0.3514651277350737,
        0.3751981215475915,
        0.41989811436263114,
        0.4183626721623273,
        0.4156433500128901
    ],
    "val_loss": [
        1.316162109375,
        1.2353619262576103,
        1.1501808191339176,
        0.963514156639576,
        1.2129335602124531,
        1.154003565510114,
        1.3733038567006588,
        1.075682019193967,
        0.9962376902500788,
        0.993780660132567,
        1.0642041489481926,
        1.4455165540178616,
        1.0043125115334988,
        1.0675001696993907,
        1.799408291776975,
        0.9420669004321098,
        1.7150333921114604,
        0.9844166934490204,
        0.9664535870154699,
        1.22684479256471,
        0.9812262443204721,
        1.0925785154104233,
        1.0624507268269856,
        1.0489450587580602,
        1.3663789716859658,
        1.0148294667402904,
        1.0140186995267868,
        0.9918580676118532,
        1.008292165895303,
        1.065353274345398
    ],
    "val_acc": [
        0.9693593314763231,
        0.8356545961002786,
        0.8384401114206128,
        0.8467966573816156,
        0.8607242339832869,
        0.8774373259052924,
        0.8467966573816156,
        0.8245125348189415,
        0.9025069637883009,
        0.8272980501392758,
        0.8913649025069638,
        0.8662952646239555,
        0.8607242339832869,
        0.8356545961002786,
        0.9052924791086351,
        0.8969359331476323,
        0.8997214484679665,
        0.8050139275766016,
        0.8774373259052924,
        0.8662952646239555,
        0.9108635097493036,
        0.8857938718662952,
        0.8579387186629527,
        0.8579387186629527,
        0.8774373259052924,
        0.841225626740947,
        0.8969359331476323,
        0.883008356545961,
        0.8189415041782729,
        0.8635097493036211
    ],
    "val_f1": [
        0.0,
        0.1917808219178082,
        0.19444444444444445,
        0.2028985507246377,
        0.21875,
        0.2413793103448276,
        0.2028985507246377,
        0.18181818181818182,
        0.2857142857142857,
        0.18421052631578946,
        0.2641509433962264,
        0.22580645161290322,
        0.21875,
        0.1917808219178082,
        0.2916666666666667,
        0.27450980392156865,
        0.28,
        0.16666666666666666,
        0.2413793103448276,
        0.22580645161290322,
        0.2727272727272727,
        0.2545454545454545,
        0.2153846153846154,
        0.2153846153846154,
        0.2413793103448276,
        0.19718309859154928,
        0.27450980392156865,
        0.19230769230769232,
        0.15584415584415584,
        0.1694915254237288
    ],
    "val_mcc": [
        0.0,
        0.21808626280191282,
        0.22081603723530532,
        0.2293602022675043,
        0.24494732240686046,
        0.2664086651049146,
        0.2293602022675043,
        0.2076982369359241,
        0.30658700877047873,
        0.21021968418986614,
        0.28729324815657487,
        0.25172908805175714,
        0.24494732240686046,
        0.21808626280191282,
        0.311848460501136,
        0.29661151037309547,
        0.3015118999695019,
        0.19127829820054845,
        0.2664086651049146,
        0.25172908805175714,
        0.27908972729885373,
        0.278557250662498,
        0.2416808338069013,
        0.2416808338069013,
        0.2664086651049146,
        0.2236033137527942,
        0.29661151037309547,
        0.19024261887976654,
        0.16597262582232772,
        0.1676061063533187
    ]
}