{
    "accuracy": 0.9035153514573381,
    "precision": 0.20256351597815012,
    "recall": 0.7145454545454546,
    "f1": 0.3120871214522821,
    "auc": 0.8717084639498432,
    "mcc": 0.34494279350885815
}