{
    "0.3": {
        "threshold": 0.3,
        "precision": 0.17429120537913018,
        "recall": 0.7727272727272727,
        "f1": 0.28211965359650676,
        "mcc": 0.3291358573210642,
        "auc": 0.8724399164054336
    },
    "0.4": {
        "threshold": 0.4,
        "precision": 0.18586642582696827,
        "recall": 0.7527272727272727,
        "f1": 0.2959329140461216,
        "mcc": 0.3378330297179505,
        "auc": 0.8724399164054336
    },
    "0.5": {
        "threshold": 0.5,
        "precision": 0.20255928197104667,
        "recall": 0.7145454545454546,
        "f1": 0.31203556197664606,
        "mcc": 0.3449073370845371,
        "auc": 0.8724399164054336
    }
}