{
    "0.3": {
        "threshold": 0.3,
        "precision": 0.21498023715415018,
        "recall": 0.6381818181818182,
        "f1": 0.3186229928220775,
        "mcc": 0.3364417418423632,
        "auc": 0.8168913270637409
    },
    "0.4": {
        "threshold": 0.4,
        "precision": 0.22937807051867312,
        "recall": 0.6381818181818182,
        "f1": 0.33430069930069933,
        "mcc": 0.3501743830221535,
        "auc": 0.8168913270637409
    },
    "0.5": {
        "threshold": 0.5,
        "precision": 0.24106060606060603,
        "recall": 0.62,
        "f1": 0.34099039119912744,
        "mcc": 0.3532337092979574,
        "auc": 0.8168913270637409
    }
}