{
    "0.3": {
        "threshold": 0.3,
        "precision": 0.19836182117541998,
        "recall": 0.7145454545454546,
        "f1": 0.30992489585166927,
        "mcc": 0.343627423123261,
        "auc": 0.868098223615465
    },
    "0.4": {
        "threshold": 0.4,
        "precision": 0.213599679819192,
        "recall": 0.6763636363636364,
        "f1": 0.3214794466759142,
        "mcc": 0.3464191255096025,
        "auc": 0.868098223615465
    },
    "0.5": {
        "threshold": 0.5,
        "precision": 0.23155067155067152,
        "recall": 0.6763636363636364,
        "f1": 0.34000229064798904,
        "mcc": 0.36251854269718853,
        "auc": 0.868098223615465
    }
}