{
    "accuracy": 0.8997772828507795,
    "precision": 0.11904761904761904,
    "recall": 0.38461538461538464,
    "f1": 0.18181818181818182,
    "auc": 0.8770289343683839,
    "mcc": 0.17260628616098492
}