{
    "train_loss": [
        1.5885537144812671,
        1.735601622949947,
        0.8990269641984593,
        0.922261343760924,
        0.8629397079348564,
        1.0041130970824848,
        0.9210123162377964,
        0.895269897851077,
        0.7390342923727903,
        0.7340342504057017,
        0.7361593009396032,
        0.7149935168298808,
        0.6817863302474673,
        0.6922677152536132,
        0.6327988634055312,
        0.6335363462567329,
        0.6465155997059562,
        0.6378355452960188,
        0.6340646134181456,
        0.6041468591852621,
        0.60432864386927,
        0.6228221891955896
    ],
    "train_acc": [
        0.9586305278174037,
        0.8523537803138374,
        0.7503566333808844,
        0.7881597717546363,
        0.7931526390870185,
        0.7496433666191156,
        0.782453637660485,
        0.7724679029957204,
        0.7817403708987162,
        0.7952924393723253,
        0.7724679029957204,
        0.818830242510699,
        0.8002853067047075,
        0.7952924393723253,
        0.8202567760342369,
        0.8288159771754636,
        0.8281027104136948,
        0.818830242510699,
        0.8459343794579173,
        0.81169757489301,
        0.8452211126961484,
        0.8309557774607703
    ],
    "train_f1": [
        0.03333333333333333,
        0.1686746987951807,
        0.15458937198067632,
        0.17270194986072424,
        0.18994413407821228,
        0.145985401459854,
        0.16893732970027248,
        0.17142857142857143,
        0.18617021276595744,
        0.19154929577464788,
        0.17571059431524547,
        0.1910828025477707,
        0.20454545454545456,
        0.20055710306406685,
        0.2222222222222222,
        0.23076923076923078,
        0.23003194888178913,
        0.21604938271604937,
        0.23404255319148937,
        0.21428571428571427,
        0.24390243902439024,
        0.23300970873786409
    ],
    "train_mcc": [
        0.016269685771497157,
        0.1776569827004673,
        0.20206119496602198,
        0.21936489084112937,
        0.2502654378547533,
        0.18421674341842295,
        0.2151160682533218,
        0.22568360033079368,
        0.2501954984003095,
        0.2520020631917293,
        0.23448787589700967,
        0.2353667640676902,
        0.2741382504510986,
        0.2699087997550236,
        0.2923978099862355,
        0.3009741417206775,
        0.3002402025832241,
        0.28185105731442245,
        0.29119020162515874,
        0.28429237572162225,
        0.30947027213311634,
        0.3031979272332041
    ],
    "val_loss": [
        1.377109554680911,
        1.078492221507159,
        0.9983306689695879,
        0.8761670752005144,
        0.8509176752784036,
        1.1020603708245538,
        1.1407105109908364,
        0.9923254170201041,
        1.6148895160718397,
        0.8622810596769507,
        1.045081295750358,
        1.0403773242777044,
        1.12311190366745,
        1.002432869239287,
        1.1410924412987449,
        1.0366726571863347,
        1.0174429443749515,
        1.1748170446265827,
        1.0543094223195857,
        1.0697333338585766,
        1.2143269696018912,
        1.094311754811894
    ],
    "val_acc": [
        0.9714285714285714,
        0.7342857142857143,
        0.5714285714285714,
        0.7085714285714285,
        0.7,
        0.8142857142857143,
        0.8685714285714285,
        0.7714285714285715,
        0.8571428571428571,
        0.6942857142857143,
        0.8457142857142858,
        0.7771428571428571,
        0.8257142857142857,
        0.7942857142857143,
        0.84,
        0.7971428571428572,
        0.78,
        0.8428571428571429,
        0.8257142857142857,
        0.8342857142857143,
        0.8428571428571429,
        0.8371428571428572
    ],
    "val_f1": [
        0.0,
        0.1308411214953271,
        0.11764705882352941,
        0.13559322033898305,
        0.1322314049586777,
        0.17721518987341772,
        0.23333333333333334,
        0.14893617021276595,
        0.21875,
        0.13008130081300814,
        0.20588235294117646,
        0.15217391304347827,
        0.18666666666666668,
        0.16279069767441862,
        0.2,
        0.16470588235294117,
        0.15384615384615385,
        0.2028985507246377,
        0.18666666666666668,
        0.19444444444444445,
        0.2028985507246377,
        0.19718309859154928
    ],
    "val_mcc": [
        0.0,
        0.1620227985017175,
        0.1868862503991005,
        0.1824607382218316,
        0.17794541660425955,
        0.21676816638064553,
        0.2730546163854619,
        0.1847166127834302,
        0.2590903115793027,
        0.17501030347093,
        0.24643178653193412,
        0.18857053042070634,
        0.22680568608982632,
        0.20084691646493416,
        0.240523572465209,
        0.2030076875690209,
        0.19053981538254566,
        0.24344507072784838,
        0.22680568608982632,
        0.23486567076034714,
        0.24344507072784838,
        0.23766461475516124
    ]
}