{
    "train_loss": [
        1.343660832806067,
        1.2955113913525234,
        0.9507904194972732,
        1.0867295427755876,
        0.9656497998671099,
        0.8029880415309559,
        0.7495879828929901,
        0.8541148602962494,
        0.7651263658295978,
        0.7697838842868805,
        0.7349285158244047,
        0.7202787832780317,
        0.6761677874760195,
        0.6856550777500326,
        0.7117929296060042,
        0.6151864948597822,
        0.5907962986014106,
        0.6158485937524926,
        0.7595074644142931,
        0.6162784394215454,
        0.5847675969654863,
        0.5553233203562823,
        0.5624141235920516
    ],
    "train_acc": [
        0.9607703281027105,
        0.9350927246790299,
        0.7482168330955777,
        0.7653352353780314,
        0.8259629101283881,
        0.7553495007132668,
        0.7938659058487875,
        0.7432239657631954,
        0.8059914407988588,
        0.7796005706134094,
        0.8223965763195435,
        0.8081312410841655,
        0.8466476462196861,
        0.8038516405135521,
        0.8445078459343794,
        0.855206847360913,
        0.8473609129814551,
        0.8944365192582026,
        0.854493580599144,
        0.8773181169757489,
        0.8823109843081313,
        0.890870185449358,
        0.8980028530670471
    ],
    "train_f1": [
        0.03508771929824561,
        0.11650485436893204,
        0.11528822055137844,
        0.14545454545454545,
        0.18666666666666668,
        0.1774580335731415,
        0.19498607242339833,
        0.1588785046728972,
        0.19047619047619047,
        0.1889763779527559,
        0.219435736677116,
        0.20648967551622419,
        0.22939068100358423,
        0.2028985507246377,
        0.22695035460992907,
        0.2397003745318352,
        0.24113475177304963,
        0.3018867924528302,
        0.25,
        0.2833333333333333,
        0.2978723404255319,
        0.32,
        0.33488372093023255
    ],
    "train_mcc": [
        0.021206853198364614,
        0.086212227514958,
        0.12164928737180518,
        0.1764938099471464,
        0.22280941137964244,
        0.24848732838867094,
        0.2598000179722447,
        0.21479851879401654,
        0.2427489605759137,
        0.25736574420521985,
        0.28529366810382045,
        0.27198653403925405,
        0.2823549389715889,
        0.2682213367215588,
        0.279969955296219,
        0.2923120558137838,
        0.30241044795409844,
        0.3492627201911736,
        0.31090222221515007,
        0.3418343445282089,
        0.35954688814759267,
        0.3838725951340182,
        0.39689357338107684
    ],
    "val_loss": [
        1.3311406536535784,
        2.2456594841046766,
        0.9053638794205405,
        0.9508236375722018,
        0.8962609605355696,
        0.9908350706100464,
        1.1246476606889204,
        1.0272275385531513,
        1.0215046378699215,
        0.9329323687336661,
        1.0770768956704573,
        1.006697578863664,
        1.0451586544513702,
        0.8562378070571206,
        1.0531671765175732,
        1.1211633709343998,
        1.24979689988223,
        0.8253373882987283,
        0.8536386679519307,
        1.306185026060451,
        1.1187028695236554,
        1.0073948096145282,
        1.3405329273505644
    ],
    "val_acc": [
        0.9714285714285714,
        0.7885714285714286,
        0.9228571428571428,
        0.7628571428571429,
        0.7114285714285714,
        0.8057142857142857,
        0.86,
        0.8828571428571429,
        0.8028571428571428,
        0.7914285714285715,
        0.7428571428571429,
        0.8285714285714286,
        0.8371428571428572,
        0.8285714285714286,
        0.8371428571428572,
        0.8542857142857143,
        0.8828571428571429,
        0.7714285714285715,
        0.8314285714285714,
        0.8771428571428571,
        0.8714285714285714,
        0.88,
        0.88
    ],
    "val_f1": [
        0.0,
        0.1590909090909091,
        0.18181818181818182,
        0.14432989690721648,
        0.13675213675213677,
        0.17073170731707318,
        0.2222222222222222,
        0.2545454545454545,
        0.1686746987951807,
        0.16091954022988506,
        0.1346153846153846,
        0.1891891891891892,
        0.19718309859154928,
        0.1891891891891892,
        0.19718309859154928,
        0.2153846153846154,
        0.2545454545454545,
        0.1836734693877551,
        0.16901408450704225,
        0.24561403508771928,
        0.18181818181818182,
        0.16,
        0.16
    ],
    "val_mcc": [
        0.0,
        0.19662795356948198,
        0.16215733547061323,
        0.17913486793425346,
        0.18399737151651294,
        0.20970944864701777,
        0.26244941600376454,
        0.29277525006070587,
        0.20743769298737968,
        0.19872071317017515,
        0.16693737467072028,
        0.22943840389216474,
        0.23766461475516124,
        0.22943840389216474,
        0.23766461475516124,
        0.25581251631975727,
        0.29277525006070587,
        0.2563860650359407,
        0.19245667173108166,
        0.2845479679531136,
        0.1903039125394588,
        0.15401027590842434,
        0.15401027590842434
    ]
}