{
    "train_loss": [
        1.5911725102500482,
        1.2129861819134518,
        0.923949652097442,
        0.9265194914557717,
        0.8797057745131579,
        0.9712707603519614,
        0.8419422629204664,
        0.87445453080264,
        0.9677637192335996,
        0.8362154242667285,
        0.8781059756875038,
        0.8635832423513586,
        0.8767476298592307,
        0.8084747500040315,
        0.8108443434942852,
        0.9219628159295429,
        0.8253538744016127,
        0.7327730571004477,
        0.753941414708441,
        0.6936355090954087,
        0.6604784307154742,
        0.7158831256357107,
        0.6627926928075877,
        0.6001953922889449,
        0.5612698492001403,
        0.6564332568510012,
        0.5587215169586919,
        0.5689705027775331,
        0.5710308643227274,
        0.5240663706578992,
        0.5716601572930813
    ],
    "train_acc": [
        0.9679029957203994,
        0.8231098430813124,
        0.8259629101283881,
        0.7696148359486448,
        0.7910128388017118,
        0.818830242510699,
        0.7981455064194009,
        0.7589158345221113,
        0.8174037089871612,
        0.8067047075606276,
        0.8166904422253923,
        0.8074179743223966,
        0.7981455064194009,
        0.8359486447931527,
        0.8452211126961484,
        0.8666191155492154,
        0.869472182596291,
        0.8609129814550642,
        0.8388017118402282,
        0.8780313837375179,
        0.884450784593438,
        0.8837375178316691,
        0.8994293865905849,
        0.9037089871611983,
        0.9172610556348074,
        0.9194008559201141,
        0.9243937232524965,
        0.9172610556348074,
        0.9300998573466477,
        0.9215406562054208,
        0.9293865905848787
    ],
    "train_f1": [
        0.0425531914893617,
        0.13286713286713286,
        0.18666666666666668,
        0.16966580976863754,
        0.1792717086834734,
        0.17532467532467533,
        0.19373219373219372,
        0.1796116504854369,
        0.18471337579617833,
        0.19584569732937684,
        0.17363344051446947,
        0.20118343195266272,
        0.1844380403458213,
        0.21768707482993196,
        0.2222222222222222,
        0.23673469387755103,
        0.23430962343096234,
        0.2471042471042471,
        0.2206896551724138,
        0.26609442060085836,
        0.2894736842105263,
        0.28820960698689957,
        0.3253588516746411,
        0.3147208121827411,
        0.35555555555555557,
        0.35428571428571426,
        0.3977272727272727,
        0.3763440860215054,
        0.40963855421686746,
        0.3888888888888889,
        0.41420118343195267
    ],
    "train_mcc": [
        0.05347102493886404,
        0.13193323169160007,
        0.22280941137964244,
        0.22366185148638526,
        0.23057920553568811,
        0.20691440491687732,
        0.2543509833287899,
        0.250952034208247,
        0.22467624658225585,
        0.2525177309923421,
        0.20509229733405135,
        0.2622635174595674,
        0.23624220924899383,
        0.2708098896340579,
        0.27107875756561367,
        0.2765396171376976,
        0.26997520819221826,
        0.29935311150352134,
        0.2737981976996632,
        0.3125818070568217,
        0.3428041889207885,
        0.3416687352372396,
        0.3791525749496481,
        0.3559044433847459,
        0.39570183525041697,
        0.3899282529893437,
        0.44561763165984103,
        0.42761849152635717,
        0.4507717238260201,
        0.4381969691470914,
        0.45938996561502127
    ],
    "val_loss": [
        1.3859248120676388,
        0.9644816842946139,
        0.9477224891835992,
        0.9167877787893469,
        1.01558978991075,
        0.9182167595083063,
        0.9518328200687062,
        1.004037540067326,
        1.0219455523924394,
        0.8405533866448835,
        0.8558410812507976,
        0.9127487323500894,
        0.8749344592744653,
        0.8558287891474637,
        0.9127486510710283,
        0.911015277559107,
        0.8678770661354065,
        0.8445649932731282,
        0.8262480470267209,
        0.9004796391183679,
        0.8635324483568018,
        0.8369101881980896,
        0.9148175039074637,
        1.0461598160591992,
        1.4159091413021088,
        0.8562628572637384,
        0.9654139686714519,
        0.9095186672427438,
        0.8683283559300683,
        0.9803388200022958,
        0.8818582052534277
    ],
    "val_acc": [
        0.9628571428571429,
        0.8771428571428571,
        0.8057142857142857,
        0.8428571428571429,
        0.86,
        0.7085714285714285,
        0.6542857142857142,
        0.8371428571428572,
        0.8314285714285714,
        0.7628571428571429,
        0.7828571428571428,
        0.7114285714285714,
        0.86,
        0.8514285714285714,
        0.86,
        0.8885714285714286,
        0.8314285714285714,
        0.8114285714285714,
        0.8571428571428571,
        0.8628571428571429,
        0.8857142857142857,
        0.8685714285714285,
        0.8942857142857142,
        0.9,
        0.92,
        0.8942857142857142,
        0.8971428571428571,
        0.8857142857142857,
        0.8971428571428571,
        0.9171428571428571,
        0.8857142857142857
    ],
    "val_f1": [
        0.0,
        0.24561403508771928,
        0.17073170731707318,
        0.2028985507246377,
        0.2222222222222222,
        0.13559322033898305,
        0.11678832116788321,
        0.19718309859154928,
        0.16901408450704225,
        0.14432989690721648,
        0.15555555555555556,
        0.13675213675213677,
        0.19672131147540983,
        0.21212121212121213,
        0.2222222222222222,
        0.2641509433962264,
        0.1917808219178082,
        0.175,
        0.21875,
        0.2,
        0.23076923076923078,
        0.20689655172413793,
        0.24489795918367346,
        0.2222222222222222,
        0.2631578947368421,
        0.2127659574468085,
        0.21739130434782608,
        0.2,
        0.21739130434782608,
        0.2564102564102564,
        0.2
    ],
    "val_mcc": [
        -0.015946171531317086,
        0.2845479679531136,
        0.20970944864701777,
        0.24344507072784838,
        0.26244941600376454,
        0.1824607382218316,
        0.1559185115804134,
        0.23766461475516124,
        0.19245667173108166,
        0.17913486793425346,
        0.19253851155385138,
        0.18399737151651294,
        0.22081927699803477,
        0.2526124011407279,
        0.26244941600376454,
        0.3015147033882056,
        0.23212435306908474,
        0.21437323142813605,
        0.2590903115793027,
        0.22404481344448157,
        0.2533201985524494,
        0.23075518371439352,
        0.26628343697530177,
        0.2286647801900118,
        0.26550391214769115,
        0.21992094706158669,
        0.22421221407261632,
        0.20791387247637289,
        0.22421221407261632,
        0.2595146515807286,
        0.20791387247637289
    ]
}