{
    "train_loss": [
        1.478405785831538,
        1.156225504522974,
        1.0132128857076168,
        0.8830498097972437,
        1.4031585099344903,
        1.3308814384720542,
        1.2397056059403853,
        1.0543226586146788,
        0.9670181653716348,
        0.810463044453751,
        0.8517978963526812,
        0.7620603089982813,
        0.7388254498893564,
        0.7836787775158882,
        0.7229030731726777,
        0.7919168255545876,
        0.6931199925866994,
        0.7430773307992653,
        0.7037113515490835,
        0.8057104858823798,
        0.6859113276004791,
        0.6454948918385939,
        0.6602544821798801
    ],
    "train_acc": [
        0.9643366619115549,
        0.8131241084165478,
        0.8131241084165478,
        0.7061340941512125,
        0.9136947218259629,
        0.9543509272467903,
        0.9072753209700428,
        0.884450784593438,
        0.8751783166904422,
        0.8701854493580599,
        0.8580599144079886,
        0.8830242510699001,
        0.8794579172610556,
        0.8616262482168331,
        0.8687589158345221,
        0.8573466476462197,
        0.8894436519258203,
        0.8659058487874465,
        0.8537803138373752,
        0.8773181169757489,
        0.8437945791726106,
        0.8687589158345221,
        0.8673323823109843
    ],
    "train_f1": [
        0.0,
        0.1437908496732026,
        0.19135802469135801,
        0.13807531380753138,
        0.15384615384615385,
        0.058823529411764705,
        0.17721518987341772,
        0.19801980198019803,
        0.2290748898678414,
        0.2540983606557377,
        0.24334600760456274,
        0.28695652173913044,
        0.28085106382978725,
        0.2421875,
        0.2755905511811024,
        0.24242424242424243,
        0.2986425339366516,
        0.248,
        0.2490842490842491,
        0.2711864406779661,
        0.2525597269624573,
        0.2868217054263566,
        0.2677165354330709
    ],
    "train_mcc": [
        -0.01395110355169288,
        0.15408117675752117,
        0.23966404662717017,
        0.1848044300869317,
        0.13066929809281305,
        0.03728443962893884,
        0.16192166064118393,
        0.20304144921323636,
        0.2565902392874374,
        0.3015163009900148,
        0.2957898839599078,
        0.3405415905193154,
        0.33502676278603394,
        0.290335442767814,
        0.3393140751968483,
        0.29491256967366386,
        0.35099459224898943,
        0.29581756275994964,
        0.3100308605979305,
        0.3217136045841095,
        0.3266759929728793,
        0.3587782137579061,
        0.3275204779182708
    ],
    "val_loss": [
        1.2536129680546848,
        1.1752137514677914,
        1.01518175276843,
        1.180295234376734,
        1.4342778758569197,
        1.2993563955480403,
        1.1514982201836326,
        1.0518991459499707,
        0.9271797321059487,
        0.9204498827457428,
        0.9462915144183419,
        0.9685836285352707,
        0.8981117308139801,
        0.9048238694667816,
        0.9148387638005343,
        0.9061889702623541,
        0.8824115124615756,
        0.9337757717479359,
        1.1180812066251582,
        1.1377307664264331,
        0.8510875376788053,
        0.9012877914038572,
        0.8895981745286421
    ],
    "val_acc": [
        0.9714285714285714,
        0.8742857142857143,
        0.6171428571428571,
        0.7714285714285715,
        0.92,
        0.9542857142857143,
        0.8514285714285714,
        0.9142857142857143,
        0.8171428571428572,
        0.82,
        0.8457142857142858,
        0.88,
        0.7885714285714286,
        0.8257142857142857,
        0.7828571428571428,
        0.82,
        0.8314285714285714,
        0.8257142857142857,
        0.86,
        0.7628571428571429,
        0.7914285714285715,
        0.8171428571428572,
        0.7914285714285715
    ],
    "val_f1": [
        0.0,
        0.15384615384615385,
        0.11842105263157894,
        0.16666666666666666,
        0.06666666666666667,
        0.0,
        0.21212121212121213,
        0.25,
        0.1794871794871795,
        0.18181818181818182,
        0.18181818181818182,
        0.2222222222222222,
        0.1590909090909091,
        0.18666666666666668,
        0.15555555555555556,
        0.18181818181818182,
        0.1917808219178082,
        0.1643835616438356,
        0.1694915254237288,
        0.16161616161616163,
        0.1411764705882353,
        0.15789473684210525,
        0.1411764705882353
    ],
    "val_mcc": [
        0.0,
        0.14777011582226218,
        0.1726357774517308,
        0.22080610777337983,
        0.03166502481905618,
        -0.02264941270834261,
        0.2526124011407279,
        0.2538007652300768,
        0.2192071912187851,
        0.22169195062412572,
        0.20583232685540795,
        0.24534746666621943,
        0.19662795356948198,
        0.22680568608982632,
        0.19253851155385138,
        0.22169195062412572,
        0.23212435306908474,
        0.18748505440195307,
        0.17793025402675675,
        0.21492090058817978,
        0.16121198718716365,
        0.18038145917524326,
        0.16121198718716365
    ]
}