{
    "train_loss": [
        1.5555851716886868,
        1.0683105892755769,
        0.9937823157418858,
        0.893588855185292,
        1.0731536251577465,
        0.9437058696692641,
        0.8770709803158586,
        0.7601013461297209,
        0.8124553188681602,
        0.8661194767125628,
        0.7861310419711199,
        0.764877973632379,
        0.7777328511530702,
        0.6934080184860663,
        0.6898340159519152,
        0.5823327970098365
    ],
    "train_acc": [
        0.9700214132762313,
        0.880085653104925,
        0.8222698072805139,
        0.8658101356174162,
        0.7872947894361171,
        0.8137044967880086,
        0.8179871520342612,
        0.815845824411135,
        0.8265524625267666,
        0.8486795146324054,
        0.8429693076374019,
        0.8515346181299072,
        0.867237687366167,
        0.8708065667380442,
        0.8294075660242684,
        0.880085653104925
    ],
    "train_f1": [
        0.045454545454545456,
        0.24324324324324326,
        0.19935691318327975,
        0.2231404958677686,
        0.17222222222222222,
        0.19195046439628483,
        0.2006269592476489,
        0.21341463414634146,
        0.20846905537459284,
        0.22627737226277372,
        0.2198581560283688,
        0.2463768115942029,
        0.23140495867768596,
        0.2551440329218107,
        0.2364217252396166,
        0.3
    ],
    "train_mcc": [
        0.0835709344396807,
        0.27401775624688773,
        0.24799753627762616,
        0.25511513161642435,
        0.21878470571358946,
        0.2402522459245898,
        0.25340470807026755,
        0.2791201311399032,
        0.2614764175465408,
        0.2750153908793056,
        0.2687160618204164,
        0.30741678671343436,
        0.2671957203879585,
        0.30245886277067435,
        0.31091488534925604,
        0.36606988884014496
    ],
    "val_loss": [
        1.204715522852811,
        0.8536245281046088,
        0.9171728031201796,
        0.8069858713583513,
        0.8314704908566042,
        0.9645968513055281,
        0.7473673197356138,
        0.8090968050739982,
        0.7213888452811674,
        0.8312420628287576,
        0.760658472776413,
        0.7817750681530345,
        0.9525525813752954,
        0.927802714434537,
        1.2454760751940988,
        1.0819985074075786
    ],
    "val_acc": [
        0.9743589743589743,
        0.8176638176638177,
        0.8803418803418803,
        0.7207977207977208,
        0.905982905982906,
        0.6324786324786325,
        0.8547008547008547,
        0.8917378917378918,
        0.8774928774928775,
        0.8547008547008547,
        0.9088319088319088,
        0.9173789173789174,
        0.9259259259259259,
        0.6695156695156695,
        0.9373219373219374,
        0.9002849002849003
    ],
    "val_f1": [
        0.3076923076923077,
        0.2,
        0.25,
        0.15517241379310345,
        0.2978723404255319,
        0.12244897959183673,
        0.23880597014925373,
        0.24,
        0.24561403508771928,
        0.23880597014925373,
        0.2727272727272727,
        0.2564102564102564,
        0.2777777777777778,
        0.13432835820895522,
        0.21428571428571427,
        0.2553191489361702
    ],
    "val_mcc": [
        0.3561572868041237,
        0.2573897434967237,
        0.2887167895601192,
        0.22304848321191925,
        0.3315733166855009,
        0.1789229214944592,
        0.29605459063154327,
        0.2619338625157238,
        0.2846655791613949,
        0.29605459063154327,
        0.2913026397128878,
        0.25961722313600705,
        0.27850670082547757,
        0.19587274698655716,
        0.19309840428808997,
        0.27580799126307115
    ]
}