{
    "train_loss": [
        1.3644776479764418,
        0.8708190321922302,
        0.9999016479335048,
        0.9171456025744026,
        0.841822890395468,
        0.8278694593093612,
        0.8579780330712145,
        0.7646699026226997,
        0.6758273149078543,
        0.6322497236119076,
        0.8206871331415393,
        0.7971598221497103,
        0.6460707262158394,
        0.6914133233102885,
        0.6880744814195416,
        1.3560680643740026,
        0.4660311371765353,
        0.36990672146732156,
        0.3882365413856777,
        0.3237598776309328,
        0.32705594544214284,
        0.28558224134824495,
        0.23176577132703227,
        0.21534564439207315,
        0.21295172358143397,
        0.5577420618554408,
        0.29179877635430207,
        0.2086986190724102,
        0.20755037910897622,
        0.22979264249178497,
        0.18818390379998495,
        0.22341821850700813,
        0.16940582954240116,
        0.16729761084372347,
        0.13960597122257407,
        0.15209103261374615,
        0.15991288193882527,
        0.13211480672047896,
        0.13985446387563238,
        0.14213234412653203,
        0.1317131515507671,
        0.14003060889345678,
        0.13589756917314266,
        0.1475084457461807,
        0.13023252647194153,
        0.12886582018638199,
        0.13676334983161229,
        0.13145952228329738,
        0.12191116018220782,
        0.12686053997921673
    ],
    "train_acc": [
        0.9586009992862241,
        0.8094218415417559,
        0.8122769450392576,
        0.8308351177730193,
        0.828693790149893,
        0.8072805139186295,
        0.814418272662384,
        0.8429693076374019,
        0.8436830835117773,
        0.8236973590292648,
        0.780870806566738,
        0.7865810135617416,
        0.8408279800142755,
        0.7880085653104925,
        0.8536759457530335,
        0.8836545324768023,
        0.8915060670949322,
        0.9129193433261956,
        0.9214846538187009,
        0.9243397573162027,
        0.9193433261955746,
        0.9357601713062098,
        0.947180585296217,
        0.9550321199143469,
        0.9521770164168452,
        0.875089221984297,
        0.92790863668808,
        0.953604568165596,
        0.9521770164168452,
        0.9400428265524625,
        0.9628836545324768,
        0.9514632405424697,
        0.9671663097787295,
        0.961456102783726,
        0.9721627408993576,
        0.9685938615274804,
        0.966452533904354,
        0.9671663097787295,
        0.9685938615274804,
        0.966452533904354,
        0.9714489650249821,
        0.9707351891506067,
        0.9685938615274804,
        0.9714489650249821,
        0.9735902926481085,
        0.9728765167737331,
        0.9728765167737331,
        0.9714489650249821,
        0.9757316202712348,
        0.9721627408993576
    ],
    "train_f1": [
        0.03333333333333333,
        0.1834862385321101,
        0.21021021021021022,
        0.21782178217821782,
        0.21052631578947367,
        0.20118343195266272,
        0.21212121212121213,
        0.21428571428571427,
        0.23693379790940766,
        0.21587301587301588,
        0.18133333333333335,
        0.1763085399449036,
        0.2229965156794425,
        0.19946091644204852,
        0.259927797833935,
        0.30042918454935624,
        0.3333333333333333,
        0.39,
        0.4148936170212766,
        0.43010752688172044,
        0.41450777202072536,
        0.4578313253012048,
        0.5256410256410257,
        0.5594405594405595,
        0.54421768707483,
        0.308300395256917,
        0.44808743169398907,
        0.5517241379310345,
        0.5379310344827586,
        0.4878048780487805,
        0.6060606060606061,
        0.5466666666666666,
        0.640625,
        0.6029411764705882,
        0.6776859504132231,
        0.6507936507936508,
        0.6356589147286822,
        0.640625,
        0.6451612903225806,
        0.6356589147286822,
        0.6721311475409836,
        0.6666666666666666,
        0.6507936507936508,
        0.6721311475409836,
        0.6890756302521008,
        0.6833333333333333,
        0.6833333333333333,
        0.6721311475409836,
        0.7068965517241379,
        0.6776859504132231
    ],
    "train_mcc": [
        0.01625541944132379,
        0.22725744752179095,
        0.2758176083154694,
        0.27513405313954775,
        0.26356878443200027,
        0.26222726387102946,
        0.277790102113223,
        0.2590063329422003,
        0.2983093604300674,
        0.2773976398340044,
        0.24076591945455147,
        0.22724751937657517,
        0.27604817933054016,
        0.27287581999974286,
        0.329195453544338,
        0.3618110877377487,
        0.40503917479057044,
        0.4585691939252726,
        0.47948460875078935,
        0.4971119206671982,
        0.48409958198696995,
        0.5101768067338625,
        0.5806227365065353,
        0.6033227742938452,
        0.5908686378655604,
        0.38755819101454697,
        0.5170007427653117,
        0.597008418691626,
        0.5808540461138493,
        0.5447098935670425,
        0.6415916321372568,
        0.5977787630397089,
        0.6747774030082421,
        0.6437722613302039,
        0.7055517761465344,
        0.6831891428032874,
        0.6706771360763799,
        0.6747774030082421,
        0.6739582519919263,
        0.6706771360763799,
        0.7009175436883492,
        0.6963666208171061,
        0.6831891428032874,
        0.7009175436883492,
        0.7150807630873288,
        0.7102719372674771,
        0.7102719372674771,
        0.7009175436883492,
        0.7300684899377592,
        0.7055517761465344
    ],
    "val_loss": [
        0.91735393892635,
        0.8443131392652338,
        0.8632404072718187,
        0.807198399847204,
        0.8228103843602267,
        0.7946308106184006,
        0.8369051543149081,
        0.8525575020096519,
        0.7650706334547563,
        1.1830519038167866,
        0.8795881488106467,
        0.9476257183335044,
        0.9358548847111788,
        0.9953730837865309,
        1.0416832783005454,
        0.9115017598325555,
        1.4089585041457957,
        1.9364412081512539,
        2.2626223767345603,
        4.088785603981126,
        2.7904010472649876,
        2.7039811435070904,
        3.090696047991514,
        2.8050900982184843,
        3.719804224473509,
        2.570985342968594,
        2.915178313174031,
        2.7805698195641693,
        2.5194601243869825,
        3.3073871498927474,
        3.215052144093947,
        3.5006577538495716,
        3.4820459454574366,
        3.4919984713196754,
        3.5816623912277548,
        3.700667745349082,
        3.3636854604225266,
        3.9066964613104407,
        3.319241300225258,
        3.7552542041309853,
        3.9192816898734733,
        3.7646780535578728,
        3.987749898128889,
        3.8310129181905226,
        3.917496032674204,
        3.9970349100503055,
        4.021020301871679,
        4.060579327040944,
        3.985064058141275,
        4.0675388583913445
    ],