{
    "train_loss": [
        2.131672025404193,
        1.108073745261539,
        1.1002939533103595,
        0.9976241954348304,
        1.0044278678568928,
        1.0264869115569375,
        0.9301932007074356,
        1.0240874947472052,
        0.9020904912190004,
        0.7908269214359197,
        0.910997901450504,
        0.7746541974219409,
        0.8118584806268866,
        0.8463411283763972,
        0.724426000633023,
        0.6702638901770115,
        0.8863375776193358,
        0.7498665743253448,
        0.6719337766143408,
        0.8693940869786523,
        0.7597596001895991,
        0.5989172418009151,
        0.4929208709773692,
        0.6704233993606811,
        0.6120272156867114
    ],
    "train_acc": [
        0.960028551034975,
        0.7930049964311207,
        0.6980728051391863,
        0.8693790149892934,
        0.6516773733047823,
        0.7865810135617416,
        0.7259100642398287,
        0.8037116345467523,
        0.8122769450392576,
        0.841541755888651,
        0.8665239114917915,
        0.8479657387580299,
        0.8344039971448965,
        0.8736616702355461,
        0.894361170592434,
        0.9086366880799429,
        0.8629550321199143,
        0.854389721627409,
        0.9000713775874375,
        0.8515346181299072,
        0.8586723768736617,
        0.9079229122055674,
        0.8772305496074233,
        0.8736616702355461,
        0.8715203426124197
    ],
    "train_f1": [
        0.034482758620689655,
        0.14705882352941177,
        0.14198782961460446,
        0.23430962343096234,
        0.13167259786476868,
        0.18528610354223432,
        0.1615720524017467,
        0.1887905604719764,
        0.2006079027355623,
        0.22377622377622378,
        0.19742489270386265,
        0.21978021978021978,
        0.2214765100671141,
        0.26556016597510373,
        0.28846153846153844,
        0.3191489361702128,
        0.232,
        0.23880597014925373,
        0.3137254901960784,
        0.22388059701492538,
        0.2556390977443609,
        0.34517766497461927,
        0.29508196721311475,
        0.2716049382716049,
        0.2857142857142857
    ],
    "train_mcc": [
        0.01943653169387051,
        0.1679573282449704,
        0.19723266756218968,
        0.2699437145999493,
        0.1906059197514778,
        0.24514009130770856,
        0.22966925141624114,
        0.24090554480752951,
        0.25749496439269354,
        0.27681755947149395,
        0.21403837906619827,
        0.26443028687034953,
        0.27879090168705095,
        0.3165284466219939,
        0.3282129180580486,
        0.3551156991865109,
        0.2720137543915321,
        0.2914242765353097,
        0.3596397202620376,
        0.26843846871400256,
        0.3162107991329251,
        0.39626821339558527,
        0.3616415898238672,
        0.32657020970752687,
        0.3531378882414733
    ],
    "val_loss": [
        0.9865859015421434,
        0.9584596807306464,
        0.9619038254022598,
        0.9711931889707391,
        0.9356751116839322,
        0.9665872725573453,
        0.8669819208708677,
        0.8398143161426891,
        0.8756480975584551,
        0.856815820390528,
        0.8649903806773099,
        0.8423496105454185,
        0.9757634022019126,
        0.7559353113174438,
        0.7864762517538938,
        0.8859535374424674,
        0.8575206859545275,
        0.999473742463372,
        0.9432170363989744,
        0.923579519445246,
        0.956602768464522,
        1.1541989066384055,
        1.2220383049412207,
        1.0975388992916455,
        1.2207466065883636
    ],
    "val_acc": [
        0.9715099715099715,
        0.5441595441595442,
        0.8347578347578347,
        0.7094017094017094,
        0.7037037037037037,
        0.6552706552706553,
        0.7549857549857549,
        0.8660968660968661,
        0.7692307692307693,
        0.9572649572649573,
        0.8803418803418803,
        0.9259259259259259,
        0.8433048433048433,
        0.8660968660968661,
        0.9116809116809117,
        0.905982905982906,
        0.8290598290598291,
        0.8746438746438746,
        0.8347578347578347,
        0.8062678062678063,
        0.9173789173789174,
        0.811965811965812,
        0.9145299145299145,
        0.8262108262108262,
        0.905982905982906
    ],
    "val_f1": [
        0.0,
        0.1111111111111111,
        0.21621621621621623,
        0.15,
        0.14754098360655737,
        0.12949640287769784,
        0.1568627450980392,
        0.25396825396825395,
        0.16494845360824742,
        0.4,
        0.19230769230769232,
        0.23529411764705882,
        0.2028985507246377,
        0.2033898305084746,
        0.24390243902439024,
        0.23255813953488372,
        0.16666666666666666,
        0.21428571428571427,
        0.17142857142857143,
        0.15,
        0.2564102564102564,
        0.175,
        0.25,
        0.18666666666666668,
        0.1951219512195122
    ],
    "val_mcc": [
        0.0,
        0.17670044256682566,
        0.2739372887022858,
        0.21655803059576195,
        0.2134185055564582,
        0.18913015109253356,
        0.20945030868375614,
        0.31040625447174064,
        0.21898531557372192,
        0.38715295553065415,
        0.20067819739419568,
        0.22500713695742594,
        0.24358452664487587,
        0.22749018058179168,
        0.248447608978917,
        0.23821392498388191,
        0.19010645078185534,
        0.23797087411915685,
        0.19517566271784612,
        0.1716745632620463,
        0.25961722313600705,
        0.21453215337938503,
        0.2539058225884548,
        0.22695579074292466,
        0.18809805136535307
    ]
}