{
    "accuracy": 0.9417721518987342,
    "precision": 0.21052631578947367,
    "recall": 0.3333333333333333,
    "f1": 0.25806451612903225,
    "auc": 0.8546562228024368,
    "mcc": 0.23594781432272846
}