{
    "train_loss": [
        0.8545260911896115,
        0.7313222118786403,
        0.6776225808120909,
        0.6850855875582922,
        0.6728643022832417,
        0.6424224153161049,
        0.6235263645648956,
        0.609785309504895,
        0.5789624239717212,
        0.6015237800422168,
        0.5134205215034031,
        0.501832182208697,
        0.5045929448235602,
        0.4679521457070396,
        0.4550977654400326,
        0.4511656970495269,
        0.4458298328376952,
        0.42173933273270015,
        0.40723905623668716,
        0.387405222370511,
        0.3954500293447858,
        0.37868957434381756,
        0.3824717721768788,
        0.38146186690954936,
        0.3652899680393083
    ],
    "train_acc": [
        0.831081081081081,
        0.801051051051051,
        0.8423423423423423,
        0.8468468468468469,
        0.8498498498498499,
        0.8603603603603603,
        0.8273273273273273,
        0.8423423423423423,
        0.8460960960960962,
        0.8581081081081081,
        0.8581081081081081,
        0.8453453453453453,
        0.8566066066066066,
        0.8415915915915916,
        0.8408408408408409,
        0.8430930930930931,
        0.8445945945945946,
        0.8513513513513513,
        0.8475975975975976,
        0.8611111111111112,
        0.8536036036036037,
        0.8581081081081081,
        0.8648648648648649,
        0.8558558558558559,
        0.8663663663663663
    ],
    "train_f1": [
        0.460431654676259,
        0.4731610337972167,
        0.5205479452054794,
        0.5299539170506913,
        0.5327102803738317,
        0.5485436893203883,
        0.5085470085470085,
        0.5291479820627802,
        0.5454545454545454,
        0.5573770491803278,
        0.5714285714285714,
        0.5598290598290598,
        0.5568445475638051,
        0.5613305613305614,
        0.5564853556485355,
        0.5654885654885655,
        0.5678496868475992,
        0.5840336134453782,
        0.5797101449275363,
        0.6038543897216274,
        0.5962732919254659,
        0.6037735849056604,
        0.6120689655172413,
        0.6,
        0.6163793103448276
    ],
    "train_mcc": [
        0.39575745374227617,
        0.4333405117604869,
        0.47627676905638827,
        0.48705035544979103,
        0.48878230892299507,
        0.5040077473057345,
        0.4698420598978848,
        0.48966817883787284,
        0.5122811448050003,
        0.5195149395004518,
        0.5420797318944369,
        0.5371983371222497,
        0.5201314882532285,
        0.5443573206327652,
        0.5367063550747108,
        0.5498961179063336,
        0.5522092437968413,
        0.5724130299750297,
        0.5697124104562752,
        0.594573965409452,
        0.5918239485243635,
        0.5990286770097238,
        0.6039783273370399,
        0.5954048521401064,
        0.609615390679713
    ],
    "val_loss": [
        0.6773164543238553,
        0.6605504642833363,
        0.6507126255468889,
        0.6028825071724978,
        0.7068296670913696,
        0.6096148517998782,
        0.6361358382485129,
        0.6330416392196309,
        0.6888115324757316,
        0.6913028765808452,
        0.738085077567534,
        0.7244559201327238,
        0.7860138497569344,
        0.9135469983924519,
        0.8534497835419395,
        0.8547050221399828,
        0.7321221936832775,
        0.9251538311893289,
        0.9738289822231639,
        1.0616424530744553,
        1.2538123970681971,
        1.1747208481485194,
        1.0785792673175985,
        1.2083209915594622,
        1.327221225608479
    ],
    "val_acc": [
        0.822289156626506,
        0.8734939759036144,
        0.8734939759036144,
        0.8493975903614458,
        0.8795180722891566,
        0.8493975903614458,
        0.8704819277108434,
        0.8403614457831325,
        0.891566265060241,
        0.8795180722891566,
        0.8433734939759037,
        0.8042168674698795,
        0.8463855421686747,
        0.8012048192771084,
        0.8343373493975904,
        0.822289156626506,
        0.7771084337349398,
        0.8433734939759037,
        0.8253012048192772,
        0.8403614457831325,
        0.8433734939759037,
        0.8313253012048193,
        0.8042168674698795,
        0.8373493975903614,
        0.8463855421686747
    ],
    "val_f1": [
        0.512396694214876,
        0.5333333333333333,
        0.5531914893617021,
        0.5454545454545454,
        0.48717948717948717,
        0.5370370370370371,
        0.5376344086021505,
        0.5391304347826087,
        0.5135135135135135,
        0.5918367346938775,
        0.5357142857142857,
        0.49612403100775193,
        0.5405405405405406,
        0.49230769230769234,
        0.4954128440366973,
        0.5203252032520326,
        0.463768115942029,
        0.5094339622641509,
        0.5,
        0.5137614678899083,
        0.5094339622641509,
        0.48148148148148145,
        0.4715447154471545,
        0.49056603773584906,
        0.5048543689320388
    ],
    "val_mcc": [
        0.4835076747587047,
        0.4762868372205797,
        0.5028713653017496,
        0.5115192787428807,
        0.42097705377833444,
        0.49816797205326413,
        0.48343728274015574,
        0.5103507482257943,
        0.4527561721464688,
        0.5537606219782099,
        0.5017112652058192,
        0.4727757145878234,
        0.5065733300497629,
        0.4689095252870525,
        0.4463820790046529,
        0.49711628946624153,
        0.4396920908560442,
        0.46095524413771205,
        0.46039723222971063,
        0.4697720490535078,
        0.46095524413771205,
        0.42764845810143765,
        0.43102875285273695,
        0.43720646371348476,
        0.45220248068231444
    ]
}