{
    "train_loss": [
        0.9885236351262956,
        0.6968596350579035,
        0.6901898213795253,
        0.684609497586886,
        0.6552596319289434,
        0.6432077941440401,
        0.6274441551594507,
        0.6266355216503143,
        0.6146561893678847,
        0.56187606744823,
        0.4928893187925929,
        0.45493868702933904,
        0.46156085069690433,
        0.43827792895691736,
        0.4285789557865688,
        0.3768179909813972,
        0.3730710889878018,
        0.35652910350334077,
        0.363283956689494
    ],
    "train_acc": [
        0.8581081081081081,
        0.8153153153153153,
        0.8303303303303303,
        0.8528528528528528,
        0.8423423423423423,
        0.8483483483483484,
        0.8573573573573574,
        0.8483483483483484,
        0.8603603603603603,
        0.8641141141141141,
        0.8656156156156156,
        0.8738738738738738,
        0.8596096096096096,
        0.8776276276276276,
        0.8738738738738738,
        0.8858858858858859,
        0.8806306306306306,
        0.8911411411411412,
        0.8933933933933934
    ],
    "train_f1": [
        0.411214953271028,
        0.49382716049382713,
        0.5,
        0.5242718446601942,
        0.5227272727272727,
        0.5213270142180095,
        0.5432692307692307,
        0.5409090909090909,
        0.5571428571428572,
        0.568019093078759,
        0.5788235294117647,
        0.5942028985507246,
        0.5835189309576837,
        0.6128266033254157,
        0.6129032258064516,
        0.6328502415458938,
        0.6344827586206897,
        0.648910411622276,
        0.6570048309178744
    ],
    "train_mcc": [
        0.3330546938498363,
        0.4560028190409141,
        0.4539381309418042,
        0.4739514113722084,
        0.479635277441108,
        0.47284345147707324,
        0.4985807535333232,
        0.5028131249796204,
        0.5170370454406907,
        0.5302976060597976,
        0.5457956238430767,
        0.5612254164786356,
        0.5605873520332247,
        0.5869358116626764,
        0.5921282747013494,
        0.6091807845223564,
        0.6198989136198876,
        0.628700317342403,
        0.639152889549682
    ],
    "val_loss": [
        0.6104003326459364,
        0.6012203774668954,
        0.5569330480965701,
        0.5601999136534604,
        0.5868345905434001,
        0.5658765760335055,
        0.6261006187308918,
        0.6194090463898398,
        0.6254736537283118,
        0.6319765719500455,
        0.6192147758874026,
        0.594547068530863,
        0.6402507519180124,
        0.7565769573504274,
        0.7459378242492676,
        0.913004298101772,
        0.8173009915785356,
        0.8860755513676188,
        0.9303893934596669
    ],
    "val_acc": [
        0.7921686746987951,
        0.8343373493975904,
        0.822289156626506,
        0.858433734939759,
        0.8644578313253012,
        0.8403614457831325,
        0.7831325301204819,
        0.8554216867469879,
        0.8313253012048193,
        0.8674698795180723,
        0.8524096385542169,
        0.8313253012048193,
        0.8403614457831325,
        0.8734939759036144,
        0.8734939759036144,
        0.8644578313253012,
        0.8704819277108434,
        0.8765060240963856,
        0.8795180722891566
    ],
    "val_f1": [
        0.4888888888888889,
        0.5299145299145299,
        0.512396694214876,
        0.5688073394495413,
        0.5161290322580645,
        0.5225225225225225,
        0.47058823529411764,
        0.5384615384615384,
        0.5,
        0.5510204081632653,
        0.5242718446601942,
        0.5087719298245614,
        0.4854368932038835,
        0.5434782608695652,
        0.5531914893617021,
        0.5360824742268041,
        0.5274725274725275,
        0.5393258426966292,
        0.5238095238095238
    ],
    "val_mcc": [
        0.47148653509051114,
        0.5011231107441201,
        0.4835076747587047,
        0.5399419592000726,
        0.4577488739901987,
        0.4834077177113991,
        0.4467282371218322,
        0.4951197221492862,
        0.455596054782693,
        0.5040449577010964,
        0.4763393333489589,
        0.46937840957918325,
        0.42806562801567,
        0.48965536344718247,
        0.5028713653017496,
        0.4849191849953679,
        0.4699627717017428,
        0.4827646722796001,
        0.462642866826067
    ]
}