{
    "train_loss": [
        0.8723325715178535,
        0.6936074729476657,
        0.6967584405626569,
        0.7070179723557972,
        0.6884592132908958,
        0.6669967578990119,
        0.6624558401249704,
        0.644779289762179,
        0.6158471540326164,
        0.6123936871687571,
        0.7270538860133716,
        0.6282771538410868,
        0.5621814394281024,
        0.5463214899812426,
        0.520591581861178,
        0.5856126209809667,
        0.5123968624642917,
        0.511789677753335,
        0.458076172996135
    ],
    "train_acc": [
        0.8506006006006006,
        0.8063063063063063,
        0.8370870870870871,
        0.831081081081081,
        0.8363363363363363,
        0.8521021021021021,
        0.8768768768768769,
        0.8701201201201201,
        0.8708708708708709,
        0.8843843843843844,
        0.8783783783783784,
        0.8708708708708709,
        0.8798798798798799,
        0.8851351351351351,
        0.8896396396396397,
        0.8858858858858859,
        0.8813813813813813,
        0.8896396396396397,
        0.9024024024024024
    ],
    "train_f1": [
        0.43304843304843305,
        0.49411764705882355,
        0.5230769230769231,
        0.5054945054945055,
        0.5155555555555555,
        0.54292343387471,
        0.5638297872340425,
        0.5642317380352645,
        0.5678391959798995,
        0.5968586387434555,
        0.595,
        0.5678391959798995,
        0.5959595959595959,
        0.6086956521739131,
        0.6201550387596899,
        0.6180904522613065,
        0.6089108910891089,
        0.631578947368421,
        0.6632124352331606
    ],
    "train_mcc": [
        0.3564872904331394,
        0.46431299257778347,
        0.4846790482756373,
        0.461905621381687,
        0.47341894215288766,
        0.5025518094317797,
        0.5136735637328361,
        0.5191952524278703,
        0.5238671982744084,
        0.5547003638694156,
        0.5576471979878481,
        0.5238671982744084,
        0.5575945229916273,
        0.5715608265445105,
        0.5842067224409592,
        0.585225496267929,
        0.5759946540682515,
        0.6020464282581323,
        0.635861506051226
    ],
    "val_loss": [
        0.6126105812462893,
        0.6178172799673948,
        0.6215054447000677,
        0.6754014600406993,
        0.6749200658364729,
        0.6024056253108111,
        0.6332192068750208,
        0.6500310843641107,
        0.6550678001208738,
        0.6269002719358965,
        0.6741080175746571,
        0.7297417521476746,
        0.7270519841801036,
        0.7643695554950021,
        0.7541812549937855,
        0.6975137835199182,
        0.7253695590929552,
        0.8426100422035564,
        0.9041089090433988
    ],
    "val_acc": [
        0.8132530120481928,
        0.8283132530120482,
        0.786144578313253,
        0.8704819277108434,
        0.8313253012048193,
        0.8313253012048193,
        0.8493975903614458,
        0.8433734939759037,
        0.8674698795180723,
        0.8403614457831325,
        0.8403614457831325,
        0.8554216867469879,
        0.8554216867469879,
        0.8493975903614458,
        0.8524096385542169,
        0.8283132530120482,
        0.8463855421686747,
        0.8524096385542169,
        0.8433734939759037
    ],
    "val_f1": [
        0.5,
        0.5210084033613446,
        0.4740740740740741,
        0.5567010309278351,
        0.5087719298245614,
        0.5087719298245614,
        0.5283018867924528,
        0.5094339622641509,
        0.5,
        0.5309734513274337,
        0.49523809523809526,
        0.4666666666666667,
        0.4418604651162791,
        0.4444444444444444,
        0.4731182795698925,
        0.49557522123893805,
        0.48484848484848486,
        0.449438202247191,
        0.4222222222222222
    ],
    "val_mcc": [
        0.4709670844200534,
        0.4921811071569512,
        0.4503104623564676,
        0.5099336612878573,
        0.46937840957918325,
        0.46937840957918325,
        0.4847040245619393,
        0.46095524413771205,
        0.43609586409366774,
        0.49693033586657254,
        0.44211406697522,
        0.39753821672394996,
        0.3677708005602449,
        0.37128867655840675,
        0.40637205649028457,
        0.4510258084576404,
        0.4241615867334801,
        0.3769706978922554,
        0.3450391363928635
    ]
}