{
    "train_loss": [
        1.0715992209457217,
        0.8558545509974161,
        0.7342994802054905,
        0.6932788767984935,
        0.7175386846065521,
        0.6783222151654107,
        0.6925142052627745,
        0.6460958265122914,
        0.6315595167023795,
        0.6133508873837334,
        0.6006233752483413,
        0.5618541261979512,
        0.5689322004715601,
        0.5788462020102001,
        0.539823381673722,
        0.5288527457132226,
        0.4887743716438611,
        0.5195525998160953,
        0.5073134707553046,
        0.4673653087977852,
        0.44491439844880787
    ],
    "train_acc": [
        0.8926426426426426,
        0.8475975975975976,
        0.8521021021021021,
        0.8528528528528528,
        0.8648648648648649,
        0.8453453453453453,
        0.8633633633633634,
        0.8588588588588588,
        0.8483483483483484,
        0.8423423423423423,
        0.8536036036036037,
        0.8445945945945946,
        0.8498498498498499,
        0.8460960960960962,
        0.8611111111111112,
        0.8498498498498499,
        0.8558558558558559,
        0.8475975975975976,
        0.8513513513513513,
        0.8581081081081081,
        0.8596096096096096
    ],
    "train_f1": [
        0.3700440528634361,
        0.48866498740554154,
        0.5135802469135803,
        0.5219512195121951,
        0.5477386934673367,
        0.5231481481481481,
        0.5560975609756098,
        0.5545023696682464,
        0.5235849056603774,
        0.5291479820627802,
        0.5411764705882353,
        0.5348314606741573,
        0.5412844036697247,
        0.5413870246085011,
        0.5727482678983834,
        0.5575221238938053,
        0.5752212389380531,
        0.5653104925053534,
        0.5676855895196506,
        0.5864332603938731,
        0.5759637188208617
    ],
    "train_mcc": [
        0.33167600531768177,
        0.4281436770384996,
        0.4603495526477865,
        0.47188052107772854,
        0.5005660633871128,
        0.4793176413625692,
        0.5141461910508189,
        0.5157972836958246,
        0.4776024019122368,
        0.4912386420701996,
        0.4999942364479134,
        0.49821662393262356,
        0.5035526218828171,
        0.5073060720318229,
        0.542484657740226,
        0.5298860299738711,
        0.5527801383912085,
        0.5458114228397756,
        0.5453524496344295,
        0.5693429609992773,
        0.5495100665516165
    ],
    "val_loss": [
        0.7901481227441267,
        0.5882246413014152,
        0.5250912173227831,
        0.5914191928776827,
        0.5003596462986686,
        0.4920293946157802,
        0.483056289228526,
        0.5308252085338939,
        0.5592294660481539,
        0.4710293574766679,
        0.4604695195501501,
        0.3872159077701243,
        0.5051885057579387,
        0.46703758293932135,
        0.4146717272021554,
        0.4597762484442104,
        0.43289307301694696,
        0.4695334082300013,
        0.42349450154737994,
        0.44356674497777765,
        0.43851603973995557
    ],
    "val_acc": [
        0.8468468468468469,
        0.9159159159159159,
        0.9099099099099099,
        0.8288288288288288,
        0.8648648648648649,
        0.924924924924925,
        0.9009009009009009,
        0.8498498498498499,
        0.8108108108108109,
        0.8738738738738738,
        0.8888888888888888,
        0.9099099099099099,
        0.8618618618618619,
        0.8768768768768769,
        0.8888888888888888,
        0.8318318318318318,
        0.8678678678678678,
        0.8468468468468469,
        0.8648648648648649,
        0.8738738738738738,
        0.8438438438438438
    ],
    "val_f1": [
        0.5565217391304348,
        0.65,
        0.6739130434782609,
        0.5511811023622047,
        0.5945945945945946,
        0.6835443037974683,
        0.6373626373626373,
        0.5901639344262295,
        0.5333333333333333,
        0.6181818181818182,
        0.6605504587155964,
        0.6808510638297872,
        0.6101694915254238,
        0.6371681415929203,
        0.6407766990291263,
        0.5692307692307692,
        0.6071428571428571,
        0.5853658536585366,
        0.6153846153846154,
        0.625,
        0.5806451612903226
    ],
    "val_mcc": [
        0.5264497328966635,
        0.6047211343758924,
        0.6404707229010506,
        0.537914353639919,
        0.5695005235206599,
        0.6428060035296691,
        0.5962472244699946,
        0.5819927896551865,
        0.5265219446788498,
        0.5979471819945438,
        0.6499336836196815,
        0.6511409630607982,
        0.6013377943029549,
        0.6273838421232749,
        0.6152326681468209,
        0.5679618342470648,
        0.5871194957805279,
        0.5773434742354467,
        0.6063726140217525,
        0.6099942813304187,
        0.5727646056836697
    ]
}