{
    "train_loss": [
        1.0994336065791903,
        0.8075324726246652,
        0.7720353269860858,
        0.7185359405619758,
        0.6689162020172391,
        0.6864878556558064,
        0.6724731567360106,
        0.6708600162750199,
        0.654907922304812,
        0.6277989042656762,
        0.6375809489261537,
        0.6043617384774345,
        0.571592890435741,
        0.5957767463156155,
        0.6338683998300916,
        0.550718340135756
    ],
    "train_acc": [
        0.8813813813813813,
        0.8611111111111112,
        0.8445945945945946,
        0.8475975975975976,
        0.8693693693693694,
        0.8378378378378378,
        0.8483483483483484,
        0.8438438438438438,
        0.8656156156156156,
        0.8588588588588588,
        0.8513513513513513,
        0.8551051051051051,
        0.8513513513513513,
        0.8475975975975976,
        0.8333333333333334,
        0.8723723723723724
    ],
    "train_f1": [
        0.3416666666666667,
        0.5118733509234829,
        0.5012048192771085,
        0.5060827250608273,
        0.565,
        0.5135135135135135,
        0.5235849056603774,
        0.5185185185185185,
        0.5665859564164649,
        0.5668202764976958,
        0.5395348837209303,
        0.5437352245862884,
        0.55,
        0.5557986870897156,
        0.5355648535564853,
        0.587378640776699
    ],
    "train_mcc": [
        0.2871427246719591,
        0.4530602285526037,
        0.44733898828133045,
        0.4524689447774777,
        0.5222343238714394,
        0.4705508938855894,
        0.4776024019122368,
        0.47345496702261874,
        0.5280546792618931,
        0.5353202836821851,
        0.4994493103031549,
        0.5026046022846523,
        0.5159777226834756,
        0.5295033103601888,
        0.5107355360149727,
        0.5535333864570252
    ],
    "val_loss": [
        0.7636873017657887,
        0.5492761974984949,
        0.4958413446491415,
        0.5328381169926036,
        0.4722616591236808,
        0.5262570625001733,
        0.4909676963632757,
        0.5620136260986328,
        0.437533554028381,
        0.5211151906035163,
        0.5161864405328577,
        0.47430759939280426,
        0.49905557524074207,
        0.4592693881555037,
        0.5431696474552155,
        0.5011222443797372
    ],
    "val_acc": [
        0.9159159159159159,
        0.8438438438438438,
        0.8858858858858859,
        0.8738738738738738,
        0.8768768768768769,
        0.8888888888888888,
        0.8678678678678678,
        0.8828828828828829,
        0.8798798798798799,
        0.8738738738738738,
        0.8438438438438438,
        0.8528528528528528,
        0.8318318318318318,
        0.8948948948948949,
        0.8468468468468469,
        0.8678678678678678
    ],
    "val_f1": [
        0.6744186046511628,
        0.559322033898305,
        0.6122448979591837,
        0.6181818181818182,
        0.6238532110091743,
        0.6542056074766355,
        0.6071428571428571,
        0.6422018348623854,
        0.6363636363636364,
        0.631578947368421,
        0.5806451612903226,
        0.5950413223140496,
        0.5625,
        0.6666666666666666,
        0.5853658536585366,
        0.6140350877192983
    ],
    "val_mcc": [
        0.6353801712817789,
        0.5345224838248488,
        0.5736565055876955,
        0.5979471819945438,
        0.6035098490754185,
        0.6384019378264232,
        0.5871194957805279,
        0.62672176634755,
        0.6210438542604274,
        0.6219946003570904,
        0.5727646056836697,
        0.5867146488488576,
        0.5551144703550158,
        0.6505408404763193,
        0.5773434742354467,
        0.5993308294938766
    ]
}