{
    "train_loss": [
        1.1429419361409687,
        0.8072030125629335,
        0.7231956919034322,
        0.7004162725948152,
        0.6476839326676869,
        0.6827192636472839,
        0.6262886048782439,
        0.6641840161312194,
        0.641279861330986,
        0.6184279244570505,
        0.6040892139786765,
        0.5982215940242722,
        0.5907329927597728,
        0.5521582506951832,
        0.523229792714119,
        0.5327336397908983,
        0.5496324797471365
    ],
    "train_acc": [
        0.8926426426426426,
        0.8596096096096096,
        0.8490990990990991,
        0.8355855855855856,
        0.8588588588588588,
        0.8588588588588588,
        0.8626126126126126,
        0.8378378378378378,
        0.8551051051051051,
        0.8445945945945946,
        0.8611111111111112,
        0.8513513513513513,
        0.8528528528528528,
        0.8400900900900901,
        0.8498498498498499,
        0.8385885885885885,
        0.8363363363363363
    ],
    "train_f1": [
        0.24338624338624337,
        0.5117493472584856,
        0.5314685314685315,
        0.5034013605442177,
        0.5523809523809524,
        0.5545023696682464,
        0.5632458233890215,
        0.5283842794759825,
        0.5583524027459954,
        0.545054945054945,
        0.5626477541371159,
        0.5580357142857143,
        0.5565610859728507,
        0.5477707006369427,
        0.5614035087719298,
        0.553014553014553,
        0.5439330543933054
    ],
    "train_mcc": [
        0.24559841154903111,
        0.45360970571107306,
        0.4889595011429835,
        0.4567440060786589,
        0.5125209365493552,
        0.5157972836958246,
        0.5257881019271597,
        0.4941868447334901,
        0.5256018929448346,
        0.514818142340846,
        0.5263299262943327,
        0.5290882384346263,
        0.525055125301171,
        0.5242693580431959,
        0.53641210964474,
        0.5351531707919305,
        0.5218687357101219
    ],
    "val_loss": [
        0.7572143402966586,
        0.47075855190103705,
        0.4885462089018388,
        0.533470397645777,
        0.4266785423864018,
        0.47208035534078424,
        0.6275295290079984,
        0.4472052224657752,
        0.4589079428802837,
        0.44867937673221936,
        0.3977776278148998,
        0.5166510695760901,
        0.4544330936941234,
        0.4256501793861389,
        0.39868592945012177,
        0.486792805519971,
        0.47696720470081677
    ],
    "val_acc": [
        0.9069069069069069,
        0.9159159159159159,
        0.8798798798798799,
        0.8558558558558559,
        0.8888888888888888,
        0.8708708708708709,
        0.7507507507507507,
        0.8588588588588588,
        0.8588588588588588,
        0.8858858858858859,
        0.8678678678678678,
        0.8498498498498499,
        0.8498498498498499,
        0.8588588588588588,
        0.8618618618618619,
        0.8318318318318318,
        0.8228228228228228
    ],
    "val_f1": [
        0.6436781609195402,
        0.6744186046511628,
        0.6153846153846154,
        0.6065573770491803,
        0.6336633663366337,
        0.6260869565217392,
        0.4713375796178344,
        0.5982905982905983,
        0.6050420168067226,
        0.6481481481481481,
        0.6140350877192983,
        0.5901639344262295,
        0.5967741935483871,
        0.591304347826087,
        0.603448275862069,
        0.5625,
        0.556390977443609
    ],
    "val_mcc": [
        0.6003826812605416,
        0.6353801712817789,
        0.5852872460284742,
        0.6039088361275576,
        0.6035828589829176,
        0.6166982585360915,
        0.47103609203541935,
        0.5840064110455403,
        0.5963848267096438,
        0.6325065289722787,
        0.5993308294938766,
        0.5819927896551865,
        0.594515160329885,
        0.5715739957163776,
        0.5890289028056912,
        0.5551144703550158,
        0.5555121510822243
    ]
}