{
    "train_loss": [
        1.1897634239423842,
        0.8199888616800308,
        0.9066930136510304,
        0.7431069286096663,
        0.6768586770409629,
        0.7155056932852382,
        0.6703445528234754,
        0.624421219031016,
        0.6734088020665305,
        0.6886318407597996,
        0.6540355583031973,
        0.6227214999851727,
        0.585397325810932,
        0.7167652362868899,
        0.600241556763649,
        0.5974891561837423,
        0.6519363870223364,
        0.5817584725362914
    ],
    "train_acc": [
        0.8926426426426426,
        0.8475975975975976,
        0.7792792792792793,
        0.8603603603603603,
        0.8415915915915916,
        0.8085585585585585,
        0.8506006006006006,
        0.8566066066066066,
        0.8018018018018018,
        0.8333333333333334,
        0.8393393393393394,
        0.8318318318318318,
        0.816066066066066,
        0.7845345345345346,
        0.8445945945945946,
        0.8213213213213213,
        0.8070570570570571,
        0.8551051051051051
    ],
    "train_f1": [
        0.10062893081761007,
        0.49876543209876545,
        0.4346153846153846,
        0.5230769230769231,
        0.5035294117647059,
        0.4869215291750503,
        0.5227817745803357,
        0.5441527446300716,
        0.4823529411764706,
        0.5044642857142857,
        0.5114155251141552,
        0.5313807531380753,
        0.5167652859960552,
        0.4405458089668616,
        0.5306122448979592,
        0.5062240663900415,
        0.4950884086444008,
        0.5326876513317191
    ],
    "train_mcc": [
        0.15306587209946357,
        0.4421050490140681,
        0.38683670173817314,
        0.4686650777979328,
        0.452668436273913,
        0.4519806016400341,
        0.4747067609196116,
        0.5019354461784079,
        0.4499928270852644,
        0.4600885533439473,
        0.46613252195924204,
        0.505168936167398,
        0.49626933121348693,
        0.3931858131546277,
        0.491531278756018,
        0.47303312271536135,
        0.46719312312588623,
        0.4859670277075105
    ],
    "val_loss": [
        0.9441883184693076,
        0.5786873671141538,
        0.5280764292586934,
        0.5219077305360273,
        0.5465134924108331,
        0.5115193534981121,
        0.5160927393219688,
        0.5404046123678033,
        0.528530630198392,
        0.4932303320277821,
        0.47270556742494757,
        0.47666710886088287,
        0.5608245987783779,
        0.5615728497505188,
        0.4981325322931463,
        0.47845846143635834,
        0.5373260487209667,
        0.5437873683192513
    ],
    "val_acc": [
        0.9129129129129129,
        0.7687687687687688,
        0.9009009009009009,
        0.8798798798798799,
        0.8648648648648649,
        0.8588588588588588,
        0.8648648648648649,
        0.7777777777777778,
        0.7897897897897898,
        0.8558558558558559,
        0.8618618618618619,
        0.8078078078078078,
        0.8378378378378378,
        0.9069069069069069,
        0.8078078078078078,
        0.8288288288288288,
        0.8798798798798799,
        0.8588588588588588
    ],
    "val_f1": [
        0.5915492957746479,
        0.4900662251655629,
        0.6451612903225806,
        0.6,
        0.6017699115044248,
        0.5982905982905983,
        0.5794392523364486,
        0.4931506849315068,
        0.5070422535211268,
        0.5714285714285714,
        0.5892857142857143,
        0.5223880597014925,
        0.5645161290322581,
        0.6352941176470588,
        0.5294117647058824,
        0.5511811023622047,
        0.6153846153846154,
        0.591304347826087
    ],
    "val_mcc": [
        0.5435151472825712,
        0.4900322223562124,
        0.6074840530233439,
        0.5611425419454066,
        0.5818479180981985,
        0.5840064110455403,
        0.5445959387988671,
        0.48647016270324767,
        0.5004227536102122,
        0.5413699246807465,
        0.5642447102306373,
        0.5094125398613131,
        0.5510140510374545,
        0.5894494532143845,
        0.5226512562544318,
        0.537914353639919,
        0.5852872460284742,
        0.5715739957163776
    ]
}