{
    "train_loss": [
        1.165098151895735,
        0.5501535524924596,
        0.38825145926740434,
        0.43911439925432205,
        0.35327975733412637,
        0.33224229994747373,
        0.32273736493662,
        0.33365893852379586,
        0.1858685636272033,
        0.1615353717158238,
        0.16797003779146408,
        0.11691687263341413,
        0.11373904028700457,
        0.10705825796143877,
        0.0795323964001404,
        0.07494186605844233,
        0.07075005005398351,
        0.0601758193593317,
        0.05817136090611004,
        0.06152247265369321,
        0.04460048834411686,
        0.04559616897475078,
        0.047215261256011824,
        0.046106075923631175,
        0.04368000628294087,
        0.04865498419320728
    ],
    "train_acc": [
        0.8979734451432565,
        0.9294199860237596,
        0.9350104821802935,
        0.9154437456324249,
        0.9412997903563941,
        0.9419986023759609,
        0.9406009783368274,
        0.9224318658280922,
        0.960167714884696,
        0.9671558350803634,
        0.9636617749825297,
        0.9790356394129979,
        0.9804332634521313,
        0.9797344514325647,
        0.9853249475890985,
        0.986722571628232,
        0.9888190076869322,
        0.9902166317260657,
        0.9902166317260657,
        0.9881201956673655,
        0.9923130677847659,
        0.9930118798043326,
        0.9930118798043326,
        0.9937106918238994,
        0.9930118798043326,
        0.9930118798043326
    ],
    "train_f1": [
        0.21505376344086022,
        0.7232876712328767,
        0.7506702412868632,
        0.6982543640897756,
        0.7704918032786885,
        0.7750677506775068,
        0.7721179624664879,
        0.7245657568238213,
        0.841225626740947,
        0.8653295128939829,
        0.8531073446327684,
        0.9107142857142857,
        0.9166666666666666,
        0.9134328358208955,
        0.9361702127659575,
        0.9422492401215805,
        0.950920245398773,
        0.9565217391304348,
        0.9565217391304348,
        0.9480122324159022,
        0.9657320872274143,
        0.96875,
        0.96875,
        0.9717868338557993,
        0.96875,
        0.96875
    ],
    "train_mcc": [
        0.2570481809302512,
        0.6942517733202433,
        0.7282739965866737,
        0.6755534392051213,
        0.7492796686271223,
        0.7554871050279809,
        0.7533033592793313,
        0.7077490943664272,
        0.8290409968558462,
        0.853810962222,
        0.8412059112054062,
        0.9023876594459477,
        0.9091524468640523,
        0.9052635533473963,
        0.9298909107315942,
        0.9367711918698174,
        0.9460797115764915,
        0.9518578250272721,
        0.9518578250272721,
        0.9429510609574566,
        0.9621255118866677,
        0.9654180016580045,
        0.9654180016580045,
        0.9687392479715274,
        0.9654180016580045,
        0.9654180016580045
    ],
    "val_loss": [
        0.8999159385760626,
        0.4832814329614242,
        0.5303191905841231,
        0.5078893775741259,
        0.5515909511595964,
        0.5779942708710829,
        0.6017058544481794,
        0.6765355640091002,
        0.8652335078780501,
        0.9696915037930012,
        0.9871909770493706,
        1.2322570700877502,
        1.6440953357232502,
        1.5089002204440476,
        1.4807554492726922,
        2.0795668034503856,
        2.138729419508801,
        1.8720323765337525,
        2.3598704374240165,
        2.2990517444195575,
        2.43275010107512,
        2.1956916228324794,
        2.4017835039182196,
        2.4850736957479946,
        2.100202373539408,
        2.056988009212849
    ],
    "val_acc": [
        0.9355742296918768,
        0.9439775910364145,
        0.9551820728291317,
        0.9467787114845938,
        0.9103641456582633,
        0.8907563025210085,
        0.8599439775910365,
        0.9551820728291317,
        0.9523809523809523,
        0.957983193277311,
        0.9607843137254902,
        0.9551820728291317,
        0.9467787114845938,
        0.9467787114845938,
        0.9495798319327731,
        0.9467787114845938,
        0.9411764705882353,
        0.9495798319327731,
        0.9411764705882353,
        0.9439775910364145,
        0.9411764705882353,
        0.938375350140056,
        0.938375350140056,
        0.9411764705882353,
        0.9439775910364145,
        0.9439775910364145
    ],
    "val_f1": [
        0.7472527472527473,
        0.7727272727272727,
        0.8,
        0.7764705882352941,
        0.6862745098039216,
        0.6422018348623854,
        0.5901639344262295,
        0.8095238095238095,
        0.7848101265822784,
        0.810126582278481,
        0.825,
        0.7948717948717948,
        0.7323943661971831,
        0.7466666666666667,
        0.7692307692307693,
        0.7397260273972602,
        0.6956521739130435,
        0.7567567567567568,
        0.6956521739130435,
        0.7142857142857143,
        0.6956521739130435,
        0.6944444444444444,
        0.6857142857142857,
        0.6956521739130435,
        0.7297297297297297,
        0.7297297297297297
    ],
    "val_mcc": [
        0.7208646029033214,
        0.7475306328235615,
        0.7750883796573895,
        0.7497734816433126,
        0.6623040151304606,
        0.6186377473086564,
        0.5725179367227957,
        0.7868526949610692,
        0.7581200867536082,
        0.7865884648929833,
        0.8032518963533375,
        0.7697145621673923,
        0.7074069043357485,
        0.7177027961982226,
        0.7409288824383164,
        0.7123135360756327,
        0.6707087309170346,
        0.7300511595264862,
        0.6707087309170346,
        0.6892181544377923,
        0.6707087309170346,
        0.6632913222035356,
        0.6573297561570391,
        0.6707087309170346,
        0.6998543962370696,
        0.6998543962370696
    ]
}