{
    "train_loss": [
        1.1853555136256748,
        0.5689995308717092,
        0.42570402059290147,
        0.34552151411771775,
        0.31326665100124146,
        0.3017373704248004,
        0.2650622494932678,
        0.30478355089823406,
        0.23423900802930195,
        0.20509774821499985,
        0.18374739482791888,
        0.1524077844288614,
        0.17114337341239055,
        0.13976284538706144,
        0.08630561789290772,
        0.07382180531793792,
        0.06509497132048839,
        0.04451489386976593,
        0.05014247165656545,
        0.07363595351473325,
        0.04265338870075842,
        0.02722518250811845,
        0.030819717409192687
    ],
    "train_acc": [
        0.8141160027952481,
        0.909853249475891,
        0.8986722571628232,
        0.923130677847659,
        0.9140461215932913,
        0.9217330538085255,
        0.9378057302585604,
        0.9175401816911251,
        0.9517819706498952,
        0.9552760307477288,
        0.960167714884696,
        0.9622641509433962,
        0.9566736547868623,
        0.9685534591194969,
        0.9825296995108316,
        0.9860237596086653,
        0.9888190076869322,
        0.9923130677847659,
        0.9888190076869322,
        0.9846261355695318,
        0.9937106918238994,
        0.9951083158630328,
        0.9944095038434662
    ],
    "train_f1": [
        0.21301775147928995,
        0.6766917293233082,
        0.6651270207852193,
        0.7222222222222222,
        0.7050359712230215,
        0.7241379310344828,
        0.7676240208877284,
        0.7107843137254902,
        0.807799442896936,
        0.8202247191011236,
        0.8403361344537815,
        0.847457627118644,
        0.8306010928961749,
        0.8710601719197708,
        0.9240121580547113,
        0.9386503067484663,
        0.9503105590062112,
        0.9655172413793104,
        0.9506172839506173,
        0.9329268292682927,
        0.9716088328075709,
        0.9779179810725552,
        0.9746835443037974
    ],
    "train_mcc": [
        0.10892955542665284,
        0.6491450211268116,
        0.6472768684372987,
        0.7023694915535096,
        0.6896885564080358,
        0.7083917665960691,
        0.7514304879299567,
        0.6931199691093793,
        0.7904521027318618,
        0.8039316832642784,
        0.8273979005372036,
        0.8347073598496496,
        0.8190418399913204,
        0.8603794097167163,
        0.916130348455148,
        0.9322155019782739,
        0.9448543001615264,
        0.961680328686209,
        0.9454488635515576,
        0.9260535554603517,
        0.9683730111738372,
        0.9754697713497517,
        0.9717639903086929
    ],
    "val_loss": [
        0.9964668105045954,
        0.49106708603600663,
        0.5424104779958725,
        0.6384841715334915,
        0.6486080410735061,
        0.6180893108248711,
        0.8339729507764181,
        0.7564223197599252,
        0.7279558839897314,
        0.8054688193854721,
        0.8798871829955411,
        0.7498763490427033,
        1.0975575101717066,
        0.9986297019446889,
        1.039196214722324,
        2.5533719822997227,
        1.0535880505728226,
        1.9907933852324884,
        1.6728883735834945,
        1.4737562277665954,
        1.672593804468003,
        3.2925476617723084,
        3.3061257610679604
    ],
    "val_acc": [
        0.9355742296918768,
        0.9187675070028011,
        0.9299719887955182,
        0.84593837535014,
        0.9159663865546218,
        0.84593837535014,
        0.8991596638655462,
        0.9495798319327731,
        0.927170868347339,
        0.938375350140056,
        0.938375350140056,
        0.9355742296918768,
        0.9299719887955182,
        0.9299719887955182,
        0.9327731092436975,
        0.9327731092436975,
        0.9411764705882353,
        0.9355742296918768,
        0.9411764705882353,
        0.9355742296918768,
        0.9355742296918768,
        0.9355742296918768,
        0.9355742296918768
    ],
    "val_f1": [
        0.6933333333333334,
        0.7070707070707071,
        0.7252747252747253,
        0.5736434108527132,
        0.6938775510204082,
        0.5736434108527132,
        0.660377358490566,
        0.7692307692307693,
        0.717391304347826,
        0.7380952380952381,
        0.7027027027027027,
        0.735632183908046,
        0.6987951807228916,
        0.6987951807228916,
        0.7073170731707317,
        0.6842105263157895,
        0.7469879518072289,
        0.7088607594936709,
        0.7123287671232876,
        0.6933333333333334,
        0.684931506849315,
        0.684931506849315,
        0.684931506849315
    ],
    "val_mcc": [
        0.6580612928828675,
        0.6830935968497389,
        0.6954097400708302,
        0.5618290749615351,
        0.6661663171631848,
        0.5618290749615351,
        0.6365940655782821,
        0.7409288824383164,
        0.6871910728377426,
        0.705689328274822,
        0.6696576329476528,
        0.7042852482426634,
        0.6608738216759203,
        0.6608738216759203,
        0.6704627098058745,
        0.6469026791076181,
        0.7155066697338811,
        0.6727149523354833,
        0.681723384219624,
        0.6580612928828675,
        0.6511332323636152,
        0.6511332323636152,
        0.6511332323636152
    ]
}