{
    "train_loss": [
        1.2911697605794126,
        1.1288966492495753,
        0.9388388022780418,
        0.8874773972413756,
        0.9525543823838234,
        0.883944918486205,
        0.8905135962096128,
        0.8375601263886149,
        0.8508874489502474,
        0.8943002454259179,
        0.9106191809881817,
        0.8326795588840138,
        0.7927555753426119,
        0.7698000879450277,
        0.7166787419806827,
        0.6828143528916619,
        0.5705871189182455,
        0.6787591569802978,
        0.5852456174113534
    ],
    "train_acc": [
        0.9707560627674751,
        0.8523537803138374,
        0.7924393723252496,
        0.7767475035663338,
        0.7803138373751783,
        0.8052781740370899,
        0.7767475035663338,
        0.8017118402282454,
        0.7867332382310984,
        0.7860199714693296,
        0.8445078459343794,
        0.8259629101283881,
        0.7817403708987162,
        0.8288159771754636,
        0.8594864479315264,
        0.8445078459343794,
        0.8801711840228246,
        0.8573466476462197,
        0.8537803138373752
    ],
    "train_f1": [
        0.0,
        0.16194331983805668,
        0.18028169014084508,
        0.1741424802110818,
        0.15384615384615385,
        0.17522658610271905,
        0.1784776902887139,
        0.19653179190751446,
        0.18528610354223432,
        0.18032786885245902,
        0.2158273381294964,
        0.19205298013245034,
        0.18617021276595744,
        0.22580645161290322,
        0.25660377358490566,
        0.23776223776223776,
        0.288135593220339,
        0.2537313432835821,
        0.2545454545454545
    ],
    "train_mcc": [
        0.0,
        0.16711018220739618,
        0.2316935678997362,
        0.2287715818280341,
        0.18653376944614788,
        0.21445554826152124,
        0.23761173274262717,
        0.25734260699539957,
        0.2451791391954228,
        0.23570362182160606,
        0.26056865672243557,
        0.23238829659356278,
        0.2501954984003095,
        0.291702290305316,
        0.3171484262016473,
        0.2991456623837202,
        0.34618090630788406,
        0.31443947829043356,
        0.31965595481866443
    ],
    "val_loss": [
        1.058515890078111,
        0.9528725797479803,
        0.7958890822800723,
        0.8326289856975729,
        0.7750446931882338,
        0.7600343417037617,
        0.7909821000966158,
        0.7989786592396823,
        0.8460182601755316,
        0.8918025331063704,
        0.9289293234998529,
        0.7711347585374658,
        0.8374632109295238,
        0.930495863611048,
        1.0237602726979689,
        1.429709399288351,
        1.9996224560520865,
        2.009840125387365,
        1.968500542369756
    ],
    "val_acc": [
        0.9714285714285714,
        0.6657142857142857,
        0.7542857142857143,
        0.8657142857142858,
        0.7942857142857143,
        0.7457142857142857,
        0.7457142857142857,
        0.7285714285714285,
        0.7314285714285714,
        0.8285714285714286,
        0.6628571428571428,
        0.78,
        0.7942857142857143,
        0.8028571428571428,
        0.8114285714285714,
        0.8942857142857142,
        0.8771428571428571,
        0.8342857142857143,
        0.8542857142857143
    ],
    "val_f1": [
        0.0,
        0.145985401459854,
        0.1568627450980392,
        0.22950819672131148,
        0.16279069767441862,
        0.1523809523809524,
        0.1523809523809524,
        0.17391304347826086,
        0.14545454545454545,
        0.1891891891891892,
        0.14492753623188406,
        0.15384615384615385,
        0.18181818181818182,
        0.14814814814814814,
        0.15384615384615385,
        0.17777777777777778,
        0.12244897959183673,
        0.14705882352941177,
        0.13559322033898305
    ],
    "val_mcc": [
        0.0,
        0.22725377831655025,
        0.20927368616993092,
        0.2694272939472877,
        0.20084691646493416,
        0.203845147226604,
        0.203845147226604,
        0.2619684159977919,
        0.19523741203679054,
        0.22943840389216474,
        0.22585621402070105,
        0.19053981538254566,
        0.2378374049163794,
        0.16937295544258324,
        0.17586113645800838,
        0.17149858514250885,
        0.10277606339397612,
        0.15418459371249355,
        0.12850518346376877
    ]
}