{
    "train_loss": [
        1.7611752193082462,
        1.3874194906516508,
        1.1338990147818218,
        1.0558235970410434,
        1.1065322871912608,
        1.0721464990214868,
        0.9181367213075812,
        1.0112719786438076,
        1.0064520632678813,
        0.8163071383129467,
        0.7602062699469653,
        0.7137549221515656,
        0.7404737790877168,
        0.693370019170371,
        0.7569807764481414,
        0.731158068572933,
        0.7300467860292305,
        0.6782483952966604,
        0.7152087983082641,
        0.6414531450718641,
        0.6696790077469565,
        0.645816059275107,
        0.6639807264913212,
        0.6473166221244768,
        0.6161634600297972
    ],
    "train_acc": [
        0.963623395149786,
        0.9579172610556348,
        0.8252496433666191,
        0.8002853067047075,
        0.6469329529243937,
        0.8937232524964337,
        0.6961483594864479,
        0.6997146932952925,
        0.8074179743223966,
        0.8409415121255349,
        0.848074179743224,
        0.796718972895863,
        0.8730385164051355,
        0.796718972895863,
        0.891583452211127,
        0.8815977175463623,
        0.8823109843081313,
        0.8865905848787446,
        0.8794579172610556,
        0.8873038516405135,
        0.8758915834522111,
        0.8937232524964337,
        0.8659058487874465,
        0.8873038516405135,
        0.8744650499286734
    ],
    "train_f1": [
        0.03773584905660377,
        0.06349206349206349,
        0.10256410256410256,
        0.16167664670658682,
        0.12078152753108348,
        0.16759776536312848,
        0.14457831325301204,
        0.1460446247464503,
        0.11764705882352941,
        0.2007168458781362,
        0.23104693140794225,
        0.1833810888252149,
        0.25210084033613445,
        0.19263456090651557,
        0.2962962962962963,
        0.2782608695652174,
        0.26666666666666666,
        0.29955947136563876,
        0.28085106382978725,
        0.27522935779816515,
        0.275,
        0.28708133971291866,
        0.2713178294573643,
        0.26851851851851855,
        0.2786885245901639
    ],
    "train_mcc": [
        0.029827879381098255,
        0.04621028404323609,
        0.08219604219018412,
        0.19190608331586648,
        0.16405760280516374,
        0.15581035054605102,
        0.20442947221433228,
        0.20633975036746344,
        0.1108314025317752,
        0.23725021334768787,
        0.28396728921545367,
        0.23509107229988352,
        0.2952664401111519,
        0.25317168497794346,
        0.3443121258794097,
        0.32814604284145676,
        0.3086504494419906,
        0.35642775138928634,
        0.33502676278603394,
        0.3164033062637346,
        0.32970415264715525,
        0.32701212275941693,
        0.3353700160852633,
        0.3058877367619272,
        0.337606615511316
    ],
    "val_loss": [
        1.3378903215581721,
        1.065962022001093,
        0.9442578933455728,
        0.9456690820780668,
        1.141713332046162,
        1.0697536820715123,
        0.8467710830948569,
        1.204079427502372,
        0.83302825960246,
        1.1037677445194938,
        0.8966902006756176,
        1.0158349085937848,
        0.9837901917370883,
        1.0242375243793835,
        1.0300218029455706,
        0.9326628202741797,
        0.9364815029230985,
        1.003627598285675,
        1.090968486260284,
        1.0676567242904142,
        1.1687250083143061,
        1.2851226126605815,
        1.3864879702979869,
        1.3123307607390664,
        1.4958570409904828
    ],
    "val_acc": [
        0.9542857142857143,
        0.9714285714285714,
        0.9457142857142857,
        0.72,
        0.9542857142857143,
        0.8314285714285714,
        0.6142857142857143,
        0.33714285714285713,
        0.78,
        0.9257142857142857,
        0.8857142857142857,
        0.9085714285714286,
        0.8485714285714285,
        0.8228571428571428,
        0.9228571428571428,
        0.8942857142857142,
        0.8514285714285714,
        0.9142857142857143,
        0.9285714285714286,
        0.86,
        0.8628571428571429,
        0.8942857142857142,
        0.8914285714285715,
        0.8542857142857143,
        0.8971428571428571
    ],
    "val_f1": [
        0.0,
        0.0,
        0.17391304347826086,
        0.15517241379310345,
        0.0,
        0.1917808219178082,
        0.12903225806451613,
        0.07936507936507936,
        0.17204301075268819,
        0.3157894736842105,
        0.2857142857142857,
        0.2727272727272727,
        0.2318840579710145,
        0.20512820512820512,
        0.3076923076923077,
        0.27450980392156865,
        0.21212121212121213,
        0.2857142857142857,
        0.2857142857142857,
        0.19672131147540983,
        0.2,
        0.24489795918367346,
        0.24,
        0.19047619047619047,
        0.25
    ],
    "val_mcc": [
        -0.02264941270834261,
        0.0,
        0.1476892110662654,
        0.22287378149063986,
        -0.02264941270834261,
        0.23212435306908474,
        0.20391701768469417,
        0.11456837051138263,
        0.22695099481734005,
        0.32871912932571284,
        0.3393600313119773,
        0.29119922141614735,
        0.2892546270476048,
        0.2625532459795618,
        0.3217270680555608,
        0.31082757546877543,
        0.2526124011407279,
        0.30261607539289864,
        0.28539089649269644,
        0.22081927699803477,
        0.22404481344448157,
        0.26628343697530177,
        0.2618174690443214,
        0.21460707454474495,
        0.27090679171840365
    ]
}