{
    "train_loss": [
        2.391109848564321,
        1.1410102986476638,
        1.0710577036846767,
        0.8483627052469687,
        0.934335546060042,
        0.8303837738931179,
        0.7946959459646181,
        0.8980053629387509,
        1.1428634849461643,
        0.8454054539853876,
        0.7645355293696577,
        0.7037353657863357,
        0.7585712942210111,
        0.6343200796029784,
        0.7424698654900898,
        0.6743397346951745,
        0.669378624721007,
        0.6343151981180365,
        0.6250155134634539,
        0.8309524804353714
    ],
    "train_acc": [
        0.9664764621968617,
        0.855206847360913,
        0.7268188302425107,
        0.8359486447931527,
        0.7617689015691869,
        0.7596291012838802,
        0.8273894436519258,
        0.7353780313837375,
        0.7111269614835949,
        0.8145506419400856,
        0.8109843081312411,
        0.833095577746077,
        0.8452211126961484,
        0.8487874465049928,
        0.8708987161198288,
        0.8559201141226819,
        0.8873038516405135,
        0.8723252496433667,
        0.8758915834522111,
        0.884450784593438
    ],
    "train_f1": [
        0.0,
        0.11353711790393013,
        0.13544018058690746,
        0.21232876712328766,
        0.16080402010050251,
        0.16377171215880892,
        0.1986754966887417,
        0.16252821670428894,
        0.14376321353065538,
        0.19753086419753085,
        0.208955223880597,
        0.2251655629139073,
        0.2277580071174377,
        0.24285714285714285,
        0.2788844621513944,
        0.2518518518518518,
        0.2818181818181818,
        0.2980392156862745,
        0.2809917355371901,
        0.3017241379310345
    ],
    "train_mcc": [
        -0.011378782123668298,
        0.0932017157846695,
        0.17077825259096432,
        0.2612540615047727,
        0.20949892642740936,
        0.2168051130524916,
        0.24326416506584556,
        0.2269431857677253,
        0.19590029519257687,
        0.2502107992989832,
        0.2745522139370903,
        0.28676763895497664,
        0.28076053957287744,
        0.30407032488148744,
        0.3423395791230419,
        0.31266037580969813,
        0.3268308746186628,
        0.37363145524682706,
        0.33970599366717746,
        0.3629931080653231
    ],
    "val_loss": [
        1.2787845839153638,
        0.8359326720237732,
        0.9142433459108527,
        0.8395183872092854,
        1.0217025036161596,
        0.8589117418635975,
        0.7517100193283774,
        0.7219603088769045,
        1.0246789021925493,
        0.7556184150955894,
        0.7681929685852744,
        0.7958839318969033,
        0.7927728457884355,
        0.7934712605042891,
        0.89594505591826,
        0.8348958952860399,
        0.8313824751160361,
        0.9102164181795988,
        0.8538943149826743,
        1.0030495090918108
    ],
    "val_acc": [
        0.9714285714285714,
        0.7114285714285714,
        0.7685714285714286,
        0.8114285714285714,
        0.9,
        0.8371428571428572,
        0.7914285714285715,
        0.7657142857142857,
        0.6114285714285714,
        0.76,
        0.7942857142857143,
        0.8371428571428572,
        0.8314285714285714,
        0.8457142857142858,
        0.8057142857142857,
        0.8685714285714285,
        0.84,
        0.8685714285714285,
        0.8485714285714285,
        0.84
    ],
    "val_f1": [
        0.0,
        0.15126050420168066,
        0.16494845360824742,
        0.1951219512195122,
        0.2857142857142857,
        0.19718309859154928,
        0.1797752808988764,
        0.18,
        0.1282051282051282,
        0.16,
        0.18181818181818182,
        0.2191780821917808,
        0.1917808219178082,
        0.20588235294117646,
        0.17073170731707318,
        0.14814814814814814,
        0.15151515151515152,
        0.11538461538461539,
        0.13114754098360656,
        0.125
    ],
    "val_mcc": [
        0.0,
        0.217974651303461,
        0.2188166424766514,
        0.2521362157143335,
        0.3207858948357436,
        0.23766461475516124,
        0.23559084388604062,
        0.2522522977486172,
        0.20272121351984576,
        0.21301305143216562,
        0.2378374049163794,
        0.2767636517362164,
        0.23212435306908474,
        0.24643178653193412,
        0.20970944864701777,
        0.14188769156600642,
        0.15905225257008795,
        0.09499507445716854,
        0.12360324309952889,
        0.11665846489958132
    ]
}