{
    "train_loss": [
        1.6049178567799656,
        1.2017147033052011,
        1.1100969775156542,
        0.9618647267872636,
        0.887624710120938,
        0.9906085722825744,
        0.8653662509538911,
        0.8252197592095896,
        0.8150294660167261,
        0.7434941008687019,
        0.764303037727421,
        0.9075500030409206,
        0.8784971792589534,
        0.8404710262336514,
        0.7942622818730094,
        0.7022741856900129,
        0.6155849762938239,
        0.6482993587851524,
        0.6245016370984641,
        0.5834706683050502,
        0.6249273744496432,
        0.5580289587378502,
        0.5384729629890486,
        0.5741802525113929,
        0.5684623464264653,
        0.5277887037531896,
        0.5552938758310947,
        0.5282610859721899
    ],
    "train_acc": [
        0.9693295292439372,
        0.9643366619115549,
        0.7589158345221113,
        0.7731811697574893,
        0.7767475035663338,
        0.7432239657631954,
        0.7674750356633381,
        0.7838801711840229,
        0.7881597717546363,
        0.8152639087018545,
        0.7803138373751783,
        0.7674750356633381,
        0.8502139800285307,
        0.8594864479315264,
        0.8380884450784594,
        0.8887303851640513,
        0.8666191155492154,
        0.8894436519258203,
        0.8780313837375179,
        0.8987161198288159,
        0.9015691868758916,
        0.8808844507845934,
        0.9072753209700428,
        0.9144079885877318,
        0.8987161198288159,
        0.9115549215406562,
        0.8994293865905849,
        0.9029957203994294
    ],
    "train_f1": [
        0.0,
        0.0,
        0.12435233160621761,
        0.1631578947368421,
        0.1741424802110818,
        0.14691943127962084,
        0.15544041450777202,
        0.18328840970350405,
        0.1772853185595568,
        0.19814241486068113,
        0.18518518518518517,
        0.17258883248730963,
        0.21641791044776118,
        0.22134387351778656,
        0.22525597269624573,
        0.2909090909090909,
        0.26666666666666666,
        0.27230046948356806,
        0.27848101265822783,
        0.3106796116504854,
        0.31,
        0.2832618025751073,
        0.336734693877551,
        0.34782608695652173,
        0.3238095238095238,
        0.3404255319148936,
        0.33175355450236965,
        0.32
    ],
    "train_mcc": [
        -0.0065601511476236826,
        -0.01395110355169288,
        0.1367204214972936,
        0.2084783835517947,
        0.2287715818280341,
        0.18896809305668236,
        0.1956904356302595,
        0.24297563202577802,
        0.22837682976851614,
        0.25085095573666405,
        0.24910665823062725,
        0.2309279951891937,
        0.25697953869511697,
        0.2576011448935636,
        0.2825760707594108,
        0.3395157813599458,
        0.3265476118010447,
        0.30929938247115185,
        0.3328753357384896,
        0.35699798417993633,
        0.3517847773693771,
        0.3372089322882723,
        0.3843019097987876,
        0.3891113221849747,
        0.37780220022740746,
        0.38277551881514743,
        0.38943169084246787,
        0.3651351348896615
    ],
    "val_loss": [
        1.3052904605865479,
        0.8472604182633486,
        0.9267610907554626,
        0.9103763157671149,
        0.8330693949352611,
        0.8330559622157704,
        0.7667298831722953,
        0.7532790384509347,
        0.7431516024199399,
        0.7430815588344227,
        0.7656618654727936,
        0.7441488721153953,
        0.7589682747017253,
        0.7603787617249922,
        0.8503969338807192,
        0.7305065014145591,
        0.8347844129258936,
        0.7530075961893256,
        0.898272147232836,
        0.9052983712066304,
        0.9260139817541296,
        1.007866541093046,
        1.0115380111065777,
        1.06912622126666,
        1.0495586612007834,
        1.2147512300447985,
        1.072609998963096,
        1.21648931638761
    ],
    "val_acc": [
        0.9714285714285714,
        0.8371428571428572,
        0.7657142857142857,
        0.6085714285714285,
        0.6942857142857143,
        0.66,
        0.78,
        0.78,
        0.7571428571428571,
        0.7571428571428571,
        0.7514285714285714,
        0.8,
        0.8628571428571429,
        0.8371428571428572,
        0.9114285714285715,
        0.8457142857142858,
        0.8914285714285715,
        0.86,
        0.9085714285714286,
        0.88,
        0.8685714285714285,
        0.8971428571428571,
        0.8885714285714286,
        0.8885714285714286,
        0.8828571428571429,
        0.8828571428571429,
        0.8771428571428571,
        0.8885714285714286
    ],
    "val_f1": [
        0.0,
        0.19718309859154928,
        0.16326530612244897,
        0.12738853503184713,
        0.144,
        0.13138686131386862,
        0.17204301075268819,
        0.17204301075268819,
        0.15841584158415842,
        0.17475728155339806,
        0.17142857142857143,
        0.18604651162790697,
        0.25,
        0.19718309859154928,
        0.20512820512820512,
        0.22857142857142856,
        0.17391304347826086,
        0.2222222222222222,
        0.2,
        0.19230769230769232,
        0.14814814814814814,
        0.14285714285714285,
        0.20408163265306123,
        0.13333333333333333,
        0.16326530612244897,
        0.08888888888888889,
        0.1568627450980392,
        0.09302325581395349
    ],
    "val_mcc": [
        0.0,
        0.23766461475516124,
        0.21685517395110404,
        0.2015347277731544,
        0.20864485786968137,
        0.1915861449484818,
        0.22695099481734005,
        0.22695099481734005,
        0.21113088466305305,
        0.24626658044013267,
        0.2424104453505561,
        0.24244243170915128,
        0.30656759380587645,
        0.23766461475516124,
        0.1973022351058964,
        0.2860280321207891,
        0.1677559011766338,
        0.26244941600376454,
        0.19253851155385132,
        0.2005451571873558,
        0.14188769156600642,
        0.12410659271731238,
        0.21178097911485988,
        0.1143323900950059,
        0.157278521254418,
        0.05716619504750295,
        0.15084279397749398,
        0.062040553606363395
    ]
}