{
    "accuracy": 0.867867867867868,
    "precision": 0.4454451813641202,
    "recall": 0.7797297297297298,
    "f1": 0.5654289351463264,
    "auc": 0.9030244481445682,
    "mcc": 0.5226905254180011
}