{
    "train_loss": [
        0.9554534263389055,
        0.8676785778167636,
        0.8289272653502088,
        0.8225048101225565,
        0.8106112715809844,
        0.7643005951892498,
        0.7818974228792412,
        0.7575997474581696,
        0.7283371853273969,
        0.7103830270988997,
        0.6941945982533831,
        0.686954106702361,
        0.6987701654434204,
        0.6424913600433705,
        0.661841806284217,
        0.6492559078127839,
        0.614426888005678,
        0.5903102107519327,
        0.6143913068050562,
        0.5806242317654365,
        0.5935765927614167,
        0.576652048632156
    ],
    "train_acc": [
        0.7885174418604651,
        0.8037790697674418,
        0.8197674418604651,
        0.8306686046511628,
        0.8204941860465116,
        0.8415697674418605,
        0.8328488372093024,
        0.8546511627906976,
        0.8284883720930233,
        0.84375,
        0.84375,
        0.8415697674418605,
        0.8343023255813954,
        0.8473837209302325,
        0.8364825581395349,
        0.8386627906976745,
        0.8335755813953488,
        0.8524709302325582,
        0.8248546511627907,
        0.8430232558139535,
        0.8343023255813954,
        0.8343023255813954
    ],
    "train_f1": [
        0.3518930957683742,
        0.4375,
        0.4488888888888889,
        0.4618937644341801,
        0.45951859956236324,
        0.47342995169082125,
        0.484304932735426,
        0.49748743718592964,
        0.4824561403508772,
        0.4964871194379391,
        0.5190156599552572,
        0.5198237885462555,
        0.5,
        0.5248868778280543,
        0.5140388768898488,
        0.5022421524663677,
        0.49223946784922396,
        0.5268065268065268,
        0.5030927835051546,
        0.5283842794759825,
        0.5128205128205128,
        0.5269709543568465
    ],
    "train_mcc": [
        0.26794559628422726,
        0.38439741088992163,
        0.39239739856909217,
        0.40525005820897825,
        0.4076858301453888,
        0.4157166521512367,
        0.4367528297546335,
        0.44200797685413257,
        0.43704103959858653,
        0.4473036117201043,
        0.4813793084626963,
        0.4846142529200892,
        0.4596775980322253,
        0.4873197688148008,
        0.4800245437405247,
        0.4596550674476253,
        0.4482573438035286,
        0.4858398223973324,
        0.47287873170522154,
        0.4969718177080463,
        0.48006627757334697,
        0.5035529357090703
    ],
    "val_loss": [
        0.7825506817210804,
        0.8333173502575267,
        0.959977927533063,
        0.8105862411585721,
        0.8408985192125494,
        0.7853275754235007,
        0.7742898653854023,
        0.8215453841469504,
        0.8308707773685455,
        0.7710557769645344,
        0.7582877766002308,
        0.7554928010160272,
        0.8444931290366433,
        0.7796026576649059,
        0.7725061449137601,
        0.7282845242456957,
        1.0322702256116,
        0.8898563086986542,
        1.0248960175297477,
        1.2292443405498157,
        0.8783211626789786,
        1.0567174364220013
    ],
    "val_acc": [
        0.8459302325581395,
        0.8866279069767442,
        0.8808139534883721,
        0.877906976744186,
        0.8866279069767442,
        0.8866279069767442,
        0.8837209302325582,
        0.7790697674418605,
        0.872093023255814,
        0.8343023255813954,
        0.7965116279069767,
        0.8459302325581395,
        0.7558139534883721,
        0.8430232558139535,
        0.8372093023255814,
        0.8401162790697675,
        0.8575581395348837,
        0.7965116279069767,
        0.8488372093023255,
        0.8488372093023255,
        0.7965116279069767,
        0.8168604651162791
    ],
    "val_f1": [
        0.5225225225225225,
        0.5185185185185185,
        0.4810126582278481,
        0.475,
        0.5063291139240507,
        0.5185185185185185,
        0.5555555555555556,
        0.4411764705882353,
        0.5217391304347826,
        0.4672897196261682,
        0.43548387096774194,
        0.49523809523809526,
        0.4166666666666667,
        0.509090909090909,
        0.5172413793103449,
        0.5132743362831859,
        0.5050505050505051,
        0.4444444444444444,
        0.5094339622641509,
        0.5094339622641509,
        0.46153846153846156,
        0.47058823529411764
    ],
    "val_mcc": [
        0.48045286453098507,
        0.4570047251623834,
        0.41505491088338176,
        0.40782962552830065,
        0.44371386097247917,
        0.4570047251623834,
        0.501589214665136,
        0.40105863161713123,
        0.4629774999610639,
        0.40717407722740373,
        0.3808210093194094,
        0.4402474214196664,
        0.37479111261631226,
        0.462359487402234,
        0.47967721129893687,
        0.4709896181591006,
        0.44746958144494037,
        0.39480769478462013,
        0.4587506134455872,
        0.4587506134455872,
        0.4224515663000967,
        0.4223618559400641
    ]
}