{
    "train_loss": [
        1.0337594109912251,
        0.7796071511368419,
        0.776059802881507,
        0.7202048218527506,
        0.795712165361227,
        0.7755503806956979,
        0.7696382853873941,
        0.7376901230146719,
        0.7351222537284674,
        0.6733186951903409,
        0.7235925530278405,
        0.6732188969157463,
        0.6681334806043048,
        0.6396454059800436,
        0.6419203416552655,
        0.6284734329511953,
        0.6213810246351154,
        0.6161876972331557
    ],
    "train_acc": [
        0.8502906976744186,
        0.813953488372093,
        0.8008720930232558,
        0.8146802325581395,
        0.8001453488372093,
        0.8379360465116279,
        0.8306686046511628,
        0.7936046511627907,
        0.8321220930232558,
        0.8321220930232558,
        0.8168604651162791,
        0.8306686046511628,
        0.8321220930232558,
        0.8321220930232558,
        0.8292151162790697,
        0.842296511627907,
        0.845203488372093,
        0.8386627906976745
    ],
    "train_f1": [
        0.3087248322147651,
        0.4260089686098655,
        0.43621399176954734,
        0.4698544698544699,
        0.45759368836291914,
        0.4920273348519362,
        0.4764044943820225,
        0.4621212121212121,
        0.48552338530066813,
        0.5095541401273885,
        0.4857142857142857,
        0.5115303983228512,
        0.5074626865671642,
        0.5074626865671642,
        0.5154639175257731,
        0.531317494600432,
        0.5359477124183006,
        0.5469387755102041
    ],
    "train_mcc": [
        0.22495003721358744,
        0.36232055725240997,
        0.38411935905444683,
        0.4275055641183777,
        0.41851265877325333,
        0.44474942589244154,
        0.4264160226581563,
        0.4311573389906721,
        0.4391017335492202,
        0.476774599172651,
        0.451316409350061,
        0.4813687781179633,
        0.47338616543919043,
        0.47338616543919043,
        0.4893416690300466,
        0.5024845050505868,
        0.5070990310123614,
        0.5332303436001447
    ],
    "val_loss": [
        0.7868353128433228,
        0.855495647950606,
        0.7797739993442189,
        0.7952872839840975,
        0.8349827907302163,
        0.8044034107164904,
        0.7974724200638857,
        0.8193418383598328,
        0.8181163126772101,
        0.8481968560002067,
        0.8153167068958282,
        0.8274838897314939,
        0.8751724145629189,
        0.8395760465751995,
        0.8774473883888938,
        0.9106800339438699,
        0.9544590223919261,
        0.8931576338681307
    ],
    "val_acc": [
        0.813953488372093,
        0.8662790697674418,
        0.8546511627906976,
        0.8168604651162791,
        0.8052325581395349,
        0.8168604651162791,
        0.8197674418604651,
        0.811046511627907,
        0.8313953488372093,
        0.8430232558139535,
        0.8284883720930233,
        0.813953488372093,
        0.8459302325581395,
        0.8313953488372093,
        0.811046511627907,
        0.8313953488372093,
        0.8284883720930233,
        0.8313953488372093
    ],
    "val_f1": [
        0.5,
        0.5208333333333334,
        0.5370370370370371,
        0.5039370078740157,
        0.4462809917355372,
        0.46153846153846156,
        0.45614035087719296,
        0.4247787610619469,
        0.4528301886792453,
        0.47058823529411764,
        0.4485981308411215,
        0.42857142857142855,
        0.4752475247524752,
        0.4727272727272727,
        0.453781512605042,
        0.4727272727272727,
        0.4778761061946903,
        0.4727272727272727
    ],
    "val_mcc": [
        0.47249714986875596,
        0.4643158976738144,
        0.49527647464476227,
        0.47647480937766723,
        0.39236666966372685,
        0.4085539970983432,
        0.39884363611890505,
        0.3579100336764578,
        0.38845653281071774,
        0.40766297394785517,
        0.3838682731398452,
        0.3620620287711203,
        0.41269456446815395,
        0.4164637541266984,
        0.4003411711199092,
        0.4164637541266984,
        0.4257577843660435,
        0.4164637541266984
    ]
}