{
    "train_loss": [
        1.002985158631968,
        0.8847949442475341,
        0.8322931451852932,
        0.8506461465081503,
        0.7893068457758704,
        0.7567176832709201,
        0.7172281139118727,
        0.7366810586563376,
        0.6850301637205967,
        0.691832339347795,
        0.6516483370647874,
        0.707986417897912,
        0.6556549009888671,
        0.6801766261111858,
        0.6243502338265263,
        0.6345688562060512,
        0.6444826971652896,
        0.6035018223662709
    ],
    "train_acc": [
        0.8401162790697675,
        0.8117732558139535,
        0.809593023255814,
        0.8197674418604651,
        0.8393895348837209,
        0.8364825581395349,
        0.8502906976744186,
        0.8234011627906976,
        0.8510174418604651,
        0.8444767441860465,
        0.845203488372093,
        0.8502906976744186,
        0.8488372093023255,
        0.8350290697674418,
        0.8561046511627907,
        0.8488372093023255,
        0.8640988372093024,
        0.8568313953488372
    ],
    "train_f1": [
        0.3413173652694611,
        0.4073226544622426,
        0.45867768595041325,
        0.45614035087719296,
        0.4896073903002309,
        0.4966442953020134,
        0.5164319248826291,
        0.48625792811839325,
        0.5221445221445221,
        0.5158371040723982,
        0.5125858123569794,
        0.5253456221198156,
        0.5185185185185185,
        0.5200845665961945,
        0.55,
        0.543859649122807,
        0.56,
        0.5592841163310962
    ],
    "train_mcc": [
        0.25499446096768896,
        0.33708818281319747,
        0.41350221914285484,
        0.40308620194812844,
        0.440159746027982,
        0.45278564518999975,
        0.47199867181557187,
        0.44682612728346993,
        0.4799914513680193,
        0.4758131836822981,
        0.47023389208472754,
        0.4854743135390249,
        0.4762917129907406,
        0.4912665140664157,
        0.518568985597765,
        0.5162689941163221,
        0.5261577068091593,
        0.5328479023535501
    ],
    "val_loss": [
        0.7782057794657621,
        0.8541331237012689,
        0.8453190231865103,
        0.801125320521268,
        0.7910220108248971,
        0.7941563346169211,
        0.8168996843424711,
        0.8275264718315818,
        0.8308873474597931,
        0.8602080507711931,
        0.8921885652975603,
        0.8586278368126262,
        0.8414179384708405,
        0.8707596361637115,
        0.8805741017515009,
        0.9210627241568132,
        0.9335980903018605,
        0.9450008869171143
    ],
    "val_acc": [
        0.8546511627906976,
        0.9011627906976745,
        0.8895348837209303,
        0.8459302325581395,
        0.8401162790697675,
        0.8633720930232558,
        0.7906976744186046,
        0.8343023255813954,
        0.8313953488372093,
        0.8401162790697675,
        0.872093023255814,
        0.8343023255813954,
        0.811046511627907,
        0.8284883720930233,
        0.8372093023255814,
        0.8343023255813954,
        0.8197674418604651,
        0.8343023255813954
    ],
    "val_f1": [
        0.5283018867924528,
        0.5,
        0.5365853658536586,
        0.49523809523809526,
        0.4954128440366973,
        0.5154639175257731,
        0.4626865671641791,
        0.4672897196261682,
        0.46296296296296297,
        0.47619047619047616,
        0.5111111111111111,
        0.45714285714285713,
        0.4444444444444444,
        0.46846846846846846,
        0.48148148148148145,
        0.47706422018348627,
        0.44642857142857145,
        0.4672897196261682
    ],
    "val_mcc": [
        0.4821819736572104,
        0.44778257116307746,
        0.4774862637668615,
        0.4402474214196664,
        0.44411922549511323,
        0.45858076423831307,
        0.4288664280038888,
        0.40717407722740373,
        0.4025427109883202,
        0.4166871984936606,
        0.4496094918620611,
        0.3931269755676548,
        0.3863443613521627,
        0.4119494994859482,
        0.4257261519024307,
        0.4210550628184347,
        0.3847858634540733,
        0.40717407722740373
    ]
}