{
    "train_loss": [
        1.0303509062112763,
        0.7583011014516964,
        0.7862163504888845,
        0.7638808253199555,
        0.7585051357746124,
        0.7747188591679861,
        0.7159865304481151,
        0.6842674578345099,
        0.6882727721402812,
        0.6618664098340411,
        0.6180306950280833,
        0.6380474969398143,
        0.614300515069518,
        0.6116353256064792,
        0.6095450693784759,
        0.5752152904521587
    ],
    "train_acc": [
        0.8379360465116279,
        0.7870639534883721,
        0.8037790697674418,
        0.8183139534883721,
        0.811046511627907,
        0.8299418604651163,
        0.8473837209302325,
        0.8357558139534884,
        0.8386627906976745,
        0.8401162790697675,
        0.8379360465116279,
        0.8350290697674418,
        0.8459302325581395,
        0.8379360465116279,
        0.8284883720930233,
        0.8510174418604651
    ],
    "train_f1": [
        0.31384615384615383,
        0.4419047619047619,
        0.44672131147540983,
        0.4588744588744589,
        0.453781512605042,
        0.4890829694323144,
        0.5047169811320755,
        0.5043859649122807,
        0.497737556561086,
        0.5175438596491229,
        0.5120350109409191,
        0.5200845665961945,
        0.5246636771300448,
        0.5120350109409191,
        0.51440329218107,
        0.5393258426966292
    ],
    "train_mcc": [
        0.22484710718174414,
        0.40211315867184727,
        0.3986298358541783,
        0.4080709904332363,
        0.40491972101514084,
        0.44615480694522175,
        0.456834897107205,
        0.465336737640635,
        0.4528000134172925,
        0.482314156465864,
        0.47551844227115114,
        0.4912665140664157,
        0.4882828645638651,
        0.47551844227115114,
        0.48828191854578556,
        0.5066700210606605
    ],
    "val_loss": [
        0.8058888261968439,
        0.8555065637285059,
        0.7812971093437888,
        0.7704810175028715,
        0.7938703921708193,
        0.7871543223207648,
        0.8306044448505748,
        0.8557202788916501,
        0.8851431093432687,
        0.8625755418430675,
        0.9134927960959348,
        0.9368018778887662,
        1.0375275964086705,
        1.0596326034177432,
        1.0274385864084417,
        1.1053271483291278
    ],
    "val_acc": [
        0.8924418604651163,
        0.8837209302325582,
        0.8546511627906976,
        0.8401162790697675,
        0.8604651162790697,
        0.8284883720930233,
        0.8430232558139535,
        0.813953488372093,
        0.8226744186046512,
        0.7994186046511628,
        0.813953488372093,
        0.7761627906976745,
        0.8343023255813954,
        0.8168604651162791,
        0.811046511627907,
        0.8226744186046512
    ],
    "val_f1": [
        0.5316455696202531,
        0.5238095238095238,
        0.5098039215686274,
        0.4954128440366973,
        0.48936170212765956,
        0.4778761061946903,
        0.46,
        0.4576271186440678,
        0.46956521739130436,
        0.4566929133858268,
        0.4576271186440678,
        0.42105263157894735,
        0.49557522123893805,
        0.46153846153846156,
        0.453781512605042,
        0.46956521739130436
    ],
    "val_mcc": [
        0.4723728110615766,
        0.4629103082582194,
        0.4555987329764185,
        0.44411922549511323,
        0.4257004846281569,
        0.4257577843660435,
        0.3935668746853074,
        0.4044168589240252,
        0.4170205919107742,
        0.41243182900807196,
        0.4044168589240252,
        0.3697192578298647,
        0.44837370126257203,
        0.4085539970983432,
        0.4003411711199092,
        0.4170205919107742
    ]
}