{
    "train_loss": [
        1.2127532574865554,
        0.7428110427326626,
        0.46433854334884217,
        0.4213459167215559,
        0.3478960563739141,
        0.29437209818926124,
        0.2610855302049054,
        0.2406432015614377,
        0.26324162350760566,
        0.19549828372481798,
        0.2107835593736834,
        0.1730131590945853,
        0.13572084057248301,
        0.1237939173148738,
        0.15435940192805397,
        0.17969052556177809,
        0.11926647049064437,
        0.10515207591363125,
        0.10485694744468978,
        0.0854422831416337,
        0.08597479894750804,
        0.07648536508333766,
        0.07110223071908371,
        0.08672683552269721,
        0.07961164890762626,
        0.06459546677748827
    ],
    "train_acc": [
        0.8909090909090909,
        0.9111888111888112,
        0.9167832167832168,
        0.9055944055944056,
        0.9279720279720279,
        0.9377622377622378,
        0.9335664335664335,
        0.9447552447552447,
        0.9342657342657342,
        0.9566433566433566,
        0.9468531468531468,
        0.9615384615384616,
        0.9706293706293706,
        0.972027972027972,
        0.9692307692307692,
        0.9517482517482517,
        0.9748251748251748,
        0.9797202797202798,
        0.9797202797202798,
        0.9846153846153847,
        0.9846153846153847,
        0.9874125874125874,
        0.9867132867132867,
        0.9853146853146854,
        0.9853146853146854,
        0.9895104895104895
    ],
    "train_f1": [
        0.0,
        0.6116207951070336,
        0.6987341772151898,
        0.6731234866828087,
        0.7338501291989664,
        0.7688311688311689,
        0.759493670886076,
        0.7882037533512064,
        0.7638190954773869,
        0.8277777777777777,
        0.798941798941799,
        0.8450704225352113,
        0.8793103448275862,
        0.8857142857142857,
        0.875,
        0.8169761273209549,
        0.8947368421052632,
        0.9134328358208955,
        0.913946587537092,
        0.9333333333333333,
        0.9333333333333333,
        0.9444444444444444,
        0.9415384615384615,
        0.9357798165137615,
        0.9361702127659575,
        0.9535603715170279
    ],
    "train_mcc": [
        -0.009223476430308051,
        0.5626049824629814,
        0.6740619014635142,
        0.6495329651473747,
        0.712989455324605,
        0.7535507541043709,
        0.7462918391999567,
        0.7720533638777872,
        0.7526387168659341,
        0.8138041689971428,
        0.7863691586974119,
        0.8322380608690132,
        0.8695409342917843,
        0.8774591959304294,
        0.8657597597153565,
        0.807120145821905,
        0.8855851791471947,
        0.9052550942020418,
        0.906274832080707,
        0.926849456465936,
        0.926849456465936,
        0.9384760007266713,
        0.9353295892458764,
        0.9291154829002287,
        0.929884732627677,
        0.9486352031562146
    ],
    "val_loss": [
        1.1798941145340602,
        0.4207471404224634,
        0.3731460322936376,
        0.4260984907547633,
        0.3876373649885257,
        0.4105040704210599,
        0.7190412326405445,
        0.5172652155160904,
        0.7877549231828501,
        0.6646961574442685,
        2.044338430588444,
        0.8275377545505762,
        1.0638159752512972,
        1.0515087440920372,
        0.483216443642353,
        1.106187670181195,
        1.115413087963437,
        1.4251221530139446,
        1.5023007847485133,
        2.6565523729659617,
        2.3415937451184923,
        1.8759341735240014,
        1.6436807790564198,
        1.0837746252267,
        2.2086524379750094,
        2.169135384106388
    ],
    "val_acc": [
        0.8910614525139665,
        0.9273743016759777,
        0.9162011173184358,
        0.9329608938547486,
        0.9329608938547486,
        0.9273743016759777,
        0.9385474860335196,
        0.9357541899441341,
        0.9357541899441341,
        0.9413407821229051,
        0.946927374301676,
        0.9441340782122905,
        0.9357541899441341,
        0.9357541899441341,
        0.8687150837988827,
        0.9441340782122905,
        0.9329608938547486,
        0.9329608938547486,
        0.9385474860335196,
        0.9441340782122905,
        0.9413407821229051,
        0.9441340782122905,
        0.9385474860335196,
        0.9245810055865922,
        0.946927374301676,
        0.9413407821229051
    ],
    "val_f1": [
        0.0,
        0.7111111111111111,
        0.7,
        0.7391304347826086,
        0.7391304347826086,
        0.7346938775510204,
        0.7380952380952381,
        0.7526881720430108,
        0.7228915662650602,
        0.7692307692307693,
        0.7764705882352941,
        0.7727272727272727,
        0.7228915662650602,
        0.7294117647058823,
        0.6050420168067226,
        0.75,
        0.7,
        0.7,
        0.7105263157894737,
        0.7142857142857143,
        0.6956521739130435,
        0.7222222222222222,
        0.7105263157894737,
        0.6966292134831461,
        0.7323943661971831,
        0.7123287671232876
    ],
    "val_mcc": [
        0.0,
        0.6783134932481504,
        0.676142197207725,
        0.7125589811533908,
        0.7125589811533908,
        0.7146339890642386,
        0.705797763973695,
        0.7294123057891367,
        0.6883039776594442,
        0.746417793583961,
        0.7498663472731928,
        0.7476266309593185,
        0.6883039776594442,
        0.696283083336306,
        0.5872332181582068,
        0.7188603076779352,
        0.6625531224359046,
        0.6625531224359046,
        0.6764711303005541,
        0.6893101907877194,
        0.6708041731759844,
        0.6943880221529758,
        0.6764711303005541,
        0.6609036501543665,
        0.7074953789257477,
        0.6818237340248523
    ]
}