{
    "train_loss": [
        1.1180546919504801,
        0.5550334913863076,
        0.44960045682059396,
        0.3679096966981888,
        0.3156821617649661,
        0.2798937149345875,
        0.30096674971282483,
        0.26409351084795263,
        0.23752444258166683,
        0.31632691286504266,
        0.19898188735047975,
        0.20893016250597107,
        0.1879647971648309,
        0.1747519632594453,
        0.14497899545563592,
        0.16705485625813404,
        0.17875726003613737,
        0.117198079596791,
        0.061099997845788796,
        0.05368680167011917,
        0.05073209933341584,
        0.0407963316137385,
        0.036545360481573474,
        0.03132284051324758,
        0.024076021467852923
    ],
    "train_acc": [
        0.8944055944055944,
        0.9076923076923077,
        0.9216783216783216,
        0.9321678321678322,
        0.9328671328671329,
        0.9384615384615385,
        0.9356643356643357,
        0.9468531468531468,
        0.9615384615384616,
        0.9286713286713286,
        0.9608391608391609,
        0.9615384615384616,
        0.9636363636363636,
        0.9734265734265735,
        0.9748251748251748,
        0.9706293706293706,
        0.9636363636363636,
        0.9734265734265735,
        0.9888111888111888,
        0.9902097902097902,
        0.9888111888111888,
        0.9937062937062937,
        0.9937062937062937,
        0.9951048951048951,
        0.9958041958041958
    ],
    "train_f1": [
        0.2843601895734597,
        0.6632653061224489,
        0.7157360406091371,
        0.7467362924281984,
        0.7512953367875648,
        0.7731958762886598,
        0.7604166666666666,
        0.7945945945945946,
        0.8424068767908309,
        0.7411167512690355,
        0.8418079096045198,
        0.8441926345609065,
        0.8514285714285714,
        0.8869047619047619,
        0.8941176470588236,
        0.8771929824561403,
        0.8539325842696629,
        0.8895348837209303,
        0.950920245398773,
        0.95625,
        0.9506172839506173,
        0.9717868338557993,
        0.9717868338557993,
        0.9779179810725552,
        0.9810126582278481
    ],
    "train_mcc": [
        0.27750555677868954,
        0.6310323095104291,
        0.6939281078476118,
        0.7268275879533906,
        0.7332322210546275,
        0.7598228599043384,
        0.7432771543036475,
        0.7785073112275479,
        0.8275211770487878,
        0.7240741477121829,
        0.8281928041416229,
        0.8306504809360389,
        0.8381299552299823,
        0.8753172594640612,
        0.8843942184267762,
        0.8655690551328565,
        0.8427454703240466,
        0.8801567437654055,
        0.946075000305693,
        0.9513332213849767,
        0.9454440979308517,
        0.9687365494044707,
        0.9687365494044707,
        0.9754676612133822,
        0.9788781391977974
    ],
    "val_loss": [
        0.7601655821005503,
        0.6998249714573225,
        0.3977353200316429,
        0.47544599945346516,
        0.45955051109194756,
        0.7266296297311783,
        0.3854613996421297,
        0.410610248024265,
        0.8709649606607854,
        0.36747035073737305,
        0.4495984667058413,
        0.4990756269544363,
        0.491691694429998,
        0.5593953221881142,
        0.7188614466770863,
        0.63741175251198,
        0.5298817120492458,
        0.7638206947594881,
        1.035524100375672,
        0.9181310756102903,
        0.8901691478161714,
        0.915254487345616,
        1.1436187752212088,
        1.168291748656581,
        1.2625570241361856
    ],
    "val_acc": [
        0.8156424581005587,
        0.8072625698324022,
        0.9162011173184358,
        0.9413407821229051,
        0.8938547486033519,
        0.9357541899441341,
        0.946927374301676,
        0.946927374301676,
        0.9189944134078212,
        0.9441340782122905,
        0.9385474860335196,
        0.9441340782122905,
        0.9357541899441341,
        0.9413407821229051,
        0.952513966480447,
        0.9441340782122905,
        0.9301675977653632,
        0.9273743016759777,
        0.9329608938547486,
        0.9357541899441341,
        0.9385474860335196,
        0.9441340782122905,
        0.9357541899441341,
        0.9385474860335196,
        0.9329608938547486
    ],
    "val_f1": [
        0.5285714285714286,
        0.5241379310344828,
        0.7058823529411765,
        0.7407407407407407,
        0.6607142857142857,
        0.684931506849315,
        0.7865168539325843,
        0.7865168539325843,
        0.7184466019417476,
        0.7872340425531915,
        0.7608695652173914,
        0.7674418604651163,
        0.7415730337078652,
        0.7586206896551724,
        0.7733333333333333,
        0.7368421052631579,
        0.7311827956989247,
        0.6829268292682927,
        0.6756756756756757,
        0.7228915662650602,
        0.7380952380952381,
        0.75,
        0.6933333333333334,
        0.717948717948718,
        0.6842105263157895
    ],
    "val_mcc": [
        0.5179106245232199,
        0.5194803577407424,
        0.6859887881826032,
        0.7083387481911481,
        0.6463683357531159,
        0.6512433159866542,
        0.764359490449628,
        0.764359490449628,
        0.7026145951909891,
        0.7709599159218722,
        0.7378035249686222,
        0.7401458136548499,
        0.7126315703019972,
        0.7307093224680219,
        0.7476059855227031,
        0.7059222630559473,
        0.7043614994314515,
        0.6430033917557639,
        0.6395767336886669,
        0.6883039776594442,
        0.705797763973695,
        0.7188603076779352,
        0.658173057426091,
        0.6834659593280283,
        0.6470199975451609
    ]
}