{
    "train_loss": [
        1.1857058641522429,
        1.1566306629846261,
        1.0952392650205036,
        1.0210259196370146,
        0.960788298484891,
        0.8961345553398132,
        0.8401113152503967,
        0.8263032360132351,
        0.7493539653545203,
        0.7219994788946107,
        0.7055058250593584,
        0.6420912714891656,
        0.6087756323259931,
        0.5572797184766725,
        0.5599677035974902,
        0.5158164353911266,
        0.4729315203636192,
        0.4940390980174375,
        0.44043521860311197,
        0.4729088589895603,
        0.44254127768583074,
        0.46297594523707103,
        0.4525157360489978,
        0.34872875250009605,
        0.3205625967577446,
        0.31649980798017147,
        0.22800326919139818,
        0.19401904212874035,
        0.1794446672984334,
        0.14438714572163516,
        0.14456280091300952,
        0.12124086611059516,
        0.12046906715908716,
        0.09395146337446085,
        0.0981721355861356,
        0.09969983470821103,
        0.1107505570750597,
        0.09557011620639715,
        0.08274547331208407,
        0.07290722113535848,
        0.07668703956919354,
        0.06954631140065748,
        0.06404627309462359,
        0.06763829379667376,
        0.05844513551050494,
        0.06772165485592775,
        0.06861228150380559,
        0.06171627107704448,
        0.06306969477296916,
        0.06233080345487525
    ],
    "train_acc": [
        0.8649446494464945,
        0.8583025830258303,
        0.8346863468634687,
        0.8487084870848709,
        0.8214022140221402,
        0.8457564575645756,
        0.8487084870848709,
        0.8538745387453874,
        0.8767527675276753,
        0.8738007380073801,
        0.8642066420664206,
        0.8804428044280442,
        0.8745387453874539,
        0.8811808118081181,
        0.8848708487084871,
        0.8966789667896679,
        0.8966789667896679,
        0.8907749077490775,
        0.8966789667896679,
        0.9121771217712177,
        0.9070110701107011,
        0.9350553505535055,
        0.8966789667896679,
        0.9254612546125461,
        0.9394833948339484,
        0.9380073800738007,
        0.9520295202952029,
        0.9638376383763838,
        0.9653136531365314,
        0.9734317343173432,
        0.9785977859778597,
        0.977859778597786,
        0.9756457564575646,
        0.9845018450184502,
        0.981549815498155,
        0.9837638376383764,
        0.9793357933579335,
        0.981549815498155,
        0.981549815498155,
        0.9874538745387453,
        0.9837638376383764,
        0.9867158671586715,
        0.9881918819188192,
        0.9881918819188192,
        0.9881918819188192,
        0.9881918819188192,
        0.988929889298893,
        0.9859778597785978,
        0.9896678966789668,
        0.9874538745387453
    ],
    "train_f1": [
        0.031746031746031744,
        0.1111111111111111,
        0.3945945945945946,
        0.4675324675324675,
        0.49159663865546216,
        0.5426695842450766,
        0.5514223194748359,
        0.5732758620689655,
        0.6160919540229886,
        0.6208425720620843,
        0.6,
        0.6367713004484304,
        0.6367521367521367,
        0.6445916114790287,
        0.6563876651982379,
        0.6902654867256637,
        0.6875,
        0.6768558951965066,
        0.6982758620689655,
        0.7289293849658315,
        0.71875,
        0.7894736842105263,
        0.696969696969697,
        0.767816091954023,
        0.8066037735849056,
        0.7961165048543689,
        0.8410757946210269,
        0.8753180661577609,
        0.8804071246819338,
        0.9072164948453608,
        0.9238845144356955,
        0.921875,
        0.9156010230179028,
        0.9445910290237467,
        0.9343832020997376,
        0.9417989417989417,
        0.9270833333333334,
        0.9347258485639687,
        0.9347258485639687,
        0.9546666666666667,
        0.9421052631578948,
        0.9523809523809523,
        0.9576719576719577,
        0.9574468085106383,
        0.9576719576719577,
        0.9574468085106383,
        0.96,
        0.9501312335958005,
        0.9625668449197861,
        0.9544235924932976
    ],
    "train_mcc": [
        0.054689203133214424,
        0.10016965817566773,
        0.29901366780331534,
        0.38064985351557645,
        0.40787838981923874,
        0.4693306247789789,
        0.48010347673343606,
        0.5080410794840229,
        0.5562410351758967,
        0.5644494994195886,
        0.5404088373226699,
        0.5830328048415999,
        0.5875445023464104,
        0.5939377754446358,
        0.6086257039561336,
        0.6497158936912986,
        0.6453667564905942,
        0.6347362024900908,
        0.6628062914221639,
        0.6936220923405547,
        0.6835430640644408,
        0.7614420625692402,
        0.6606200168869933,
        0.7396706192926127,
        0.7834049408138658,
        0.7680610077513794,
        0.8207818996622747,
        0.8579753333803073,
        0.8639467161914222,
        0.8945295518168984,
        0.9130059737805417,
        0.9110563134524945,
        0.9048610796493324,
        0.936876991757365,
        0.9252377623357387,
        0.933513993928728,
        0.9171347473875,
        0.9259077192240233,
        0.9259077192240233,
        0.948163756258388,
        0.9341055287168004,
        0.945822591202873,
        0.9519768898399456,
        0.9514918605876697,
        0.9519768898399456,
        0.9514918605876697,
        0.9543574394095569,
        0.9435854451685344,
        0.9572440012995271,
        0.9477108119697303
    ],
    "val_loss": [
        1.1919401992451062,
        1.139861280267889,
        1.0825356841087341,
        0.9312203120101582,
        0.9035927111452277,
        0.8663674213669517,
        0.8575010760263964,
        0.8226063684983687,
        0.7776321768760681,
        0.7758868797258898,
        0.7418024919249795,
        0.7613051953640851,
        0.7765362465923483,
        0.7851360223510049,
        0.7161867699839852,
        0.8023793805729259,
        0.8696909601038153,
        0.8646694448861209,
        0.9414088387380947,
        1.26469656012275,
        0.8676346106962725,
        0.9553689712827856,
        0.8211847272786227,
        0.8765649206259034,
        1.1852022815834393,
        1.077638640999794,
        1.284035717899149,
        1.463450825349851,
        1.2930339750918476,
        1.620065082203258,
        1.5983983603390781,
        1.7268707257780163,
        1.7289001440460032,
        1.815495321696455,
        1.8743652565912767,
        1.933479355140166,
        1.6993919108062983,
        1.7970370812849565,
        1.632918734442104,
        1.9036748029968955,
        1.8885804198004983,
        1.8277154385366223,
        2.0209768360311333,
        1.950363665819168,
        1.9208251508799465,
        2.0903757731430233,
        2.0333631485700607,
        1.9850820221684196,
        1.9607495387846774,
        1.987191528081894
    ],