{
    "train_loss": [
        1.1973343657892803,
        1.186773772849593,
        1.1637508744417235,
        1.1054985620254694,
        1.0711234142613966,
        0.9767299044963925,
        0.8295782832212226,
        0.7411509010680887,
        0.7684580087661743,
        0.7397939777651499,
        0.795690577390582,
        0.7708821871946024,
        0.6952543334905491,
        0.6790553137313488,
        0.6391993913539621,
        0.6322958975337273,
        0.6082658708788627,
        0.5786800848883252,
        0.562757597413174,
        0.5579170435667038,
        0.5128872262877088,
        0.5255942034513451,
        0.490626493512198,
        0.44615757742593454,
        0.42222151939952096,
        0.42824711286744405,
        0.37894521662315656,
        0.39904884630164433,
        0.3577982306826946,
        0.3951102607818537,
        0.34269378698149394,
        0.35019725543815033,
        0.3343984898786212,
        0.28771019085895183,
        0.30547248424832213,
        0.2897221077515116,
        0.29716858683630476,
        0.3115906379250593,
        0.30268481339133063,
        0.26940420685812483,
        0.2793767511977294,
        0.2656577274549839,
        0.2656947854299878,
        0.24687039098420807,
        0.2512521464810815,
        0.25227748910181746,
        0.24281430625638298,
        0.2363596159185088,
        0.25056652447511985,
        0.24423498444551558
    ],
    "train_acc": [
        0.8656826568265683,
        0.8671586715867159,
        0.8487084870848709,
        0.8346863468634687,
        0.829520295202952,
        0.8583025830258303,
        0.8678966789667897,
        0.8782287822878229,
        0.8531365313653136,
        0.870110701107011,
        0.8022140221402214,
        0.862730627306273,
        0.8804428044280442,
        0.8863468634686347,
        0.8856088560885609,
        0.8892988929889298,
        0.8915129151291513,
        0.888560885608856,
        0.8856088560885609,
        0.8929889298892989,
        0.8892988929889298,
        0.8804428044280442,
        0.8922509225092251,
        0.9055350553505535,
        0.9092250922509225,
        0.9011070110701107,
        0.9099630996309963,
        0.9180811808118081,
        0.9188191881918819,
        0.915129151291513,
        0.9166051660516605,
        0.9136531365313653,
        0.9232472324723248,
        0.9276752767527675,
        0.9247232472324723,
        0.9284132841328413,
        0.9284132841328413,
        0.9217712177121771,
        0.9298892988929889,
        0.9350553505535055,
        0.9365313653136531,
        0.9350553505535055,
        0.9380073800738007,
        0.9402214022140222,
        0.9402214022140222,
        0.9387453874538746,
        0.940959409594096,
        0.9416974169741698,
        0.9394833948339484,
        0.940959409594096
    ],
    "train_f1": [
        0.0,
        0.0425531914893617,
        0.14225941422594143,
        0.3743016759776536,
        0.40616966580976865,
        0.5025906735751295,
        0.5788235294117647,
        0.617169373549884,
        0.5645514223194749,
        0.6018099547511312,
        0.5144927536231884,
        0.5956521739130435,
        0.6284403669724771,
        0.6298076923076923,
        0.6485260770975056,
        0.6590909090909091,
        0.6557377049180327,
        0.6636971046770601,
        0.6709129511677282,
        0.6756152125279642,
        0.6753246753246753,
        0.6707317073170732,
        0.6826086956521739,
        0.7168141592920354,
        0.7260579064587973,
        0.7161016949152542,
        0.7300884955752213,
        0.7516778523489933,
        0.7533632286995515,
        0.7450110864745011,
        0.7460674157303371,
        0.7439824945295405,
        0.7678571428571429,
        0.78125,
        0.7723214285714286,
        0.781038374717833,
        0.7829977628635347,
        0.7675438596491229,
        0.7816091954022989,
        0.8,
        0.8009259259259259,
        0.8,
        0.8064516129032258,
        0.812933025404157,
        0.8120649651972158,
        0.8074245939675174,
        0.8148148148148148,
        0.8158508158508159,
        0.8101851851851852,
        0.8148148148148148
    ],
    "train_mcc": [
        -0.010670773628345917,
        0.09274588060344399,
        0.09915995137916747,
        0.2791004083498339,
        0.3082151514069632,
        0.42145445395254993,
        0.5104043363038907,
        0.5570532082220915,
        0.4962627546651219,
        0.5398392809427575,
        0.4497292144510092,
        0.5350439856139695,
        0.5713104527386372,
        0.5707172108018952,
        0.5964552234381351,
        0.6091040486439906,
        0.6029512233520794,
        0.6164999539451258,
        0.6308036791980488,
        0.6306268477331382,
        0.6338665133877084,
        0.6368697551571127,
        0.6423410197879762,
        0.6822559217559713,
        0.6927450342083752,
        0.6874178182697588,
        0.6985259357883077,
        0.7234721902032603,
        0.7252339590149501,
        0.7165137897553068,
        0.716050538501883,
        0.7171062197314941,
        0.7435344045376282,
        0.759895679212134,
        0.7489881627624635,
        0.7580385403717206,
        0.7617026253380165,
        0.7457652396238998,
        0.756346036030496,
        0.7801341267429427,
        0.778807820006151,
        0.7801341267429427,
        0.7860736119333731,
        0.793594801836313,
        0.7919429802364599,
        0.7863503666170701,
        0.7955597873066897,
        0.7959100592065212,
        0.7899757982065101,
        0.7955597873066897
    ],
    "val_loss": [
        1.2162589701739224,
        1.190919112075459,
        1.1795567924326116,
        1.1997240727598018,
        1.1257108124819668,
        0.9951259873130105,
        0.9048895835876465,
        0.9409496675838124,
        0.8128475736487996,
        0.8797475478865884,
        0.903323460708965,
        0.940157559784976,
        0.8291837573051453,
        0.8027913136915727,
        0.8424100117249922,
        0.8671700954437256,
        0.7694800143892114,
        0.7171840532259508,
        0.9829641336744482,
        0.7147983014583588,
        0.8612702515992251,
        0.760084180669351,
        0.8963253200054169,
        0.8440367457541552,
        0.8438252535733309,
        1.0215267444198781,
        1.0721805718812076,
        0.9283964735540476,
        1.3654115850275212,
        1.0326970267024906,
        0.9525064426389608,
        1.2935741435397754,
        1.335699970071966,
        1.4139083976095372,
        1.41893962838433,
        1.4363902021538129,
        1.5018067007715052,
        1.5904979583891956,
        1.4863023080609061,
        1.6219004460356452,
        1.452782853083177,
        1.563811181621118,
        1.5871695390987126,
        1.6138109551234678,
        1.6118147305466912,
        1.6194426783106544,
        1.709261867133054,
        1.8088186166503213,
        1.6415550085631283,
        1.6792595413598148
    ],