{
    "train_loss": [
        1.1923236528108285,
        1.1709611429724582,
        1.1230523752611736,
        1.0092043571693952,
        0.8984445818634921,
        0.8030261182507803,
        0.7640113823635634,
        0.6015966125698977,
        0.48036439543546633,
        0.44538008542947993,
        0.4778648957956669,
        0.3419170885585075,
        0.2681693633974985,
        0.2290326492037884,
        0.16653367014991682,
        0.15915214796658866,
        0.1632789259906425,
        0.269198467131964,
        0.22532291623742082,
        0.11734046830340873,
        0.09972622221725624,
        0.10379024395762487
    ],
    "train_acc": [
        0.8678966789667897,
        0.8664206642066421,
        0.8376383763837638,
        0.8199261992619926,
        0.83690036900369,
        0.862730627306273,
        0.8590405904059041,
        0.8892988929889298,
        0.8981549815498155,
        0.9047970479704797,
        0.9070110701107011,
        0.9357933579335793,
        0.9446494464944649,
        0.9549815498154982,
        0.9690036900369003,
        0.9704797047970479,
        0.9675276752767528,
        0.9446494464944649,
        0.9542435424354243,
        0.9771217712177122,
        0.9830258302583026,
        0.9837638376383764
    ],
    "train_f1": [
        0.02185792349726776,
        0.05235602094240838,
        0.29936305732484075,
        0.4106280193236715,
        0.4988662131519274,
        0.5633802816901409,
        0.5802197802197803,
        0.6527777777777778,
        0.6905829596412556,
        0.7139689578713969,
        0.7174887892376681,
        0.7893462469733656,
        0.8184019370460048,
        0.8471177944862155,
        0.8923076923076924,
        0.8984771573604061,
        0.8888888888888888,
        0.8218527315914489,
        0.8465346534653465,
        0.9198966408268734,
        0.9402597402597402,
        0.9421052631578948
    ],
    "train_mcc": [
        0.09791762262661552,
        0.09287199499269008,
        0.21315327563092742,
        0.3097326823112208,
        0.4146584522576286,
        0.4919281156857751,
        0.5152557487704559,
        0.600120168800405,
        0.6486641067677615,
        0.6784977171713772,
        0.6814797577308424,
        0.76021701285943,
        0.7947698202397901,
        0.8258709446669371,
        0.8773986709832506,
        0.8853372749489307,
        0.8744588651178342,
        0.8008665011495624,
        0.8261546055690714,
        0.909198655919098,
        0.9326695908634248,
        0.9341055287168004
    ],
    "val_loss": [
        1.2063488526777788,
        1.1738250038840554,
        1.1848267804492603,
        1.0512701814824885,
        1.0766621746800162,
        0.9355773654851046,
        0.9084886475042864,
        1.0462943884459408,
        2.0033438178625973,
        1.1170381578532131,
        1.1812555491924286,
        1.182627788998864,
        2.3573564006523653,
        1.5319577651945027,
        2.7269101955673913,
        2.279245284470645,
        1.5653157017447732,
        2.298806072974747,
        1.4892034530639648,
        2.2414812350814994,
        2.3085631172765386,
        2.6965984200889412
    ],
    "val_acc": [
        0.8609467455621301,
        0.8609467455621301,
        0.5710059171597633,
        0.8165680473372781,
        0.8461538461538461,
        0.8520710059171598,
        0.8816568047337278,
        0.8579881656804734,
        0.8668639053254438,
        0.7840236686390533,
        0.834319526627219,
        0.7810650887573964,
        0.8698224852071006,
        0.8431952662721893,
        0.8579881656804734,
        0.849112426035503,
        0.7928994082840237,
        0.878698224852071,
        0.8136094674556213,
        0.849112426035503,
        0.8431952662721893,
        0.8461538461538461
    ],
    "val_f1": [
        0.0,
        0.04081632653061224,
        0.3378995433789954,
        0.42592592592592593,
        0.43478260869565216,
        0.5370370370370371,
        0.5652173913043478,
        0.5384615384615384,
        0.4155844155844156,
        0.48226950354609927,
        0.5087719298245614,
        0.4861111111111111,
        0.45,
        0.5137614678899083,
        0.45454545454545453,
        0.48484848484848486,
        0.4852941176470588,
        0.5393258426966292,
        0.4878048780487805,
        0.4742268041237113,
        0.4421052631578947,
        0.43478260869565216
    ],
    "val_mcc": [
        -0.03023554532132041,
        0.03764556250576957,
        0.24106706882675366,
        0.32678516855587453,
        0.34589973381361655,
        0.46096624201837977,
        0.49691903632685974,
        0.46218426899840764,
        0.34921741561504493,
        0.4097858087473124,
        0.42809439973861835,
        0.41754704048463975,
        0.3813158271941281,
        0.4329966005602164,
        0.3730886307408517,
        0.3995812603444506,
        0.4100472862689999,
        0.4695286264300994,
        0.4054520363879666,
        0.38805642521976375,
        0.35183682914393055,
        0.34589973381361655
    ]
}