{
    "train_loss": [
        1.2146123634444344,
        0.6637950198517906,
        0.4983965025179916,
        0.3566532674762938,
        0.35323588202397027,
        0.33949642694658705,
        0.2970802943325705,
        0.2506161970396837,
        0.26495032583673794,
        0.2433599186440309,
        0.1950891463810371,
        0.22549930322501394,
        0.21528422807653744,
        0.15330931081358964,
        0.20418615930474415,
        0.2054532960885101,
        0.21268074721511868,
        0.15023501575407056,
        0.11211709699903925,
        0.10477913665041948,
        0.09195858792261585,
        0.09609645727194017,
        0.11001356783769249,
        0.08196741114386694,
        0.07087221470505053,
        0.06952835145121854,
        0.07469291714692695,
        0.07379880313108313,
        0.06319162454520766,
        0.06853080823655344,
        0.06535869481999221,
        0.06250388120404549,
        0.06422749588188405,
        0.05663263776546551,
        0.05954832270120581,
        0.06651092305619385,
        0.054369432737358794,
        0.05075802638150183,
        0.05827343380499062
    ],
    "train_acc": [
        0.8916083916083916,
        0.9272727272727272,
        0.9090909090909091,
        0.9321678321678322,
        0.9370629370629371,
        0.9230769230769231,
        0.948951048951049,
        0.958041958041958,
        0.9377622377622378,
        0.9454545454545454,
        0.955944055944056,
        0.9657342657342657,
        0.9524475524475524,
        0.9706293706293706,
        0.9398601398601398,
        0.9601398601398602,
        0.9447552447552447,
        0.9706293706293706,
        0.9797202797202798,
        0.9839160839160839,
        0.9832167832167832,
        0.9839160839160839,
        0.9769230769230769,
        0.9853146853146854,
        0.9881118881118881,
        0.9888111888111888,
        0.9881118881118881,
        0.9888111888111888,
        0.9888111888111888,
        0.9888111888111888,
        0.9902097902097902,
        0.990909090909091,
        0.9895104895104895,
        0.9895104895104895,
        0.990909090909091,
        0.9895104895104895,
        0.9916083916083916,
        0.990909090909091,
        0.9916083916083916
    ],
    "train_f1": [
        0.0,
        0.6790123456790124,
        0.6782178217821783,
        0.7480519480519481,
        0.7580645161290323,
        0.729064039408867,
        0.8010899182561307,
        0.8285714285714286,
        0.7676240208877284,
        0.7880434782608695,
        0.8283378746594006,
        0.8595988538681948,
        0.8121546961325967,
        0.88,
        0.7806122448979592,
        0.836676217765043,
        0.793733681462141,
        0.8764705882352941,
        0.9134328358208955,
        0.9309309309309309,
        0.9281437125748503,
        0.9309309309309309,
        0.9026548672566371,
        0.9365558912386707,
        0.9480122324159022,
        0.950920245398773,
        0.9476923076923077,
        0.950920245398773,
        0.9506172839506173,
        0.950920245398773,
        0.9565217391304348,
        0.9597523219814241,
        0.9535603715170279,
        0.9538461538461539,
        0.9597523219814241,
        0.9535603715170279,
        0.9627329192546584,
        0.9597523219814241,
        0.9627329192546584
    ],
    "train_mcc": [
        0.0,
        0.6388478209469105,
        0.6525661928819481,
        0.7290589630169397,
        0.7365719010953883,
        0.71427531201181,
        0.7850886100503583,
        0.8119104614296843,
        0.7514060910754327,
        0.7702444075922124,
        0.8167400538725184,
        0.847228437232752,
        0.7963528426219828,
        0.8709043224803549,
        0.7701712004017106,
        0.8209520903207997,
        0.782129219977985,
        0.8642863603720773,
        0.9052550942020418,
        0.9247043911757448,
        0.9217494689286562,
        0.9247043911757448,
        0.8938845769511307,
        0.9306860214853532,
        0.942946067822389,
        0.946075000305693,
        0.9422799182451572,
        0.946075000305693,
        0.9454440979308517,
        0.946075000305693,
        0.9518536341206498,
        0.9556212384869046,
        0.9486352031562146,
        0.949230247244438,
        0.9556212384869046,
        0.9486352031562146,
        0.9588577800377133,
        0.9556212384869046,
        0.9588577800377133
    ],
    "val_loss": [
        0.9488837967316309,
        0.42136433720588684,
        0.47602499028046924,
        0.4398951331774394,
        0.5437701332072417,
        0.41754034099479514,
        0.41348598680148524,
        0.48152777180075645,
        0.5089321620762348,
        0.40557547472417355,
        0.7431757297987739,
        0.40139842468003434,
        0.6265330525736014,
        0.6533813586769005,
        0.4347950105244915,
        0.42099652035782736,
        0.44326514781763154,
        0.6938071742576236,
        0.7044166430003121,
        1.1691067502833903,
        0.9008114821691985,
        1.3155517146612208,
        1.0091721471399069,
        1.0061278532157303,
        1.3186845651103394,
        1.1811507703841926,
        1.3859993588024129,
        1.3151179126192194,
        1.11422030517618,
        1.5483220798584323,
        1.4924808475965012,
        1.520625312040579,
        1.1211660867896474,
        1.76506258524023,
        1.5595724700639646,
        1.6678745481961716,
        1.4519346200395375,
        1.598841207640362,
        1.7784727115892263
    ],
    "val_acc": [
        0.8994413407821229,
        0.9134078212290503,
        0.9329608938547486,
        0.8854748603351955,
        0.8854748603351955,
        0.9273743016759777,
        0.9329608938547486,
        0.9217877094972067,
        0.8519553072625698,
        0.9245810055865922,
        0.9497206703910615,
        0.9497206703910615,
        0.9441340782122905,
        0.9413407821229051,
        0.946927374301676,
        0.8966480446927374,
        0.9301675977653632,
        0.9385474860335196,
        0.9385474860335196,
        0.946927374301676,
        0.9413407821229051,
        0.9497206703910615,
        0.9441340782122905,
        0.9497206703910615,
        0.9441340782122905,
        0.9497206703910615,
        0.9441340782122905,
        0.9441340782122905,
        0.946927374301676,
        0.9441340782122905,
        0.9441340782122905,
        0.9441340782122905,
        0.9497206703910615,
        0.9497206703910615,
        0.9441340782122905,
        0.952513966480447,
        0.9441340782122905,
        0.946927374301676,
        0.946927374301676
    ],
    "val_f1": [
        0.14285714285714285,
        0.7047619047619048,
        0.7272727272727273,
        0.6434782608695652,
        0.6495726495726496,
        0.723404255319149,
        0.7391304347826086,
        0.72,
        0.5891472868217055,
        0.7272727272727273,
        0.7804878048780488,
        0.7857142857142857,
        0.7674418604651163,
        0.7586206896551724,
        0.7764705882352941,
        0.6666666666666666,
        0.7311827956989247,
        0.75,
        0.75,
        0.7764705882352941,
        0.7586206896551724,
        0.7804878048780488,
        0.7674418604651163,
        0.7906976744186046,
        0.7619047619047619,
        0.7906976744186046,
        0.7619047619047619,
        0.7619047619047619,
        0.7816091954022989,
        0.7619047619047619,
        0.7619047619047619,
        0.7619047619047619,
        0.7906976744186046,
        0.7804878048780488,
        0.7619047619047619,
        0.7901234567901234,
        0.7619047619047619,
        0.7710843373493976,
        0.7710843373493976
    ],