{
    "train_loss": [
        1.1798737102084689,
        0.6522576067182753,
        0.41492049478822285,
        0.37965747432576286,
        0.3646365627646446,
        0.32286895083056555,
        0.3270916625029511,
        0.3278038309680091,
        0.31038398543993634,
        0.2659139181176821,
        0.268439949138297,
        0.22926267091598776,
        0.2623449829303556,
        0.20544695150521067,
        0.2574256176335944,
        0.2197193168517616,
        0.18163425015906492,
        0.16480326135125425,
        0.14501261593153078,
        0.12454150885136592,
        0.12417643595383399,
        0.09626311692926619,
        0.08182776717262136,
        0.06557009219088489,
        0.062175597695426806,
        0.060666239337943906,
        0.05870595868004279,
        0.05311750213926037,
        0.04851314448686834,
        0.05198995001976275,
        0.04469434263753808,
        0.045705475286942805,
        0.04082392041519698,
        0.044712454676886816,
        0.04208569672708917,
        0.04436058737628627
    ],
    "train_acc": [
        0.8447552447552448,
        0.9265734265734266,
        0.9328671328671329,
        0.9216783216783216,
        0.9377622377622378,
        0.9454545454545454,
        0.9293706293706294,
        0.9279720279720279,
        0.9335664335664335,
        0.948951048951049,
        0.9454545454545454,
        0.9587412587412587,
        0.9454545454545454,
        0.9664335664335665,
        0.9517482517482517,
        0.951048951048951,
        0.965034965034965,
        0.9664335664335665,
        0.9713286713286713,
        0.9748251748251748,
        0.9727272727272728,
        0.9804195804195804,
        0.9832167832167832,
        0.9881118881118881,
        0.9888111888111888,
        0.9895104895104895,
        0.9888111888111888,
        0.9888111888111888,
        0.9902097902097902,
        0.9902097902097902,
        0.990909090909091,
        0.990909090909091,
        0.9923076923076923,
        0.9902097902097902,
        0.9923076923076923,
        0.993006993006993
    ],
    "train_f1": [
        0.15267175572519084,
        0.676923076923077,
        0.7405405405405405,
        0.7157360406091371,
        0.7639257294429708,
        0.7891891891891892,
        0.7390180878552972,
        0.7338501291989664,
        0.7532467532467533,
        0.8010899182561307,
        0.7914438502673797,
        0.834733893557423,
        0.7903225806451613,
        0.8620689655172413,
        0.810958904109589,
        0.8087431693989071,
        0.8579545454545454,
        0.8636363636363636,
        0.8818443804034583,
        0.8953488372093024,
        0.8862973760932945,
        0.9166666666666666,
        0.927710843373494,
        0.9480122324159022,
        0.950920245398773,
        0.9538461538461539,
        0.950920245398773,
        0.950920245398773,
        0.9567901234567902,
        0.9567901234567902,
        0.9595015576323987,
        0.9597523219814241,
        0.9657320872274143,
        0.9567901234567902,
        0.9657320872274143,
        0.96875
    ],
    "train_mcc": [
        0.07183416083889832,
        0.6364654422768006,
        0.7155700664043354,
        0.6939281078476118,
        0.7450039083467785,
        0.7722135867452267,
        0.719091040729238,
        0.712989455324605,
        0.7351819107887975,
        0.7850886100503583,
        0.7761758702912982,
        0.8209231528528496,
        0.7741907999399874,
        0.8497906729649186,
        0.7959042655999511,
        0.7936541211283936,
        0.8461793534144951,
        0.8527061555147822,
        0.8721654051222324,
        0.8867987350769679,
        0.8762037449722717,
        0.9091443459444442,
        0.9208526232767873,
        0.942946067822389,
        0.946075000305693,
        0.949230247244438,
        0.946075000305693,
        0.946075000305693,
        0.9524121951350323,
        0.9524121951350323,
        0.9550997994204602,
        0.9556212384869046,
        0.9621222309756623,
        0.9524121951350323,
        0.9621222309756623,
        0.965415011169212
    ],
    "val_loss": [
        1.1883788059155147,
        0.41241591796278954,
        0.3258821579317252,
        0.3694943208247423,
        0.3050541427607338,
        0.3557851693282525,
        0.4361976745227973,
        0.31837627819428843,
        0.3376083442320426,
        0.3024333037125568,
        0.2930151217927535,
        0.33981693411866826,
        0.2741766894857089,
        0.33344186590208363,
        0.3559942462791999,
        0.3689550633231799,
        0.3200232304322223,
        0.38069721839080256,
        0.43812714284285903,
        0.4235653296733896,
        0.4569819588214159,
        0.4989192643164036,
        0.6461481347990533,
        0.5640560298803999,
        0.5851412812092652,
        0.5870320968363861,
        0.6293646059154222,
        0.5949931417902311,
        0.6539586296033425,
        0.6357530459063128,
        0.7106151944026351,
        0.6947107648011297,
        0.7456836303075155,
        0.7076657160068862,
        0.7066873518569992,
        0.7296636812388897
    ],
    "val_acc": [
        0.8910614525139665,
        0.8966480446927374,
        0.9022346368715084,
        0.888268156424581,
        0.9050279329608939,
        0.8938547486033519,
        0.8687150837988827,
        0.9273743016759777,
        0.9385474860335196,
        0.9329608938547486,
        0.9385474860335196,
        0.9245810055865922,
        0.9357541899441341,
        0.9413407821229051,
        0.9022346368715084,
        0.9329608938547486,
        0.9217877094972067,
        0.952513966480447,
        0.9497206703910615,
        0.9553072625698324,
        0.9636871508379888,
        0.9608938547486033,
        0.9608938547486033,
        0.9636871508379888,
        0.9581005586592178,
        0.9329608938547486,
        0.9581005586592178,
        0.9441340782122905,
        0.9497206703910615,
        0.952513966480447,
        0.9553072625698324,
        0.952513966480447,
        0.952513966480447,
        0.952513966480447,
        0.952513966480447,
        0.946927374301676
    ],
    "val_f1": [
        0.13333333333333333,
        0.672566371681416,
        0.6788990825688074,
        0.6610169491525424,
        0.6851851851851852,
        0.6607142857142857,
        0.6178861788617886,
        0.74,
        0.7659574468085106,
        0.7551020408163265,
        0.7608695652173914,
        0.7326732673267327,
        0.7578947368421053,
        0.7741935483870968,
        0.6902654867256637,
        0.7551020408163265,
        0.7254901960784313,
        0.8089887640449438,
        0.8,
        0.8095238095238095,
        0.8395061728395061,
        0.8292682926829268,
        0.8292682926829268,
        0.8395061728395061,
        0.8192771084337349,
        0.7446808510638298,
        0.8148148148148148,
        0.7777777777777778,
        0.7906976744186046,
        0.8,
        0.8048780487804879,
        0.7951807228915663,
        0.7951807228915663,
        0.7951807228915663,
        0.7951807228915663,
        0.7764705882352941
    ],