{
    "train_loss": [
        0.9880794992049535,
        0.5373763713571761,
        0.36986519197622936,
        0.38373653789361317,
        0.30801698747608397,
        0.29932081434461805,
        0.31878015183740194,
        0.2874783046543598,
        0.27723865856726965,
        0.27547456373771034,
        0.25700271924336754,
        0.23533260838852987,
        0.2109296334286531,
        0.21360705354147488,
        0.2150464080274105,
        0.19381977708803283,
        0.18316788019405472,
        0.18571960677703223,
        0.17906682362986936,
        0.19277079051567447,
        0.16702825133171345,
        0.18029096499085426,
        0.17476963305638896,
        0.17224002559151913,
        0.1639819801474611,
        0.15716792011840475,
        0.1686194402476152,
        0.14902295546813144,
        0.14930630597389408,
        0.15308911349210474,
        0.1575161357306772,
        0.15524488975190454,
        0.1532617991583215,
        0.14829378227392834,
        0.13714570390681427,
        0.14543364081117843,
        0.14627784136682748,
        0.14391318620699975,
        0.1345345290377736,
        0.1419298986179961,
        0.15002145593365032
    ],
    "train_acc": [
        0.896575821104123,
        0.8609364081062194,
        0.9140461215932913,
        0.9140461215932913,
        0.9252271139063591,
        0.9315164220824598,
        0.9329140461215933,
        0.9280223619846262,
        0.9385045422781272,
        0.9489867225716282,
        0.9419986023759609,
        0.9524807826694619,
        0.9587700908455625,
        0.9552760307477288,
        0.960167714884696,
        0.9594689028651293,
        0.9594689028651293,
        0.9629629629629629,
        0.9650593990216632,
        0.9636617749825297,
        0.9685534591194969,
        0.9629629629629629,
        0.9629629629629629,
        0.9678546470999301,
        0.9678546470999301,
        0.9678546470999301,
        0.9692522711390635,
        0.9727463312368972,
        0.9713487071977638,
        0.9685534591194969,
        0.9699510831586303,
        0.9685534591194969,
        0.9699510831586303,
        0.9699510831586303,
        0.9727463312368972,
        0.9727463312368972,
        0.9713487071977638,
        0.973445143256464,
        0.9727463312368972,
        0.9713487071977638,
        0.9685534591194969
    ],
    "train_f1": [
        0.3018867924528302,
        0.5845511482254697,
        0.6977886977886978,
        0.6992665036674817,
        0.7263427109974424,
        0.7525252525252525,
        0.75,
        0.7379134860050891,
        0.7671957671957672,
        0.8010899182561307,
        0.7798408488063661,
        0.8152173913043478,
        0.834733893557423,
        0.8232044198895028,
        0.841225626740947,
        0.8370786516853933,
        0.8370786516853933,
        0.8481375358166189,
        0.8587570621468926,
        0.8514285714285714,
        0.8695652173913043,
        0.8507042253521127,
        0.8507042253521127,
        0.867816091954023,
        0.8662790697674418,
        0.8685714285714285,
        0.8728323699421965,
        0.884272997032641,
        0.8797653958944281,
        0.8717948717948718,
        0.8746355685131195,
        0.8710601719197708,
        0.8753623188405797,
        0.8753623188405797,
        0.8869565217391304,
        0.8856304985337243,
        0.881159420289855,
        0.8895348837209303,
        0.8862973760932945,
        0.8818443804034583,
        0.8703170028818443
    ],
    "train_mcc": [
        0.2969441196850431,
        0.5636390236307866,
        0.6771289181257542,
        0.6796406650394209,
        0.7055067978070747,
        0.7384205230966798,
        0.7310362990115795,
        0.7199326475890249,
        0.7491922161092177,
        0.7851091658099295,
        0.7636617569527743,
        0.8018532727432377,
        0.8209399186692602,
        0.8091572130120444,
        0.8290409968558462,
        0.8233458662089295,
        0.8233458662089295,
        0.8341056197378509,
        0.8477044625611628,
        0.8381449313895122,
        0.8576046059806712,
        0.838738593071941,
        0.838738593071941,
        0.8563872727712174,
        0.8536021831641571,
        0.8578076317537601,
        0.8615971074958271,
        0.8725388161357711,
        0.8682806478863647,
        0.8617946196104158,
        0.8629023469341206,
        0.8603794097167163,
        0.8642311296910294,
        0.8642311296910294,
        0.8774841771117459,
        0.8749672779968232,
        0.8708576534013877,
        0.8801676063630417,
        0.8762149797675283,
        0.872177049133082,
        0.8589825722793538
    ],
    "val_loss": [
        0.619346982362913,
        0.5126812215894461,
        0.5174717469296107,
        0.5005091267327467,
        0.5795763436083993,
        0.7654045311113199,
        0.7661386293669542,
        0.7006123419851065,
        0.7125058776388565,
        0.7334151764710745,
        0.8078296611395975,
        0.7724335367480913,
        0.8979782016249374,
        1.0008354906070356,
        0.8901069245766848,
        1.0123343303178747,
        1.2894862433895469,
        0.9829641332228979,
        1.0882473207893781,
        1.042113435920328,
        1.0646493453532457,
        1.2367470245808363,
        1.158377075063375,
        1.2653516203475494,
        1.1563272086593013,
        1.2723199938579153,
        1.3109891586742985,
        1.4620592320958774,
        1.2867163332800071,
        1.3195777063568432,
        1.3233943699548643,
        1.4206373846779268,
        1.3161160934735865,
        1.3501934506639373,
        1.4302660289686173,
        1.393606345790128,
        1.4354273962477844,
        1.8380175773054361,
        1.35395294354142,
        1.395197351463139,
        5.551795470838745
    ],
    "val_acc": [
        0.9187675070028011,
        0.9187675070028011,
        0.9187675070028011,
        0.8711484593837535,
        0.9243697478991597,
        0.9411764705882353,
        0.938375350140056,
        0.9327731092436975,
        0.9327731092436975,
        0.9355742296918768,
        0.9411764705882353,
        0.9411764705882353,
        0.9411764705882353,
        0.938375350140056,
        0.938375350140056,
        0.9411764705882353,
        0.9411764705882353,
        0.9355742296918768,
        0.9411764705882353,
        0.938375350140056,
        0.9327731092436975,
        0.9439775910364145,
        0.9439775910364145,
        0.9439775910364145,
        0.9411764705882353,
        0.9467787114845938,
        0.9467787114845938,
        0.9411764705882353,
        0.9411764705882353,
        0.9467787114845938,
        0.9439775910364145,
        0.9411764705882353,
        0.9411764705882353,
        0.9439775910364145,
        0.9467787114845938,
        0.9439775910364145,
        0.9467787114845938,
        0.9439775910364145,
        0.9439775910364145,
        0.9439775910364145,
        0.9467787114845938
    ],