{
    "train_loss": [
        0.9175826059447394,
        0.623119624124633,
        0.4167040496236748,
        0.38629122840033636,
        0.3507442136605581,
        0.35838017248445087,
        0.2985087945643399,
        0.36694696471095084,
        0.27412798611654177,
        0.25899051096704273,
        0.20532894432544707,
        0.22938657229145368,
        0.1957543874780337,
        0.1518606655506624,
        0.1642610685278972,
        0.13494034817235337,
        0.15390422033766907,
        0.13382813035407,
        0.10957475324264832,
        0.11241116180188127,
        0.10195876506364179,
        0.11808452796087497,
        0.11077720096541775,
        0.1097071294220061,
        0.12256767991930247
    ],
    "train_acc": [
        0.8658280922431866,
        0.8756114605171209,
        0.9287211740041929,
        0.9154437456324249,
        0.9133473095737247,
        0.9385045422781272,
        0.944095038434661,
        0.9287211740041929,
        0.9531795946890287,
        0.9524807826694619,
        0.9573724668064291,
        0.9608665269042628,
        0.9629629629629629,
        0.9692522711390635,
        0.9545772187281621,
        0.9678546470999301,
        0.9657582110412299,
        0.9671558350803634,
        0.9748427672955975,
        0.973445143256464,
        0.976240391334731,
        0.973445143256464,
        0.9713487071977638,
        0.9818308874912649,
        0.976240391334731
    ],
    "train_f1": [
        0.2835820895522388,
        0.6061946902654868,
        0.7357512953367875,
        0.7041564792176039,
        0.7004830917874396,
        0.7621621621621621,
        0.786096256684492,
        0.7411167512690355,
        0.814404432132964,
        0.8121546961325967,
        0.8310249307479224,
        0.8418079096045198,
        0.8515406162464986,
        0.8735632183908046,
        0.8247978436657682,
        0.8693181818181818,
        0.8611898016997167,
        0.8676056338028169,
        0.8947368421052632,
        0.8901734104046243,
        0.9005847953216374,
        0.8901734104046243,
        0.8831908831908832,
        0.9226190476190477,
        0.9
    ],
    "train_mcc": [
        0.21478431501740156,
        0.5812327313201581,
        0.714923991287249,
        0.6855256229045897,
        0.6830002183691917,
        0.7407701926933058,
        0.7699518556778341,
        0.7241017670100205,
        0.7986706640725769,
        0.7963721591643931,
        0.8178868878552082,
        0.8282088084938929,
        0.8403138642730904,
        0.8629700547364291,
        0.8140499982753752,
        0.8592458836064113,
        0.8502031258319114,
        0.858193344127197,
        0.8855955154872025,
        0.8814325629028477,
        0.8922669227596637,
        0.8814325629028477,
        0.8748748962358672,
        0.9159172342821569,
        0.8911066434775655
    ],
    "val_loss": [
        0.5934293822695812,
        0.6813855183621248,
        0.5473853014409542,
        0.4165131375193596,
        0.5033625786503156,
        0.5380841121077538,
        0.5381446106669804,
        0.6034420281648636,
        0.6253445607920488,
        0.5805960145080462,
        0.8250277613600095,
        0.6461865783979496,
        0.8379389176746675,
        1.03550939510266,
        1.3303687072814985,
        1.3102543832113345,
        1.2410051650052385,
        1.366039627386878,
        1.3352477833953647,
        1.3391883034419152,
        1.5541097266444315,
        1.394023802628605,
        1.541766069829464,
        1.5416793985338397,
        1.4547159657813609
    ],
    "val_acc": [
        0.8991596638655462,
        0.9355742296918768,
        0.8375350140056023,
        0.8991596638655462,
        0.9047619047619048,
        0.9047619047619048,
        0.8795518207282913,
        0.9411764705882353,
        0.9187675070028011,
        0.9439775910364145,
        0.938375350140056,
        0.9215686274509803,
        0.9411764705882353,
        0.9355742296918768,
        0.9327731092436975,
        0.938375350140056,
        0.9355742296918768,
        0.9355742296918768,
        0.9355742296918768,
        0.938375350140056,
        0.938375350140056,
        0.9327731092436975,
        0.9355742296918768,
        0.9411764705882353,
        0.9299719887955182
    ],
    "val_f1": [
        0.660377358490566,
        0.684931506849315,
        0.5671641791044776,
        0.6727272727272727,
        0.6792452830188679,
        0.6851851851851852,
        0.6324786324786325,
        0.7586206896551724,
        0.7070707070707071,
        0.7727272727272727,
        0.7441860465116279,
        0.7142857142857143,
        0.7469879518072289,
        0.735632183908046,
        0.7,
        0.7441860465116279,
        0.7415730337078652,
        0.735632183908046,
        0.735632183908046,
        0.7441860465116279,
        0.7380952380952381,
        0.7333333333333333,
        0.7228915662650602,
        0.7529411764705882,
        0.7252747252747253
    ],
    "val_mcc": [
        0.6365940655782821,
        0.6511332323636152,
        0.5612581326400462,
        0.65787357791218,
        0.6595918475466536,
        0.6699872124517158,
        0.6188673302463015,
        0.7306074670055016,
        0.6830935968497389,
        0.7475306328235615,
        0.7134905930951132,
        0.6903425269046971,
        0.7155066697338811,
        0.7042852482426634,
        0.662434312873598,
        0.7134905930951132,
        0.7125209572443254,
        0.7042852482426634,
        0.7042852482426634,
        0.7134905930951132,
        0.705689328274822,
        0.7038493923433339,
        0.6881902457049007,
        0.7229717260663964,
        0.6954097400708302
    ]
}