{
    "train_loss": [
        0.9685646076997121,
        0.7020181787717673,
        0.3676685533589787,
        0.3088314813665218,
        0.3168498863776525,
        0.307056002649996,
        0.3468415258659257,
        0.26553815851608914,
        0.2638665408723884,
        0.2796833493643337,
        0.2559132896363735,
        0.2342227153893974,
        0.24325608238577842,
        0.22147901794976657,
        0.190156790572736,
        0.16930802543130186,
        0.18285699896514415,
        0.1580219501991653,
        0.16791508063260052,
        0.14248877256694767,
        0.1504171841777861,
        0.13171829154921902,
        0.14920726237404677,
        0.13160483536000053
    ],
    "train_acc": [
        0.9091544374563243,
        0.8895877009084556,
        0.9140461215932913,
        0.9196366177498253,
        0.9245283018867925,
        0.9343116701607268,
        0.9280223619846262,
        0.9419986023759609,
        0.939203354297694,
        0.9371069182389937,
        0.9357092941998603,
        0.9517819706498952,
        0.9482879105520615,
        0.944095038434661,
        0.9475890985324947,
        0.9545772187281621,
        0.9566736547868623,
        0.9657582110412299,
        0.9587700908455625,
        0.9636617749825297,
        0.9650593990216632,
        0.9671558350803634,
        0.9706498951781971,
        0.9657582110412299
    ],
    "train_f1": [
        0.36893203883495146,
        0.6359447004608295,
        0.7021791767554479,
        0.713216957605985,
        0.73,
        0.7539267015706806,
        0.7338501291989664,
        0.7750677506775068,
        0.7740259740259741,
        0.7631578947368421,
        0.7604166666666666,
        0.807799442896936,
        0.8010752688172043,
        0.7872340425531915,
        0.7978436657681941,
        0.8238482384823849,
        0.8258426966292135,
        0.8595988538681948,
        0.8356545961002786,
        0.8539325842696629,
        0.8571428571428571,
        0.8653295128939829,
        0.8786127167630058,
        0.8611898016997167
    ],
    "train_mcc": [
        0.3938990116785553,
        0.6117271819706054,
        0.6846643733864964,
        0.6934324288759651,
        0.7131076125248054,
        0.7349729160129912,
        0.7130181454174083,
        0.7554871050279809,
        0.7596972265792823,
        0.7451350853782921,
        0.7433024545719167,
        0.7904521027318618,
        0.7867508922283133,
        0.7719676188315002,
        0.7826446627763252,
        0.8122335659300727,
        0.8104030775791621,
        0.8472425147272836,
        0.8226095145018488,
        0.8427600491535804,
        0.8446991648442616,
        0.853810962222,
        0.8682089259648339,
        0.8502031258319114
    ],
    "val_loss": [
        0.5509929802283295,
        0.45104213307301205,
        0.46833205843965214,
        0.5181802978234676,
        0.4684771920243899,
        0.40457804027634364,
        0.47393769522507984,
        0.5698888823390007,
        0.693429914303124,
        0.5847583922247092,
        0.6949312100186944,
        0.6952106896787882,
        0.7145558131548265,
        0.8160394015721977,
        0.7119754858625432,
        0.905647381208837,
        0.897263962222496,
        0.8523077307424197,
        0.932062762013326,
        1.706676787386338,
        0.8241494807104269,
        0.9558623754164728,
        0.945265434216708,
        0.9768892930199703
    ],
    "val_acc": [
        0.9159663865546218,
        0.9131652661064426,
        0.9215686274509803,
        0.9355742296918768,
        0.9243697478991597,
        0.9243697478991597,
        0.8879551820728291,
        0.9327731092436975,
        0.9439775910364145,
        0.9243697478991597,
        0.9355742296918768,
        0.9243697478991597,
        0.9243697478991597,
        0.9299719887955182,
        0.9187675070028011,
        0.9299719887955182,
        0.9299719887955182,
        0.9187675070028011,
        0.927170868347339,
        0.9327731092436975,
        0.9159663865546218,
        0.9327731092436975,
        0.9299719887955182,
        0.927170868347339
    ],
    "val_f1": [
        0.7058823529411765,
        0.6736842105263158,
        0.6956521739130435,
        0.735632183908046,
        0.7157894736842105,
        0.7157894736842105,
        0.6491228070175439,
        0.7333333333333333,
        0.7435897435897436,
        0.7157894736842105,
        0.7228915662650602,
        0.7157894736842105,
        0.7096774193548387,
        0.7058823529411765,
        0.6947368421052632,
        0.7126436781609196,
        0.7191011235955056,
        0.6947368421052632,
        0.7111111111111111,
        0.7073170731707317,
        0.6875,
        0.7272727272727273,
        0.7191011235955056,
        0.717391304347826
    ],
    "val_mcc": [
        0.6858587604384476,
        0.6390706115118475,
        0.661936058116405,
        0.7042852482426634,
        0.6884533405832176,
        0.6884533405832176,
        0.6349814213040608,
        0.7038493923433339,
        0.7121432027092405,
        0.6884533405832176,
        0.6881902457049007,
        0.6884533405832176,
        0.6791831705774417,
        0.6693682149125638,
        0.6637619760475325,
        0.6779630294798251,
        0.6866466838503448,
        0.6637619760475325,
        0.6781882165808165,
        0.6704627098058745,
        0.6563312871838421,
        0.6953416358707871,
        0.6866466838503448,
        0.6871910728377426
    ]
}