{
    "train_loss": [
        0.9107934905423059,
        0.5659637401501337,
        0.4691321422656377,
        0.4300138981805907,
        0.4433996753560172,
        0.3916758495900366,
        0.36680941134691236,
        0.3530832168128755,
        0.2995099637243483,
        0.29723467578490576,
        0.28445996360646353,
        0.26161342677142885,
        0.26271470859646795,
        0.2310462655292617,
        0.2085615119172467,
        0.19923125132918357,
        0.20195972596605619,
        0.21501148632831044,
        0.20533704683184623,
        0.19482354488637713,
        0.16812563455767102,
        0.171821043226454,
        0.16754506586326492,
        0.1722920459177759,
        0.16510366027553877
    ],
    "train_acc": [
        0.9007686932215234,
        0.8721174004192872,
        0.8853948287910552,
        0.8902865129280224,
        0.9280223619846262,
        0.9287211740041929,
        0.9371069182389937,
        0.9364081062194269,
        0.9426974143955276,
        0.9461914744933613,
        0.949685534591195,
        0.9545772187281621,
        0.9510831586303284,
        0.9594689028651293,
        0.9657582110412299,
        0.9678546470999301,
        0.9643605870020965,
        0.9643605870020965,
        0.9720475192173306,
        0.9643605870020965,
        0.9657582110412299,
        0.9692522711390635,
        0.973445143256464,
        0.9685534591194969,
        0.9748427672955975
    ],
    "train_f1": [
        0.4701492537313433,
        0.6013071895424836,
        0.6289592760180995,
        0.6487695749440716,
        0.7296587926509186,
        0.7243243243243244,
        0.7554347826086957,
        0.7573333333333333,
        0.7734806629834254,
        0.7855153203342619,
        0.7988826815642458,
        0.8115942028985508,
        0.8055555555555556,
        0.8361581920903954,
        0.8579710144927536,
        0.8630952380952381,
        0.8530259365994236,
        0.8530259365994236,
        0.8809523809523809,
        0.8530259365994236,
        0.8603988603988604,
        0.8728323699421965,
        0.8875739644970414,
        0.8695652173913043,
        0.8928571428571429
    ],
    "train_mcc": [
        0.4232293376619921,
        0.57761252796116,
        0.6059958510708723,
        0.6325576015390435,
        0.7061295332964613,
        0.6967187161357808,
        0.7323624126873493,
        0.7366719706206184,
        0.7516244706976135,
        0.7647261733158721,
        0.779882638756815,
        0.7913393688770891,
        0.7881481177187953,
        0.8217102571381363,
        0.8443515585599548,
        0.8482693601011109,
        0.8391908569987613,
        0.8391908569987613,
        0.8685637223554247,
        0.8391908569987613,
        0.8487143429849643,
        0.8615971074958271,
        0.8765039191678123,
        0.8576046059806712,
        0.8820932971916339
    ],
    "val_loss": [
        1.4599885543187459,
        0.47276104319219786,
        0.49699928735693294,
        0.5707200641433398,
        0.4943000351389249,
        0.5444345312813917,
        0.49641819500053924,
        0.6020603341360887,
        0.5755755305290222,
        0.5962784104049206,
        0.5418366544569532,
        0.5667817648500204,
        0.6756188372770945,
        0.6163903437554836,
        0.6405872628092766,
        0.6170992127930125,
        0.633844911120832,
        0.6958574609210094,
        0.69356834795326,
        0.8329073453787714,
        0.8271630552286903,
        0.8231142166381081,
        0.9204361339410146,
        0.8250873708554233,
        0.9046077417830626
    ],
    "val_acc": [
        0.9215686274509803,
        0.9187675070028011,
        0.896358543417367,
        0.9243697478991597,
        0.9355742296918768,
        0.9299719887955182,
        0.9243697478991597,
        0.9355742296918768,
        0.9355742296918768,
        0.9439775910364145,
        0.9355742296918768,
        0.9355742296918768,
        0.9411764705882353,
        0.9355742296918768,
        0.9355742296918768,
        0.938375350140056,
        0.9355742296918768,
        0.938375350140056,
        0.9355742296918768,
        0.938375350140056,
        0.938375350140056,
        0.938375350140056,
        0.938375350140056,
        0.938375350140056,
        0.938375350140056
    ],
    "val_f1": [
        0.48148148148148145,
        0.7070707070707071,
        0.6542056074766355,
        0.7032967032967034,
        0.735632183908046,
        0.7191011235955056,
        0.7096774193548387,
        0.6933333333333334,
        0.7294117647058823,
        0.7560975609756098,
        0.7228915662650602,
        0.7294117647058823,
        0.7529411764705882,
        0.7294117647058823,
        0.7160493827160493,
        0.7380952380952381,
        0.7294117647058823,
        0.7317073170731707,
        0.7294117647058823,
        0.725,
        0.725,
        0.725,
        0.725,
        0.725,
        0.725
    ],
    "val_mcc": [
        0.5085028604360878,
        0.6830935968497389,
        0.6304900596829445,
        0.669954877238339,
        0.7042852482426634,
        0.6866466838503448,
        0.6791831705774417,
        0.6580612928828675,
        0.6961699704894801,
        0.7256391015533843,
        0.6881902457049007,
        0.6961699704894801,
        0.7229717260663964,
        0.6961699704894801,
        0.680364438738198,
        0.705689328274822,
        0.6961699704894801,
        0.6980509056796295,
        0.6961699704894801,
        0.6905978295695459,
        0.6905978295695459,
        0.6905978295695459,
        0.6905978295695459,
        0.6905978295695459,
        0.6905978295695459
    ]
}