{
    "train_loss": [
        0.40657815658578683,
        0.16997914198859065,
        0.13913666038755693,
        0.12857127485468106,
        0.11766060916524307,
        0.11031849581894337,
        0.09640976061642755,
        0.09092958397505914,
        0.08113666284171973,
        0.0733076789434634,
        0.05882709073793033,
        0.053925720568490675,
        0.038846039312535566,
        0.030344781812221066,
        0.02623474706642275,
        0.027008190016632024,
        0.02817478084833448,
        0.03575231207023356,
        0.015115497921714467,
        0.00816125007298194,
        0.007225729608263446,
        0.007418618193446937,
        0.0048205389229777065,
        0.0045304617577166225,
        0.004367014874279609,
        0.005973166467097768,
        0.0035827164846808706,
        0.0038756366701836313,
        0.0041685516852892615,
        0.0034279507017345168,
        0.0036147178673976064,
        0.004362803383681988,
        0.003394220761581927,
        0.0037945898865045283,
        0.0035256711652989765,
        0.0035221321749093824,
        0.003464048575608558,
        0.003828791785089575,
        0.0032262219794895776,
        0.0033596154637552007,
        0.003312188371156106,
        0.003946711261496781,
        0.0026110957686101112,
        0.0033783080200865856,
        0.0032423795841035976,
        0.003311471274643322,
        0.00429077624675319,
        0.0033452879139950513,
        0.0031184567990160707,
        0.003276726710764171,
        0.003270087523756671,
        0.003277535833091201
    ],
    "train_acc": [
        0.891858297078931,
        0.9353635798632691,
        0.9490366687383468,
        0.9477936606587943,
        0.9477936606587943,
        0.9608452454940957,
        0.9608452454940957,
        0.966438781852082,
        0.9670602858918583,
        0.9726538222498446,
        0.9757613424487259,
        0.9801118707271598,
        0.9875699192044748,
        0.9925419515226849,
        0.9931634555624611,
        0.9906774394033562,
        0.9919204474829086,
        0.983219390926041,
        0.9937849596022374,
        0.9981354878806712,
        0.997513983840895,
        0.997513983840895,
        0.9987569919204475,
        0.9987569919204475,
        0.9987569919204475,
        0.9987569919204475,
        0.9987569919204475,
        0.9987569919204475,
        0.9987569919204475,
        0.9987569919204475,
        0.9981354878806712,
        0.9981354878806712,
        0.9987569919204475,
        0.9987569919204475,
        0.9987569919204475,
        0.9987569919204475,
        0.9987569919204475,
        0.9981354878806712,
        0.9981354878806712,
        0.9987569919204475,
        0.9987569919204475,
        0.9981354878806712,
        0.9993784959602238,
        0.9987569919204475,
        0.9987569919204475,
        0.9981354878806712,
        0.9981354878806712,
        0.9987569919204475,
        0.9987569919204475,
        0.9987569919204475,
        0.9987569919204475,
        0.9987569919204475
    ],
    "train_f1": [
        0.011363636363636364,
        0.6533333333333333,
        0.7559523809523809,
        0.7572254335260116,
        0.7627118644067796,
        0.8184438040345822,
        0.8245125348189415,
        0.8465909090909091,
        0.8515406162464986,
        0.8770949720670391,
        0.8913649025069638,
        0.9101123595505618,
        0.9438202247191011,
        0.9664804469273743,
        0.9690140845070423,
        0.9577464788732394,
        0.9629629629629629,
        0.9235127478753541,
        0.9715909090909091,
        0.9914529914529915,
        0.9885714285714285,
        0.9886363636363636,
        0.9942857142857143,
        0.9942857142857143,
        0.9942857142857143,
        0.9942857142857143,
        0.9942857142857143,
        0.9942857142857143,
        0.9942857142857143,
        0.9942857142857143,
        0.9914040114613181,
        0.9914529914529915,
        0.9942857142857143,
        0.9942857142857143,
        0.9942857142857143,
        0.9942857142857143,
        0.9942857142857143,
        0.9914529914529915,
        0.9914040114613181,
        0.9942857142857143,
        0.9942857142857143,
        0.9914529914529915,
        0.9971509971509972,
        0.9942857142857143,
        0.9942857142857143,
        0.9914040114613181,
        0.9914529914529915,
        0.9942857142857143,
        0.9942857142857143,
        0.9943181818181818,
        0.9942857142857143,
        0.9942857142857143
    ],
    "train_mcc": [
        0.07138591476819577,
        0.6294432761777011,
        0.7283434265009213,
        0.7280429829457065,
        0.7334455757407458,
        0.7965394685341066,
        0.8028120706325714,
        0.8277668460829259,
        0.8332262825577286,
        0.8619914844235516,
        0.8780830118159412,
        0.8990963814355609,
        0.9370025861161656,
        0.9625912848433383,
        0.9652937792662197,
        0.9526277620849228,
        0.9584335482391515,
        0.9141310768591049,
        0.9681215533515588,
        0.9904116749704772,
        0.9871767284319586,
        0.9872608316154633,
        0.9935883642159793,
        0.9935883642159793,
        0.9935883642159793,
        0.9935883642159793,
        0.9935883642159793,
        0.9935883642159793,
        0.9935883642159793,
        0.9935883642159793,
        0.9903634753387015,
        0.9904116749704772,
        0.9935883642159793,
        0.9935883642159793,
        0.9935883642159793,
        0.9935883642159793,
        0.9935883642159793,
        0.9904116749704772,
        0.9903634753387015,
        0.9935883642159793,
        0.9935883642159793,
        0.9904116749704772,
        0.9968073003167424,
        0.9935883642159793,
        0.9935883642159793,
        0.9903634753387015,
        0.9904116749704772,
        0.9935883642159793,
        0.9935883642159793,
        0.9936405910367648,
        0.9935883642159793,
        0.9935883642159793
    ],
    "val_loss": [
        0.2104738156000773,
        0.08881161920726299,
        0.08863777418931325,
        0.09889059451719125,
        0.08922896223763625,
        0.07800768253703912,
        0.07971290126442909,
        0.0850595710799098,
        0.08138879233350356,
        0.12464756766955058,
        0.1789936339482665,
        0.08172592528474827,
        0.13102199090644717,
        0.1525767349327604,
        0.14594765791359046,
        0.21327929330679277,
        0.2460156505306562,
        0.14230509692182144,
        0.17726121427646527,
        0.1606682683341205,
        0.14769130879237005,
        0.20597401482518762,
        0.17409205871323744,
        0.17658832678959394,
        0.1718204699961158,
        0.19467416818952188,
        0.19538177567301318,
        0.20017084636492655,
        0.19049176785241193,
        0.19598831967838728,
        0.19240976955431202,
        0.2035079562338069,
        0.20124343076410392,
        0.1956630864588078,
        0.2243369301625838,
        0.22009242911008187,
        0.2005812085214226,
        0.214634639210999,
        0.2164040085626766,
        0.20988203748129308,
        0.20910076290601864,
        0.2177471975252653,
        0.21734170493436977,
        0.21694536256836727,
        0.21851856504993825,
        0.21439038645864153,
        0.2183107701712288,
        0.22384408036790168,
        0.2260626410425175,
        0.2228135208133608,
        0.2252804242501346,
        0.21903117162097865
    ],