{
    "train_loss": [
        0.905889716413286,
        0.5640300644768609,
        0.434903351465861,
        0.3859404780798488,
        0.38179344601101345,
        0.33765466395351623,
        0.331336964170138,
        0.294855378402604,
        0.29329997383885914,
        0.30879367308484185,
        0.2806782049437364,
        0.26609710881279575,
        0.24174073247445954,
        0.2685398631625705,
        0.2629982260780202,
        0.22099004520310295,
        0.18628826696011755,
        0.17769363936450747,
        0.1557891979192694,
        0.15118771567940711,
        0.1308217884765731,
        0.14105884128560622,
        0.14095098620487584,
        0.12136373071827822,
        0.1105578540927834,
        0.12074616389452583,
        0.10402779837863313,
        0.09936424931511283,
        0.10332060019589133,
        0.0918539560192989,
        0.09136248657272922,
        0.0844486973558863
    ],
    "train_acc": [
        0.8951048951048951,
        0.8797202797202798,
        0.913986013986014,
        0.9258741258741259,
        0.9293706293706294,
        0.9363636363636364,
        0.9377622377622378,
        0.9503496503496504,
        0.948951048951049,
        0.9468531468531468,
        0.948951048951049,
        0.9552447552447553,
        0.9601398601398602,
        0.951048951048951,
        0.9503496503496504,
        0.955944055944056,
        0.9664335664335665,
        0.9664335664335665,
        0.9699300699300699,
        0.972027972027972,
        0.9776223776223776,
        0.9734265734265735,
        0.972027972027972,
        0.9762237762237762,
        0.9776223776223776,
        0.9748251748251748,
        0.9790209790209791,
        0.9818181818181818,
        0.9804195804195804,
        0.9818181818181818,
        0.9825174825174825,
        0.9839160839160839
    ],
    "train_f1": [
        0.5562130177514792,
        0.6126126126126126,
        0.6977886977886978,
        0.7253886010362695,
        0.7362924281984334,
        0.7611548556430446,
        0.7639257294429708,
        0.8022284122562674,
        0.7988980716253443,
        0.7934782608695652,
        0.8021680216802168,
        0.8222222222222222,
        0.8376068376068376,
        0.8076923076923077,
        0.8065395095367848,
        0.8254847645429363,
        0.8620689655172413,
        0.8628571428571429,
        0.8767908309455588,
        0.884393063583815,
        0.9058823529411765,
        0.888235294117647,
        0.8850574712643678,
        0.9,
        0.9053254437869822,
        0.8947368421052632,
        0.9112426035502958,
        0.9216867469879518,
        0.9166666666666666,
        0.9221556886227545,
        0.9244712990936556,
        0.9309309309309309
    ],
    "train_mcc": [
        0.4994033315450514,
        0.5863617017972605,
        0.6770955989858483,
        0.7026710832742167,
        0.7145383363923697,
        0.7431000344668487,
        0.7450039083467785,
        0.784000115807603,
        0.7813088364537982,
        0.7765624131725999,
        0.7869925261994251,
        0.8073851284187159,
        0.8225372735819345,
        0.7918017870743199,
        0.7914188988147903,
        0.8114637111559555,
        0.8497906729649186,
        0.8512397021301313,
        0.8669356974167161,
        0.8748093598491634,
        0.8977994571299089,
        0.87769159907521,
        0.8761243547340728,
        0.8910968377783426,
        0.896693973970736,
        0.8855851791471947,
        0.9034277136728662,
        0.914022116487951,
        0.9091443459444442,
        0.9149518013049849,
        0.9169917166983587,
        0.9247043911757448
    ],
    "val_loss": [
        0.5630920032660166,
        0.44525021438797313,
        0.40168852483232814,
        0.5158466100692749,
        0.3878246620297432,
        0.35114531839887303,
        0.3587483099351327,
        0.343664076179266,
        0.34487734952320653,
        0.3850338403135538,
        0.31041015187899273,
        0.3307472849264741,
        0.33096710468331975,
        0.48786963522434235,
        0.3378934096544981,
        0.34665551284948987,
        0.36344467507054407,
        0.3794547077268362,
        0.4356708625952403,
        0.3833356633161505,
        0.4284237055107951,
        0.44320874226589996,
        0.4295946852459262,
        0.49854615951577824,
        0.612407977382342,
        0.5207099627004936,
        0.5665636562043801,
        0.5239772849405805,
        0.5739435402986904,
        0.6108501759590581,
        0.6377363982610404,
        0.652267615737704
    ],
    "val_acc": [
        0.8156424581005587,
        0.9050279329608939,
        0.8994413407821229,
        0.8379888268156425,
        0.8994413407821229,
        0.9134078212290503,
        0.9273743016759777,
        0.9441340782122905,
        0.9106145251396648,
        0.9329608938547486,
        0.9385474860335196,
        0.9441340782122905,
        0.9385474860335196,
        0.8547486033519553,
        0.9357541899441341,
        0.9134078212290503,
        0.952513966480447,
        0.9413407821229051,
        0.9441340782122905,
        0.9273743016759777,
        0.9357541899441341,
        0.9217877094972067,
        0.9357541899441341,
        0.9441340782122905,
        0.9385474860335196,
        0.9385474860335196,
        0.9413407821229051,
        0.9301675977653632,
        0.9301675977653632,
        0.9413407821229051,
        0.9413407821229051,
        0.9413407821229051
    ],
    "val_f1": [
        0.5352112676056338,
        0.6458333333333334,
        0.6727272727272727,
        0.5735294117647058,
        0.6785714285714286,
        0.6990291262135923,
        0.7111111111111111,
        0.7619047619047619,
        0.6923076923076923,
        0.7391304347826086,
        0.7555555555555555,
        0.7727272727272727,
        0.7555555555555555,
        0.59375,
        0.7472527472527473,
        0.6990291262135923,
        0.8045977011494253,
        0.7640449438202247,
        0.7619047619047619,
        0.7346938775510204,
        0.7472527472527473,
        0.7142857142857143,
        0.7526881720430108,
        0.7727272727272727,
        0.7555555555555555,
        0.7555555555555555,
        0.7586206896551724,
        0.7311827956989247,
        0.7311827956989247,
        0.7640449438202247,
        0.7586206896551724,
        0.7529411764705882
    ],
    "val_mcc": [
        0.530354648514987,
        0.6074632943564078,
        0.6580201246798093,
        0.5735500850786448,
        0.6686204623229415,
        0.6792158951836985,
        0.6783134932481504,
        0.7328421393887204,
        0.6725863985031862,
        0.7125589811533908,
        0.7296151158493626,
        0.7476266309593185,
        0.7296151158493626,
        0.5871367361348846,
        0.720973347754304,
        0.6792158951836985,
        0.7833333291957532,
        0.7384955303758126,
        0.7328421393887204,
        0.7146339890642386,
        0.720973347754304,
        0.6904686005608857,
        0.7294123057891367,
        0.7476266309593185,
        0.7296151158493626,
        0.7296151158493626,
        0.7307093224680219,
        0.7043614994314515,
        0.7043614994314515,
        0.7384955303758126,
        0.7307093224680219,
        0.7230747153047493
    ]
}