{
    "train_loss": [
        1.0133769227398766,
        0.42160649134053124,
        0.4505415403180652,
        0.3516174279981189,
        0.37089919762478935,
        0.33155890620417067,
        0.3306565289696058,
        0.31414425133003127,
        0.3273182644612259,
        0.30774374885691536,
        0.30213388055562973,
        0.27770579821533625,
        0.2668200206425455,
        0.25412279847595426,
        0.2945260884861151,
        0.27611165270209315,
        0.2556092160443465,
        0.23284891967972118,
        0.23818461315499412,
        0.24501553906334772,
        0.2327007761018144,
        0.21519473708338208,
        0.21166954272323185,
        0.21767830815580155,
        0.2163857242713372,
        0.21068440907531313,
        0.19216216856406795,
        0.21103432501355807,
        0.21397231641328998
    ],
    "train_acc": [
        0.9,
        0.8993006993006993,
        0.9083916083916084,
        0.9195804195804196,
        0.9230769230769231,
        0.9188811188811189,
        0.9258741258741259,
        0.9349650349650349,
        0.9328671328671329,
        0.9328671328671329,
        0.9412587412587412,
        0.9433566433566434,
        0.9454545454545454,
        0.9447552447552447,
        0.9426573426573427,
        0.9426573426573427,
        0.9531468531468531,
        0.9552447552447553,
        0.9531468531468531,
        0.9496503496503497,
        0.955944055944056,
        0.955944055944056,
        0.9573426573426573,
        0.9587412587412587,
        0.9594405594405594,
        0.9594405594405594,
        0.9601398601398602,
        0.9622377622377623,
        0.9587412587412587
    ],
    "train_f1": [
        0.3222748815165877,
        0.6666666666666666,
        0.6797066014669927,
        0.7073791348600509,
        0.7208121827411168,
        0.7156862745098039,
        0.7323232323232324,
        0.7609254498714653,
        0.7512953367875648,
        0.7473684210526316,
        0.7801047120418848,
        0.784,
        0.7914438502673797,
        0.7926509186351706,
        0.7759562841530054,
        0.7853403141361257,
        0.8133704735376045,
        0.8212290502793296,
        0.8154269972451791,
        0.8032786885245902,
        0.8254847645429363,
        0.8254847645429363,
        0.83008356545961,
        0.834733893557423,
        0.8379888268156425,
        0.8370786516853933,
        0.841225626740947,
        0.847457627118644,
        0.8365650969529086
    ],
    "train_mcc": [
        0.32389164049505725,
        0.6487422118240554,
        0.6560649802686064,
        0.6836686224096727,
        0.699957315820526,
        0.6989832693676248,
        0.7143577451386425,
        0.7456943318855227,
        0.7332322210546275,
        0.7265768151965245,
        0.7657246788674544,
        0.7678193453310314,
        0.7761758702912982,
        0.7800997924504,
        0.7555981099551652,
        0.7718802641657115,
        0.7968643747359434,
        0.8056430416047201,
        0.8004500328925327,
        0.7873114525995222,
        0.8114637111559555,
        0.8114637111559555,
        0.8161607631284541,
        0.8209231528528496,
        0.8249790154696353,
        0.8233293533148891,
        0.8290250220567946,
        0.8346919985985993,
        0.8242758245152689
    ],
    "val_loss": [
        0.4255148135125637,
        0.3746394601960977,
        0.3851766648391883,
        0.3825523468355338,
        0.44489089399576187,
        0.4528127387166023,
        0.4601602417727311,
        0.4263849736501773,
        0.3416895329331358,
        0.3383796600004037,
        0.3448173540333907,
        0.41070828835169476,
        0.352076880633831,
        0.6102956514805555,
        0.4122397129734357,
        0.34815752611029893,
        0.3751611076295376,
        0.34111791600783664,
        0.3408837711904198,
        0.3733206211278836,
        0.340824868530035,
        0.4370420314371586,
        0.3716347136845191,
        0.357870622848471,
        0.394831112275521,
        0.5487677546528479,
        0.3822335895771782,
        0.3473794674500823,
        0.43711345301320154
    ],
    "val_acc": [
        0.8435754189944135,
        0.8910614525139665,
        0.9301675977653632,
        0.8575418994413407,
        0.8463687150837989,
        0.9134078212290503,
        0.8575418994413407,
        0.9329608938547486,
        0.9134078212290503,
        0.9134078212290503,
        0.8966480446927374,
        0.8687150837988827,
        0.9050279329608939,
        0.9441340782122905,
        0.8743016759776536,
        0.9217877094972067,
        0.9022346368715084,
        0.8994413407821229,
        0.9134078212290503,
        0.9273743016759777,
        0.9050279329608939,
        0.9217877094972067,
        0.9217877094972067,
        0.9273743016759777,
        0.9217877094972067,
        0.9301675977653632,
        0.9357541899441341,
        0.9162011173184358,
        0.9301675977653632
    ],
    "val_f1": [
        0.5757575757575758,
        0.6548672566371682,
        0.7252747252747253,
        0.6046511627906976,
        0.5864661654135338,
        0.6868686868686869,
        0.5984251968503937,
        0.7272727272727273,
        0.693069306930693,
        0.693069306930693,
        0.6542056074766355,
        0.624,
        0.6666666666666666,
        0.7560975609756098,
        0.6341463414634146,
        0.7083333333333334,
        0.6601941747572816,
        0.660377358490566,
        0.6868686868686869,
        0.723404255319149,
        0.6730769230769231,
        0.7083333333333334,
        0.7083333333333334,
        0.723404255319149,
        0.7083333333333334,
        0.7311827956989247,
        0.7472527472527473,
        0.7,
        0.7311827956989247
    ],
    "val_mcc": [
        0.5697809381184563,
        0.6407034764544883,
        0.695528901924647,
        0.603369154389027,
        0.5859694828028409,
        0.6592201407211804,
        0.5916372207926801,
        0.6954581612422468,
        0.6692181570571983,
        0.6692181570571983,
        0.6306493050328782,
        0.621830741340082,
        0.6389014550085313,
        0.7257379841537142,
        0.631498902855821,
        0.6809749087945803,
        0.6324184951691173,
        0.6367497342016436,
        0.6592201407211804,
        0.6963710545850474,
        0.6493287987094897,
        0.6809749087945803,
        0.6809749087945803,
        0.6963710545850474,
        0.6809749087945803,
        0.7043614994314515,
        0.720973347754304,
        0.676142197207725,
        0.7043614994314515
    ]
}