{
    "train_loss": [
        0.8363482349448734,
        0.4393587350845337,
        0.4063680557741059,
        0.39997179980079334,
        0.3405294570657942,
        0.3628777298662398,
        0.31855615799625714,
        0.3382406123810344,
        0.35919399940305285,
        0.3275726373824808,
        0.2662214828034242,
        0.2552078410983086,
        0.23479308916462793,
        0.24584035906526777,
        0.2303128857165575,
        0.22720473859873083,
        0.2129086285829544,
        0.1922002366847462,
        0.18787203460103935,
        0.18516283788614804,
        0.20699268422192998,
        0.18429148627652062,
        0.17356431111693382,
        0.1678209805654155,
        0.17254642366121212,
        0.1667004842725065,
        0.15739757089565198,
        0.16115374196734694,
        0.15812438941664167,
        0.16002711276006368,
        0.16287850038044982,
        0.13284485699195,
        0.159707609584762,
        0.13930212128907443,
        0.1500493536185887,
        0.1481640318201648,
        0.13964720515327322,
        0.14340430436034998
    ],
    "train_acc": [
        0.8664335664335664,
        0.9090909090909091,
        0.9076923076923077,
        0.9223776223776223,
        0.9356643356643357,
        0.9279720279720279,
        0.9307692307692308,
        0.9335664335664335,
        0.920979020979021,
        0.9454545454545454,
        0.9482517482517483,
        0.9531468531468531,
        0.9503496503496504,
        0.9545454545454546,
        0.9615384615384616,
        0.9622377622377623,
        0.9671328671328672,
        0.9671328671328672,
        0.9671328671328672,
        0.9664335664335665,
        0.9664335664335665,
        0.9685314685314685,
        0.9671328671328672,
        0.9706293706293706,
        0.9643356643356643,
        0.9671328671328672,
        0.9699300699300699,
        0.9713286713286713,
        0.9671328671328672,
        0.9734265734265735,
        0.9713286713286713,
        0.9741258741258741,
        0.9734265734265735,
        0.9748251748251748,
        0.9741258741258741,
        0.9769230769230769,
        0.9755244755244755,
        0.9748251748251748
    ],
    "train_f1": [
        0.5064599483204134,
        0.6844660194174758,
        0.6901408450704225,
        0.7175572519083969,
        0.7628865979381443,
        0.7310704960835509,
        0.7455012853470437,
        0.7493403693931399,
        0.7209876543209877,
        0.7880434782608695,
        0.8010752688172043,
        0.8133704735376045,
        0.8086253369272237,
        0.821917808219178,
        0.8441926345609065,
        0.8457142857142858,
        0.8653295128939829,
        0.8653295128939829,
        0.8653295128939829,
        0.8628571428571429,
        0.8620689655172413,
        0.8703170028818443,
        0.8660968660968661,
        0.8771929824561403,
        0.8555240793201133,
        0.8660968660968661,
        0.8767908309455588,
        0.881159420289855,
        0.8660968660968661,
        0.8888888888888888,
        0.8818443804034583,
        0.892128279883382,
        0.8895348837209303,
        0.8947368421052632,
        0.8927536231884058,
        0.9032258064516129,
        0.8979591836734694,
        0.8953488372093024
    ],
    "train_mcc": [
        0.44451969752075016,
        0.6628703401874665,
        0.6751365132064414,
        0.6957472748688504,
        0.7476408189293327,
        0.7083937106118592,
        0.727452735923905,
        0.728565694928919,
        0.7041960835292495,
        0.7702444075922124,
        0.7867304328881872,
        0.7968643747359434,
        0.7951872356420977,
        0.8086145576297454,
        0.8306504809360389,
        0.8315750817799078,
        0.8537975239607399,
        0.8537975239607399,
        0.8537975239607399,
        0.8512397021301313,
        0.8497906729649186,
        0.8589696528149289,
        0.8552411689615199,
        0.8655690551328565,
        0.8436763630255063,
        0.8552411689615199,
        0.8669356974167161,
        0.8708458930391707,
        0.8552411689615199,
        0.878913137809082,
        0.8721654051222324,
        0.8828606961746431,
        0.8801567437654055,
        0.8855851791471947,
        0.8841002129481272,
        0.895017730105345,
        0.8895176473770146,
        0.8867987350769679
    ],
    "val_loss": [
        0.4518446810543537,
        0.36150605231523514,
        0.3373035304248333,
        0.32793158292770386,
        0.37840103047589463,
        0.33915863124032813,
        0.33320065898199874,
        0.3773160030444463,
        0.3405262467761834,
        0.34318485918144387,
        0.33197614674766857,
        0.4983942396938801,
        0.35281491683175165,
        0.3869499967743953,
        0.3799624824120353,
        0.42358087965597707,
        0.3893952685563515,
        0.4124202166373531,
        0.43156991091867286,
        0.4806010803828637,
        0.43657248420640826,
        0.45836245889465016,
        0.49210139076846343,
        0.475570941149878,
        0.49163940890381735,
        0.49967037575940293,
        0.523719694892255,
        0.5434047443171343,
        0.5389505920854086,
        0.5373828122392297,
        0.5438499538771188,
        0.5875398610175276,
        0.5848647993213186,
        0.5909649012610316,
        0.5604459458263591,
        0.9935148482521375,
        0.5675145217683166,
        0.6098212172122052
    ],
    "val_acc": [
        0.9357541899441341,
        0.8687150837988827,
        0.9245810055865922,
        0.8854748603351955,
        0.9301675977653632,
        0.8770949720670391,
        0.8994413407821229,
        0.8910614525139665,
        0.9385474860335196,
        0.9329608938547486,
        0.9357541899441341,
        0.9385474860335196,
        0.9441340782122905,
        0.946927374301676,
        0.9441340782122905,
        0.9497206703910615,
        0.9413407821229051,
        0.9413407821229051,
        0.9329608938547486,
        0.9441340782122905,
        0.9413407821229051,
        0.9413407821229051,
        0.9497206703910615,
        0.9301675977653632,
        0.9497206703910615,
        0.9413407821229051,
        0.946927374301676,
        0.946927374301676,
        0.946927374301676,
        0.9497206703910615,
        0.9497206703910615,
        0.946927374301676,
        0.946927374301676,
        0.9497206703910615,
        0.9497206703910615,
        0.9497206703910615,
        0.9497206703910615,
        0.9497206703910615
    ],
    "val_f1": [
        0.7294117647058823,
        0.624,
        0.7157894736842105,
        0.6434782608695652,
        0.7311827956989247,
        0.639344262295082,
        0.6666666666666666,
        0.6548672566371682,
        0.75,
        0.7391304347826086,
        0.7526881720430108,
        0.7608695652173914,
        0.7727272727272727,
        0.7764705882352941,
        0.7777777777777778,
        0.7857142857142857,
        0.7692307692307693,
        0.7692307692307693,
        0.7446808510638298,
        0.7777777777777778,
        0.7692307692307693,
        0.7692307692307693,
        0.7954545454545454,
        0.7368421052631579,
        0.7954545454545454,
        0.7692307692307693,
        0.7816091954022989,
        0.7816091954022989,
        0.7816091954022989,
        0.7954545454545454,
        0.7954545454545454,
        0.7764705882352941,
        0.7816091954022989,
        0.7954545454545454,
        0.7906976744186046,
        0.7906976744186046,
        0.7906976744186046,
        0.7906976744186046
    ],