{
    "train_loss": [
        1.056641501850552,
        0.46339667174551225,
        0.3569543522265222,
        0.36185654683245555,
        0.37913259540994965,
        0.33947625756263733,
        0.32124668574995463,
        0.29677853203482096,
        0.2854647067685922,
        0.38552751487327946,
        0.34952130325966413,
        0.266150375124481,
        0.2502999745309353,
        0.25787189677357675,
        0.2673273796008693,
        0.25273677015470136,
        0.23148399628698826,
        0.2228606856945488,
        0.2363645922806528,
        0.20917494835125075,
        0.2093963585793972,
        0.200627857612239,
        0.21090765715473228,
        0.2181211063431369,
        0.20226386367446847,
        0.19358007390466,
        0.18931179754436017,
        0.1975290473136637,
        0.1854313236971696,
        0.19362779524591234,
        0.1973369446479612,
        0.19123466006583636,
        0.1835414288772477,
        0.1709439725511604,
        0.17902944708863894,
        0.18927442584600712,
        0.18257123364342584
    ],
    "train_acc": [
        0.8965034965034965,
        0.9048951048951049,
        0.9265734265734266,
        0.9251748251748252,
        0.913986013986014,
        0.9286713286713286,
        0.9272727272727272,
        0.9440559440559441,
        0.9440559440559441,
        0.9097902097902097,
        0.9237762237762238,
        0.9454545454545454,
        0.9531468531468531,
        0.9538461538461539,
        0.9475524475524476,
        0.9573426573426573,
        0.958041958041958,
        0.955944055944056,
        0.958041958041958,
        0.965034965034965,
        0.9657342657342657,
        0.9671328671328672,
        0.9636363636363636,
        0.9685314685314685,
        0.9664335664335665,
        0.9706293706293706,
        0.9664335664335665,
        0.9671328671328672,
        0.9699300699300699,
        0.9713286713286713,
        0.9664335664335665,
        0.9734265734265735,
        0.9713286713286713,
        0.9727272727272728,
        0.9713286713286713,
        0.9706293706293706,
        0.9713286713286713
    ],
    "train_f1": [
        0.3620689655172414,
        0.6730769230769231,
        0.7300771208226221,
        0.7235142118863049,
        0.6977886977886978,
        0.7397959183673469,
        0.7360406091370558,
        0.7872340425531915,
        0.786096256684492,
        0.6876513317191283,
        0.7347931873479319,
        0.7914438502673797,
        0.8123249299719888,
        0.8166666666666667,
        0.7989276139410187,
        0.83008356545961,
        0.8314606741573034,
        0.8254847645429363,
        0.8324022346368715,
        0.8554913294797688,
        0.8603988603988604,
        0.8660968660968661,
        0.8505747126436781,
        0.8688046647230321,
        0.8628571428571429,
        0.8771929824561403,
        0.8628571428571429,
        0.8645533141210374,
        0.8753623188405797,
        0.8797653958944281,
        0.8636363636363636,
        0.8869047619047619,
        0.8818443804034583,
        0.8869565217391304,
        0.8797653958944281,
        0.8786127167630058,
        0.8797653958944281
    ],
    "train_mcc": [
        0.3353941939123431,
        0.650547216448753,
        0.7092111399622874,
        0.7007862845153389,
        0.6770955989858483,
        0.7217750644395258,
        0.7180449397392686,
        0.7719455421374986,
        0.7699295972137408,
        0.6670823820794961,
        0.723192898853786,
        0.7761758702912982,
        0.7950886434210808,
        0.8009660878402889,
        0.7845693633148718,
        0.8161607631284541,
        0.8168573143118366,
        0.8114637111559555,
        0.8185336908479969,
        0.8417470825918676,
        0.8487003898856028,
        0.8552411689615199,
        0.8366238320803414,
        0.8562328913651575,
        0.8512397021301313,
        0.8655690551328565,
        0.8512397021301313,
        0.8523717766612771,
        0.8642187330846924,
        0.8682686762561231,
        0.8527061555147822,
        0.8753172594640612,
        0.8721654051222324,
        0.877473052993649,
        0.8682686762561231,
        0.8681969043977042,
        0.8682686762561231
    ],
    "val_loss": [
        0.476606094588836,
        0.4521335152288278,
        0.3907920643687248,
        0.335087517897288,
        0.35213133692741394,
        0.343622088432312,
        0.40652643889188766,
        0.36272259553273517,
        0.6304058202852806,
        0.6861550460259119,
        0.3234003842808306,
        0.3357145848373572,
        0.3002701159566641,
        0.31291462543110055,
        0.3387483147283395,
        0.32354935895030695,
        0.33369681363304454,
        0.31927175136903924,
        0.3175719026476145,
        0.3696789722889662,
        0.49025264630715054,
        0.33947846479713917,
        0.3211945916215579,
        0.38440933730453253,
        0.48717450971404713,
        0.40784683761497337,
        0.3488711699222525,
        0.4116131141781807,
        0.3474588167543213,
        0.48303833200285834,
        0.3565435080478589,
        0.32623714456955594,
        0.3416189930091302,
        0.35237883458224434,
        0.39129075066496927,
        0.4165345667861402,
        0.3502069222740829
    ],
    "val_acc": [
        0.9106145251396648,
        0.8910614525139665,
        0.8798882681564246,
        0.8994413407821229,
        0.8854748603351955,
        0.9078212290502793,
        0.8659217877094972,
        0.8938547486033519,
        0.946927374301676,
        0.776536312849162,
        0.9329608938547486,
        0.9134078212290503,
        0.9162011173184358,
        0.9301675977653632,
        0.9357541899441341,
        0.9078212290502793,
        0.9162011173184358,
        0.9385474860335196,
        0.9413407821229051,
        0.9245810055865922,
        0.9329608938547486,
        0.9497206703910615,
        0.9217877094972067,
        0.9245810055865922,
        0.9441340782122905,
        0.9301675977653632,
        0.9441340782122905,
        0.9413407821229051,
        0.9413407821229051,
        0.9441340782122905,
        0.946927374301676,
        0.9385474860335196,
        0.9413407821229051,
        0.9413407821229051,
        0.9385474860335196,
        0.9413407821229051,
        0.9413407821229051
    ],
    "val_f1": [
        0.6666666666666666,
        0.6486486486486487,
        0.6446280991735537,
        0.660377358490566,
        0.6434782608695652,
        0.6796116504854369,
        0.6190476190476191,
        0.6607142857142857,
        0.7654320987654321,
        0.4936708860759494,
        0.7391304347826086,
        0.6990291262135923,
        0.7058823529411765,
        0.7311827956989247,
        0.7415730337078652,
        0.6915887850467289,
        0.7115384615384616,
        0.7608695652173914,
        0.7692307692307693,
        0.7216494845360825,
        0.7446808510638298,
        0.7954545454545454,
        0.72,
        0.7216494845360825,
        0.7777777777777778,
        0.7368421052631579,
        0.7777777777777778,
        0.7692307692307693,
        0.7692307692307693,
        0.7777777777777778,
        0.7865168539325843,
        0.7608695652173914,
        0.7692307692307693,
        0.7692307692307693,
        0.7608695652173914,
        0.7692307692307693,
        0.7692307692307693
    ],