{
    "train_loss": [
        1.1087678750356038,
        0.5307107825246122,
        0.40869500156905914,
        0.35838253249724705,
        0.35645727386905085,
        0.3094205038415061,
        0.31459046370453303,
        0.34540322936243484,
        0.2654831114742491,
        0.23390212067299418,
        0.2229097975624932,
        0.2066218076273799,
        0.19959949601648583,
        0.17211463438967864,
        0.15228852062589593,
        0.15689736214569874,
        0.14233142625695716,
        0.12472984482818801,
        0.10809788380801263,
        0.11260943189263344,
        0.09987855512752301,
        0.09036070255355702,
        0.08109106044285,
        0.084435314584213,
        0.0702030087200304,
        0.0723070772183645
    ],
    "train_acc": [
        0.893780573025856,
        0.9147449336128581,
        0.9287211740041929,
        0.9315164220824598,
        0.9315164220824598,
        0.9266247379454927,
        0.9280223619846262,
        0.9063591893780573,
        0.9419986023759609,
        0.9447938504542278,
        0.9531795946890287,
        0.9538784067085954,
        0.9531795946890287,
        0.9587700908455625,
        0.9629629629629629,
        0.9629629629629629,
        0.9699510831586303,
        0.976240391334731,
        0.9811320754716981,
        0.9783368273934312,
        0.9811320754716981,
        0.9853249475890985,
        0.9881201956673655,
        0.9881201956673655,
        0.9902166317260657,
        0.9874213836477987
    ],
    "train_f1": [
        0.23232323232323232,
        0.695,
        0.7315789473684211,
        0.743455497382199,
        0.7379679144385026,
        0.732824427480916,
        0.7365728900255755,
        0.6854460093896714,
        0.7798408488063661,
        0.7893333333333333,
        0.8174386920980926,
        0.8166666666666667,
        0.8184281842818428,
        0.8365650969529086,
        0.8523676880222841,
        0.8523676880222841,
        0.8753623188405797,
        0.9,
        0.9194029850746268,
        0.9080118694362018,
        0.9198813056379822,
        0.9365558912386707,
        0.9476923076923077,
        0.9480122324159022,
        0.9565217391304348,
        0.9451219512195121
    ],
    "train_mcc": [
        0.24158839593357773,
        0.6713225457240205,
        0.7080725790461289,
        0.7226630798972065,
        0.713741337406544,
        0.7138939991396834,
        0.7176250082194083,
        0.6694315113303753,
        0.7636617569527743,
        0.774075818829088,
        0.8040980706861923,
        0.800984903018768,
        0.8059284036076181,
        0.8242922957827521,
        0.8419039615638411,
        0.8419039615638411,
        0.8642311296910294,
        0.8911066434775655,
        0.912044394021172,
        0.8995343254545672,
        0.9130320801139653,
        0.9306921286953613,
        0.942284969100491,
        0.9429510609574566,
        0.9518578250272721,
        0.9398483447452426
    ],
    "val_loss": [
        0.7617494364579519,
        0.4867585419366757,
        0.5847906544804573,
        0.5327743502954642,
        0.601063788558046,
        0.6278742011636496,
        0.5620782325665156,
        0.5860628274579843,
        0.6758434030537804,
        0.7427058122120798,
        0.7663129661232233,
        0.8978600210199753,
        0.931133563736997,
        0.8724414060513178,
        1.2365083897020668,
        1.9566989646603663,
        1.173836051292407,
        1.378876523363336,
        1.4909030708173912,
        1.02937873142461,
        1.5468083779948454,
        1.580660980194807,
        1.6264251991327303,
        1.7349706773954192,
        1.5331645675178152,
        1.7467183023691177
    ],
    "val_acc": [
        0.876750700280112,
        0.938375350140056,
        0.9187675070028011,
        0.8683473389355743,
        0.938375350140056,
        0.9187675070028011,
        0.896358543417367,
        0.8991596638655462,
        0.9187675070028011,
        0.9327731092436975,
        0.9439775910364145,
        0.9439775910364145,
        0.938375350140056,
        0.938375350140056,
        0.9411764705882353,
        0.9439775910364145,
        0.938375350140056,
        0.9355742296918768,
        0.9411764705882353,
        0.9439775910364145,
        0.9411764705882353,
        0.9411764705882353,
        0.938375350140056,
        0.9355742296918768,
        0.9411764705882353,
        0.938375350140056
    ],
    "val_f1": [
        0.6206896551724138,
        0.75,
        0.6947368421052632,
        0.6050420168067226,
        0.7441860465116279,
        0.7010309278350515,
        0.6542056074766355,
        0.6538461538461539,
        0.7010309278350515,
        0.7272727272727273,
        0.7674418604651163,
        0.7674418604651163,
        0.7380952380952381,
        0.75,
        0.7341772151898734,
        0.75,
        0.717948717948718,
        0.7012987012987013,
        0.72,
        0.7619047619047619,
        0.72,
        0.72,
        0.7027027027027027,
        0.684931506849315,
        0.72,
        0.7027027027027027
    ],
    "val_mcc": [
        0.6023125268474508,
        0.7214361343471742,
        0.6637619760475325,
        0.5870449531081157,
        0.7134905930951132,
        0.6734194051738353,
        0.6304900596829445,
        0.6259115436756523,
        0.6734194051738353,
        0.6953416358707871,
        0.7400484224908963,
        0.7400484224908963,
        0.705689328274822,
        0.7214361343471742,
        0.7011833304748583,
        0.7187613462654938,
        0.6833575229801645,
        0.6652692637331552,
        0.6878820445405451,
        0.7327437838369044,
        0.6878820445405451,
        0.6878820445405451,
        0.6696576329476528,
        0.6511332323636152,
        0.6878820445405451,
        0.6696576329476528
    ]
}