{
    "train_loss": [
        1.202602013599041,
        1.1788835664128148,
        1.0912883364877035,
        0.9391345783721569,
        0.8636928443298784,
        0.7894781924957452,
        0.7645418221174285,
        0.7294820706511653,
        0.6674167375231899,
        0.7045599956845128,
        0.6742982199025709,
        0.6534097017936928,
        0.6832171408242957,
        0.6370243430137634,
        0.6389039831106053,
        0.6156686235998952,
        0.6393006281104199,
        0.5611565165048422,
        0.5505711921425753,
        0.5020118629516557,
        0.5563930865637091,
        0.5131868976493215,
        0.4761508150502693,
        0.488299225305402,
        0.4821887511846631,
        0.4677098279082498
    ],
    "train_acc": [
        0.8670605612998523,
        0.8670605612998523,
        0.8264401772525849,
        0.8013293943870015,
        0.8234859675036927,
        0.8353028064992615,
        0.8463810930576071,
        0.8685376661742984,
        0.8596750369276218,
        0.8581979320531757,
        0.8714918759231906,
        0.8567208271787297,
        0.8633677991137371,
        0.8677991137370753,
        0.8670605612998523,
        0.8788774002954209,
        0.8641063515509602,
        0.8855243722304283,
        0.8884785819793205,
        0.9069423929098966,
        0.8884785819793205,
        0.8980797636632201,
        0.9069423929098966,
        0.9106351550960118,
        0.9172821270310192,
        0.9069423929098966
    ],
    "train_f1": [
        0.01098901098901099,
        0.0625,
        0.35967302452316074,
        0.46732673267326735,
        0.5152129817444219,
        0.5584158415841585,
        0.5702479338842975,
        0.6026785714285714,
        0.6090534979423868,
        0.6065573770491803,
        0.6297872340425532,
        0.6104417670682731,
        0.6153846153846154,
        0.6231578947368421,
        0.620253164556962,
        0.6583333333333333,
        0.6198347107438017,
        0.6695095948827292,
        0.6780383795309168,
        0.7149321266968326,
        0.6780383795309168,
        0.6946902654867256,
        0.71875,
        0.7305122494432071,
        0.7419354838709677,
        0.7236842105263158
    ],
    "train_mcc": [
        0.06920872050834083,
        0.10950912838052557,
        0.2593423332870428,
        0.3799198694781296,
        0.43957186689924277,
        0.49691481227624595,
        0.5076829466121359,
        0.5416816208858936,
        0.557059742722304,
        0.5543865880524295,
        0.5792862036443385,
        0.5618460223373352,
        0.5638417214398656,
        0.5721738503534561,
        0.5683134481735052,
        0.6175355823415214,
        0.5701698415704644,
        0.628458467012289,
        0.6390652948631416,
        0.6773194138170375,
        0.6390652948631416,
        0.6550920095612867,
        0.6835002608215413,
        0.6981504302692627,
        0.7080981432222554,
        0.6917862228347074
    ],
    "val_loss": [
        1.1766585219990124,
        1.1845993237061934,
        1.1740227152000775,
        1.2194157730449329,
        1.0890288569710471,
        1.1192162362011997,
        0.977823100306771,
        1.086532080715353,
        1.0992684851993213,
        0.9993777573108673,
        1.0066862783648751,
        0.9000137204473669,
        0.9892009496688843,
        1.0182110829786821,
        0.9491600800644268,
        0.8727954571897333,
        0.9119938991286538,
        0.9080736447464336,
        1.1600046049464832,
        1.008295793424953,
        1.079694460738789,
        1.1251979944380848,
        1.2002844566648656,
        1.1533221494067798,
        1.1315546875650233,
        1.2156872180375187
    ],
    "val_acc": [
        0.8672566371681416,
        0.8613569321533924,
        0.8407079646017699,
        0.7787610619469026,
        0.7905604719764012,
        0.8348082595870207,
        0.831858407079646,
        0.855457227138643,
        0.8672566371681416,
        0.8731563421828908,
        0.8908554572271387,
        0.8407079646017699,
        0.855457227138643,
        0.8289085545722714,
        0.8230088495575221,
        0.8407079646017699,
        0.8613569321533924,
        0.831858407079646,
        0.8997050147492626,
        0.8436578171091446,
        0.8672566371681416,
        0.855457227138643,
        0.8731563421828908,
        0.8613569321533924,
        0.8495575221238938,
        0.8348082595870207
    ],
    "val_f1": [
        0.0,
        0.04081632653061224,
        0.4,
        0.4186046511627907,
        0.4132231404958678,
        0.46153846153846156,
        0.4672897196261682,
        0.5148514851485149,
        0.5161290322580645,
        0.5376344086021505,
        0.6021505376344086,
        0.5178571428571429,
        0.5148514851485149,
        0.4727272727272727,
        0.4827586206896552,
        0.509090909090909,
        0.5154639175257731,
        0.5043478260869565,
        0.5641025641025641,
        0.5225225225225225,
        0.5263157894736842,
        0.5050505050505051,
        0.5473684210526316,
        0.5154639175257731,
        0.49504950495049505,
        0.46153846153846156
    ],
    "val_mcc": [
        0.0,
        0.03776285343836039,
        0.3081632653061224,
        0.31917376398098324,
        0.31085407680422034,
        0.3707446207969563,
        0.3771506127547518,
        0.43466991800475197,
        0.43960594152918125,
        0.4645434271681358,
        0.5393558840849995,
        0.43896288983357407,
        0.43466991800475197,
        0.3836451148647547,
        0.396878159333368,
        0.4278141398058829,
        0.43660833751819755,
        0.4232884220570101,
        0.5167671630452173,
        0.444379694382445,
        0.4502207531305541,
        0.4236401110295338,
        0.47473879896368787,
        0.43660833751819755,
        0.41125823986626914,
        0.3707446207969563
    ]
}