{
    "train_loss": [
        1.2002735512201177,
        1.1257768051568853,
        1.0311374983122183,
        0.8836206606654233,
        0.7499410059562949,
        0.7417708538299383,
        0.6977042271647342,
        0.6876680837121121,
        0.6750101142151411,
        0.6070288544477418,
        0.5784931491280711,
        0.6133837810782499,
        0.49734850920910056,
        0.48525015334057253,
        0.5242643148400062,
        0.4707681955986245,
        0.39084694612511367,
        0.45731167218019797,
        0.4084452213936074,
        0.5385692944360334,
        0.45590391200642255,
        0.3701161537752595,
        0.31635824203231305,
        0.30101444693498836,
        0.32905247720868086,
        0.37454803322636804,
        0.253109761102255,
        0.21185406834580178,
        0.16488298184649888,
        0.15483542800296185,
        0.15095078906174317,
        0.14118645963973778,
        0.09333265382190083,
        0.11783955927375098
    ],
    "train_acc": [
        0.8663220088626292,
        0.8596750369276218,
        0.8426883308714919,
        0.8426883308714919,
        0.8685376661742984,
        0.8685376661742984,
        0.8641063515509602,
        0.8759231905465288,
        0.8714918759231906,
        0.8847858197932054,
        0.8995568685376661,
        0.8685376661742984,
        0.896602658788774,
        0.9054652880354506,
        0.8988183161004432,
        0.8988183161004432,
        0.9158050221565731,
        0.8988183161004432,
        0.9091580502215657,
        0.8788774002954209,
        0.9084194977843427,
        0.9217134416543574,
        0.9320531757754801,
        0.9320531757754801,
        0.9268833087149188,
        0.9121122599704579,
        0.9446085672082718,
        0.946824224519941,
        0.9630723781388478,
        0.9689807976366323,
        0.9741506646971935,
        0.9711964549483013,
        0.9807976366322009,
        0.981536189069424
    ],
    "train_f1": [
        0.0,
        0.12037037037037036,
        0.42587601078167114,
        0.5458422174840085,
        0.593607305936073,
        0.6061946902654868,
        0.6017316017316018,
        0.6379310344827587,
        0.6266094420600858,
        0.6563876651982379,
        0.6880733944954128,
        0.6352459016393442,
        0.6888888888888889,
        0.7117117117117117,
        0.6935123042505593,
        0.702819956616052,
        0.740909090909091,
        0.7041036717062635,
        0.7284768211920529,
        0.6653061224489796,
        0.7194570135746606,
        0.7601809954751131,
        0.786046511627907,
        0.7918552036199095,
        0.7755102040816326,
        0.734966592427617,
        0.8235294117647058,
        0.8325581395348837,
        0.8762376237623762,
        0.895,
        0.910941475826972,
        0.9022556390977443,
        0.9329896907216495,
        0.9347258485639687
    ],
    "train_mcc": [
        0.0,
        0.11380558639601485,
        0.33492799098767606,
        0.47465946317492824,
        0.5293240908172491,
        0.5466090580063775,
        0.5428396218245596,
        0.588033856511197,
        0.5744439597845967,
        0.6085713892725222,
        0.643413626661294,
        0.5906681422147697,
        0.6474922033463413,
        0.6738906542085892,
        0.6524254817632842,
        0.6675184061241415,
        0.708373010626412,
        0.6696829196423922,
        0.6967980450880005,
        0.6293038235911621,
        0.6828211534808961,
        0.7323368104556244,
        0.7602821355680449,
        0.7708489881026352,
        0.7506742803835601,
        0.7035973134519244,
        0.8039532523432452,
        0.816302968056556,
        0.8612403635150482,
        0.8824768308796117,
        0.899762974712115,
        0.8908034163409025,
        0.9246701064456825,
        0.9258989544549908
    ],
    "val_loss": [
        1.19989721883427,
        1.1462190476330845,
        1.062057695605538,
        1.0498881123282693,
        1.3742829696698622,
        1.0107790177518672,
        0.9694028198719025,
        1.02171314033595,
        0.9344700818712061,
        1.0352188673886387,
        1.3726211081851611,
        0.9420332610607147,
        1.14964121715589,
        1.2500561394474723,
        0.9307924265211279,
        1.1957557824524967,
        1.2119091468101197,
        0.9889416315338828,
        1.1346760121258823,
        0.9586909250779585,
        0.7352468859065663,
        1.9720889946276492,
        1.3330256329341368,
        1.934879564426162,
        1.362038322470405,
        1.0333610041574999,
        1.2199027240276337,
        2.601268889551813,
        2.4609033208001745,
        2.3405982235615905,
        2.2446719997308473,
        2.729464655572718,
        3.6577400199391623,
        2.089510751041499
    ],
    "val_acc": [
        0.8672566371681416,
        0.8643067846607669,
        0.7964601769911505,
        0.8525073746312685,
        0.887905604719764,
        0.8348082595870207,
        0.831858407079646,
        0.8820058997050148,
        0.8761061946902655,
        0.8200589970501475,
        0.7433628318584071,
        0.855457227138643,
        0.8967551622418879,
        0.8820058997050148,
        0.8112094395280236,
        0.8525073746312685,
        0.8702064896755162,
        0.887905604719764,
        0.8731563421828908,
        0.8761061946902655,
        0.8525073746312685,
        0.8702064896755162,
        0.8731563421828908,
        0.8967551622418879,
        0.7935103244837758,
        0.8171091445427728,
        0.8112094395280236,
        0.8967551622418879,
        0.8820058997050148,
        0.8849557522123894,
        0.8790560471976401,
        0.8938053097345132,
        0.8938053097345132,
        0.8702064896755162
    ],
    "val_f1": [
        0.0,
        0.28125,
        0.3893805309734513,
        0.4897959183673469,
        0.5128205128205128,
        0.4909090909090909,
        0.4864864864864865,
        0.5454545454545454,
        0.5531914893617021,
        0.5040650406504065,
        0.423841059602649,
        0.5333333333333333,
        0.5454545454545454,
        0.5238095238095238,
        0.5076923076923077,
        0.5454545454545454,
        0.5,
        0.5365853658536586,
        0.5904761904761905,
        0.5625,
        0.5689655172413793,
        0.45,
        0.5057471264367817,
        0.5333333333333333,
        0.47761194029850745,
        0.46551724137931033,
        0.4838709677419355,
        0.47761194029850745,
        0.47368421052631576,
        0.5063291139240507,
        0.5393258426966292,
        0.5,
        0.4857142857142857,
        0.5416666666666666
    ],
    "val_mcc": [
        0.0,
        0.2448502907420714,
        0.2816671510845638,
        0.4061088877026202,
        0.45810850968096867,
        0.4057296273353188,
        0.40046635335470887,
        0.4778611522204404,
        0.48201304372401266,
        0.4264700296950326,
        0.33624038982633403,
        0.4563941071879862,
        0.49813581718432565,
        0.45838512781572627,
        0.43560170387598074,
        0.471983164747011,
        0.4256131500908712,
        0.47645213007955145,
        0.5247322707642792,
        0.4919672882673095,
        0.5037081545803204,
        0.3815572925127951,
        0.43342747184148545,
        0.49032048781872356,
        0.3988426657048459,
        0.37551216028397755,
        0.40128202535793345,
        0.4616095606622907,
        0.4188013481625216,
        0.4482187324777994,
        0.46976574250877057,
        0.46291711500406196,
        0.4551095971736666,
        0.4676486952777181
    ]
}