{
    "0.3": {
        "threshold": 0.3,
        "precision": 0.5351209228357859,
        "recall": 0.72,
        "f1": 0.6104679460111468,
        "mcc": 0.5505985719698724,
        "auc": 0.8699885718413267
    },
    "0.4": {
        "threshold": 0.4,
        "precision": 0.5507948006788922,
        "recall": 0.72,
        "f1": 0.6215477444189423,
        "mcc": 0.5628174619120186,
        "auc": 0.8699885718413267
    },
    "0.5": {
        "threshold": 0.5,
        "precision": 0.5574670515979671,
        "recall": 0.7155555555555555,
        "f1": 0.6242502098907498,
        "mcc": 0.5658221652417732,
        "auc": 0.8699885718413267
    }
}