{
    "0.3": {
        "threshold": 0.3,
        "precision": 0.6121186573376587,
        "recall": 0.64,
        "f1": 0.6213350479307926,
        "mcc": 0.5639686457313763,
        "auc": 0.8494957421724851
    },
    "0.4": {
        "threshold": 0.4,
        "precision": 0.6229890744176458,
        "recall": 0.6355555555555557,
        "f1": 0.6257186761229315,
        "mcc": 0.5693506471188405,
        "auc": 0.8494957421724851
    },
    "0.5": {
        "threshold": 0.5,
        "precision": 0.6256415522183716,
        "recall": 0.6311111111111112,
        "f1": 0.6253053209387163,
        "mcc": 0.5689899659848676,
        "auc": 0.8494957421724851
    }
}