{
    "0.3": {
        "threshold": 0.3,
        "precision": 0.568905961018637,
        "recall": 0.7288888888888889,
        "f1": 0.6350672051361708,
        "mcc": 0.5795410329640839,
        "auc": 0.8777376373378324
    },
    "0.4": {
        "threshold": 0.4,
        "precision": 0.5823193585802282,
        "recall": 0.72,
        "f1": 0.6395768447335567,
        "mcc": 0.584622416005897,
        "auc": 0.8777376373378324
    },
    "0.5": {
        "threshold": 0.5,
        "precision": 0.5970436672940284,
        "recall": 0.7022222222222222,
        "f1": 0.6410357880419837,
        "mcc": 0.5858153778015126,
        "auc": 0.8777376373378324
    }
}