{
    "train_loss": [
        1.0532838574477605,
        0.9061377616155715,
        0.7278522104024887,
        0.6881018862837837,
        0.6204763352870941,
        0.6434766745993069,
        0.615238185439791,
        0.6086239176137107,
        0.5957033882538477,
        0.5828196750510306,
        0.6269561648368835,
        0.5407133641697112,
        0.5121973458500135,
        0.5002303733712151,
        0.48859436100437525,
        0.4572286410700707,
        0.44423292364392963,
        0.4561188919913201,
        0.422480297940118,
        0.40684074340831666,
        0.40480484902149155,
        0.3948523425275371
    ],
    "train_acc": [
        0.8536036036036037,
        0.8280780780780781,
        0.8708708708708709,
        0.8603603603603603,
        0.8408408408408409,
        0.8460960960960962,
        0.8325825825825826,
        0.8671171171171171,
        0.8521021021021021,
        0.8513513513513513,
        0.8581081081081081,
        0.8521021021021021,
        0.8475975975975976,
        0.8498498498498499,
        0.8460960960960962,
        0.8633633633633634,
        0.8633633633633634,
        0.8626126126126126,
        0.8671171171171171,
        0.8806306306306306,
        0.8843843843843844,
        0.8806306306306306
    ],
    "train_f1": [
        0.36065573770491804,
        0.45605700712589076,
        0.5567010309278351,
        0.5485436893203883,
        0.5267857142857143,
        0.5221445221445221,
        0.5120350109409191,
        0.5449871465295629,
        0.5532879818594104,
        0.5619469026548672,
        0.5675057208237986,
        0.5573033707865168,
        0.5615550755939525,
        0.5670995670995671,
        0.564755838641189,
        0.5919282511210763,
        0.6008771929824561,
        0.5978021978021978,
        0.6143790849673203,
        0.6310904872389791,
        0.6467889908256881,
        0.6327944572748267
    ],
    "train_mcc": [
        0.27848578433439064,
        0.39100824185265043,
        0.5077922733979753,
        0.5040077473057345,
        0.48725948930136487,
        0.4757566197089375,
        0.47098458708815394,
        0.4938518180019566,
        0.5189300484048042,
        0.5339177063934554,
        0.5356612318510967,
        0.5254383773030237,
        0.5375327129710817,
        0.5443860739315426,
        0.5448599399189046,
        0.5702084360260666,
        0.5858750551159022,
        0.5814661125749259,
        0.6047262630470005,
        0.6138897753009559,
        0.6359570393802818,
        0.6168958541114242
    ],
    "val_loss": [
        1.029583210294897,
        0.8188222646713257,
        0.810942988504063,
        0.773895724253221,
        0.8383223170583899,
        0.7558526559309526,
        0.8366064429283142,
        0.846110766584223,
        0.8388231992721558,
        0.9298423447392203,
        0.8082390481775458,
        1.1309650459072806,
        0.9526978947899558,
        0.9937204048037529,
        1.0147550078955563,
        1.1880970028313724,
        1.115078477696939,
        1.2765217870473862,
        1.2525505003604023,
        1.287802365693179,
        1.245910262519663,
        1.3651388368823312
    ],
    "val_acc": [
        0.6126126126126126,
        0.8288288288288288,
        0.8258258258258259,
        0.8348348348348348,
        0.8318318318318318,
        0.8078078078078078,
        0.8648648648648649,
        0.8048048048048048,
        0.8408408408408409,
        0.8468468468468469,
        0.7777777777777778,
        0.8078078078078078,
        0.7657657657657657,
        0.8078078078078078,
        0.7987987987987988,
        0.8108108108108109,
        0.7927927927927928,
        0.8018018018018018,
        0.8108108108108109,
        0.8168168168168168,
        0.7957957957957958,
        0.8198198198198198
    ],
    "val_f1": [
        0.31016042780748665,
        0.4672897196261682,
        0.48214285714285715,
        0.4954128440366973,
        0.5,
        0.47540983606557374,
        0.5360824742268041,
        0.4715447154471545,
        0.5225225225225225,
        0.5321100917431193,
        0.44776119402985076,
        0.47540983606557374,
        0.4264705882352941,
        0.47540983606557374,
        0.464,
        0.47058823529411764,
        0.4566929133858268,
        0.45901639344262296,
        0.47058823529411764,
        0.47863247863247865,
        0.4603174603174603,
        0.4827586206896552
    ],
    "val_mcc": [
        0.24624176163159042,
        0.40906398412406514,
        0.4328371025612166,
        0.4466674899753593,
        0.4558802288846195,
        0.43535432216852454,
        0.4851634873726169,
        0.43134409905484866,
        0.48367322176384064,
        0.49341910844519893,
        0.41180395154309374,
        0.43535432216852454,
        0.3837515459996149,
        0.43535432216852454,
        0.42348913595993587,
        0.42537958480004495,
        0.4158444316268057,
        0.4132581494384348,
        0.42537958480004495,
        0.4337607470475514,
        0.4196412506988317,
        0.43804709303823464
    ]
}