{
    "train_loss": [
        1.107921221426555,
        0.8997221731004261,
        0.7749144151097253,
        0.6708579269193468,
        0.642752798185462,
        0.6173179021903447,
        0.5636318971713384,
        0.6120417217413584,
        0.5602329261600971,
        0.48386610192911966,
        0.43577354827097486,
        0.43034941099938895,
        0.38087287287981736,
        0.3877645262650081,
        0.40347922735271,
        0.3167607193546636,
        0.3218400345316955,
        0.311463035022219,
        0.2965318927142237,
        0.28877601426626953,
        0.28915114017824334,
        0.2929306791740514
    ],
    "train_acc": [
        0.8415915915915916,
        0.8333333333333334,
        0.8791291291291291,
        0.8701201201201201,
        0.8603603603603603,
        0.8716216216216216,
        0.8566066066066066,
        0.8663663663663663,
        0.8753753753753754,
        0.8746246246246246,
        0.8843843843843844,
        0.8911411411411412,
        0.8918918918918919,
        0.8933933933933934,
        0.8686186186186187,
        0.9091591591591591,
        0.9031531531531531,
        0.9061561561561562,
        0.9144144144144144,
        0.9091591591591591,
        0.9129129129129129,
        0.9091591591591591
    ],
    "train_f1": [
        0.30363036303630364,
        0.4688995215311005,
        0.5464788732394367,
        0.5552699228791774,
        0.5528846153846154,
        0.583941605839416,
        0.5463182897862233,
        0.5594059405940595,
        0.5970873786407767,
        0.5975903614457831,
        0.6206896551724138,
        0.6454767726161369,
        0.6470588235294118,
        0.6570048309178744,
        0.6085011185682326,
        0.6997518610421837,
        0.6861313868613139,
        0.6973365617433414,
        0.7135678391959799,
        0.7027027027027027,
        0.7114427860696517,
        0.7027027027027027
    ],
    "train_mcc": [
        0.214574365197317,
        0.40648494738231755,
        0.48954357536589843,
        0.5062969174510098,
        0.5105363516413809,
        0.5475193841750301,
        0.5038150244705442,
        0.5151848703498038,
        0.5641204191727867,
        0.5657746541626186,
        0.5911704120039436,
        0.6228499108168509,
        0.6244084104137229,
        0.639152889549682,
        0.5918910193858745,
        0.6871325442396232,
        0.6739346727771262,
        0.6887284754646401,
        0.7018062624556178,
        0.6925732384246348,
        0.7010198248124554,
        0.6925732384246348
    ],
    "val_loss": [
        1.0607059760527178,
        0.8814225901256908,
        0.8211904601617293,
        0.814462808045474,
        1.03243979269808,
        0.8500752665779807,
        0.9869863092899323,
        1.0491618067026138,
        0.9414243074980649,
        1.0499951297586614,
        1.4150640720882537,
        1.4263624874028293,
        1.755456104874611,
        1.4355606788938695,
        2.292872659184716,
        1.9695313735441728,
        2.543852399696003,
        2.8338539519093255,
        1.9676476879553362,
        2.29121825911782,
        2.1520706821571696,
        3.301268993453546
    ],
    "val_acc": [
        0.6726726726726727,
        0.8168168168168168,
        0.8168168168168168,
        0.8288288288288288,
        0.8318318318318318,
        0.8618618618618619,
        0.8708708708708709,
        0.8348348348348348,
        0.8078078078078078,
        0.7867867867867868,
        0.8438438438438438,
        0.8018018018018018,
        0.8348348348348348,
        0.7627627627627628,
        0.8378378378378378,
        0.8018018018018018,
        0.8348348348348348,
        0.8408408408408409,
        0.8018018018018018,
        0.8528528528528528,
        0.7957957957957958,
        0.8498498498498499
    ],
    "val_f1": [
        0.3312883435582822,
        0.45045045045045046,
        0.48739495798319327,
        0.49557522123893805,
        0.5087719298245614,
        0.5490196078431373,
        0.5567010309278351,
        0.4954128440366973,
        0.4666666666666667,
        0.4409448818897638,
        0.5272727272727272,
        0.46774193548387094,
        0.5132743362831859,
        0.4233576642335766,
        0.5178571428571429,
        0.46774193548387094,
        0.5132743362831859,
        0.5225225225225225,
        0.46774193548387094,
        0.5242718446601942,
        0.4603174603174603,
        0.5283018867924528
    ],
    "val_mcc": [
        0.26421596497108374,
        0.391068258217853,
        0.44773618229663825,
        0.45131427298807514,
        0.46965645922827115,
        0.5061773831801678,
        0.5101649484210665,
        0.4466674899753593,
        0.42128088861962554,
        0.39414310021609794,
        0.48850421045919723,
        0.4273895713866069,
        0.4742519489503812,
        0.3803947135769108,
        0.47892335520802237,
        0.4273895713866069,
        0.4742519489503812,
        0.48367322176384064,
        0.4273895713866069,
        0.47659797382889135,
        0.4196412506988317,
        0.4849622518905239
    ]
}