{
    "train_loss": [
        1.0844712810856956,
        0.8019507179657618,
        0.6931023399035136,
        0.6663240109171186,
        0.6018384844064713,
        0.5647414528897831,
        0.5400145248997779,
        0.5125304577606065,
        0.5650949699892884,
        0.5095335798604148,
        0.44872629677965525,
        0.45780901043188005,
        0.4481900305975051,
        0.4322893200885682,
        0.4620485541721185,
        0.40680353964368504,
        0.3735663614102772,
        0.39906078080336255,
        0.3502756707991163,
        0.36089402880697025,
        0.3434477510551612,
        0.3416484114492223,
        0.3265868771289076,
        0.3202568234077522,
        0.32313186169735025,
        0.33304220916969435,
        0.3143475581670091,
        0.3126483705072176,
        0.2926835682065714,
        0.30202334509452894,
        0.30426170641467687,
        0.29401199111626264,
        0.2869159159738393,
        0.2867522374505088,
        0.2814654920782362,
        0.288359221780584,
        0.2850417672168641,
        0.27696900584158446
    ],
    "train_acc": [
        0.8776276276276276,
        0.8453453453453453,
        0.8438438438438438,
        0.8513513513513513,
        0.8618618618618619,
        0.8521021021021021,
        0.8528528528528528,
        0.8438438438438438,
        0.8506006006006006,
        0.8566066066066066,
        0.8746246246246246,
        0.8753753753753754,
        0.8753753753753754,
        0.8851351351351351,
        0.8378378378378378,
        0.8888888888888888,
        0.9039039039039038,
        0.8866366366366366,
        0.9046546546546547,
        0.9069069069069069,
        0.9159159159159159,
        0.9084084084084084,
        0.9144144144144144,
        0.9174174174174174,
        0.9204204204204204,
        0.918918918918919,
        0.9226726726726727,
        0.9204204204204204,
        0.9241741741741741,
        0.924924924924925,
        0.9256756756756757,
        0.9279279279279279,
        0.9286786786786787,
        0.9286786786786787,
        0.9301801801801802,
        0.9286786786786787,
        0.9346846846846847,
        0.9331831831831832
    ],
    "train_f1": [
        0.2488479262672811,
        0.4900990099009901,
        0.5229357798165137,
        0.5330188679245284,
        0.568075117370892,
        0.5491990846681922,
        0.5644444444444444,
        0.5497835497835498,
        0.5487528344671202,
        0.5688487584650113,
        0.6033254156769596,
        0.6157407407407407,
        0.6121495327102804,
        0.6313253012048192,
        0.5662650602409639,
        0.6390243902439025,
        0.678391959798995,
        0.6480186480186481,
        0.6864197530864198,
        0.6945812807881774,
        0.7142857142857143,
        0.698019801980198,
        0.7106598984771574,
        0.7222222222222222,
        0.7282051282051282,
        0.7230769230769231,
        0.7338501291989664,
        0.7253886010362695,
        0.7403598971722365,
        0.7409326424870466,
        0.7428571428571429,
        0.7473684210526316,
        0.7519582245430809,
        0.7506561679790026,
        0.7559055118110236,
        0.7480106100795756,
        0.7692307692307693,
        0.7639257294429708
    ],
    "train_mcc": [
        0.20558931744149242,
        0.430051173143977,
        0.47873393827304156,
        0.4880303721675856,
        0.5326367006382432,
        0.5123978106213919,
        0.5364050523194585,
        0.5217888521272852,
        0.5131426275323959,
        0.5395075386992098,
        0.5750614134923718,
        0.594909676658579,
        0.5887858020312778,
        0.6076772299439288,
        0.5581808121067,
        0.6152710212405404,
        0.6588554538601535,
        0.6343803850401097,
        0.671636769930561,
        0.6821183055594351,
        0.7000352438154184,
        0.6854522647614574,
        0.6964962983593468,
        0.7114602263263516,
        0.7160392491280402,
        0.7098266105152304,
        0.7215436213323696,
        0.7108940650572708,
        0.7303087075339678,
        0.7296522048087819,
        0.7315289976998531,
        0.7347638572617851,
        0.7415989607168663,
        0.739146405398332,
        0.7454508699552175,
        0.7342513596354174,
        0.759640371253199,
        0.7532931183487537
    ],
    "val_loss": [
        0.9336110732772134,
        0.8591233518990603,
        0.879369773648002,
        0.780109004540877,
        0.84470580924641,
        0.8500741882757707,
        0.823282696984031,
        1.0923769636587664,
        0.9154726293953982,
        1.1193623136390338,
        1.2460068681023337,
        1.1317056607116351,
        1.217483401298523,
        1.062825400720943,
        2.0177784724669023,
        1.4997461763295261,
        1.9795794107697227,
        2.0453236997127533,
        2.12018562446941,
        1.9743341993201862,
        1.9133922809904271,
        1.9698765901002018,
        2.00397296927192,
        2.567409160462293,
        2.1253747154365885,
        2.0514761724255304,
        2.9252793219956486,
        2.1753095469691535,
        2.2973650612614374,
        2.773395974527706,
        2.542024768211625,
        2.3377130871469323,
        2.4534374475479126,
        2.938514540141279,
        2.6556555188514968,
        2.4022566100413147,
        2.539979014884342,
        2.820070692084052
    ],
    "val_acc": [
        0.7177177177177178,
        0.7807807807807807,
        0.7717717717717718,
        0.7897897897897898,
        0.7717717717717718,
        0.7987987987987988,
        0.7267267267267268,
        0.8288288288288288,
        0.7987987987987988,
        0.7987987987987988,
        0.7687687687687688,
        0.7897897897897898,
        0.7867867867867868,
        0.7597597597597597,
        0.8438438438438438,
        0.8108108108108109,
        0.8168168168168168,
        0.8348348348348348,
        0.8318318318318318,
        0.8348348348348348,
        0.8378378378378378,
        0.8378378378378378,
        0.8408408408408409,
        0.8408408408408409,
        0.8408408408408409,
        0.8378378378378378,
        0.8498498498498499,
        0.8438438438438438,
        0.8438438438438438,
        0.8378378378378378,
        0.8468468468468469,
        0.8438438438438438,
        0.8498498498498499,
        0.8438438438438438,
        0.8468468468468469,
        0.8438438438438438,
        0.8498498498498499,
        0.8468468468468469
    ],
    "val_f1": [
        0.37333333333333335,
        0.43410852713178294,
        0.4411764705882353,
        0.453125,
        0.4411764705882353,
        0.47244094488188976,
        0.3973509933774834,
        0.5128205128205128,
        0.464,
        0.47244094488188976,
        0.43795620437956206,
        0.46153846153846156,
        0.4580152671755725,
        0.42857142857142855,
        0.5185185185185185,
        0.4793388429752066,
        0.48739495798319327,
        0.5132743362831859,
        0.5087719298245614,
        0.5132743362831859,
        0.5178571428571429,
        0.5178571428571429,
        0.5225225225225225,
        0.5137614678899083,
        0.5225225225225225,
        0.5178571428571429,
        0.5192307692307693,
        0.5185185185185185,
        0.5094339622641509,
        0.5,
        0.5142857142857142,
        0.5094339622641509,
        0.5192307692307693,
        0.5094339622641509,
        0.5142857142857142,
        0.5094339622641509,
        0.5192307692307693,
        0.5142857142857142
    ],