{
    "train_loss": [
        1.1832583573129443,
        0.562093538708157,
        0.4742367915809155,
        0.3849234869082769,
        0.37112117012341816,
        0.32204944872193864,
        0.32756632765134175,
        0.30971217792895106,
        0.23340982579522662,
        0.28374056874050035,
        0.23109495064450636,
        0.1937986198398802,
        0.2241945927341779,
        0.14674561348640255,
        0.11882194323051307,
        0.10846467456883854,
        0.08648816218289236,
        0.09992481415263481
    ],
    "train_acc": [
        0.8930817610062893,
        0.9126484975541579,
        0.9049615653389238,
        0.9266247379454927,
        0.9357092941998603,
        0.9454926624737946,
        0.9357092941998603,
        0.949685534591195,
        0.9545772187281621,
        0.939203354297694,
        0.9580712788259959,
        0.9636617749825297,
        0.9517819706498952,
        0.9664570230607966,
        0.9783368273934312,
        0.9804332634521313,
        0.9832285115303984,
        0.9783368273934312
    ],
    "train_f1": [
        0.16393442622950818,
        0.6867167919799498,
        0.6761904761904762,
        0.7258485639686684,
        0.7591623036649214,
        0.7891891891891892,
        0.7653061224489796,
        0.8021978021978022,
        0.8179271708683473,
        0.7716535433070866,
        0.8324022346368715,
        0.8522727272727273,
        0.8130081300813008,
        0.864406779661017,
        0.9085545722713865,
        0.9161676646706587,
        0.9281437125748503,
        0.9074626865671642
    ],
    "train_mcc": [
        0.19869264666438047,
        0.6599487939086109,
        0.6544982411304562,
        0.7012392629463785,
        0.7400590276648691,
        0.7712789431127334,
        0.7508573760986825,
        0.7845638360974437,
        0.8007586130830399,
        0.7543850423078459,
        0.8177162728768342,
        0.8389064698033478,
        0.7986548123491956,
        0.8534014175805047,
        0.9000305307395027,
        0.9076703952544483,
        0.9212587445219688,
        0.8979760912203664
    ],
    "val_loss": [
        0.9663287897904714,
        0.5938693011800448,
        0.656519907216231,
        0.4070566820446402,
        0.42287289661665756,
        0.46847763657569885,
        0.46282144884268445,
        0.4006717574472229,
        0.4378135231478761,
        0.42195272624182206,
        0.4380259900353849,
        0.5254991799592972,
        0.4584085972358783,
        0.6696279533207417,
        1.0733591957638662,
        0.5888520846880662,
        0.9404927812574897,
        0.6249296090099961
    ],
    "val_acc": [
        0.7927170868347339,
        0.7983193277310925,
        0.9439775910364145,
        0.8879551820728291,
        0.896358543417367,
        0.8599439775910365,
        0.9019607843137255,
        0.9019607843137255,
        0.876750700280112,
        0.9019607843137255,
        0.8991596638655462,
        0.9131652661064426,
        0.9299719887955182,
        0.9411764705882353,
        0.9411764705882353,
        0.927170868347339,
        0.9355742296918768,
        0.907563025210084
    ],
    "val_f1": [
        0.5,
        0.5068493150684932,
        0.75,
        0.6296296296296297,
        0.6476190476190476,
        0.5901639344262295,
        0.6534653465346535,
        0.6601941747572816,
        0.6140350877192983,
        0.6601941747572816,
        0.6538461538461539,
        0.6736842105263158,
        0.7252747252747253,
        0.7407407407407407,
        0.72,
        0.717391304347826,
        0.7160493827160493,
        0.6666666666666666
    ],
    "val_mcc": [
        0.49751673529848683,
        0.5042910482557426,
        0.7196841901510128,
        0.607350783605471,
        0.6250080772470229,
        0.5793873649207649,
        0.6264634503434052,
        0.6373843529684042,
        0.59709123330678,
        0.6373843529684042,
        0.6311327040262159,
        0.6430311051280707,
        0.6988747039202836,
        0.709427951255287,
        0.6872189464585703,
        0.6908167661906712,
        0.6815229514097453,
        0.6396330963354635
    ]
}