{
    "train_loss": [
        1.1695586217774285,
        0.5633823525574472,
        0.4397687269581689,
        0.35877082695563633,
        0.34335283587376275,
        0.27717735808756616,
        0.28648614436388015,
        0.22748867065335313,
        0.18522579308806195,
        0.19643730707466603,
        0.1629215023273395,
        0.14148370309784594,
        0.13340756533046563,
        0.11967723434402917,
        0.20322223123835606,
        0.15603263618217575,
        0.1083093097123007,
        0.12018220899109211,
        0.10314841157135864,
        0.08125149830917103,
        0.07623201190597481,
        0.07863693962248766,
        0.07294038797263055,
        0.07670068242069748,
        0.07199447922305101,
        0.0640972132057262,
        0.07422310551305095,
        0.06862639542345682,
        0.0694760811896736,
        0.07067174428310763,
        0.06832890709491847,
        0.06942290732921619,
        0.06126140741915959,
        0.06648980359055309,
        0.06316508087329567,
        0.060866515396951905,
        0.06144748956560054,
        0.05774693784252223,
        0.058388500350217025,
        0.06278182571145913,
        0.06140865401377798,
        0.05966079406660153,
        0.05764393001768945,
        0.0640581253114053,
        0.057539183552661494,
        0.06045586371199331,
        0.06335750781112842,
        0.060101019683416884,
        0.060597542165002474,
        0.057388342003266896
    ],
    "train_acc": [
        0.8951781970649895,
        0.9140461215932913,
        0.9224318658280922,
        0.9322152341020266,
        0.9287211740041929,
        0.9538784067085954,
        0.9503843466107617,
        0.9489867225716282,
        0.9587700908455625,
        0.9475890985324947,
        0.9678546470999301,
        0.9713487071977638,
        0.976240391334731,
        0.9713487071977638,
        0.9510831586303284,
        0.9678546470999301,
        0.9832285115303984,
        0.9783368273934312,
        0.9797344514325647,
        0.986722571628232,
        0.9881201956673655,
        0.9881201956673655,
        0.986722571628232,
        0.986722571628232,
        0.989517819706499,
        0.9874213836477987,
        0.9874213836477987,
        0.9888190076869322,
        0.9888190076869322,
        0.989517819706499,
        0.9902166317260657,
        0.9874213836477987,
        0.9902166317260657,
        0.9888190076869322,
        0.9909154437456325,
        0.9909154437456325,
        0.9902166317260657,
        0.9909154437456325,
        0.9916142557651991,
        0.9902166317260657,
        0.9902166317260657,
        0.9909154437456325,
        0.9902166317260657,
        0.9923130677847659,
        0.9909154437456325,
        0.9902166317260657,
        0.9909154437456325,
        0.9902166317260657,
        0.9909154437456325,
        0.9909154437456325
    ],
    "train_f1": [
        0.11764705882352941,
        0.6886075949367089,
        0.7175572519083969,
        0.7544303797468355,
        0.7371134020618557,
        0.8166666666666667,
        0.8075880758807588,
        0.8032345013477089,
        0.8365650969529086,
        0.8031496062992126,
        0.8693181818181818,
        0.8831908831908832,
        0.9011627906976745,
        0.881159420289855,
        0.8148148148148148,
        0.8685714285714285,
        0.9281437125748503,
        0.9090909090909091,
        0.9144542772861357,
        0.9422492401215805,
        0.9480122324159022,
        0.9480122324159022,
        0.9422492401215805,
        0.9418960244648318,
        0.9541284403669725,
        0.9451219512195121,
        0.9451219512195121,
        0.950920245398773,
        0.950920245398773,
        0.9538461538461539,
        0.9570552147239264,
        0.9451219512195121,
        0.9567901234567902,
        0.950920245398773,
        0.9597523219814241,
        0.9597523219814241,
        0.9567901234567902,
        0.96,
        0.9627329192546584,
        0.9567901234567902,
        0.9567901234567902,
        0.96,
        0.9567901234567902,
        0.9659442724458205,
        0.9597523219814241,
        0.9567901234567902,
        0.9597523219814241,
        0.9567901234567902,
        0.9597523219814241,
        0.9597523219814241
    ],
    "train_mcc": [
        0.19304174262300028,
        0.6609408485791969,
        0.694641689187879,
        0.7390907647190719,
        0.7161052134358258,
        0.800135880882406,
        0.7923552729522553,
        0.787941387496092,
        0.8234108594371914,
        0.791343052391638,
        0.858471565769458,
        0.8741057233702345,
        0.8927851553734107,
        0.8701886912940089,
        0.8039019615148021,
        0.8570656338441947,
        0.9212587445219688,
        0.9010963940646917,
        0.9067446554644526,
        0.9363669741682596,
        0.9425862486358704,
        0.9425862486358704,
        0.9363669741682596,
        0.9356736886278862,
        0.9494988086438545,
        0.939463678410233,
        0.939463678410233,
        0.9457350625074041,
        0.9457350625074041,
        0.9489105054701616,
        0.9526651742643139,
        0.939463678410233,
        0.9521129709603477,
        0.9457350625074041,
        0.9553428606196532,
        0.9553428606196532,
        0.9521129709603477,
        0.9558583359321824,
        0.9586005845169544,
        0.9521129709603477,
        0.9521129709603477,
        0.9558583359321824,
        0.9521129709603477,
        0.9623266393282642,
        0.9553428606196532,
        0.9521129709603477,
        0.9553428606196532,
        0.9521129709603477,
        0.9553428606196532,
        0.9553428606196532
    ],
    "val_loss": [
        0.9270525475343069,
        0.39849699661135674,
        0.4106957862774531,
        0.3580432601738721,
        0.4096077360833685,
        0.39986690956478316,
        0.5397055277523274,
        0.4764769896864891,
        0.39046992485721904,
        0.8460490492901348,
        0.3581381302792579,
        0.8458433061528012,
        1.2192958273614447,
        0.9904683301040981,
        0.6406710059382021,
        1.1096379303683837,
        0.9115566536202095,
        0.7357972155247504,
        1.3423712670313155,
        1.7476967852562666,
        1.7046226970851421,
        1.7200960458236902,
        1.6809837538129007,
        1.7324212035488433,
        1.7134038533389955,
        1.8391171759678098,
        1.7143533385718304,
        1.8315094008188073,
        1.8537284486616652,
        1.8140882333187622,
        1.8990511060110293,
        1.9375777442473918,
        1.9802259216085076,
        1.961536007767427,
        1.9023189221244745,
        3.690085760783404,
        1.9277004604465542,
        1.9750230298862637,
        2.0193077385891534,
        2.002554505009035,
        1.9918715759025265,
        2.8005025942499437,
        2.180539768053374,
        3.7138204728718542,
        2.0235397187279887,
        2.0304299493291182,
        2.0489159761433258,
        2.062982763066733,
        2.029676720034331,
        2.019460175613252
    ],