{
    "train_loss": [
        1.986147122626955,
        1.2287332148037173,
        1.056633742695505,
        0.918931476094506,
        1.0368300967595794,
        1.335373880341649,
        1.2871652604504065,
        1.072701907293363,
        0.8691501102664254,
        0.8210166177966378,
        0.8847320713102818,
        1.0056056607175956,
        0.8511702784083106,
        0.8079264563592997,
        0.8035407550632954,
        0.6943785033442758,
        0.6716738116334785
    ],
    "train_acc": [
        0.9714489650249821,
        0.9364739471805853,
        0.7744468236973591,
        0.8258386866523911,
        0.7109207708779444,
        0.8743754461099215,
        0.894361170592434,
        0.8679514632405425,
        0.8915060670949322,
        0.9122055674518201,
        0.7915774446823698,
        0.7787294789436117,
        0.8950749464668094,
        0.8593861527480371,
        0.8936473947180585,
        0.894361170592434,
        0.9243397573162027
    ],
    "train_f1": [
        0.0,
        0.13592233009708737,
        0.1366120218579235,
        0.19736842105263158,
        0.12903225806451613,
        0.18518518518518517,
        0.14942528735632185,
        0.21940928270042195,
        0.2692307692307692,
        0.32786885245901637,
        0.18435754189944134,
        0.16666666666666666,
        0.27586206896551724,
        0.25660377358490566,
        0.28708133971291866,
        0.28846153846153844,
        0.345679012345679
    ],
    "train_mcc": [
        0.0,
        0.10757005230979245,
        0.15916749433507713,
        0.2461815426985275,
        0.16656448926720632,
        0.19365202705756782,
        0.13369179140165316,
        0.2512116908416395,
        0.3061223324127801,
        0.36690941106402863,
        0.24475211869664762,
        0.21691259399107052,
        0.31206194159424683,
        0.3218960869202832,
        0.33128188998560304,
        0.3325082920356609,
        0.3726723812515169
    ],
    "val_loss": [
        1.6366035640239716,
        0.9548430767926303,
        1.2238067903301932,
        1.4277396689761768,
        0.996669203042984,
        1.3416684161533008,
        1.2308497591452165,
        1.1879260702566667,
        1.0899951322512194,
        1.5847590565681458,
        0.9293347326191989,
        1.408259546214884,
        0.9889137501066382,
        0.8710956356742166,
        0.9851800013672222,
        1.1598400311036543,
        0.9896790791641582
    ],
    "val_acc": [
        0.9686609686609686,
        0.8404558404558404,
        0.8404558404558404,
        0.9088319088319088,
        0.7834757834757835,
        0.6125356125356125,
        0.9487179487179487,
        0.8803418803418803,
        0.886039886039886,
        0.9145299145299145,
        0.6353276353276354,
        0.8974358974358975,
        0.9173789173789174,
        0.8746438746438746,
        0.9259259259259259,
        0.9145299145299145,
        0.8917378917378918
    ],
    "val_f1": [
        0.0,
        0.2222222222222222,
        0.2,
        0.2,
        0.19148936170212766,
        0.11688311688311688,
        0.1,
        0.19230769230769232,
        0.13043478260869565,
        0.11764705882352941,
        0.14666666666666667,
        0.18181818181818182,
        0.17142857142857143,
        0.18518518518518517,
        0.1875,
        0.11764705882352941,
        0.13636363636363635
    ],
    "val_mcc": [
        0.0,
        0.2627270591857779,
        0.22523983135308884,
        0.18359760106145845,
        0.2462450491615829,
        0.1503722491697503,
        0.07427290864904523,
        0.18913374194992133,
        0.10386353455720858,
        0.08452977248127022,
        0.22213521595737576,
        0.1661668543579557,
        0.1456336401411245,
        0.18215564645888455,
        0.16146165477572094,
        0.08452977248127022,
        0.11013941355138272
    ]
}