{
    "train_loss": [
        1.8255127736113288,
        1.3207985572516918,
        0.9475341147997163,
        0.8429560282013633,
        1.1113290278749033,
        0.8165030716495081,
        0.8485061065717177,
        0.775027493184263,
        0.75008974224329,
        0.7646484043110501,
        0.8096350465308536,
        0.7088043466210365,
        0.8695858371528712,
        0.7412778647108511,
        0.7515135481953621,
        0.7652058540420099,
        0.6839199120348151,
        0.6629790890623223,
        0.6300804188305681,
        0.6658183918757872,
        0.567150667309761,
        0.6162745769728314,
        0.6272863894701004,
        0.5125243643468077,
        0.5585972869938071,
        0.5367816121063449,
        0.5277376005595381,
        0.4962171424518932,
        0.5890154720030047,
        0.48774015226147394,
        0.4879389447583394,
        0.45060060715133493,
        0.46622914922508324,
        0.4030207839201797,
        0.4869787772609429,
        0.4936287731609561,
        0.4672796895558184,
        0.43236874822865834,
        0.4757998609407382
    ],
    "train_acc": [
        0.9714489650249821,
        0.8772305496074233,
        0.755174875089222,
        0.7244825124910778,
        0.7523197715917203,
        0.8058529621698787,
        0.7837259100642399,
        0.780870806566738,
        0.8351177730192719,
        0.7908636688079943,
        0.7558886509635975,
        0.7865810135617416,
        0.7773019271948608,
        0.8072805139186295,
        0.8058529621698787,
        0.8108493932905068,
        0.8536759457530335,
        0.860813704496788,
        0.8708065667380442,
        0.8451106352605282,
        0.8693790149892934,
        0.8736616702355461,
        0.8993576017130621,
        0.9172019985724482,
        0.9179157744468237,
        0.9107780157030693,
        0.9214846538187009,
        0.9164882226980728,
        0.9086366880799429,
        0.9186295503211992,
        0.9450392576730906,
        0.9207708779443254,
        0.92790863668808,
        0.9357601713062098,
        0.9293361884368309,
        0.9214846538187009,
        0.9286224125624554,
        0.9300499643112062,
        0.9329050678087081
    ],
    "train_f1": [
        0.0,
        0.10416666666666667,
        0.1488833746898263,
        0.15350877192982457,
        0.15571776155717762,
        0.17575757575757575,
        0.17438692098092642,
        0.18997361477572558,
        0.20069204152249134,
        0.17464788732394365,
        0.17391304347826086,
        0.18082191780821918,
        0.17894736842105263,
        0.18181818181818182,
        0.2,
        0.1945288753799392,
        0.2379182156133829,
        0.24124513618677043,
        0.24896265560165975,
        0.23859649122807017,
        0.26506024096385544,
        0.2716049382716049,
        0.3054187192118227,
        0.35555555555555557,
        0.37158469945355194,
        0.3386243386243386,
        0.375,
        0.3675675675675676,
        0.3469387755102041,
        0.3522727272727273,
        0.46153846153846156,
        0.37988826815642457,
        0.39520958083832336,
        0.43037974683544306,
        0.40718562874251496,
        0.375,
        0.40476190476190477,
        0.4166666666666667,
        0.41975308641975306
    ],
    "train_mcc": [
        0.0,
        0.0780029658545043,
        0.1920788482168075,
        0.2168972998143896,
        0.207941322616932,
        0.21918810839754066,
        0.22963390469582406,
        0.26340416665682403,
        0.24542265168315588,
        0.2259219164712189,
        0.24533220660909125,
        0.24085888587637364,
        0.24286044462680711,
        0.22976658302170802,
        0.26573651218293043,
        0.2515466477722968,
        0.2951119895994825,
        0.2938343266370446,
        0.2966220653895132,
        0.3046921336448412,
        0.32520662090122865,
        0.3312360893510538,
        0.35216211098768635,
        0.4001840997529941,
        0.4235373466080335,
        0.3857292111962476,
        0.4215138704249875,
        0.4201375639603085,
        0.40256068846973325,
        0.3925608180647587,
        0.4936295654844211,
        0.4305441243394457,
        0.43848613701945965,
        0.4727000048520864,
        0.45341382340840486,
        0.4215138704249875,
        0.451391860162518,
        0.46626696003756357,
        0.4638766445798112
    ],
    "val_loss": [
        3.0510041388598355,
        1.2946090535684065,
        1.3169338269667192,
        2.359079832380468,
        1.5069447430697354,
        1.7465750209309838,
        1.3197468600489877,
        1.4559299729087136,
        1.4459906681017443,
        1.3584037206389687,
        1.586847960948944,
        1.9158561581915075,
        1.2778814055702903,
        1.7511494620279833,
        1.1995306665247136,
        1.3718320510604165,
        1.4128881665793331,
        1.064848314632069,
        1.4302242506634106,
        1.327778390862725,
        1.7438856701959262,
        1.6065589541738683,
        1.8985532359643416,
        2.877855883403258,
        2.12628329612992,
        1.927754207090898,
        1.4479002925482662,
        2.739324006167325,
        1.7091823409904132,
        3.065669395029545,
        2.152910139411688,
        2.361675651236014,
        2.6406190165064554,
        2.922646378928965,
        2.145626570690762,
        2.419658063487573,
        2.5449203334071417,
        2.5823290429332038,
        2.4196222952821036
    ],
    "val_acc": [
        0.9686609686609686,
        0.6153846153846154,
        0.6239316239316239,
        0.8148148148148148,
        0.8404558404558404,
        0.8319088319088319,
        0.811965811965812,
        0.7977207977207977,
        0.7806267806267806,
        0.6894586894586895,
        0.7834757834757835,
        0.8176638176638177,
        0.7492877492877493,
        0.8290598290598291,
        0.7663817663817664,
        0.8433048433048433,
        0.8262108262108262,
        0.8005698005698005,
        0.8005698005698005,
        0.8717948717948718,
        0.8603988603988604,
        0.8831908831908832,
        0.8717948717948718,
        0.8945868945868946,
        0.8888888888888888,
        0.886039886039886,
        0.8831908831908832,
        0.8974358974358975,
        0.8831908831908832,
        0.9031339031339032,
        0.8888888888888888,
        0.8888888888888888,
        0.8945868945868946,
        0.8945868945868946,
        0.8774928774928775,
        0.8803418803418803,
        0.8803418803418803,
        0.8831908831908832,
        0.8831908831908832
    ],
    "val_f1": [
        0.0,
        0.11764705882352941,
        0.13157894736842105,
        0.17721518987341772,
        0.2,
        0.1917808219178082,
        0.175,
        0.16470588235294117,
        0.15384615384615385,
        0.14173228346456693,
        0.15555555555555556,
        0.1794871794871795,
        0.15384615384615385,
        0.1891891891891892,
        0.16326530612244897,
        0.2028985507246377,
        0.18666666666666668,
        0.16666666666666666,
        0.16666666666666666,
        0.23728813559322035,
        0.2222222222222222,
        0.1276595744680851,
        0.1509433962264151,
        0.27450980392156865,
        0.20408163265306123,
        0.09090909090909091,
        0.19607843137254902,
        0.14285714285714285,
        0.1276595744680851,
        0.15,
        0.13333333333333333,
        0.1702127659574468,
        0.17777777777777778,
        0.13953488372093023,
        0.12244897959183673,
        0.125,
        0.125,
        0.1276595744680851,
        0.16326530612244897
    ],