{
    "train_loss": [
        1.8255142623727971,
        1.3191428709436546,
        0.9366370913657275,
        0.8637762266126546,
        0.9650225381959568,
        0.8780751824378967,
        0.8502313670786944,
        0.7751549326560714,
        0.802965672178702,
        0.8207512650300156,
        0.8538332374935801,
        0.7924515435641463,
        0.8860605318437923,
        0.7316875119100917,
        0.7079787288199771,
        0.7227330654859543,
        0.6628802229057659,
        0.6339100734754042,
        0.5831169364127246,
        0.6152308356355537,
        0.554083276540041,
        0.5291347046467391,
        0.6566731032322753,
        0.5735402974215421,
        0.5640190812674436,
        0.5607267293063077,
        0.5349205715412443,
        0.49185767939144914,
        0.5601653656498953,
        0.526245408098806,
        0.5030600611459125
    ],
    "train_acc": [
        0.9714489650249821,
        0.8772305496074233,
        0.7473233404710921,
        0.7209136331192005,
        0.7437544610992148,
        0.7701641684511064,
        0.7594575303354747,
        0.7573162027123483,
        0.8408279800142755,
        0.7694503925767309,
        0.7922912205567452,
        0.7737330478229836,
        0.8179871520342612,
        0.8636688079942898,
        0.8372591006423983,
        0.8622412562455389,
        0.887937187723055,
        0.9022127052105638,
        0.9157744468236974,
        0.8979300499643112,
        0.8957887223411849,
        0.9079229122055674,
        0.913633119200571,
        0.9286224125624554,
        0.9300499643112062,
        0.9179157744468237,
        0.9371877230549608,
        0.9343326195574589,
        0.9250535331905781,
        0.9229122055674518,
        0.9314775160599572
    ],
    "train_f1": [
        0.0,
        0.10416666666666667,
        0.14492753623188406,
        0.15184381778741865,
        0.15529411764705883,
        0.15263157894736842,
        0.1596009975062344,
        0.16666666666666666,
        0.2007168458781362,
        0.15223097112860892,
        0.18487394957983194,
        0.18087855297157623,
        0.2006269592476489,
        0.2450592885375494,
        0.2191780821917808,
        0.2490272373540856,
        0.2831050228310502,
        0.30456852791878175,
        0.3516483516483517,
        0.30917874396135264,
        0.3047619047619048,
        0.3316062176165803,
        0.33879781420765026,
        0.3902439024390244,
        0.3950617283950617,
        0.3575418994413408,
        0.42105263157894735,
        0.41025641025641024,
        0.38596491228070173,
        0.37209302325581395,
        0.4074074074074074
    ],
    "train_mcc": [
        0.0,
        0.0780029658545043,
        0.18720100442293663,
        0.21482028350422464,
        0.2112902738159721,
        0.19287403648757034,
        0.2125836951247385,
        0.22879553057404048,
        0.24128326308424589,
        0.19239669743215312,
        0.24531721540893553,
        0.24913973672161044,
        0.2579356221148017,
        0.2974439972000212,
        0.27679641476275973,
        0.3056803711139949,
        0.33238265506407144,
        0.34670249857428387,
        0.39686048290032705,
        0.3601989443974804,
        0.356317062179721,
        0.37969383245918187,
        0.38106639495002986,
        0.4294401750331278,
        0.43347522347037976,
        0.40187119957833134,
        0.45516675770059667,
        0.4461696256168542,
        0.43073794919096714,
        0.4141823750487015,
        0.4486759340250955
    ],
    "val_loss": [
        3.0510095357894897,
        1.2939935705878518,
        1.1726502938704058,
        1.6890551231124185,
        1.513084587725726,
        1.4799676889722997,
        0.9816479032689874,
        1.158288305455988,
        1.1016981899738312,
        1.2905831038951874,
        1.2578718012029475,
        1.3215701823884791,
        1.115090941840952,
        1.38421231508255,
        0.9827287684787404,
        1.1775040545246818,
        1.3300090513446114,
        0.888022704557939,
        1.0501805272969333,
        1.2831992967562242,
        1.3462152535265142,
        2.334083177826621,
        0.987004588950764,
        1.2240171242843976,
        1.3401896926489743,
        1.4888584424148907,
        1.2892814441160723,
        1.9696492864326998,
        1.2346605062484741,
        1.5632571462880482,
        1.8079886077479883
    ],
    "val_acc": [
        0.9686609686609686,
        0.6153846153846154,
        0.6239316239316239,
        0.7521367521367521,
        0.8490028490028491,
        0.7806267806267806,
        0.7663817663817664,
        0.7777777777777778,
        0.6923076923076923,
        0.7606837606837606,
        0.6495726495726496,
        0.8490028490028491,
        0.8774928774928775,
        0.811965811965812,
        0.8148148148148148,
        0.8717948717948718,
        0.8660968660968661,
        0.8603988603988604,
        0.8490028490028491,
        0.8974358974358975,
        0.8689458689458689,
        0.9259259259259259,
        0.8888888888888888,
        0.8803418803418803,
        0.8746438746438746,
        0.9031339031339032,
        0.8831908831908832,
        0.8945868945868946,
        0.8831908831908832,
        0.886039886039886,
        0.9002849002849003
    ],
    "val_f1": [
        0.0,
        0.12903225806451613,
        0.13157894736842105,
        0.1553398058252427,
        0.18461538461538463,
        0.15384615384615385,
        0.16326530612244897,
        0.1702127659574468,
        0.14285714285714285,
        0.16,
        0.1276595744680851,
        0.208955223880597,
        0.1568627450980392,
        0.175,
        0.17721518987341772,
        0.21052631578947367,
        0.14545454545454545,
        0.14035087719298245,
        0.208955223880597,
        0.14285714285714285,
        0.14814814814814814,
        0.1875,
        0.1702127659574468,
        0.19230769230769232,
        0.12,
        0.10526315789473684,
        0.1276595744680851,
        0.0975609756097561,
        0.1276595744680851,
        0.09090909090909091,
        0.10256410256410256
    ],
    "val_mcc": [
        0.0,
        0.1824122763115866,
        0.18615702559289057,
        0.19025090683333487,
        0.19522745170660338,
        0.1751323008169284,
        0.19971423812486427,
        0.20776240790792502,
        0.18799194963627217,
        0.19585391416212625,
        0.1667982075017423,
        0.234214061862696,
        0.14132892078870152,
        0.19904569328835364,
        0.20144597181513368,
        0.220879467201763,
        0.12943642229652308,
        0.12396860096698949,
        0.234214061862696,
        0.11689296009329257,
        0.13228307866865952,
        0.16146165477572094,
        0.15478119799037898,
        0.18913374194992133,
        0.09249945801257606,
        0.0708051480046276,
        0.10088417369015773,
        0.06198605470636015,
        0.10088417369015773,
        0.05411197274480978,
        0.06774545186597208
    ]
}