{
    "train_loss": [
        1.2954851869832387,
        1.0147205232219263,
        0.8573064018379558,
        0.8952569487419996,
        0.8634508001533422,
        0.8438174020160328,
        0.8093487979336218,
        0.9124208824201063,
        0.9281234483827244,
        2.010877837511626,
        0.7933483713052489,
        0.8649580363522876,
        0.7899177304723046,
        0.8109951053153385,
        0.7575634501197122,
        0.8107685439965941,
        0.7558549236167561,
        0.7174713950265538,
        0.7022520615295931,
        0.7343063520436938
    ],
    "train_acc": [
        0.9707351891506067,
        0.8072805139186295,
        0.8037116345467523,
        0.7523197715917203,
        0.7858672376873662,
        0.7944325481798715,
        0.7922912205567452,
        0.7715917201998572,
        0.7780157030692363,
        0.780870806566738,
        0.7901498929336188,
        0.755174875089222,
        0.7915774446823698,
        0.795146324054247,
        0.8265524625267666,
        0.7844396859386152,
        0.7987152034261242,
        0.7972876516773733,
        0.8294075660242684,
        0.8037116345467523
    ],
    "train_f1": [
        0.0,
        0.1118421052631579,
        0.1791044776119403,
        0.1718377088305489,
        0.1891891891891892,
        0.1676300578034682,
        0.1894150417827298,
        0.16666666666666666,
        0.16621983914209115,
        0.1725067385444744,
        0.19672131147540983,
        0.16136919315403422,
        0.18888888888888888,
        0.17765042979942694,
        0.20846905537459284,
        0.1837837837837838,
        0.18023255813953487,
        0.18857142857142858,
        0.21122112211221122,
        0.19825072886297376
    ],
    "train_mcc": [
        -0.004581808306327946,
        0.10370602833029485,
        0.2268247899842354,
        0.24292668443782184,
        0.2583429682840918,
        0.21019542719738826,
        0.25440973936006955,
        0.2208479818876924,
        0.21640055860674956,
        0.2275161220762667,
        0.2707403965501271,
        0.21858786677226003,
        0.253837892349779,
        0.2292480307781358,
        0.26600813943500357,
        0.24824282879571416,
        0.23208261310072184,
        0.24933786031219884,
        0.26880538807342996,
        0.2638870315388857
    ],
    "val_loss": [
        1.9687241668050939,
        1.0051032656973058,
        1.0021611126986416,
        1.0559339956803755,
        1.015084372325377,
        0.9943843971599232,
        1.2868825982917438,
        1.1900947906754233,
        1.2227841019630432,
        1.0423026355830105,
        0.9683487415313721,
        1.0161662724885074,
        1.0978173423897137,
        0.9612144069238142,
        1.1520582004026934,
        1.121722543781454,
        1.1830831224268132,
        1.7965107627890327,
        1.2339428717439824,
        1.6054382513869891
    ],
    "val_acc": [
        0.9686609686609686,
        0.698005698005698,
        0.6609686609686609,
        0.7777777777777778,
        0.8433048433048433,
        0.6438746438746439,
        0.8005698005698005,
        0.49002849002849,
        0.7806267806267806,
        0.6809116809116809,
        0.6638176638176638,
        0.7977207977207977,
        0.7863247863247863,
        0.698005698005698,
        0.8091168091168092,
        0.8034188034188035,
        0.792022792022792,
        0.8575498575498576,
        0.7863247863247863,
        0.8575498575498576
    ],
    "val_f1": [
        0.0,
        0.14516129032258066,
        0.13138686131386862,
        0.1702127659574468,
        0.2028985507246377,
        0.1258741258741259,
        0.18604651162790697,
        0.10945273631840796,
        0.17204301075268819,
        0.13846153846153847,
        0.1323529411764706,
        0.1839080459770115,
        0.17582417582417584,
        0.13114754098360656,
        0.1927710843373494,
        0.18823529411764706,
        0.1797752808988764,
        0.1935483870967742,
        0.17582417582417584,
        0.16666666666666666
    ],
    "val_mcc": [
        0.0,
        0.19104338447790525,
        0.17218543133921005,
        0.20776240790792502,
        0.22816503447172096,
        0.16416807168108183,
        0.22537292456440886,
        0.16557433581661907,
        0.2098476108250472,
        0.1820616415302998,
        0.17356007249608954,
        0.2230478115310597,
        0.21411228660433604,
        0.15899153979642797,
        0.23258750331126388,
        0.2277370068832749,
        0.21850943063351533,
        0.20424289951092334,
        0.21411228660433604,
        0.16345426698185314
    ]
}