{
    "train_loss": [
        1.210948352109302,
        1.1577016575769945,
        1.118842219764536,
        1.0483346296982332,
        1.01083474538543,
        0.9046551788395102,
        0.8474836715243079,
        0.8401577296582136,
        0.7905807637355544,
        0.7473376772620461,
        0.6983242021365599,
        0.6752669994126667,
        0.6425153247334741,
        0.6535448008640246,
        0.5926409424705938,
        0.5685883326963945,
        0.5897086425261064,
        0.5639052919366143,
        0.5247185182842341,
        0.5134715251624584,
        0.5095115442844954,
        0.50853558358821,
        0.47222346609288995,
        0.46368194032799115,
        0.5149743448604237,
        0.5135077773170038
    ],
    "train_acc": [
        0.8682114409847936,
        0.8674873280231716,
        0.8117306299782766,
        0.8276611151339609,
        0.8001448225923244,
        0.8291093410572049,
        0.8587979724837075,
        0.834902244750181,
        0.8544532947139754,
        0.8493845039826213,
        0.8696596669080376,
        0.8479362780593772,
        0.8530050687907313,
        0.8624185372918175,
        0.8653149891383056,
        0.8703837798696596,
        0.8682114409847936,
        0.8725561187545257,
        0.8747284576393918,
        0.8819695872556119,
        0.8718320057929037,
        0.8826937002172339,
        0.88848660391021,
        0.8848660391020999,
        0.8957277335264301,
        0.88848660391021
    ],
    "train_f1": [
        0.0,
        0.0213903743315508,
        0.2655367231638418,
        0.3567567567567568,
        0.4297520661157025,
        0.48695652173913045,
        0.5323741007194245,
        0.5210084033613446,
        0.5582417582417583,
        0.5684647302904564,
        0.5945945945945946,
        0.5714285714285714,
        0.5948103792415169,
        0.610655737704918,
        0.6204081632653061,
        0.6324435318275154,
        0.6300813008130082,
        0.6348547717842323,
        0.6462167689161554,
        0.6597077244258872,
        0.6424242424242425,
        0.6693877551020408,
        0.673728813559322,
        0.6748466257668712,
        0.6949152542372882,
        0.6857142857142857
    ],
    "train_mcc": [
        -0.010454640926794788,
        0.03959288327527366,
        0.15767951981741596,
        0.25739235311009473,
        0.3333185065900042,
        0.40311815894063624,
        0.4564238108734603,
        0.4467556674931881,
        0.4900918407941399,
        0.5069838711975668,
        0.5329708320842735,
        0.5122889134570946,
        0.5444472391615993,
        0.561273420822255,
        0.5740718265703895,
        0.5884380320300991,
        0.5868213621735048,
        0.5901389204714573,
        0.6063377195077031,
        0.6204110833587438,
        0.6032963675670582,
        0.6358547396836844,
        0.6358980588454695,
        0.6424193860788386,
        0.662205222650248,
        0.6564490440547828
    ],
    "val_loss": [
        1.2029904452237217,
        1.1258589625358582,
        1.0773719603365117,
        1.0209026824344287,
        0.918942700732838,
        0.8635813864794645,
        0.7770045399665833,
        0.7390263134782965,
        0.7576310742985118,
        0.6664868105541576,
        0.7362736653197895,
        0.7267388511787761,
        0.7875124378637834,
        0.810923923145641,
        0.7810997041788968,
        0.7908207801255313,
        0.8447851538658142,
        0.914273898709904,
        0.9265715236013586,
        0.9134339879859578,
        1.0254916711287065,
        1.3367090848359195,
        1.2169363092292438,
        1.4439863115549088,
        1.386281438849189,
        1.5077768943526528
    ],
    "val_acc": [
        0.869942196531792,
        0.8641618497109826,
        0.8526011560693642,
        0.6560693641618497,
        0.8352601156069365,
        0.8526011560693642,
        0.838150289017341,
        0.8554913294797688,
        0.8236994219653179,
        0.8641618497109826,
        0.861271676300578,
        0.8034682080924855,
        0.8323699421965318,
        0.8323699421965318,
        0.8179190751445087,
        0.8236994219653179,
        0.8208092485549133,
        0.8179190751445087,
        0.8294797687861272,
        0.8179190751445087,
        0.8179190751445087,
        0.8439306358381503,
        0.8352601156069365,
        0.8352601156069365,
        0.8208092485549133,
        0.8352601156069365
    ],
    "val_f1": [
        0.0425531914893617,
        0.04081632653061224,
        0.13559322033898305,
        0.4079601990049751,
        0.5511811023622047,
        0.5785123966942148,
        0.5625,
        0.5689655172413793,
        0.5547445255474452,
        0.5765765765765766,
        0.5789473684210527,
        0.5211267605633803,
        0.546875,
        0.532258064516129,
        0.5263157894736842,
        0.5343511450381679,
        0.5373134328358209,
        0.5263157894736842,
        0.5203252032520326,
        0.5401459854014599,
        0.5190839694656488,
        0.5423728813559322,
        0.5511811023622047,
        0.5210084033613446,
        0.5303030303030303,
        0.5365853658536586
    ],
    "val_mcc": [
        0.1374903330507991,
        0.055197080102701614,
        0.10169256692337511,
        0.34908926691171166,
        0.4871315742746477,
        0.5170863478899981,
        0.5024251628560387,
        0.5020706217582883,
        0.5008118656610976,
        0.5090605760715833,
        0.5132608431399792,
        0.4607970541580892,
        0.4824068410748101,
        0.4610070007057869,
        0.45979547029122664,
        0.4686456526178862,
        0.475009144898098,
        0.45979547029122664,
        0.4453833016668022,
        0.48147679474849553,
        0.44887109215376564,
        0.47030613977539076,
        0.4871315742746477,
        0.44429080008004695,
        0.4641894485354029,
        0.46584845736092084
    ]
}