{
    "train_loss": [
        1.2140738611871547,
        1.1893502866679972,
        1.1454876431009986,
        1.0483278374780307,
        0.9834741902622309,
        0.9465219608762048,
        0.8430346575650302,
        0.8183471682396802,
        0.8000372235070575,
        0.7978578250516545,
        0.7404142611406066,
        0.7023911225524816,
        0.7027771112255075,
        0.637674710967324,
        0.5963445224545219,
        0.5970802212303336,
        0.5649028621952642,
        0.496755480596965,
        0.4835005146874623,
        0.4967398155819286,
        0.5043111159042879,
        0.44072116375900805,
        0.46649048003283416,
        0.4231723147359761,
        0.421735423871062,
        0.40567077607424423,
        0.4369434169070287,
        0.41194627129218797,
        0.39348821206526324,
        0.387954254719344
    ],
    "train_acc": [
        0.8682114409847936,
        0.8696596669080376,
        0.8595220854453295,
        0.8377986965966691,
        0.8030412744388125,
        0.8196958725561188,
        0.8196958725561188,
        0.8486603910209993,
        0.8399710354815351,
        0.8508327299058653,
        0.8602461984069515,
        0.8616944243301955,
        0.8602461984069515,
        0.8573497465604635,
        0.8747284576393918,
        0.8501086169442433,
        0.8682114409847936,
        0.8841419261404779,
        0.8855901520637219,
        0.88848660391021,
        0.8863142650253439,
        0.8863142650253439,
        0.9007965242577842,
        0.9051412020275162,
        0.9087617668356264,
        0.9109341057204924,
        0.9058653149891384,
        0.9051412020275162,
        0.9073135409123824,
        0.9181752353367125
    ],
    "train_f1": [
        0.0,
        0.01098901098901099,
        0.17094017094017094,
        0.45098039215686275,
        0.4380165289256198,
        0.47578947368421054,
        0.5069306930693069,
        0.5543710021321961,
        0.5480572597137015,
        0.5708333333333333,
        0.5831533477321814,
        0.59958071278826,
        0.5953878406708596,
        0.5987780040733197,
        0.6311300639658849,
        0.6011560693641619,
        0.6255144032921811,
        0.6707818930041153,
        0.6735537190082644,
        0.6804979253112033,
        0.6776180698151951,
        0.6841046277665996,
        0.7078891257995735,
        0.720682302771855,
        0.7319148936170212,
        0.7331887201735358,
        0.7245762711864406,
        0.721868365180467,
        0.7288135593220338,
        0.7505518763796909
    ],
    "train_mcc": [
        -0.010454640926794788,
        0.06931253653123616,
        0.14579968173271202,
        0.3603926490344501,
        0.3436881320188865,
        0.3903367998176011,
        0.4331100244585049,
        0.48723671945203473,
        0.482629148406667,
        0.5095719183248774,
        0.5218466507657238,
        0.5448679773355125,
        0.539639165139439,
        0.5470253261247005,
        0.5823037542877413,
        0.5574645837995492,
        0.5794607161127238,
        0.6363591611634868,
        0.6392224567420295,
        0.647308016847257,
        0.6452698446576947,
        0.6567969418704939,
        0.6773707891234477,
        0.6932152949293988,
        0.7074646805594978,
        0.7060856008115468,
        0.6990352519769378,
        0.6953408357003378,
        0.7042966847378935,
        0.7248576642735128
    ],
    "val_loss": [
        1.2142591042952104,
        1.158484475179152,
        1.0233195424079895,
        1.0333197821270337,
        0.9106080748818137,
        0.8264705809679899,
        0.7373940402811224,
        0.8115667429837313,
        0.7091952318494971,
        0.7754520963538777,
        0.658013565973802,
        0.6647473898800936,
        0.7949045110832561,
        0.7829617695374922,
        0.6827576973221519,
        0.7203225520524111,
        0.7440901737321507,
        0.8557609590617093,
        0.8612077534198761,
        0.8097643770954825,
        0.9421677535230463,
        0.9960318140008233,
        0.8693691194057465,
        0.9522011930292303,
        0.995915411548181,
        1.0343428389592604,
        1.022860279137438,
        0.968706488609314,
        1.1062568155202,
        1.0084071294827894
    ],
    "val_acc": [
        0.8670520231213873,
        0.869942196531792,
        0.8554913294797688,
        0.615606936416185,
        0.7658959537572254,
        0.8439306358381503,
        0.8208092485549133,
        0.8439306358381503,
        0.8497109826589595,
        0.8728323699421965,
        0.8352601156069365,
        0.869942196531792,
        0.8641618497109826,
        0.8583815028901735,
        0.8410404624277457,
        0.8497109826589595,
        0.8497109826589595,
        0.8554913294797688,
        0.8554913294797688,
        0.8410404624277457,
        0.8410404624277457,
        0.869942196531792,
        0.8554913294797688,
        0.8526011560693642,
        0.861271676300578,
        0.8641618497109826,
        0.8641618497109826,
        0.8583815028901735,
        0.8583815028901735,
        0.8554913294797688
    ],
    "val_f1": [
        0.0,
        0.0425531914893617,
        0.21875,
        0.3813953488372093,
        0.4840764331210191,
        0.5423728813559322,
        0.5373134328358209,
        0.49056603773584906,
        0.5666666666666667,
        0.5319148936170213,
        0.5957446808510638,
        0.6017699115044248,
        0.5688073394495413,
        0.5882352941176471,
        0.6099290780141844,
        0.59375,
        0.5666666666666667,
        0.5614035087719298,
        0.5454545454545454,
        0.5454545454545454,
        0.5217391304347826,
        0.5714285714285714,
        0.576271186440678,
        0.5405405405405406,
        0.5636363636363636,
        0.5688073394495413,
        0.5765765765765766,
        0.5811965811965812,
        0.5504587155963303,
        0.5535714285714286
    ],
    "val_mcc": [
        0.0,
        0.1374903330507991,
        0.17659385998074603,
        0.31559054616015964,
        0.423866511010107,
        0.47030613977539076,
        0.475009144898098,
        0.4052359082640335,
        0.5016102730835902,
        0.45851381614164727,
        0.5601972647579094,
        0.5405560536123093,
        0.4990542762657221,
        0.527746075230805,
        0.5792710940834591,
        0.542461806418496,
        0.5016102730835902,
        0.4918388586132684,
        0.47117831717755343,
        0.4757672078507511,
        0.44370087450710166,
        0.5014900463846169,
        0.5122458110027839,
        0.4654736027182628,
        0.4931024293001238,
        0.4990542762657221,
        0.5090605760715833,
        0.5177041689629667,
        0.4769959242488672,
        0.481543819492029
    ]
}