{
    "train_loss": [
        1.1949506307190114,
        1.2100832286206158,
        1.1747167029164054,
        1.138848600062457,
        1.0521284992044622,
        0.997052093798464,
        0.9028615348718383,
        0.9239947084676136,
        0.8296659168871966,
        0.778168644417416,
        0.7699290663003922,
        0.7245153385129842,
        0.777420134368268,
        0.6752254062078216,
        0.6597956696694548,
        0.6210958429358222,
        0.6073059527711435,
        0.6406532427804037,
        0.6313326473940503,
        0.620315108448267,
        0.5653911727395925,
        0.5319052863527428,
        0.5215210986577652,
        0.5011949130249295,
        0.4821548553353006,
        0.48118233477527445,
        0.46503917940638284,
        0.46368705345825717,
        0.428094618530436,
        0.4286837757311084,
        0.4227678642438894,
        0.4066757801285183
    ],
    "train_acc": [
        0.8682114409847936,
        0.8645908761766835,
        0.8653149891383056,
        0.8486603910209993,
        0.8167994207096307,
        0.8153511947863866,
        0.8182476466328747,
        0.8464880521361332,
        0.8544532947139754,
        0.8537291817523533,
        0.8472121650977552,
        0.8537291817523533,
        0.8645908761766835,
        0.8587979724837075,
        0.8653149891383056,
        0.8682114409847936,
        0.8732802317161478,
        0.8783490224475018,
        0.8551774076755974,
        0.8573497465604635,
        0.8667632150615496,
        0.8776249094858798,
        0.8667632150615496,
        0.8761766835626358,
        0.8848660391020999,
        0.8812454742939899,
        0.8848660391020999,
        0.8921071687183201,
        0.8971759594496741,
        0.8957277335264301,
        0.8979000724112962,
        0.9044170890658942
    ],
    "train_f1": [
        0.010869565217391304,
        0.0,
        0.1388888888888889,
        0.21132075471698114,
        0.3659147869674185,
        0.4631578947368421,
        0.48459958932238195,
        0.5391304347826087,
        0.5562913907284768,
        0.5683760683760684,
        0.5594989561586639,
        0.5910931174089069,
        0.5740318906605922,
        0.5979381443298969,
        0.6204081632653061,
        0.6239669421487604,
        0.6331236897274634,
        0.6379310344827587,
        0.6078431372549019,
        0.6052104208416834,
        0.6305220883534136,
        0.6529774127310062,
        0.640625,
        0.657314629258517,
        0.6652631578947369,
        0.6680161943319838,
        0.6761710794297352,
        0.6876310272536688,
        0.6991525423728814,
        0.7,
        0.6993603411513859,
        0.717948717948718
    ],
    "train_mcc": [
        0.027965904613834622,
        -0.02565505443731933,
        0.1421583661705899,
        0.15253254216650886,
        0.2614580066585828,
        0.374611585048454,
        0.40244300888524126,
        0.4672468115662131,
        0.48746558765354425,
        0.5044196359789658,
        0.4952259807966946,
        0.5380212392802052,
        0.5074883230477956,
        0.5445714500686393,
        0.5740718265703895,
        0.5770047041687363,
        0.5866984749041001,
        0.5895698105333629,
        0.5635203705929412,
        0.5571718703880892,
        0.5890700332044342,
        0.6142706741335516,
        0.6062699609280955,
        0.623428132031412,
        0.626215021354808,
        0.6353989530439632,
        0.6447359501142034,
        0.654673033453055,
        0.6674666554112036,
        0.6710732982343098,
        0.6668077852528137,
        0.6895093153516281
    ],
    "val_loss": [
        1.217252790927887,
        1.189483637159521,
        1.1665725870565935,
        1.0531164353544062,
        0.9408364675261758,
        0.8728032979098234,
        0.8212804252451117,
        0.7983845472335815,
        0.8319043191996488,
        0.7468252073634755,
        0.7096964039585807,
        0.6971836957064542,
        0.7954218008301475,
        0.7035111649469896,
        0.674146980047226,
        0.6835736198858782,
        0.5969561853192069,
        0.6482311297546733,
        0.6554910730231892,
        0.6670777012001384,
        0.6876532381231134,
        0.6507531837983564,
        0.6427874104543165,
        0.7053181799975309,
        0.7461338964375582,
        0.8049780049107291,
        0.7430236177010969,
        0.8272008083083413,
        0.7558058391917836,
        0.9239796183326028,
        0.8643291389400308,
        0.9616716477003965
    ],
    "val_acc": [
        0.869942196531792,
        0.869942196531792,
        0.8670520231213873,
        0.7947976878612717,
        0.7774566473988439,
        0.815028901734104,
        0.8063583815028902,
        0.8179190751445087,
        0.8670520231213873,
        0.7976878612716763,
        0.8063583815028902,
        0.8670520231213873,
        0.8757225433526011,
        0.8005780346820809,
        0.8757225433526011,
        0.861271676300578,
        0.8670520231213873,
        0.846820809248555,
        0.8410404624277457,
        0.8554913294797688,
        0.861271676300578,
        0.8323699421965318,
        0.838150289017341,
        0.8265895953757225,
        0.8323699421965318,
        0.8323699421965318,
        0.8352601156069365,
        0.8323699421965318,
        0.8208092485549133,
        0.8526011560693642,
        0.8352601156069365,
        0.8497109826589595
    ],
    "val_f1": [
        0.0425531914893617,
        0.0425531914893617,
        0.041666666666666664,
        0.3364485981308411,
        0.49673202614379086,
        0.5223880597014925,
        0.5109489051094891,
        0.5263157894736842,
        0.54,
        0.5205479452054794,
        0.5379310344827586,
        0.5740740740740741,
        0.5376344086021505,
        0.543046357615894,
        0.6055045871559633,
        0.5789473684210527,
        0.6101694915254238,
        0.5691056910569106,
        0.5864661654135338,
        0.5454545454545454,
        0.5862068965517241,
        0.5797101449275363,
        0.5757575757575758,
        0.5522388059701493,
        0.5538461538461539,
        0.5538461538461539,
        0.5581395348837209,
        0.546875,
        0.5571428571428572,
        0.5714285714285714,
        0.5511811023622047,
        0.559322033898305
    ],
    "val_mcc": [
        0.1374903330507991,
        0.1374903330507991,
        0.08243278149364631,
        0.220929197225286,
        0.43788323978398863,
        0.4554619084405882,
        0.4428066529232914,
        0.45979547029122664,
        0.46491079664661955,
        0.4639352981627373,
        0.48666700351870973,
        0.5051273134330362,
        0.46589363250976196,
        0.500665307675683,
        0.5431709802994318,
        0.5132608431399792,
        0.5541854822301769,
        0.5067787687491582,
        0.5382805382343763,
        0.47117831717755343,
        0.523260721188438,
        0.5350355991424788,
        0.5232805262371135,
        0.4945563813556077,
        0.4930198854639627,
        0.4930198854639627,
        0.49768750344663065,
        0.4824068410748101,
        0.5071840592822925,
        0.5068822564431155,
        0.4871315742746477,
        0.49127597538908735
    ]
}