{
    "train_loss": [
        1.1947190043601124,
        1.1667817627841777,
        1.1327032704244961,
        0.9955106133764441,
        0.9804843460971658,
        0.9647894555872137,
        0.8224513967606154,
        0.8050632639364763,
        0.7580222480676391,
        0.7570193247361616,
        0.7044290886683897,
        0.6739434803074057,
        0.7121877412904393,
        0.6264569407159631,
        0.5557824318212542,
        0.5484315427866849,
        0.5338385806164958,
        0.5439406863667748,
        0.5475817644460634,
        0.5363664295185696,
        0.5053837570277128,
        0.45995547165247525,
        0.4546152955259789,
        0.43684001626785507,
        0.42866764488545334,
        0.4476568087596785,
        0.43104782192544505,
        0.4118267016654665,
        0.4210164445367726,
        0.4227404367517341,
        0.424598599022085,
        0.40025076134638354,
        0.3985136666716161,
        0.4002103466032581,
        0.39824314559386537
    ],
    "train_acc": [
        0.8674873280231716,
        0.8653149891383056,
        0.8595220854453295,
        0.8428674873280232,
        0.8233164373642288,
        0.8225923244026068,
        0.8428674873280232,
        0.8493845039826213,
        0.8428674873280232,
        0.8522809558291093,
        0.8515568428674873,
        0.8580738595220855,
        0.8660391020999276,
        0.8682114409847936,
        0.8841419261404779,
        0.8740043446777698,
        0.8826937002172339,
        0.8682114409847936,
        0.8790731354091238,
        0.8573497465604635,
        0.8826937002172339,
        0.889210716871832,
        0.8950036205648081,
        0.8913830557566981,
        0.8928312816799421,
        0.8942795076031861,
        0.8950036205648081,
        0.8950036205648081,
        0.8928312816799421,
        0.8971759594496741,
        0.8979000724112962,
        0.9044170890658942,
        0.9015206372194062,
        0.8993482983345402,
        0.9015206372194062
    ],
    "train_f1": [
        0.010810810810810811,
        0.06060606060606061,
        0.21138211382113822,
        0.4244031830238727,
        0.47639484978540775,
        0.4948453608247423,
        0.5392781316348195,
        0.5555555555555556,
        0.5525773195876289,
        0.5641025641025641,
        0.5824847250509165,
        0.5967078189300411,
        0.6121593291404612,
        0.6224066390041494,
        0.6610169491525424,
        0.6463414634146342,
        0.6582278481012658,
        0.631578947368421,
        0.6612576064908722,
        0.6261859582542695,
        0.6652892561983471,
        0.6805845511482255,
        0.6960167714884696,
        0.6875,
        0.6916666666666667,
        0.694560669456067,
        0.6960167714884696,
        0.6985446985446986,
        0.6890756302521008,
        0.6991525423728814,
        0.7044025157232704,
        0.717948717948718,
        0.711864406779661,
        0.7061310782241015,
        0.7130801687763713
    ],
    "train_mcc": [
        0.018994964809552307,
        0.07339944923460325,
        0.17710903739496486,
        0.33393912420012034,
        0.3904711546897123,
        0.41510443556233667,
        0.46881337878573853,
        0.4885548063184519,
        0.4876059636858661,
        0.49913135942546116,
        0.5264546684426998,
        0.5432526147167838,
        0.5605544139237328,
        0.5745473487326028,
        0.6201137605626024,
        0.6073685161797827,
        0.617185734328243,
        0.5892726675769199,
        0.6265292560386649,
        0.5924809939489729,
        0.6288528313131473,
        0.6464913130591707,
        0.665130657845202,
        0.6554441324366229,
        0.6606538543691852,
        0.6636317000032524,
        0.665130657845202,
        0.6695817288497853,
        0.6561658709936312,
        0.6674666554112036,
        0.6755882822373489,
        0.6895093153516281,
        0.6832509536940707,
        0.676449548512329,
        0.6854131407702111
    ],
    "val_loss": [
        1.21066875891252,
        1.161473360928622,
        1.0868922092697837,
        0.959811579097401,
        0.8294972343878313,
        0.8619418848644603,
        0.8313151543790643,
        0.7040623751553622,
        0.7277537638490851,
        0.715164609930732,
        0.7679237479513342,
        0.7130215005441145,
        0.7134775058789686,
        0.7055482038042762,
        0.8221033242615786,
        0.953609973192215,
        0.8113902414386923,
        0.9918816631490533,
        0.8758585940707814,
        0.8977886804125526,
        1.0307503911581906,
        1.108028612353585,
        1.1182251003655521,
        1.1435091414234855,
        1.2235166051171043,
        1.1866570982066067,
        1.1992898177016864,
        1.2914818362756209,
        1.2983054329048505,
        1.322443501515822,
        1.2810348651625894,
        1.311437260020863,
        1.2808009873736987,
        1.3334310298616237,
        1.2994552796537227
    ],
    "val_acc": [
        0.8670520231213873,
        0.8526011560693642,
        0.8439306358381503,
        0.8410404624277457,
        0.8323699421965318,
        0.8554913294797688,
        0.8439306358381503,
        0.8554913294797688,
        0.8757225433526011,
        0.8410404624277457,
        0.8439306358381503,
        0.8410404624277457,
        0.8034682080924855,
        0.8323699421965318,
        0.8294797687861272,
        0.8439306358381503,
        0.8265895953757225,
        0.846820809248555,
        0.8063583815028902,
        0.861271676300578,
        0.8497109826589595,
        0.8410404624277457,
        0.846820809248555,
        0.8410404624277457,
        0.8526011560693642,
        0.8352601156069365,
        0.8439306358381503,
        0.846820809248555,
        0.8410404624277457,
        0.846820809248555,
        0.8410404624277457,
        0.8439306358381503,
        0.846820809248555,
        0.8439306358381503,
        0.846820809248555
    ],
    "val_f1": [
        0.0,
        0.07272727272727272,
        0.25,
        0.46601941747572817,
        0.5538461538461539,
        0.5614035087719298,
        0.5344827586206896,
        0.576271186440678,
        0.5825242718446602,
        0.56,
        0.5423728813559322,
        0.5454545454545454,
        0.5342465753424658,
        0.546875,
        0.5354330708661418,
        0.5344827586206896,
        0.5454545454545454,
        0.5619834710743802,
        0.5503355704697986,
        0.5932203389830508,
        0.5737704918032787,
        0.5528455284552846,
        0.5619834710743802,
        0.56,
        0.5641025641025641,
        0.544,
        0.5573770491803278,
        0.5546218487394958,
        0.5454545454545454,
        0.5691056910569106,
        0.5454545454545454,
        0.5573770491803278,
        0.5691056910569106,
        0.5573770491803278,
        0.5691056910569106
    ],
    "val_mcc": [
        0.0,
        0.04297036548155429,
        0.17899767768776853,
        0.3768559156721625,
        0.4930198854639627,
        0.4918388586132684,
        0.4596904228979888,
        0.5122458110027839,
        0.5145456166463633,
        0.4968007336473455,
        0.47030613977539076,
        0.4757672078507511,
        0.4827141485563156,
        0.4824068410748101,
        0.4670281004317293,
        0.4596904228979888,
        0.4838864744359731,
        0.4964267778703746,
        0.5083684528199345,
        0.5332156466164805,
        0.5118900006009122,
        0.4863136130550395,
        0.4964267778703746,
        0.4968007336473455,
        0.4966256043052606,
        0.4765207603295091,
        0.49132882806690753,
        0.48601843765542596,
        0.4757672078507511,
        0.5067787687491582,
        0.4757672078507511,
        0.49132882806690753,
        0.5067787687491582,
        0.49132882806690753,
        0.5067787687491582
    ]
}