{
    "0.3": {
        "threshold": 0.3,
        "precision": 0.3736337906616497,
        "recall": 0.8408408408408409,
        "f1": 0.5106195663491438,
        "mcc": 0.4781507389794542,
        "auc": 0.9157847292419365
    },
    "0.4": {
        "threshold": 0.4,
        "precision": 0.38900880919743785,
        "recall": 0.8297297297297298,
        "f1": 0.5230463469047862,
        "mcc": 0.4897079960910144,
        "auc": 0.9157847292419365
    },
    "0.5": {
        "threshold": 0.5,
        "precision": 0.4232635082715849,
        "recall": 0.8297297297297298,
        "f1": 0.5543742753127712,
        "mcc": 0.5215356974252124,
        "auc": 0.9157847292419365
    }
}