{
    "0.3": {
        "threshold": 0.3,
        "precision": 0.4075679875679876,
        "recall": 0.7528528528528529,
        "f1": 0.5245659062314502,
        "mcc": 0.4782358883137783,
        "auc": 0.8878057299040784
    },
    "0.4": {
        "threshold": 0.4,
        "precision": 0.4227157872065087,
        "recall": 0.741891891891892,
        "f1": 0.5346225806713611,
        "mcc": 0.4868298482972323,
        "auc": 0.8878057299040784
    },
    "0.5": {
        "threshold": 0.5,
        "precision": 0.45282914013353076,
        "recall": 0.7199699699699699,
        "f1": 0.5523664969679553,
        "mcc": 0.5028534685186552,
        "auc": 0.8878057299040784
    }
}