{
    "0.3": {
        "threshold": 0.3,
        "precision": 0.39832238138859954,
        "recall": 0.8135135135135135,
        "f1": 0.5334536178596834,
        "mcc": 0.4959172121988593,
        "auc": 0.914045143286885
    },
    "0.4": {
        "threshold": 0.4,
        "precision": 0.4145275168557398,
        "recall": 0.8024024024024025,
        "f1": 0.5448221283636043,
        "mcc": 0.5058897375115954,
        "auc": 0.914045143286885
    },
    "0.5": {
        "threshold": 0.5,
        "precision": 0.43457600304094984,
        "recall": 0.7752252252252252,
        "f1": 0.5547790518528548,
        "mcc": 0.5121616300653937,
        "auc": 0.914045143286885
    }
}