{
    "train_loss": [
        0.8435052143202888,
        0.5160612071553866,
        0.4353209510445595,
        0.3949267496665319,
        0.36210854914453294,
        0.34086338273353045,
        0.3159947539369265,
        0.2700562198128965,
        0.3054574578172631,
        0.28049240782856943,
        0.29036677612198725,
        0.2712559127145343,
        0.30760252012146844,
        0.2599449739274051,
        0.28046071719792154,
        0.2240162349409527,
        0.22683041497237152,
        0.31258232212728926,
        0.22036418985161516,
        0.19764214834819238,
        0.1989236739360624,
        0.17284684483375815,
        0.18416226395509308,
        0.17394768421848614,
        0.1631079748686817,
        0.14380965652979083,
        0.1770601211529639,
        0.15730093763106398
    ],
    "train_acc": [
        0.86722571628232,
        0.8930817610062893,
        0.9203354297693921,
        0.9329140461215933,
        0.9308176100628931,
        0.9468902865129281,
        0.9433962264150944,
        0.9419986023759609,
        0.9503843466107617,
        0.9447938504542278,
        0.9419986023759609,
        0.9580712788259959,
        0.9489867225716282,
        0.9559748427672956,
        0.944095038434661,
        0.9643605870020965,
        0.9552760307477288,
        0.9126484975541579,
        0.9524807826694619,
        0.9643605870020965,
        0.9559748427672956,
        0.9692522711390635,
        0.9580712788259959,
        0.9664570230607966,
        0.9699510831586303,
        0.9748427672955975,
        0.9664570230607966,
        0.9692522711390635
    ],
    "train_f1": [
        0.483695652173913,
        0.6530612244897959,
        0.7135678391959799,
        0.7512953367875648,
        0.7455012853470437,
        0.7923497267759563,
        0.784,
        0.7810026385224275,
        0.8044077134986226,
        0.7915567282321899,
        0.7810026385224275,
        0.8314606741573034,
        0.8042895442359249,
        0.8245125348189415,
        0.7905759162303665,
        0.8521739130434782,
        0.827027027027027,
        0.7113163972286374,
        0.8142076502732241,
        0.8547008547008547,
        0.8283378746594006,
        0.875,
        0.8351648351648352,
        0.864406779661017,
        0.8774928774928775,
        0.8947368421052632,
        0.864406779661017,
        0.8742857142857143
    ],
    "train_mcc": [
        0.4158767514045997,
        0.634044844780151,
        0.6915932878318725,
        0.7321539864661295,
        0.7263493124683468,
        0.7737399719943255,
        0.7668278746677556,
        0.7646628235522136,
        0.7868302184053749,
        0.7770270325974478,
        0.7646628235522136,
        0.8160701119411541,
        0.7898361737163385,
        0.80890467309211,
        0.7769504797258457,
        0.8370755374753828,
        0.8152906393060104,
        0.702603637584031,
        0.7990862826916415,
        0.8414269530867012,
        0.8158000949752083,
        0.864993264424828,
        0.8227344018151685,
        0.8534014175805047,
        0.8675699693135279,
        0.8849692264616441,
        0.8534014175805047,
        0.8636155618649535
    ],
    "val_loss": [
        0.658050482471784,
        0.5313921465228001,
        0.44484810282786685,
        0.44834465843935806,
        0.4101281985640526,
        0.4269704930484295,
        0.37507338759799796,
        0.586696914707621,
        0.4658405320951715,
        0.4419597176214059,
        0.3393123423059781,
        0.4336707537683348,
        0.5855238636334738,
        0.47465552513798076,
        0.6519394180116554,
        0.4682209895302852,
        0.370922125565509,
        0.6145390218977506,
        0.5596146987130245,
        0.6876428922405466,
        0.580502195438991,
        1.2023772022997339,
        0.6420798834102849,
        0.6725025683796654,
        0.7669824732777973,
        0.6917328262934461,
        0.6768220336719727,
        0.7647224663523957
    ],
    "val_acc": [
        0.7310924369747899,
        0.9159663865546218,
        0.8571428571428571,
        0.9439775910364145,
        0.9327731092436975,
        0.9215686274509803,
        0.8935574229691877,
        0.9411764705882353,
        0.938375350140056,
        0.876750700280112,
        0.907563025210084,
        0.9243697478991597,
        0.9551820728291317,
        0.9299719887955182,
        0.9551820728291317,
        0.9215686274509803,
        0.8711484593837535,
        0.9299719887955182,
        0.9411764705882353,
        0.9439775910364145,
        0.927170868347339,
        0.9439775910364145,
        0.9243697478991597,
        0.9355742296918768,
        0.9467787114845938,
        0.9355742296918768,
        0.9243697478991597,
        0.9439775910364145
    ],
    "val_f1": [
        0.4418604651162791,
        0.6808510638297872,
        0.5853658536585366,
        0.7560975609756098,
        0.7272727272727273,
        0.7021276595744681,
        0.6415094339622641,
        0.7469879518072289,
        0.7555555555555555,
        0.6071428571428571,
        0.6796116504854369,
        0.7157894736842105,
        0.8,
        0.7252747252747253,
        0.7837837837837838,
        0.7142857142857143,
        0.6166666666666667,
        0.7191011235955056,
        0.7586206896551724,
        0.7619047619047619,
        0.717391304347826,
        0.7619047619047619,
        0.7096774193548387,
        0.7415730337078652,
        0.7654320987654321,
        0.7415730337078652,
        0.7096774193548387,
        0.7560975609756098
    ],
    "val_mcc": [
        0.445242373394872,
        0.6503268931930419,
        0.5747570378277985,
        0.7271284502991704,
        0.698197126322703,
        0.6753017964707868,
        0.6190058015103287,
        0.7172423680351522,
        0.7328928068812274,
        0.5853278570646496,
        0.6609203701394551,
        0.6926232642403457,
        0.7760649792411842,
        0.6988747039202836,
        0.7591492634904283,
        0.6950201267276537,
        0.6104637220844118,
        0.6896840449326639,
        0.7333433399198239,
        0.734766943400487,
        0.6908167661906712,
        0.734766943400487,
        0.6829621530043,
        0.7156398960860437,
        0.7373329511008289,
        0.7156398960860437,
        0.6829621530043,
        0.7271284502991704
    ]
}