{
    "train_loss": [
        1.09305260181427,
        0.4616740690337287,
        0.5010070741176605,
        0.3581740663283401,
        0.35972851150565677,
        0.3417758050892088,
        0.33909538868400785,
        0.3029035572376516,
        0.32313233498069976,
        0.2940321856074863,
        0.2779341335925791,
        0.2582086183130741,
        0.2530576998160945,
        0.2581842811571227,
        0.23853920648495355,
        0.24738820046186447,
        0.21755730360746384,
        0.22232543726762136,
        0.2015207935952478,
        0.19153411587079366,
        0.20538553387547534
    ],
    "train_acc": [
        0.8895877009084556,
        0.8735150244584207,
        0.8867924528301887,
        0.9084556254367575,
        0.9287211740041929,
        0.9294199860237596,
        0.9294199860237596,
        0.93361285814116,
        0.9301187980433263,
        0.9426974143955276,
        0.944095038434661,
        0.9482879105520615,
        0.9510831586303284,
        0.9531795946890287,
        0.9538784067085954,
        0.9524807826694619,
        0.9517819706498952,
        0.9566736547868623,
        0.9636617749825297,
        0.9678546470999301,
        0.9636617749825297
    ],
    "train_f1": [
        0.2818181818181818,
        0.6073752711496746,
        0.6334841628959276,
        0.6843373493975904,
        0.7371134020618557,
        0.7416879795396419,
        0.7376623376623377,
        0.7545219638242894,
        0.7409326424870466,
        0.7807486631016043,
        0.786096256684492,
        0.8010752688172043,
        0.8087431693989071,
        0.8164383561643835,
        0.819672131147541,
        0.8152173913043478,
        0.8119891008174387,
        0.8306010928961749,
        0.8539325842696629,
        0.8693181818181818,
        0.8522727272727273
    ],
    "train_mcc": [
        0.260601156264727,
        0.5844846946791463,
        0.6101721751480987,
        0.6625489739725802,
        0.7161052134358258,
        0.7225367470125931,
        0.7157649032121874,
        0.7363018128731992,
        0.7199439540723057,
        0.7627082853981285,
        0.7689479837505263,
        0.7857559729491047,
        0.7927497050173126,
        0.8013600315766697,
        0.8054228603659705,
        0.8008958686408986,
        0.7968276914143047,
        0.8180960157146285,
        0.8419366441622937,
        0.858471565769458,
        0.8389064698033478
    ],
    "val_loss": [
        0.5610859369238218,
        0.342980017264684,
        0.35542545715967816,
        0.4455160014331341,
        0.33465683724110323,
        0.4311250119159619,
        0.36259066065152484,
        0.3756699475149314,
        0.3706404467423757,
        0.39723466026286286,
        0.41290933017929393,
        0.3929496215035518,
        0.379766163843063,
        0.4130331026390195,
        0.3988928711041808,
        0.411467323700587,
        0.4305367513249318,
        0.46643361387153465,
        0.44764512311667204,
        0.47546683189769584,
        0.4946504378070434
    ],
    "val_acc": [
        0.7927170868347339,
        0.896358543417367,
        0.9243697478991597,
        0.8403361344537815,
        0.8795518207282913,
        0.9411764705882353,
        0.8739495798319328,
        0.9019607843137255,
        0.8991596638655462,
        0.8907563025210085,
        0.8935574229691877,
        0.9299719887955182,
        0.9103641456582633,
        0.8879551820728291,
        0.9159663865546218,
        0.9215686274509803,
        0.8991596638655462,
        0.9131652661064426,
        0.9159663865546218,
        0.9327731092436975,
        0.9355742296918768
    ],
    "val_f1": [
        0.5066666666666667,
        0.6605504587155964,
        0.7032967032967034,
        0.5648854961832062,
        0.6126126126126126,
        0.7469879518072289,
        0.6153846153846154,
        0.6391752577319587,
        0.6326530612244898,
        0.6355140186915887,
        0.6415094339622641,
        0.7126436781609196,
        0.6666666666666666,
        0.6153846153846154,
        0.6808510638297872,
        0.6956521739130435,
        0.64,
        0.6736842105263158,
        0.6808510638297872,
        0.7272727272727273,
        0.735632183908046
    ],
    "val_mcc": [
        0.5104703099143723,
        0.6471989862001759,
        0.6733296778836766,
        0.5608160008360977,
        0.5906819026287979,
        0.7172423680351522,
        0.6036888395081726,
        0.6044960068479591,
        0.5978601912438466,
        0.6131214417167881,
        0.6190058015103287,
        0.6805550402219961,
        0.6359078559795396,
        0.5843384412354871,
        0.6503268931930419,
        0.6654676464938812,
        0.6090003172596002,
        0.6430311051280707,
        0.6503268931930419,
        0.698197126322703,
        0.70694919007091
    ]
}