{
    "train_loss": [
        1.0830743637349871,
        0.5500459267033471,
        0.39583393848604626,
        0.3325352773070335,
        0.3367343261010117,
        0.3424581547578176,
        0.2910321839981609,
        0.2916001362933053,
        0.3053513064980507,
        0.2977923823727502,
        0.25212848451402453,
        0.2527727912697527,
        0.24774089290036094,
        0.28256882660918764,
        0.2453935386406051,
        0.2582313058690892,
        0.21633803620934486,
        0.24179041501548554,
        0.21972150206565857,
        0.23203699762622515,
        0.21444102347724966,
        0.21042661426795853,
        0.2021958847840627,
        0.20967920128670003,
        0.2025545729531182,
        0.1988632769220405,
        0.19415549747645855,
        0.19963073051638072,
        0.20101545622779263,
        0.19745999195923408,
        0.2103802353143692
    ],
    "train_acc": [
        0.8972746331236897,
        0.8665269042627534,
        0.9224318658280922,
        0.9287211740041929,
        0.9273235499650594,
        0.9329140461215933,
        0.9357092941998603,
        0.9385045422781272,
        0.9406009783368274,
        0.9364081062194269,
        0.9461914744933613,
        0.9454926624737946,
        0.9475890985324947,
        0.9378057302585604,
        0.9385045422781272,
        0.9399021663172606,
        0.9531795946890287,
        0.9503843466107617,
        0.9517819706498952,
        0.9545772187281621,
        0.9517819706498952,
        0.9517819706498952,
        0.9552760307477288,
        0.9573724668064291,
        0.9615653389238294,
        0.9622641509433962,
        0.960167714884696,
        0.9594689028651293,
        0.9573724668064291,
        0.9573724668064291,
        0.9622641509433962
    ],
    "train_f1": [
        0.38493723849372385,
        0.5874730021598272,
        0.7189873417721518,
        0.734375,
        0.7360406091370558,
        0.7525773195876289,
        0.7616580310880829,
        0.7659574468085106,
        0.7780678851174935,
        0.7636363636363637,
        0.7935656836461126,
        0.7936507936507936,
        0.7978436657681941,
        0.7700258397932817,
        0.7731958762886598,
        0.7736842105263158,
        0.8184281842818428,
        0.8096514745308311,
        0.8150134048257373,
        0.821917808219178,
        0.8119891008174387,
        0.8130081300813008,
        0.825136612021858,
        0.8328767123287671,
        0.8450704225352113,
        0.8491620111731844,
        0.841225626740947,
        0.8388888888888889,
        0.83008356545961,
        0.8310249307479224,
        0.8491620111731844
    ],
    "train_mcc": [
        0.3544652264191596,
        0.5600559600922874,
        0.6970100406437546,
        0.7115758985780377,
        0.7169013266018827,
        0.7343563499244479,
        0.7443640188599532,
        0.7460720494594371,
        0.7626149080821466,
        0.7463438322803827,
        0.7773332083672961,
        0.7791281633016315,
        0.7816660624692001,
        0.7545847886535487,
        0.7586911985759441,
        0.7564265090923891,
        0.8049543517461358,
        0.7960876563908597,
        0.8023391390653809,
        0.8077091510029976,
        0.7968276914143047,
        0.7986548123491956,
        0.8117594380402996,
        0.8204073898556534,
        0.8314527720517052,
        0.8370355944189887,
        0.8281841965297317,
        0.8257892770734232,
        0.8153311809046506,
        0.8170105631875533,
        0.8370355944189887
    ],
    "val_loss": [
        0.46358806391557056,
        0.39943334087729454,
        0.4123871798316638,
        0.3819696207841237,
        0.38364694888393086,
        0.4866774131854375,
        0.41943522604803246,
        0.3894435251131654,
        0.3871231507509947,
        0.45247620965043706,
        0.38636908707364154,
        0.5159398075193167,
        0.510347260783116,
        0.39943554780135554,
        0.4257549537966649,
        0.46707619447261095,
        0.45753108935120207,
        0.4416816488762076,
        0.5212396970018744,
        0.481721841051088,
        0.4802402804295222,
        0.47641916076342267,
        0.499103852858146,
        0.5654689269140363,
        0.5184775323917469,
        0.5100180444618067,
        0.5179655260095993,
        0.5010874069606265,
        0.5061697022368511,
        0.5051073292270303,
        0.5512258276964227
    ],
    "val_acc": [
        0.8123249299719888,
        0.8543417366946778,
        0.8795518207282913,
        0.8907563025210085,
        0.8907563025210085,
        0.927170868347339,
        0.9243697478991597,
        0.9187675070028011,
        0.907563025210084,
        0.9327731092436975,
        0.9103641456582633,
        0.9047619047619048,
        0.927170868347339,
        0.907563025210084,
        0.907563025210084,
        0.9439775910364145,
        0.927170868347339,
        0.927170868347339,
        0.9411764705882353,
        0.927170868347339,
        0.9243697478991597,
        0.9243697478991597,
        0.9243697478991597,
        0.938375350140056,
        0.938375350140056,
        0.9355742296918768,
        0.9299719887955182,
        0.9299719887955182,
        0.9355742296918768,
        0.9299719887955182,
        0.9327731092436975
    ],
    "val_f1": [
        0.5314685314685315,
        0.5873015873015873,
        0.6194690265486725,
        0.6285714285714286,
        0.6285714285714286,
        0.717391304347826,
        0.7032967032967034,
        0.6881720430107527,
        0.6666666666666666,
        0.7272727272727273,
        0.68,
        0.66,
        0.7111111111111111,
        0.6666666666666666,
        0.6666666666666666,
        0.7674418604651163,
        0.717391304347826,
        0.717391304347826,
        0.7529411764705882,
        0.717391304347826,
        0.7096774193548387,
        0.7096774193548387,
        0.7096774193548387,
        0.7441860465116279,
        0.75,
        0.7415730337078652,
        0.7252747252747253,
        0.7252747252747253,
        0.7415730337078652,
        0.7252747252747253,
        0.7333333333333333
    ],
    "val_mcc": [
        0.534690019476612,
        0.5823612555334593,
        0.6023652451391095,
        0.601746204480427,
        0.601746204480427,
        0.6908167661906712,
        0.6733296778836766,
        0.6578029858778388,
        0.6396330963354635,
        0.698197126322703,
        0.6569520405197848,
        0.6329761788896926,
        0.6813984687476714,
        0.6396330963354635,
        0.6396330963354635,
        0.742577026144716,
        0.6908167661906712,
        0.6908167661906712,
        0.7252203903372629,
        0.6908167661906712,
        0.6829621530043,
        0.6829621530043,
        0.6829621530043,
        0.7159525410253363,
        0.7243685221749925,
        0.7156398960860437,
        0.6988747039202836,
        0.6988747039202836,
        0.7156398960860437,
        0.6988747039202836,
        0.7071456378144494
    ]
}