{
    "train_loss": [
        0.8437040908469094,
        0.46139719949828256,
        0.42167071335845524,
        0.36631311410003237,
        0.38868438866403365,
        0.2937371609111627,
        0.32252928780184853,
        0.28843259182241227,
        0.2762701918681463,
        0.29613342069917253,
        0.2821607335781058,
        0.2851714709152778,
        0.27364223640826013,
        0.2531981399489774,
        0.2656308404273457,
        0.2107599982370933,
        0.24273874974913068,
        0.21268028877675532,
        0.2115123419298066,
        0.1970842610216803,
        0.20251520325740177,
        0.2039970146285163,
        0.17837925702333451,
        0.17249892316758633,
        0.16503416190130843,
        0.1684334637183282,
        0.1856050974999865,
        0.18468686292568842,
        0.18296275018817848,
        0.16596712350017495,
        0.1659853303184112
    ],
    "train_acc": [
        0.89937106918239,
        0.9084556254367575,
        0.9007686932215234,
        0.923130677847659,
        0.93361285814116,
        0.944095038434661,
        0.93361285814116,
        0.9461914744933613,
        0.9503843466107617,
        0.9454926624737946,
        0.9538784067085954,
        0.9461914744933613,
        0.9385045422781272,
        0.9552760307477288,
        0.9538784067085954,
        0.9650593990216632,
        0.9615653389238294,
        0.9720475192173306,
        0.9657582110412299,
        0.9713487071977638,
        0.9720475192173306,
        0.9657582110412299,
        0.973445143256464,
        0.9741439552760307,
        0.9755415793151643,
        0.9727463312368972,
        0.976240391334731,
        0.9741439552760307,
        0.9776380153738644,
        0.976240391334731,
        0.9790356394129979
    ],
    "train_f1": [
        0.48201438848920863,
        0.6858513189448441,
        0.6682242990654206,
        0.7263681592039801,
        0.7557840616966581,
        0.7872340425531915,
        0.7519582245430809,
        0.7946666666666666,
        0.8065395095367848,
        0.7903225806451613,
        0.8166666666666667,
        0.7913279132791328,
        0.772020725388601,
        0.8232044198895028,
        0.8206521739130435,
        0.8587570621468926,
        0.8441926345609065,
        0.8830409356725146,
        0.8619718309859155,
        0.880466472303207,
        0.8830409356725146,
        0.8619718309859155,
        0.8888888888888888,
        0.892128279883382,
        0.8979591836734694,
        0.8862973760932945,
        0.9,
        0.8927536231884058,
        0.9053254437869822,
        0.9005847953216374,
        0.9107142857142857
    ],
    "train_mcc": [
        0.43116994929024766,
        0.6651099132884458,
        0.6477537946430444,
        0.708284280799945,
        0.7384956646234205,
        0.7709376424996935,
        0.7319270855142626,
        0.779283882439342,
        0.7905035568940035,
        0.7732292571824322,
        0.800135880882406,
        0.7734566547614344,
        0.756574051253777,
        0.8082740480155939,
        0.807207657448051,
        0.8469074800167191,
        0.8298963359546339,
        0.8716336716109213,
        0.8508934589051739,
        0.8689240723533599,
        0.8716336716109213,
        0.8508934589051739,
        0.8783014490362827,
        0.8822292673684492,
        0.8888818648759939,
        0.8755766698609045,
        0.8905125094574873,
        0.8834339528214593,
        0.8961421968409707,
        0.8916370038870055,
        0.9018606679940948
    ],
    "val_loss": [
        0.445471353828907,
        0.42836394160985947,
        0.3688119327028592,
        0.4280868073304494,
        0.6094621531665325,
        0.360034691169858,
        0.3919792814801137,
        0.38713783398270607,
        0.4010491018028309,
        0.37497682000199956,
        0.4155412372201681,
        0.5026993006467819,
        0.3736828255156676,
        0.4094940200448036,
        0.4304448130230109,
        0.4874414933146909,
        0.4803950839365522,
        0.43791847268585116,
        0.45837999899716425,
        0.5089484325920542,
        0.47944597341120243,
        0.49374497740063816,
        0.47647793249537546,
        0.5052793547511101,
        0.5219762821992239,
        0.6202332439521948,
        0.5198914910045763,
        0.5443886833575865,
        0.4928575576438258,
        0.5168762400668735,
        0.5029421684642633
    ],
    "val_acc": [
        0.8375350140056023,
        0.8123249299719888,
        0.8879551820728291,
        0.8375350140056023,
        0.9411764705882353,
        0.9439775910364145,
        0.9131652661064426,
        0.9215686274509803,
        0.9467787114845938,
        0.8795518207282913,
        0.927170868347339,
        0.834733893557423,
        0.907563025210084,
        0.8739495798319328,
        0.9439775910364145,
        0.9551820728291317,
        0.9551820728291317,
        0.9243697478991597,
        0.9411764705882353,
        0.9467787114845938,
        0.9551820728291317,
        0.9551820728291317,
        0.9439775910364145,
        0.9467787114845938,
        0.9523809523809523,
        0.9439775910364145,
        0.9551820728291317,
        0.9551820728291317,
        0.9495798319327731,
        0.9551820728291317,
        0.9495798319327731
    ],
    "val_f1": [
        0.5606060606060606,
        0.5314685314685315,
        0.6363636363636364,
        0.5538461538461539,
        0.7529411764705882,
        0.7674418604651163,
        0.6804123711340206,
        0.6956521739130435,
        0.7710843373493976,
        0.6260869565217392,
        0.717391304347826,
        0.549618320610687,
        0.6732673267326733,
        0.6086956521739131,
        0.7619047619047619,
        0.8,
        0.7948717948717948,
        0.7096774193548387,
        0.7529411764705882,
        0.7710843373493976,
        0.8,
        0.8,
        0.7674418604651163,
        0.7710843373493976,
        0.7901234567901234,
        0.7674418604651163,
        0.8,
        0.8,
        0.7804878048780488,
        0.7948717948717948,
        0.7857142857142857
    ],
    "val_mcc": [
        0.5566893566460012,
        0.534690019476612,
        0.6187703568031752,
        0.5442346925299981,
        0.7252203903372629,
        0.742577026144716,
        0.6534036724444966,
        0.6654676464938812,
        0.7446074984603471,
        0.6139920568655729,
        0.6908167661906712,
        0.5401223251463316,
        0.65028868223566,
        0.5919091267526362,
        0.734766943400487,
        0.7760649792411842,
        0.770052182266632,
        0.6829621530043,
        0.7252203903372629,
        0.7446074984603471,
        0.7760649792411842,
        0.7760649792411842,
        0.742577026144716,
        0.7446074984603471,
        0.7652379509463707,
        0.742577026144716,
        0.7760649792411842,
        0.7760649792411842,
        0.7547585574579574,
        0.770052182266632,
        0.7618764720067265
    ]
}