{
    "train_loss": [
        1.3913163006305695,
        1.3212148666381835,
        1.2921518117189408,
        1.3699128851294518,
        1.098629267513752,
        0.9583132103085518,
        0.8674814432859421,
        0.7824916683137417,
        0.7537741988897324,
        0.6316808223724365,
        0.5991495100781321,
        0.4831582222133875,
        0.4816897829994559,
        0.32366750491783025,
        0.2241769771440886,
        0.17077527064830064,
        0.15792529049504084,
        0.12074104126077145,
        0.06886241500033066,
        0.08537061648094095,
        0.061653170437784864,
        0.04914497971039964,
        0.04203246220422443,
        0.04356257725448813,
        0.025460225717324647
    ],
    "train_acc": [
        0.9555908009516257,
        0.9690721649484536,
        0.9682791435368755,
        0.8263283108643933,
        0.8762886597938144,
        0.7842981760507534,
        0.8747026169706582,
        0.8398096748612213,
        0.8826328310864393,
        0.880253766851705,
        0.9151467089611419,
        0.9056304520222046,
        0.8992862807295797,
        0.9444885011895321,
        0.9635210150674068,
        0.9690721649484536,
        0.9666931007137193,
        0.9746233148295004,
        0.9888977002379065,
        0.9881046788263284,
        0.9896907216494846,
        0.992862807295797,
        0.9952418715305313,
        0.9944488501189532,
        0.9960348929421095
    ],
    "train_f1": [
        0.06666666666666667,
        0.0,
        0.0,
        0.0759493670886076,
        0.1875,
        0.18072289156626506,
        0.2616822429906542,
        0.23484848484848486,
        0.2815533980582524,
        0.29767441860465116,
        0.3954802259887006,
        0.36363636363636365,
        0.3681592039800995,
        0.5138888888888888,
        0.6229508196721312,
        0.6608695652173913,
        0.6440677966101694,
        0.7090909090909091,
        0.8478260869565217,
        0.8387096774193549,
        0.8571428571428571,
        0.896551724137931,
        0.9285714285714286,
        0.9176470588235294,
        0.9397590361445783
    ],
    "train_mcc": [
        0.04834218227529838,
        0.0,
        -0.005032820347323118,
        0.036214327246311094,
        0.1861394374861069,
        0.22709829853573185,
        0.29928426652417983,
        0.28762912172914945,
        0.3221041935337963,
        0.351034742563876,
        0.4509288277774611,
        0.41874629235816796,
        0.43792613874037467,
        0.5596036704048841,
        0.6545506923393318,
        0.6861743245261123,
        0.6721192843428988,
        0.7313765085392289,
        0.8528884495327904,
        0.8446046258429276,
        0.8614065686978157,
        0.8980623349449683,
        0.9286610509317867,
        0.9181336899986043,
        0.9395408154556973
    ],
    "val_loss": [
        1.346631610393524,
        1.2984548032283783,
        1.248747593164444,
        1.2203609585762023,
        1.0369263559579849,
        0.9852151334285736,
        0.9386431276798248,
        1.2195255294442178,
        1.161623239517212,
        1.329204249382019,
        1.1787682354450226,
        1.4999257683753968,
        1.0251652374863625,
        2.6047284778207542,
        2.6124250687658788,
        3.3088191699236633,
        3.8664814978837967,
        4.576498760282993,
        6.061676454916596,
        5.34454313069582,
        6.514686014503241,
        5.747484517842532,
        6.381621930003166,
        7.57351897712797,
        7.525394757091999
    ],
    "val_acc": [
        0.9683544303797469,
        0.9683544303797469,
        0.9683544303797469,
        0.6613924050632911,
        0.8259493670886076,
        0.8037974683544303,
        0.8164556962025317,
        0.8955696202531646,
        0.8575949367088608,
        0.8575949367088608,
        0.8354430379746836,
        0.8417721518987342,
        0.879746835443038,
        0.939873417721519,
        0.9177215189873418,
        0.9177215189873418,
        0.9240506329113924,
        0.9240506329113924,
        0.9462025316455697,
        0.9335443037974683,
        0.9430379746835443,
        0.9335443037974683,
        0.939873417721519,
        0.9525316455696202,
        0.9525316455696202
    ],
    "val_f1": [
        0.0,
        0.0,
        0.0,
        0.11570247933884298,
        0.22535211267605634,
        0.225,
        0.23684210526315788,
        0.1951219512195122,
        0.18181818181818182,
        0.26229508196721313,
        0.1875,
        0.16666666666666666,
        0.24,
        0.09523809523809523,
        0.07142857142857142,
        0.07142857142857142,
        0.2,
        0.07692307692307693,
        0.10526315789473684,
        0.08695652173913043,
        0.1,
        0.08695652173913043,
        0.09523809523809523,
        0.11764705882352941,
        0.11764705882352941
    ],
    "val_mcc": [
        0.0,
        0.0,
        0.0,
        0.13206339612899975,
        0.27800517601781777,
        0.2953571537458452,
        0.30736184091030533,
        0.18347816353059476,
        0.1849808743589055,
        0.31379962744690487,
        0.20608740498529296,
        0.16929230640118953,
        0.2573868433264458,
        0.06429248983545953,
        0.03356864494248323,
        0.03356864494248323,
        0.1757438075321173,
        0.040704578920534716,
        0.07772438305052086,
        0.05357463742582634,
        0.07058823529411765,
        0.05357463742582634,
        0.06429248983545953,
        0.09561942640285184,
        0.09561942640285184
    ]
}