{
    "train_loss": [
        1.5544167131185531,
        1.367801010608673,
        1.3574728891253471,
        1.3380074851214885,
        1.2526131741702557,
        1.2724577441811562,
        1.1099254027009011,
        1.0165299389511346,
        1.0896127991378308,
        0.890428364276886,
        0.8237276390194893,
        0.8427561216056347,
        0.7842409469187259,
        0.8165390819311142,
        0.7269506692886353,
        0.7488625414669514,
        0.7003488510847091,
        0.6774848368018865,
        0.7343716956675053,
        0.6107977733016015,
        0.6759582363069058,
        0.6138866402208805,
        0.5391764979809522,
        0.5700822586193681,
        0.5967059332877398,
        0.5281933829188347,
        0.5323792906478048,
        0.47327496111392975,
        0.5141472693532705,
        0.5207110424526036
    ],
    "train_acc": [
        0.9651070578905631,
        0.9500396510705789,
        0.9500396510705789,
        0.9080095162569389,
        0.8945281522601111,
        0.8810467882632831,
        0.8501189532117367,
        0.838223632038065,
        0.8580491673275178,
        0.8596352101506741,
        0.8461538461538461,
        0.8921490880253767,
        0.8421887390959556,
        0.8413957176843775,
        0.8548770816812054,
        0.8540840602696272,
        0.8564631245043616,
        0.8509119746233148,
        0.8778747026169706,
        0.8651863600317209,
        0.8556701030927835,
        0.8842188739095955,
        0.8723235527359239,
        0.8945281522601111,
        0.8826328310864393,
        0.8683584456780333,
        0.9064234734337827,
        0.8921490880253767,
        0.8850118953211736,
        0.8643933386201428
    ],
    "train_f1": [
        0.0,
        0.0,
        0.03076923076923077,
        0.1076923076923077,
        0.08275862068965517,
        0.07407407407407407,
        0.14479638009049775,
        0.16393442622950818,
        0.19004524886877827,
        0.21333333333333335,
        0.23015873015873015,
        0.2608695652173913,
        0.23166023166023167,
        0.23076923076923078,
        0.24066390041493776,
        0.25806451612903225,
        0.24267782426778242,
        0.25984251968503935,
        0.25961538461538464,
        0.27350427350427353,
        0.2540983606557377,
        0.2980769230769231,
        0.28444444444444444,
        0.3248730964467005,
        0.28846153846153844,
        0.3025210084033613,
        0.34444444444444444,
        0.3333333333333333,
        0.3127962085308057,
        0.28451882845188287
    ],
    "train_mcc": [
        -0.011271634120062168,
        -0.02488384408993935,
        0.006314062755170116,
        0.07409482086209433,
        0.044929899583509805,
        0.03390247173255464,
        0.13518453459900195,
        0.16958304710105693,
        0.20035799312834188,
        0.23571542754160324,
        0.27400882006795874,
        0.2802269896422056,
        0.27997629286009573,
        0.27910377578231665,
        0.2841542226496622,
        0.3145722722983967,
        0.2860778083489346,
        0.32096023040464317,
        0.2927619884304021,
        0.32900894479446857,
        0.3061453952194175,
        0.3465459143352297,
        0.339057332497696,
        0.3751585897401646,
        0.3330999328590228,
        0.37500341037297374,
        0.3872125167054055,
        0.3925105139406369,
        0.3694380068679513,
        0.3487744812134774
    ],
    "val_loss": [
        1.3750891149044038,
        1.3431085884571075,
        1.3240787714719773,
        1.311757391691208,
        1.1960326433181763,
        1.1176206290721893,
        1.0019342362880708,
        0.9169392436742783,
        0.8743721395730972,
        0.8190775632858276,
        0.78322331905365,
        0.7674649327993393,
        0.7254931837320328,
        0.7155280232429504,
        0.6823811039328576,
        0.6622148022055626,
        0.6811123728752136,
        0.683459934592247,
        0.6456827506422996,
        0.6931139796972274,
        1.0809014946222306,
        0.878517659008503,
        1.6159431781619786,
        1.6882989980280398,
        1.7425892375409604,
        2.190740968286991,
        2.6182589516043664,
        2.756274935603142,
        1.8655385315418243,
        3.0399885296821596
    ],
    "val_acc": [
        0.9683544303797469,
        0.9335443037974683,
        0.9651898734177216,
        0.9683544303797469,
        0.9493670886075949,
        0.9240506329113924,
        0.879746835443038,
        0.8670886075949367,
        0.870253164556962,
        0.8006329113924051,
        0.8829113924050633,
        0.7974683544303798,
        0.870253164556962,
        0.8354430379746836,
        0.8607594936708861,
        0.8354430379746836,
        0.8132911392405063,
        0.8322784810126582,
        0.8291139240506329,
        0.8449367088607594,
        0.810126582278481,
        0.8481012658227848,
        0.9113924050632911,
        0.8955696202531646,
        0.8481012658227848,
        0.870253164556962,
        0.8670886075949367,
        0.8575949367088608,
        0.7816455696202531,
        0.8734177215189873
    ],
    "val_f1": [
        0.0,
        0.0,
        0.0,
        0.0,
        0.0,
        0.25,
        0.17391304347826086,
        0.2222222222222222,
        0.2545454545454545,
        0.20253164556962025,
        0.24489795918367346,
        0.2,
        0.2545454545454545,
        0.23529411764705882,
        0.26666666666666666,
        0.23529411764705882,
        0.21333333333333335,
        0.2318840579710145,
        0.22857142857142856,
        0.2222222222222222,
        0.21052631578947367,
        0.2,
        0.2631578947368421,
        0.1951219512195122,
        0.2,
        0.22641509433962265,
        0.2222222222222222,
        0.21052631578947367,
        0.14814814814814814,
        0.23076923076923078
    ],
    "val_mcc": [
        0.0,
        -0.03433094117427451,
        -0.010185538855869014,
        0.0,
        -0.025149772741392844,
        0.2346684905296229,
        0.16277115724754349,
        0.24059681366335306,
        0.28843920408884205,
        0.25451405586867015,
        0.2619341178913781,
        0.2518250359362897,
        0.28843920408884205,
        0.28787529070683976,
        0.3178933309089003,
        0.28787529070683976,
        0.26579165148183287,
        0.2845119367303529,
        0.2812229168756253,
        0.2575428332984316,
        0.26289007271998643,
        0.21882598123709313,
        0.2617022035931191,
        0.18347816353059476,
        0.21882598123709313,
        0.2446007057363938,
        0.24059681366335306,
        0.22926287978512389,
        0.1625592770783421,
        0.24872859555931892
    ]
}