{
    "train_loss": [
        3.151142857968807,
        1.5220131486654283,
        1.3564393758773803,
        1.3102879419922828,
        1.2114092111587524,
        1.1792655386030675,
        1.0299748457968234,
        0.851679003238678,
        1.4858548492193222,
        0.7739218723028898,
        0.4334086200222373,
        0.33323189364746214,
        0.4526227187365294,
        0.4315473094116896,
        0.19150085444562137,
        0.0957259442191571,
        0.0982150630268734,
        0.08507703775831033,
        0.06826381981518352,
        0.08250696896575391,
        0.06286443666867854,
        0.05977650758941309,
        0.06025827078919974,
        0.03429445500805741,
        0.037966547039104626
    ],
    "train_acc": [
        0.9682791435368755,
        0.887390959555908,
        0.9095955590800952,
        0.9270420301348137,
        0.7692307692307693,
        0.8723235527359239,
        0.7954004758128469,
        0.8501189532117367,
        0.8366375892149088,
        0.8826328310864393,
        0.91593973037272,
        0.9230769230769231,
        0.9040444091990484,
        0.9080095162569389,
        0.9674861221252974,
        0.9817605075337034,
        0.9777954004758128,
        0.9841395717684377,
        0.985725614591594,
        0.9825535289452815,
        0.9888977002379065,
        0.9944488501189532,
        0.9936558287073751,
        0.9936558287073751,
        0.9960348929421095
    ],
    "train_f1": [
        0.0,
        0.0273972602739726,
        0.03389830508474576,
        0.0,
        0.09345794392523364,
        0.11049723756906077,
        0.16774193548387098,
        0.19574468085106383,
        0.23134328358208955,
        0.27450980392156865,
        0.4044943820224719,
        0.41916167664670656,
        0.37948717948717947,
        0.3763440860215054,
        0.6554621848739496,
        0.7722772277227723,
        0.7358490566037735,
        0.7959183673469388,
        0.8125,
        0.78,
        0.8478260869565217,
        0.9176470588235294,
        0.9069767441860465,
        0.9069767441860465,
        0.9397590361445783
    ],
    "train_mcc": [
        -0.005032820347323118,
        -0.021522086549358103,
        -0.008379567766524978,
        -0.03741977468976647,
        0.06902029932788319,
        0.08126716881766315,
        0.19647860493127442,
        0.21414610010744792,
        0.2841880688843596,
        0.3110117201077969,
        0.4636782635284742,
        0.4708323140596129,
        0.4476367936706146,
        0.43469502922378167,
        0.6863990217222607,
        0.7856162307674776,
        0.754156472329891,
        0.8063487714052602,
        0.8210555029093848,
        0.7923597496048503,
        0.8528884495327904,
        0.9181336899986043,
        0.9079399273766752,
        0.9079399273766752,
        0.9395408154556973
    ],
    "val_loss": [
        1.3278069019317627,
        1.3033004581928254,
        1.312531578540802,
        1.2931276917457581,
        1.2751639306545257,
        1.192110639810562,
        1.567493772506714,
        2.493081325292587,
        1.6145730078220368,
        1.4807306289672852,
        5.201094864122569,
        4.926543790102005,
        2.386419928073883,
        4.130218617618084,
        5.378833939135075,
        9.51390865985304,
        10.165817513875663,
        8.802804461121559,
        11.619120226800442,
        11.206791672855616,
        12.205679869651794,
        12.059640895469055,
        11.846256888471544,
        13.038618352264166,
        12.835688574425877
    ],
    "val_acc": [
        0.9683544303797469,
        0.6708860759493671,
        0.9462025316455697,
        0.9556962025316456,
        0.9462025316455697,
        0.6582278481012658,
        0.6170886075949367,
        0.8734177215189873,
        0.9050632911392406,
        0.7151898734177216,
        0.9620253164556962,
        0.9050632911392406,
        0.310126582278481,
        0.8765822784810127,
        0.8892405063291139,
        0.9525316455696202,
        0.9493670886075949,
        0.9113924050632911,
        0.9525316455696202,
        0.9335443037974683,
        0.9556962025316456,
        0.9493670886075949,
        0.930379746835443,
        0.9525316455696202,
        0.9525316455696202
    ],
    "val_f1": [
        0.0,
        0.10344827586206896,
        0.0,
        0.0,
        0.10526315789473684,
        0.12903225806451613,
        0.11678832116788321,
        0.13043478260869565,
        0.11764705882352941,
        0.1346153846153846,
        0.0,
        0.0,
        0.06837606837606838,
        0.04878048780487805,
        0.0,
        0.0,
        0.0,
        0.0,
        0.0,
        0.0,
        0.0,
        0.0,
        0.0,
        0.0,
        0.0
    ],
    "val_mcc": [
        0.0,
        0.10129382807265029,
        -0.0272087798707302,
        -0.02046878128287811,
        0.07772438305052086,
        0.16534864583038628,
        0.14678685491717922,
        0.10587327484685351,
        0.08465026211169246,
        0.159179077707408,
        -0.014427446102218851,
        -0.04699032286955008,
        0.03626718533590011,
        0.0011539507140288978,
        -0.05298620270556881,
        -0.02292155592621586,
        -0.025149772741392844,
        -0.0444290888944631,
        -0.02292155592621586,
        -0.03433094117427451,
        -0.02046878128287811,
        -0.025149772741392844,
        -0.035916426326717966,
        -0.02292155592621586,
        -0.02292155592621586
    ]
}