{
    "train_loss": [
        1.20287151669347,
        1.1971218793891196,
        1.158906369708305,
        1.029345691204071,
        0.9202450700970584,
        0.783757995034373,
        0.7089998160683831,
        0.6338644384644753,
        0.5404631762310516,
        0.49647803396679635,
        0.4713259429432625,
        0.3665086169575536,
        0.3258777213997619,
        0.2541290694024674,
        0.2151903362381597,
        0.173206751906248,
        0.2040887042381909,
        0.1662467298379471,
        0.11040921775667473,
        0.12683708651727715,
        0.10007516158268202,
        0.0814084424962138,
        0.07656728692601847,
        0.06747199356187741,
        0.06405868929226038,
        0.061549605498480243,
        0.07707213789094673,
        0.06222902456038566,
        0.04976462553320236,
        0.044053705430827865,
        0.04609065830469305,
        0.04424368546257705,
        0.04456483043167134,
        0.048690697340684576,
        0.04245659590124824,
        0.04023768214054059
    ],
    "train_acc": [
        0.8655834564254062,
        0.8663220088626292,
        0.8685376661742984,
        0.8604135893648449,
        0.8389955686853766,
        0.8508124076809453,
        0.8611521418020679,
        0.895864106351551,
        0.8995568685376661,
        0.9113737075332349,
        0.9106351550960118,
        0.9350073855243722,
        0.9423929098966026,
        0.9556868537666174,
        0.9615952732644018,
        0.9667651403249631,
        0.9608567208271788,
        0.9711964549483013,
        0.9793205317577548,
        0.9785819793205317,
        0.98301329394387,
        0.9844903988183161,
        0.9867060561299852,
        0.9896602658788775,
        0.9881831610044313,
        0.9896602658788775,
        0.9859675036927622,
        0.9903988183161004,
        0.9933530280649926,
        0.9940915805022157,
        0.9926144756277696,
        0.9933530280649926,
        0.9926144756277696,
        0.9933530280649926,
        0.9933530280649926,
        0.9940915805022157
    ],
    "train_f1": [
        0.0,
        0.021621621621621623,
        0.06315789473684211,
        0.42900302114803623,
        0.5341880341880342,
        0.5511111111111111,
        0.5965665236051502,
        0.656934306569343,
        0.6894977168949772,
        0.7169811320754716,
        0.7166276346604216,
        0.7821782178217822,
        0.8078817733990148,
        0.8492462311557789,
        0.8693467336683417,
        0.8860759493670886,
        0.8651399491094147,
        0.9002557544757033,
        0.9267015706806283,
        0.9246753246753247,
        0.9396325459317585,
        0.9442970822281167,
        0.9521276595744681,
        0.9623655913978495,
        0.956989247311828,
        0.9625668449197861,
        0.9490616621983914,
        0.9651474530831099,
        0.975609756097561,
        0.9782608695652174,
        0.972972972972973,
        0.975609756097561,
        0.972972972972973,
        0.975609756097561,
        0.9754768392370572,
        0.9782608695652174
    ],
    "train_mcc": [
        -0.01067926548338422,
        0.05859445166355688,
        0.12811750279900008,
        0.35229072276843004,
        0.4600421957897358,
        0.4788753208151538,
        0.5371775866346203,
        0.6025266803501984,
        0.6455438015443956,
        0.6759228930124097,
        0.6760688981615142,
        0.7500671299076414,
        0.7808102989656861,
        0.8281768848822766,
        0.851840454769337,
        0.8709457454653509,
        0.8460137879230828,
        0.886863919379735,
        0.9164046133478378,
        0.9144609662709796,
        0.9313455614265448,
        0.9363048897959177,
        0.9453050188441257,
        0.9568420630998149,
        0.950607244391775,
        0.9572390260336971,
        0.941483479249576,
        0.9601471879389837,
        0.9719979939072352,
        0.9750166807416922,
        0.9690019956910099,
        0.9719979939072352,
        0.9690019956910099,
        0.9719979939072352,
        0.9717538323998319,
        0.9750166807416922
    ],
    "val_loss": [
        1.1729134158654646,
        1.1695475740866228,
        1.0439262227578596,
        0.9267275875264948,
        0.9429775964130055,
        0.8402710015123541,
        0.8795739195563577,
        0.9218966364860535,
        0.8441148860888048,
        1.062222876332023,
        0.9577147906476801,
        0.8425845977934924,
        1.1739605394276706,
        1.342979909344153,
        1.145735507661646,
        1.8085296885533766,
        1.4638828879052943,
        1.5029185639525002,
        1.7971906580708243,
        1.869531473652883,
        2.0383372123945844,
        2.22906293110414,
        2.0939010788093912,
        2.188484264368361,
        2.0618116056377236,
        2.319073263894428,
        1.8692322170192546,
        2.326780691742897,
        2.3876558010551063,
        2.346115355464545,
        2.5874872532757847,
        2.4034607934511523,
        2.623500184579329,
        2.6258102587678214,
        2.396838967095722,
        2.730767160654068
    ],
    "val_acc": [
        0.8672566371681416,
        0.8702064896755162,
        0.8525073746312685,
        0.799410029498525,
        0.8466076696165191,
        0.7846607669616519,
        0.7345132743362832,
        0.8790560471976401,
        0.8849557522123894,
        0.8702064896755162,
        0.7610619469026548,
        0.8525073746312685,
        0.887905604719764,
        0.8495575221238938,
        0.8643067846607669,
        0.8849557522123894,
        0.887905604719764,
        0.8967551622418879,
        0.887905604719764,
        0.8849557522123894,
        0.9085545722713865,
        0.8908554572271387,
        0.8967551622418879,
        0.887905604719764,
        0.9026548672566371,
        0.9026548672566371,
        0.8495575221238938,
        0.9026548672566371,
        0.9026548672566371,
        0.8997050147492626,
        0.9026548672566371,
        0.9026548672566371,
        0.8967551622418879,
        0.8997050147492626,
        0.8938053097345132,
        0.911504424778761
    ],
    "val_f1": [
        0.0,
        0.043478260869565216,
        0.1935483870967742,
        0.48484848484848486,
        0.46938775510204084,
        0.48226950354609927,
        0.47674418604651164,
        0.5773195876288659,
        0.5894736842105263,
        0.5319148936170213,
        0.49056603773584906,
        0.5454545454545454,
        0.5957446808510638,
        0.5486725663716814,
        0.5660377358490566,
        0.5806451612903226,
        0.6122448979591837,
        0.6236559139784946,
        0.6041666666666666,
        0.5979381443298969,
        0.651685393258427,
        0.6105263157894737,
        0.6153846153846154,
        0.5869565217391305,
        0.6373626373626373,
        0.6373626373626373,
        0.5405405405405406,
        0.6292134831460674,
        0.6206896551724138,
        0.6222222222222222,
        0.6292134831460674,
        0.6292134831460674,
        0.6153846153846154,
        0.6222222222222222,
        0.6086956521739131,
        0.6428571428571429
    ],