{
    "accuracy": 0.8841465201465202,
    "precision": 0.17164912583390843,
    "recall": 0.7290909090909091,
    "f1": 0.27618626689991543,
    "auc": 0.8956260134552355,
    "mcc": 0.315649918530879
}