{
    "0.3": {
        "threshold": 0.3,
        "precision": 0.14977779678670805,
        "recall": 0.6854545454545455,
        "f1": 0.23653153360431528,
        "mcc": 0.2698571088948388,
        "auc": 0.8575614973262032
    },
    "0.4": {
        "threshold": 0.4,
        "precision": 0.17196940780638137,
        "recall": 0.6854545454545455,
        "f1": 0.26305126603634066,
        "mcc": 0.29532459591538995,
        "auc": 0.8575614973262032
    },
    "0.5": {
        "threshold": 0.5,
        "precision": 0.19183935865383103,
        "recall": 0.6672727272727272,
        "f1": 0.2846176606174147,
        "mcc": 0.31230966800681076,
        "auc": 0.8575614973262032
    }
}