{
    "0.3": {
        "threshold": 0.3,
        "precision": 0.17518771599626928,
        "recall": 0.7236363636363636,
        "f1": 0.2799757633549874,
        "mcc": 0.31844566172123256,
        "auc": 0.890297395204416
    },
    "0.4": {
        "threshold": 0.4,
        "precision": 0.19159789295372817,
        "recall": 0.6836363636363638,
        "f1": 0.2940873015873016,
        "mcc": 0.32382465179599695,
        "auc": 0.890297395204416
    },
    "0.5": {
        "threshold": 0.5,
        "precision": 0.21285641702476865,
        "recall": 0.6254545454545455,
        "f1": 0.3097251937431655,
        "mcc": 0.3269754447247786,
        "auc": 0.890297395204416
    }
}