{
    "0.3": {
        "threshold": 0.3,
        "precision": 0.13308886423137095,
        "recall": 0.7472727272727273,
        "f1": 0.22466652537746695,
        "mcc": 0.27187436142466237,
        "auc": 0.8726496463688115
    },
    "0.4": {
        "threshold": 0.4,
        "precision": 0.14685897435897438,
        "recall": 0.7072727272727273,
        "f1": 0.24237625882590877,
        "mcc": 0.28181224886107625,
        "auc": 0.8726496463688115
    },
    "0.5": {
        "threshold": 0.5,
        "precision": 0.16490620782726045,
        "recall": 0.6872727272727273,
        "f1": 0.2653206799961364,
        "mcc": 0.29926174039239345,
        "auc": 0.8726496463688115
    }
}