{
    "accuracy": 0.863013698630137,
    "precision": 0.11475409836065574,
    "recall": 0.5384615384615384,
    "f1": 0.1891891891891892,
    "auc": 0.8112217194570136,
    "mcc": 0.20164975651012432
}