{
    "train_loss": [
        0.43391209285944066,
        0.29075955662955627,
        0.2755466620338724,
        0.2505788948941738,
        0.2303742194112311,
        0.22652372606891266,
        0.22102326471754846,
        0.2128938373891597,
        0.2089353990047536,
        0.197906595833124,
        0.19438204514060883,
        0.18831714884714879,
        0.1767483006449456,
        0.1645565794661958,
        0.16926140092471811,
        0.1511138013385712,
        0.13670889161368635,
        0.11087859945094332,
        0.09529323685676494,
        0.08441767984248222,
        0.08094458230473894,
        0.06339507048672184,
        0.057758942325698566,
        0.043794727220417974,
        0.04917554081259097,
        0.034281996380973685,
        0.02211573582756868,
        0.029738926748556896,
        0.019456705165484502,
        0.017572730249586575,
        0.01105773602946701,
        0.017220307319725993,
        0.009629085448668388,
        0.016737373767450374,
        0.011120993824427368,
        0.007532804573492421,
        0.0088029240849287,
        0.007784575102785776,
        0.011136808774453845,
        0.007533289857398833,
        0.00885717049668335,
        0.006571164407510066,
        0.010625309444781414,
        0.00827090824772158,
        0.006410519269612702,
        0.008488632310102131,
        0.004768180563200501,
        0.005291463065290411,
        0.007202947456596334,
        0.004253031231510636,
        0.0058600583382785575,
        0.0036300268133964758,
        0.004000097170222595,
        0.006197295749827506,
        0.008341412964039185,
        0.004849008954980936,
        0.003919613011775971
    ],
    "train_acc": [
        0.807743658210948,
        0.8985313751668892,
        0.9018691588785047,
        0.9098798397863819,
        0.9118825100133512,
        0.9118825100133512,
        0.9118825100133512,
        0.9158878504672897,
        0.9172229639519359,
        0.9138851802403204,
        0.9165554072096128,
        0.9172229639519359,
        0.9098798397863819,
        0.9218958611481975,
        0.9212283044058746,
        0.9312416555407209,
        0.9279038718291055,
        0.9506008010680908,
        0.9646194926568759,
        0.9679572763684913,
        0.9699599465954606,
        0.9773030707610146,
        0.9819759679572764,
        0.985981308411215,
        0.9893190921228304,
        0.9879839786381842,
        0.9933244325767691,
        0.9906542056074766,
        0.9966622162883845,
        0.9933244325767691,
        0.9966622162883845,
        0.9946595460614153,
        0.9973297730307076,
        0.9953271028037384,
        0.9959946595460614,
        0.9979973297730307,
        0.9979973297730307,
        0.9986648865153538,
        0.9959946595460614,
        0.9973297730307076,
        0.9973297730307076,
        0.9979973297730307,
        0.9973297730307076,
        0.9973297730307076,
        0.9979973297730307,
        0.9979973297730307,
        0.9986648865153538,
        0.9986648865153538,
        0.9986648865153538,
        0.9993324432576769,
        0.9986648865153538,
        0.9993324432576769,
        0.9986648865153538,
        0.9986648865153538,
        0.9966622162883845,
        0.9993324432576769,
        0.9986648865153538
    ],
    "train_f1": [
        0.19553072625698323,
        0.23232323232323232,
        0.3524229074889868,
        0.49056603773584906,
        0.5111111111111111,
        0.5074626865671642,
        0.5037593984962406,
        0.5,
        0.5474452554744526,
        0.5342960288808665,
        0.5283018867924528,
        0.5230769230769231,
        0.5296167247386759,
        0.5776173285198556,
        0.593103448275862,
        0.6484641638225256,
        0.6493506493506493,
        0.7701863354037267,
        0.8338557993730408,
        0.8588235294117647,
        0.8703170028818443,
        0.896969696969697,
        0.9212827988338192,
        0.9369369369369369,
        0.9523809523809523,
        0.9454545454545454,
        0.9698795180722891,
        0.9580838323353293,
        0.9848942598187311,
        0.9696969696969697,
        0.9848942598187311,
        0.9757575757575757,
        0.9878787878787879,
        0.9788519637462235,
        0.9818181818181818,
        0.9909365558912386,
        0.9908814589665653,
        0.9939393939393939,
        0.9817073170731707,
        0.9878787878787879,
        0.9878787878787879,
        0.9908814589665653,
        0.9878787878787879,
        0.9878048780487805,
        0.9908814589665653,
        0.9909365558912386,
        0.9939393939393939,
        0.9939393939393939,
        0.9939024390243902,
        0.9969604863221885,
        0.9939393939393939,
        0.9969604863221885,
        0.9939024390243902,
        0.9939024390243902,
        0.9847094801223242,
        0.9969604863221885,
        0.9939393939393939
    ],
    "train_mcc": [
        0.08762393898152268,
        0.27673065839865785,
        0.3525985552364109,
        0.45992273728921557,
        0.47853636833528984,
        0.47619949022888886,
        0.47387195344150085,
        0.48520389449942264,
        0.5160203516782007,
        0.49892107400118507,
        0.5025534986472363,
        0.5018738402075323,
        0.486995103154326,
        0.547494542514212,
        0.5561866654068006,
        0.6163697824592986,
        0.6109615413900716,
        0.7426850630074824,
        0.8144811917808852,
        0.841443530293368,
        0.8550268491117856,
        0.8842375436652633,
        0.9122401992823156,
        0.9291856721449098,
        0.9467101826798383,
        0.9387249085525756,
        0.9662150737162555,
        0.9530213253139128,
        0.9830692912573387,
        0.9659685909962319,
        0.9830692912573387,
        0.9727795116071459,
        0.986401352828974,
        0.9762762428210767,
        0.97959043221806,
        0.9898623396936007,
        0.9897623808655153,
        0.993212273439888,
        0.9794584415109518,
        0.986401352828974,
        0.986401352828974,
        0.9897623808655153,
        0.986401352828974,
        0.9863056276739679,
        0.9897623808655153,
        0.9898623396936007,
        0.993212273439888,
        0.993212273439888,
        0.993152813836984,
        0.9965913465081572,
        0.993212273439888,
        0.9965913465081572,
        0.993152813836984,
        0.993152813836984,
        0.9828419298640082,
        0.9965913465081572,
        0.993212273439888
    ],