{
    "accuracy": 0.9258448864777978,
    "precision": 0.24550841315547198,
    "recall": 0.5288888888888889,
    "f1": 0.32075611784271796,
    "auc": 0.8175911520649546,
    "mcc": 0.3206112464252076
}