{
    "0.3": {
        "threshold": 0.3,
        "precision": 0.18637143950576787,
        "recall": 0.5888888888888888,
        "f1": 0.2580752259013129,
        "mcc": 0.26825883858902166,
        "auc": 0.7837232282105313
    },
    "0.4": {
        "threshold": 0.4,
        "precision": 0.19267234811809192,
        "recall": 0.5888888888888888,
        "f1": 0.26528864002292135,
        "mcc": 0.27531169236962716,
        "auc": 0.7837232282105313
    },
    "0.5": {
        "threshold": 0.5,
        "precision": 0.20478835386338184,
        "recall": 0.5888888888888888,
        "f1": 0.2772289878992673,
        "mcc": 0.28696916755978596,
        "auc": 0.7837232282105313
    }
}