{
    "0.3": {
        "threshold": 0.3,
        "precision": 0.15214432336168407,
        "recall": 0.6755555555555556,
        "f1": 0.2454962289943458,
        "mcc": 0.2759551044344022,
        "auc": 0.8669389859161637
    },
    "0.4": {
        "threshold": 0.4,
        "precision": 0.16344830544830544,
        "recall": 0.6755555555555556,
        "f1": 0.2598711702555915,
        "mcc": 0.289348057041528,
        "auc": 0.8669389859161637
    },
    "0.5": {
        "threshold": 0.5,
        "precision": 0.172484176126591,
        "recall": 0.6755555555555556,
        "f1": 0.27186645976119655,
        "mcc": 0.300544621484359,
        "auc": 0.8669389859161637
    }
}