{
    "0.3": {
        "threshold": 0.3,
        "precision": 0.22402190402190403,
        "recall": 0.5288888888888889,
        "f1": 0.30162077294685996,
        "mcc": 0.30300419472386025,
        "auc": 0.8175911520649546
    },
    "0.4": {
        "threshold": 0.4,
        "precision": 0.2405478579391623,
        "recall": 0.5288888888888889,
        "f1": 0.3158655276467338,
        "mcc": 0.31621583096274264,
        "auc": 0.8175911520649546
    },
    "0.5": {
        "threshold": 0.5,
        "precision": 0.24550841315547198,
        "recall": 0.5288888888888889,
        "f1": 0.32075611784271796,
        "mcc": 0.3206112464252076,
        "auc": 0.8175911520649546
    }
}