{
    "train_loss": [
        0.8037914515149837,
        0.47569133888702003,
        0.40044145924704416,
        0.6351808923847821,
        0.5560649949677137,
        0.41540398403089873,
        0.400369296268541,
        0.4003411802102108,
        0.3649759783732648,
        0.33799156911519107,
        0.3380407012086742,
        0.33537462384116895,
        0.33592982468556387,
        0.3169464689432358,
        0.31620449952933255,
        0.30573620449523536,
        0.2939506033245398
    ],
    "train_acc": [
        0.8857142857142857,
        0.8980519480519481,
        0.9194805194805195,
        0.9032467532467533,
        0.8818181818181818,
        0.9266233766233766,
        0.9272727272727272,
        0.9246753246753247,
        0.9253246753246753,
        0.9318181818181818,
        0.9383116883116883,
        0.9415584415584416,
        0.9311688311688312,
        0.9331168831168831,
        0.9396103896103896,
        0.9383116883116883,
        0.948051948051948
    ],
    "train_f1": [
        0.5268817204301075,
        0.6762886597938145,
        0.7207207207207207,
        0.6863157894736842,
        0.6513409961685823,
        0.7414187643020596,
        0.7307692307692307,
        0.7327188940092166,
        0.7344110854503464,
        0.7586206896551724,
        0.7710843373493976,
        0.784688995215311,
        0.7579908675799086,
        0.7610208816705336,
        0.7759036144578313,
        0.7754137115839244,
        0.8048780487804879
    ],
    "train_mcc": [
        0.46276299826405654,
        0.6545554091571281,
        0.6954345930582186,
        0.6635326184709732,
        0.6364950654686098,
        0.7180469143472193,
        0.7002036345834497,
        0.7068829982264542,
        0.7086149714070623,
        0.7378704808481431,
        0.7471100205642447,
        0.7637847586771646,
        0.7380329692246077,
        0.7395365269715102,
        0.7527424036950834,
        0.7542484650662683,
        0.7853110386718859
    ],
    "val_loss": [
        0.3852748079941823,
        0.4259690447495534,
        0.41038505274515885,
        0.38429818474329436,
        0.4722329630301549,
        0.7515311940358236,
        0.44173396779940677,
        0.4658105063896913,
        0.4655546070291446,
        0.5262177380231711,
        0.47438812255859375,
        0.5086777645807999,
        0.5657830490515783,
        0.591040761424945,
        0.5263145902695564,
        0.6677334251312109,
        0.5692206850418677
    ],
    "val_acc": [
        0.883419689119171,
        0.9455958549222798,
        0.9430051813471503,
        0.9300518134715026,
        0.8963730569948186,
        0.9248704663212435,
        0.917098445595855,
        0.8989637305699482,
        0.9300518134715026,
        0.9404145077720207,
        0.9067357512953368,
        0.9222797927461139,
        0.9300518134715026,
        0.9326424870466321,
        0.9196891191709845,
        0.9326424870466321,
        0.9222797927461139
    ],
    "val_f1": [
        0.6456692913385826,
        0.7789473684210526,
        0.7708333333333334,
        0.7428571428571429,
        0.6721311475409836,
        0.6329113924050633,
        0.7090909090909091,
        0.6722689075630253,
        0.7326732673267327,
        0.7526881720430108,
        0.6785714285714286,
        0.7169811320754716,
        0.6966292134831461,
        0.7045454545454546,
        0.6990291262135923,
        0.717391304347826,
        0.7
    ],
    "val_mcc": [
        0.6205094549430729,
        0.7493759241053797,
        0.7403201452722179,
        0.7130824129477169,
        0.6469125221110523,
        0.5991861863826695,
        0.6778480564210204,
        0.6433799755743499,
        0.6984683720634906,
        0.7193387341221882,
        0.6434600037954954,
        0.683589683028325,
        0.6571563731355594,
        0.6667752888714465,
        0.6605499756882328,
        0.67938344048141,
        0.6602274083904517
    ]
}