{
    "train_loss": [
        0.7692024689547869,
        0.585741753176767,
        0.48965869996012473,
        0.422435143620384,
        0.39717993687610237,
        0.394201003623252,
        0.3780147069875075,
        0.3839742596052131,
        0.3615266190347623,
        0.3289824461146277,
        0.3214188947019224,
        0.32990280569207914,
        0.29778760610794536,
        0.3290623645393216,
        0.3213926998480242,
        0.29769723482277927,
        0.2895942464166758,
        0.2890976022700874,
        0.2849156735654996,
        0.2867715930452152,
        0.288306110595562
    ],
    "train_acc": [
        0.8675324675324675,
        0.8590909090909091,
        0.9051948051948052,
        0.9227272727272727,
        0.924025974025974,
        0.9168831168831169,
        0.9337662337662338,
        0.9246753246753247,
        0.9279220779220779,
        0.9357142857142857,
        0.9383116883116883,
        0.9422077922077922,
        0.9461038961038961,
        0.938961038961039,
        0.935064935064935,
        0.9448051948051948,
        0.948051948051948,
        0.9474025974025974,
        0.9487012987012987,
        0.9525974025974026,
        0.9506493506493506
    ],
    "train_f1": [
        0.5405405405405406,
        0.591337099811676,
        0.6826086956521739,
        0.72,
        0.728538283062645,
        0.7104072398190046,
        0.7582938388625592,
        0.7339449541284404,
        0.7448275862068966,
        0.762589928057554,
        0.7754137115839244,
        0.7865707434052758,
        0.794044665012407,
        0.7783018867924528,
        0.7674418604651163,
        0.7941888619854721,
        0.803921568627451,
        0.8048192771084337,
        0.8077858880778589,
        0.8215158924205379,
        0.812807881773399
    ],
    "train_mcc": [
        0.48031680750734634,
        0.5628211291300438,
        0.6543374452974745,
        0.6895802632817225,
        0.7011351447075972,
        0.6825642497237125,
        0.7338687966387472,
        0.7088899455943555,
        0.7215153678554528,
        0.7376591494035969,
        0.7542484650662683,
        0.7657250425274614,
        0.771114769381956,
        0.7579214791256091,
        0.7468348167156529,
        0.7736001137072647,
        0.7837094629142695,
        0.7865367024801153,
        0.7889509279948662,
        0.8044299249623806,
        0.7935613343437596
    ],
    "val_loss": [
        0.4361021060210008,
        0.40001989098695606,
        0.3803423069990598,
        0.4043370748941715,
        0.48547676778756654,
        0.3994652835222391,
        0.6634794760208863,
        0.5239738922279614,
        0.5143433852264514,
        0.45866240561008453,
        0.5310650794551923,
        0.5561643196986272,
        0.5711792340645423,
        0.471258208155632,
        0.5290410048686541,
        0.557373950114617,
        0.519571221791781,
        0.5931699602649763,
        1.430714620420566,
        0.7103696431104953,
        0.6518502691044257
    ],
    "val_acc": [
        0.844559585492228,
        0.9093264248704663,
        0.9352331606217616,
        0.9404145077720207,
        0.9404145077720207,
        0.9352331606217616,
        0.9145077720207254,
        0.9404145077720207,
        0.9326424870466321,
        0.9300518134715026,
        0.927461139896373,
        0.927461139896373,
        0.927461139896373,
        0.9326424870466321,
        0.9352331606217616,
        0.9300518134715026,
        0.927461139896373,
        0.9352331606217616,
        0.9326424870466321,
        0.9300518134715026,
        0.9300518134715026
    ],
    "val_f1": [
        0.5945945945945946,
        0.7008547008547008,
        0.7368421052631579,
        0.7472527472527473,
        0.7472527472527473,
        0.7474747474747475,
        0.7027027027027027,
        0.7415730337078652,
        0.7045454545454546,
        0.7326732673267327,
        0.6744186046511628,
        0.6888888888888889,
        0.7021276595744681,
        0.7291666666666666,
        0.7311827956989247,
        0.7096774193548387,
        0.7021276595744681,
        0.7252747252747253,
        0.717391304347826,
        0.7032967032967034,
        0.7032967032967034
    ],
    "val_mcc": [
        0.5838973633162321,
        0.6757300129103196,
        0.7012942906770757,
        0.7135388753087542,
        0.7135388753087542,
        0.7145658792498712,
        0.671243840120467,
        0.7079599701774832,
        0.6667752888714465,
        0.6984683720634906,
        0.6345710242731811,
        0.6478331704138156,
        0.661691639501276,
        0.6926412304352986,
        0.69487487937583,
        0.670411024629472,
        0.661691639501276,
        0.6886224644286041,
        0.67938344048141,
        0.663706053548454,
        0.663706053548454
    ]
}