{
    "train_loss": [
        0.803793595761669,
        0.4756931112128861,
        0.4003618131486737,
        0.6322340174597136,
        0.5567080980660964,
        0.414972438191881,
        0.3984943579654304,
        0.40129255123284396,
        0.36621458281059655,
        0.3369618268037329,
        0.3393728560482969,
        0.3364818094640362,
        0.3354506618818458,
        0.3155696743300983,
        0.31886552198200807,
        0.30743792272952136,
        0.29616078346663594
    ],
    "train_acc": [
        0.8857142857142857,
        0.8980519480519481,
        0.9194805194805195,
        0.9032467532467533,
        0.8811688311688312,
        0.9246753246753247,
        0.9279220779220779,
        0.9253246753246753,
        0.9246753246753247,
        0.9298701298701298,
        0.9337662337662338,
        0.9415584415584416,
        0.9331168831168831,
        0.935064935064935,
        0.9409090909090909,
        0.9383116883116883,
        0.9454545454545454
    ],
    "train_f1": [
        0.5268817204301075,
        0.6762886597938145,
        0.7207207207207207,
        0.6863157894736842,
        0.6500956022944551,
        0.7363636363636363,
        0.7363420427553444,
        0.7344110854503464,
        0.7314814814814815,
        0.7534246575342466,
        0.7559808612440191,
        0.784688995215311,
        0.7632183908045977,
        0.7674418604651163,
        0.7796610169491526,
        0.7743467933491687,
        0.7961165048543689
    ],
    "train_mcc": [
        0.46276299826405654,
        0.6545554091571281,
        0.6954345930582186,
        0.6635326184709732,
        0.6352800485729625,
        0.7129125027854946,
        0.7078503372918259,
        0.7086149714070623,
        0.7048789898572854,
        0.7326063339462461,
        0.7301626991059483,
        0.7637847586771646,
        0.7433221851790399,
        0.7468348167156529,
        0.7566445349962965,
        0.752454843181159,
        0.7755979667283776
    ],
    "val_loss": [
        0.3852752149105072,
        0.4261277438356326,
        0.41077892023783463,
        0.38371402139847094,
        0.47304503046549284,
        0.7513158115056845,
        0.44350652396678925,
        0.4678462531704169,
        0.46615423835240877,
        0.5278198111515778,
        0.4746017444592256,
        0.509834946348117,
        0.5681752585447751,
        0.6034204982794248,
        0.5323757795760264,
        0.6892441109969065,
        0.5676130067843658
    ],
    "val_acc": [
        0.883419689119171,
        0.9455958549222798,
        0.9430051813471503,
        0.9300518134715026,
        0.8989637305699482,
        0.9248704663212435,
        0.9196891191709845,
        0.8989637305699482,
        0.9352331606217616,
        0.9378238341968912,
        0.9067357512953368,
        0.9196891191709845,
        0.9352331606217616,
        0.9326424870466321,
        0.927461139896373,
        0.927461139896373,
        0.9222797927461139
    ],
    "val_f1": [
        0.6456692913385826,
        0.7789473684210526,
        0.7708333333333334,
        0.7428571428571429,
        0.6829268292682927,
        0.6329113924050633,
        0.7155963302752294,
        0.6722689075630253,
        0.7474747474747475,
        0.7391304347826086,
        0.6785714285714286,
        0.7102803738317757,
        0.7126436781609196,
        0.7045454545454546,
        0.7142857142857143,
        0.6888888888888889,
        0.6938775510204082
    ],
    "val_mcc": [
        0.6205094549430729,
        0.7493759241053797,
        0.7403201452722179,
        0.7130824129477169,
        0.661555070468173,
        0.5991861863826695,
        0.6845921709324425,
        0.6433799755743499,
        0.7145658792498712,
        0.7040696880598553,
        0.6434600037954954,
        0.6765369554993517,
        0.6767072758235588,
        0.6667752888714465,
        0.6760152944569745,
        0.6478331704138156,
        0.6525598424425573
    ]
}