{
    "train_loss": [
        0.7675740206424071,
        0.46314501762390137,
        0.4795750747529828,
        0.4315409824556234,
        0.417357014910299,
        0.40029664672150905,
        0.37361845222054696,
        0.389706231805743,
        0.38946797759557256,
        0.3962784303086145,
        0.32241921583000493,
        0.3271954894369962,
        0.29219458590508723,
        0.31330850636776614,
        0.3042984953796377,
        0.29509992734053914,
        0.29195281657941485
    ],
    "train_acc": [
        0.9,
        0.912987012987013,
        0.8909090909090909,
        0.9084415584415585,
        0.9097402597402597,
        0.9201298701298701,
        0.9298701298701298,
        0.9233766233766234,
        0.9298701298701298,
        0.9097402597402597,
        0.9383116883116883,
        0.9435064935064935,
        0.9454545454545454,
        0.9376623376623376,
        0.9396103896103896,
        0.9396103896103896,
        0.9454545454545454
    ],
    "train_f1": [
        0.615,
        0.6954545454545454,
        0.6585365853658537,
        0.7006369426751592,
        0.6971677559912854,
        0.7223476297968398,
        0.7511520737327189,
        0.730593607305936,
        0.7511520737327189,
        0.7048832271762208,
        0.7754137115839244,
        0.7893462469733656,
        0.7931034482758621,
        0.7703349282296651,
        0.7759036144578313,
        0.7822014051522248,
        0.7990430622009569
    ],
    "train_mcc": [
        0.5633310553652704,
        0.6642207569600731,
        0.6349328355917221,
        0.6797002033215093,
        0.6716332305680917,
        0.6970861070237683,
        0.7287236835270995,
        0.705473157554438,
        0.7287236835270995,
        0.6848804861709076,
        0.7542484650662683,
        0.7679482541369419,
        0.7706723214365335,
        0.7469737288915564,
        0.7527424036950834,
        0.7633741220239243,
        0.7805957884627727
    ],
    "val_loss": [
        0.4480970146564337,
        0.41787322553304523,
        0.3694762151974898,
        1.018880627476252,
        0.4169445622425813,
        0.44107958445182216,
        0.47409273569400495,
        0.5408866520111377,
        0.49017393818268407,
        0.5003404766321182,
        0.5447549799887034,
        0.5555662776415164,
        1.049078026929727,
        1.0920579250042255,
        0.5801580405006042,
        0.5577630538206834,
        0.590230296437557
    ],
    "val_acc": [
        0.9222797927461139,
        0.9378238341968912,
        0.8989637305699482,
        0.9404145077720207,
        0.9300518134715026,
        0.9326424870466321,
        0.9378238341968912,
        0.9455958549222798,
        0.927461139896373,
        0.9300518134715026,
        0.9352331606217616,
        0.917098445595855,
        0.927461139896373,
        0.9326424870466321,
        0.9093264248704663,
        0.9326424870466321,
        0.9248704663212435
    ],
    "val_f1": [
        0.7222222222222222,
        0.7647058823529411,
        0.6722689075630253,
        0.7578947368421053,
        0.7428571428571429,
        0.7111111111111111,
        0.7142857142857143,
        0.7469879518072289,
        0.7254901960784313,
        0.7096774193548387,
        0.7191011235955056,
        0.673469387755102,
        0.7021276595744681,
        0.7045454545454546,
        0.6601941747572816,
        0.717391304347826,
        0.6947368421052632
    ],
    "val_mcc": [
        0.6914816864595851,
        0.7362220871215703,
        0.6433799755743499,
        0.7253351073912276,
        0.7130824129477169,
        0.6729879439556858,
        0.6817922680572785,
        0.7199679195704115,
        0.6907129629917078,
        0.670411024629472,
        0.6825581716565213,
        0.6291043904281399,
        0.661691639501276,
        0.6667752888714465,
        0.6153661566884706,
        0.67938344048141,
        0.6532126572487718
    ]
}