{
    "train_loss": [
        0.7385233573767603,
        0.5046670502241777,
        0.4576405092161529,
        0.4772680839713739,
        0.4564227200284296,
        0.41156238843971976,
        0.39965906222255865,
        0.40289700593875377,
        0.47750360260204394,
        0.4235829574112989,
        0.3654946353362531,
        0.37295448658417685,
        0.37998752919386847,
        0.3925994625505136,
        0.38113299802858003,
        0.35404256259908484,
        0.31749891238857286,
        0.33356098328926126,
        0.3244430491586729,
        0.3116732904193353,
        0.3479712397164228,
        0.3012292862546687,
        0.299196365840581
    ],
    "train_acc": [
        0.890979883192732,
        0.8870863075924724,
        0.8864373783257625,
        0.9033095392602206,
        0.8974691758598313,
        0.9195327709279688,
        0.927319922128488,
        0.9221284879948086,
        0.9072031148604802,
        0.9227774172615185,
        0.9331602855288773,
        0.9266709928617781,
        0.9331602855288773,
        0.9312134977287476,
        0.9331602855288773,
        0.9377027903958468,
        0.9383517196625568,
        0.9402985074626866,
        0.9409474367293965,
        0.9487345879299156,
        0.9448410123296561,
        0.9448410123296561,
        0.9461388708630759
    ],
    "train_f1": [
        0.5714285714285714,
        0.6448979591836734,
        0.6520874751491054,
        0.6809421841541756,
        0.6735537190082644,
        0.7207207207207207,
        0.7383177570093458,
        0.7297297297297297,
        0.687089715536105,
        0.7238979118329466,
        0.7599067599067599,
        0.7390300230946882,
        0.7576470588235295,
        0.7523364485981309,
        0.7621247113163973,
        0.7746478873239436,
        0.7785547785547785,
        0.7830188679245284,
        0.7828162291169452,
        0.8077858880778589,
        0.7971360381861575,
        0.7941888619854721,
        0.8028503562945368
    ],
    "train_mcc": [
        0.5124152038059544,
        0.6161872057948172,
        0.6293431399176944,
        0.6533482619480196,
        0.6496588456184829,
        0.6944830584961265,
        0.7110727025151633,
        0.7052273750347138,
        0.6578594412941053,
        0.6948066581108537,
        0.7367852560192423,
        0.713205547108211,
        0.7330674383099198,
        0.7275935696649367,
        0.7405219896218501,
        0.7533320196439289,
        0.7587776742081608,
        0.7626273330206732,
        0.7610639924956043,
        0.7882196454425007,
        0.7778321663029836,
        0.7728599017861526,
        0.7850754884689214
    ],
    "val_loss": [
        0.4325785430578085,
        0.3037769152567937,
        0.3450901645880479,
        0.2773520450752515,
        0.30314840605625737,
        0.34902287561159867,
        0.5277813982505065,
        0.3367195258346888,
        0.403683351782652,
        0.3657322285267023,
        0.3661534935235977,
        0.3480086544385323,
        0.45239638365232027,
        0.3803038138609666,
        0.46892064007428974,
        0.373365003329057,
        0.3850469978956076,
        0.3782611856093773,
        0.36615170194552493,
        0.36860764829012066,
        0.37676029938917893,
        0.38346410714662993,
        0.3842558448131268
    ],
    "val_acc": [
        0.8519480519480519,
        0.9194805194805195,
        0.8701298701298701,
        0.9168831168831169,
        0.9012987012987013,
        0.9116883116883117,
        0.9116883116883117,
        0.9402597402597402,
        0.8935064935064935,
        0.8805194805194805,
        0.9038961038961039,
        0.9064935064935065,
        0.922077922077922,
        0.8909090909090909,
        0.8987012987012987,
        0.8961038961038961,
        0.9168831168831169,
        0.9194805194805195,
        0.9168831168831169,
        0.9090909090909091,
        0.9168831168831169,
        0.9064935064935065,
        0.9064935064935065
    ],
    "val_f1": [
        0.6068965517241379,
        0.7304347826086957,
        0.6323529411764706,
        0.7288135593220338,
        0.6833333333333333,
        0.7068965517241379,
        0.7068965517241379,
        0.7578947368421053,
        0.6666666666666666,
        0.640625,
        0.6890756302521008,
        0.6896551724137931,
        0.7272727272727273,
        0.6612903225806451,
        0.6722689075630253,
        0.6666666666666666,
        0.6862745098039216,
        0.7102803738317757,
        0.7090909090909091,
        0.6956521739130435,
        0.6981132075471698,
        0.6785714285714286,
        0.6785714285714286
    ],
    "val_mcc": [
        0.6023482208092797,
        0.7133125220760851,
        0.6219019209197619,
        0.715680861978516,
        0.6627744019330024,
        0.6861422436774685,
        0.6861422436774685,
        0.7265989303062333,
        0.6463161156998191,
        0.6206745799801683,
        0.6684570997509285,
        0.665205034846857,
        0.7030726104644089,
        0.6410163569342193,
        0.6478438852211642,
        0.642264141926234,
        0.6475160426129316,
        0.6796881647098826,
        0.6814110423603118,
        0.6712114457309536,
        0.664413936053848,
        0.6471288140683414,
        0.6471288140683414
    ]
}