{
    "train_loss": [
        0.7939366774291409,
        0.49305142918411565,
        0.4431056824265694,
        0.4151266199745694,
        0.4293203521139768,
        0.40238599205503656,
        0.44373080043160185,
        0.38340288872013284,
        0.36810673682057127,
        0.4139182850414393,
        0.3876237752182143,
        0.3650506020200496,
        0.40149829369418477,
        0.3471668271385894,
        0.3441478266399734,
        0.37312465495600994,
        0.3320570933271427,
        0.31992813465850695,
        0.3398577750337367,
        0.30919508605587237,
        0.2790220599545508,
        0.2884678438457908
    ],
    "train_acc": [
        0.8851395197923426,
        0.8857884490590525,
        0.9162881245944192,
        0.917585983127839,
        0.9097988319273199,
        0.927319922128488,
        0.917585983127839,
        0.9299156391953277,
        0.9402985074626866,
        0.9195327709279688,
        0.9247242050616483,
        0.9338092147955873,
        0.9234263465282284,
        0.9325113562621674,
        0.9390006489292667,
        0.9396495781959766,
        0.9506813757300454,
        0.9448410123296561,
        0.9480856586632057,
        0.9526281635301752,
        0.9565217391304348,
        0.954574951330305
    ],
    "train_f1": [
        0.5518987341772152,
        0.6437246963562753,
        0.7114093959731543,
        0.7171492204899778,
        0.7010752688172043,
        0.7407407407407407,
        0.7184035476718403,
        0.7476635514018691,
        0.7830188679245284,
        0.7207207207207207,
        0.7422222222222222,
        0.7594339622641509,
        0.7366071428571429,
        0.7592592592592593,
        0.7783018867924528,
        0.7790973871733967,
        0.8137254901960784,
        0.7951807228915663,
        0.8086124401913876,
        0.8206388206388207,
        0.8337468982630273,
        0.8275862068965517
    ],
    "train_mcc": [
        0.4899041757964894,
        0.615978794794214,
        0.6842117349415217,
        0.691652525434081,
        0.6771625499850104,
        0.7149624929876873,
        0.6937466161301525,
        0.7220866139483456,
        0.7626273330206732,
        0.6944830584961265,
        0.7219875203282615,
        0.7349124993701139,
        0.7146388223271053,
        0.7368501144528924,
        0.7570843662905614,
        0.757222344052423,
        0.7944096408211307,
        0.7745095357569329,
        0.790995813213591,
        0.8022057816336005,
        0.8164801001545613,
        0.8100353608933697
    ],
    "val_loss": [
        0.3673788584195651,
        0.2982281159896117,
        0.389721060028443,
        0.43964609102560925,
        0.4097644377213258,
        0.29280566710692185,
        0.2878357435648258,
        0.2971319521848972,
        0.3317899933228126,
        0.3449395837692114,
        0.32748278746238124,
        0.43217141123918384,
        0.33739311534624833,
        0.33838166697667194,
        0.4052308964041563,
        0.31117014586925507,
        0.3389259955057731,
        0.32939123992736524,
        0.4381977921495071,
        0.3180377517755215,
        0.43526024228105176,
        0.3455027708640465
    ],
    "val_acc": [
        0.8467532467532467,
        0.922077922077922,
        0.922077922077922,
        0.9246753246753247,
        0.8987012987012987,
        0.9012987012987013,
        0.9272727272727272,
        0.9064935064935065,
        0.9298701298701298,
        0.8753246753246753,
        0.9064935064935065,
        0.8415584415584415,
        0.9038961038961039,
        0.9142857142857143,
        0.9064935064935065,
        0.9142857142857143,
        0.9038961038961039,
        0.9038961038961039,
        0.9194805194805195,
        0.9038961038961039,
        0.9038961038961039,
        0.9012987012987013
    ],
    "val_f1": [
        0.5986394557823129,
        0.7413793103448276,
        0.7368421052631579,
        0.7433628318584071,
        0.688,
        0.6935483870967742,
        0.7454545454545455,
        0.7049180327868853,
        0.7378640776699029,
        0.6470588235294118,
        0.6896551724137931,
        0.5793103448275863,
        0.6890756302521008,
        0.6972477064220184,
        0.7,
        0.7079646017699115,
        0.6837606837606838,
        0.6890756302521008,
        0.7102803738317757,
        0.6837606837606838,
        0.6837606837606838,
        0.6779661016949152
    ],
    "val_mcc": [
        0.5943675497665324,
        0.7280166613386915,
        0.7196673863344127,
        0.726148421341644,
        0.6758646839522353,
        0.6812595362933183,
        0.724734178568506,
        0.6923299380913163,
        0.7083887794697005,
        0.6410457795232727,
        0.665205034846857,
        0.565231693118567,
        0.6684570997509285,
        0.6662562063547351,
        0.6832846619397709,
        0.6835769058526029,
        0.6593108013269698,
        0.6684570997509285,
        0.6796881647098826,
        0.6593108013269698,
        0.6593108013269698,
        0.6535249558513496
    ]
}