{
    "train_loss": [
        0.7347648928360063,
        0.5313164648048732,
        0.4568015424420639,
        0.48902266852709714,
        0.39177599169161853,
        0.4055685706588687,
        0.4360739958225464,
        0.3983194759609748,
        0.3614892556655164,
        0.37107784437889957,
        0.35235813537574545,
        0.32705701727952274,
        0.30706894397735596,
        0.29703275007861,
        0.3492342638117926,
        0.3236051345510142,
        0.280392338502772,
        0.2794593851633218,
        0.2801191153346884,
        0.2445675727474142,
        0.2588709530477621
    ],
    "train_acc": [
        0.8591823491239455,
        0.827384815055159,
        0.9130434782608695,
        0.9007138221933809,
        0.9221284879948086,
        0.9195327709279688,
        0.9110966904607398,
        0.9227774172615185,
        0.9247242050616483,
        0.9286177806619078,
        0.9338092147955873,
        0.9390006489292667,
        0.9396495781959766,
        0.9448410123296561,
        0.9266709928617781,
        0.9402985074626866,
        0.945489941596366,
        0.9390006489292667,
        0.9487345879299156,
        0.9441920830629461,
        0.9532770927968851
    ],
    "train_f1": [
        0.5668662674650699,
        0.5551839464882943,
        0.706140350877193,
        0.6723768736616702,
        0.7272727272727273,
        0.7219730941704036,
        0.700218818380744,
        0.7301587301587301,
        0.7289719626168224,
        0.751131221719457,
        0.7671232876712328,
        0.780373831775701,
        0.7822014051522248,
        0.7941888619854721,
        0.7505518763796909,
        0.786046511627907,
        0.8009478672985783,
        0.7813953488372093,
        0.8105515587529976,
        0.7981220657276995,
        0.8235294117647058
    ],
    "train_mcc": [
        0.5221880337202119,
        0.5356776829518823,
        0.6805098496282211,
        0.6429460997938184,
        0.7011663821804588,
        0.6965490236621357,
        0.6736768080713913,
        0.7048788779628341,
        0.7000587910819811,
        0.7301368562962326,
        0.7479291057432538,
        0.7606353039644834,
        0.7625032770786201,
        0.7728599017861526,
        0.7329582736329111,
        0.7679089112930709,
        0.7831246593993644,
        0.7624195984741993,
        0.7929922585824583,
        0.7809562133768565,
        0.8058045125691538
    ],
    "val_loss": [
        0.36050312794171846,
        0.34860130571402037,
        0.44933601984610927,
        0.31165585552270597,
        0.30894365104345173,
        0.29041180129234606,
        0.35080669820308685,
        0.3282513859180304,
        0.3528898490162996,
        0.30594204595455754,
        0.32451265706465793,
        0.3949836813486539,
        0.3055543377995491,
        0.52280325958362,
        0.3541708359351525,
        0.3065250642024554,
        0.3282178101631311,
        0.3339076345929733,
        0.3480446911775149,
        0.5581401471908276,
        0.4114712327718735
    ],
    "val_acc": [
        0.8831168831168831,
        0.8519480519480519,
        0.8597402597402597,
        0.9324675324675324,
        0.9090909090909091,
        0.9272727272727272,
        0.8909090909090909,
        0.9168831168831169,
        0.8779220779220779,
        0.9038961038961039,
        0.9272727272727272,
        0.9064935064935065,
        0.922077922077922,
        0.8987012987012987,
        0.9038961038961039,
        0.9090909090909091,
        0.8987012987012987,
        0.9064935064935065,
        0.9038961038961039,
        0.9168831168831169,
        0.9168831168831169
    ],
    "val_f1": [
        0.6616541353383458,
        0.6068965517241379,
        0.6197183098591549,
        0.74,
        0.7008547008547008,
        0.7454545454545455,
        0.6612903225806451,
        0.7037037037037037,
        0.6356589147286822,
        0.6837606837606838,
        0.7307692307692307,
        0.6842105263157895,
        0.7169811320754716,
        0.6776859504132231,
        0.6782608695652174,
        0.6956521739130435,
        0.6722689075630253,
        0.6785714285714286,
        0.6782608695652174,
        0.6981132075471698,
        0.6981132075471698
    ],
    "val_mcc": [
        0.6550885383774065,
        0.6023482208092797,
        0.6147195981354403,
        0.7085763710256225,
        0.6801374060620275,
        0.724734178568506,
        0.6410163569342193,
        0.6729006310521822,
        0.6157907860792607,
        0.6593108013269698,
        0.7009682538955643,
        0.6561673228343176,
        0.6866245260843014,
        0.6571921278706991,
        0.6501609075583878,
        0.6712114457309536,
        0.6478438852211642,
        0.6471288140683414,
        0.6501609075583878,
        0.664413936053848,
        0.664413936053848
    ]
}