{
    "train_loss": [
        0.8638173743170134,
        0.4722685020188896,
        0.4238458446093968,
        0.45053405542762914,
        0.4243162596712307,
        0.4680901045093731,
        0.42125917180460326,
        0.38504549724106885,
        0.39736265369824003,
        0.3958161336426832,
        0.39537481902813426,
        0.41764477473132466,
        0.3772505275448974,
        0.3514121925952483,
        0.39304097589789605,
        0.3469618668361586,
        0.3340106711019667,
        0.33640781151396887,
        0.309620593579448,
        0.3036646820148643,
        0.3110452887164999,
        0.29086616371131063,
        0.3020610604055074,
        0.2749011683828977,
        0.27114566552395725,
        0.2531209219323129,
        0.24448157348955163,
        0.27204992796997635,
        0.282718475679962,
        0.2522295779567592,
        0.24737354573242518,
        0.21445004645811053,
        0.2249277846089431
    ],
    "train_acc": [
        0.872809863724854,
        0.8799480856586632,
        0.8948734587929915,
        0.8974691758598313,
        0.9149902660609993,
        0.9078520441271901,
        0.9266709928617781,
        0.9253731343283582,
        0.9247242050616483,
        0.9195327709279688,
        0.9227774172615185,
        0.8987670343932511,
        0.9253731343283582,
        0.9305645684620376,
        0.9318624269954575,
        0.9448410123296561,
        0.9409474367293965,
        0.9396495781959766,
        0.9500324464633355,
        0.9500324464633355,
        0.9558728098637248,
        0.954574951330305,
        0.9506813757300454,
        0.9578195976638546,
        0.9591174561972745,
        0.9610642439974043,
        0.9649578195976638,
        0.9656067488643738,
        0.9571706683971447,
        0.9643088903309539,
        0.9669046073977936,
        0.9695003244646333,
        0.9707981829980532
    ],
    "train_f1": [
        0.5265700483091788,
        0.6379647749510763,
        0.6666666666666666,
        0.6748971193415638,
        0.7095343680709535,
        0.6926406926406926,
        0.7402298850574712,
        0.7380410022779044,
        0.7387387387387387,
        0.7244444444444444,
        0.7251732101616628,
        0.6829268292682927,
        0.7438752783964365,
        0.7517401392111369,
        0.7586206896551724,
        0.7971360381861575,
        0.7796610169491526,
        0.7832167832167832,
        0.8089330024813896,
        0.8117359413202934,
        0.8308457711442786,
        0.8267326732673267,
        0.812807881773399,
        0.8410757946210269,
        0.8388746803069054,
        0.85,
        0.8608247422680413,
        0.8644501278772379,
        0.8374384236453202,
        0.8614609571788413,
        0.8702290076335878,
        0.8797953964194374,
        0.8837209302325582
    ],
    "train_mcc": [
        0.46080471420471664,
        0.6143018588151338,
        0.6418214907946349,
        0.6519750383858691,
        0.683111707695783,
        0.6660227428084098,
        0.7151661283695055,
        0.7136846208738143,
        0.7159716915733011,
        0.7006870379905356,
        0.6968156816000277,
        0.6639608096177272,
        0.7236495396396293,
        0.7276901378095307,
        0.7369510312148497,
        0.7778321663029836,
        0.7559180669024794,
        0.7642757787553904,
        0.7877329028136475,
        0.7923338374950853,
        0.8128951151456564,
        0.808579646297613,
        0.792881330397318,
        0.8264573966203255,
        0.8199884342477785,
        0.8346096565255814,
        0.8446969529879953,
        0.8494005234702501,
        0.8214713812240707,
        0.8471820161300895,
        0.8564431215989425,
        0.8670477770037331,
        0.870800442490344
    ],
    "val_loss": [
        0.3195160042781096,
        0.4107510195328639,
        0.57709162739607,
        0.45459587413531083,
        0.2851655288384511,
        0.30134609800118667,
        0.3369657603593973,
        0.29635304327194506,
        0.31992008135868955,
        0.31687384843826294,
        0.4204808450662173,
        0.32701475918293,
        0.3227345530803387,
        0.40786218413939845,
        0.31700831995560574,
        0.31850310586966,
        0.3393998272143878,
        0.34924493672756046,
        0.3080957658015765,
        0.3659039477889354,
        0.3378698264177029,
        0.33985195595484513,
        0.41046723838035876,
        0.35078142826946884,
        0.3591692161101561,
        0.3663309121934267,
        0.3578827836765693,
        0.3619889571116521,
        0.3810950895914665,
        0.37106367969849646,
        0.3752519362247907,
        0.3772392989351199,
        0.3779064537240909
    ],
    "val_acc": [
        0.9298701298701298,
        0.9090909090909091,
        0.9194805194805195,
        0.8857142857142857,
        0.9090909090909091,
        0.9194805194805195,
        0.8857142857142857,
        0.9064935064935065,
        0.8909090909090909,
        0.9038961038961039,
        0.8467532467532467,
        0.9064935064935065,
        0.9142857142857143,
        0.9012987012987013,
        0.9298701298701298,
        0.922077922077922,
        0.8935064935064935,
        0.9298701298701298,
        0.9142857142857143,
        0.9194805194805195,
        0.8961038961038961,
        0.8909090909090909,
        0.8623376623376623,
        0.9246753246753247,
        0.9168831168831169,
        0.9272727272727272,
        0.9168831168831169,
        0.9012987012987013,
        0.8909090909090909,
        0.9038961038961039,
        0.9038961038961039,
        0.9064935064935065,
        0.9142857142857143
    ],
    "val_f1": [
        0.7378640776699029,
        0.7107438016528925,
        0.7304347826086957,
        0.6615384615384615,
        0.7107438016528925,
        0.7350427350427351,
        0.6666666666666666,
        0.6949152542372882,
        0.671875,
        0.6837606837606838,
        0.5986394557823129,
        0.6896551724137931,
        0.7079646017699115,
        0.6833333333333333,
        0.7428571428571429,
        0.7272727272727273,
        0.6611570247933884,
        0.7476635514018691,
        0.7079646017699115,
        0.7207207207207207,
        0.6666666666666666,
        0.6557377049180327,
        0.6131386861313869,
        0.7238095238095238,
        0.7142857142857143,
        0.7358490566037735,
        0.7142857142857143,
        0.6779661016949152,
        0.6557377049180327,
        0.6837606837606838,
        0.6837606837606838,
        0.6896551724137931,
        0.7079646017699115
    ],
    "val_mcc": [
        0.7083887794697005,
        0.6980115146949661,
        0.7133125220760851,
        0.6501844182643898,
        0.6980115146949661,
        0.721790615532143,
        0.6599120175960898,
        0.6742435912270717,
        0.6602079927177587,
        0.6593108013269698,
        0.5943675497665324,
        0.665205034846857,
        0.6835769058526029,
        0.6627744019330024,
        0.7160730803420626,
        0.7030726104644089,
        0.6367824344585656,
        0.723823759820914,
        0.6835769058526029,
        0.6964414690433766,
        0.642264141926234,
        0.6313956183095993,
        0.5983545495827706,
        0.6937157584758965,
        0.6899445201031088,
        0.7088351161147548,
        0.6899445201031088,
        0.6535249558513496,
        0.6313956183095993,
        0.6593108013269698,
        0.6593108013269698,
        0.665205034846857,
        0.6835769058526029
    ]
}