{
    "train_loss": [
        1.1450815470445723,
        0.9974514380806968,
        0.7557187534513927,
        0.7678176540704,
        0.6986036172934941,
        0.640207092676844,
        0.634089286838259,
        0.5425569535720915,
        0.622367628983089,
        0.5731457493134907,
        0.5244294089220819,
        0.5189923005444663,
        0.46617288177921656,
        0.4720672204026154,
        0.44384566517103285,
        0.44896492397501353,
        0.47329139496598926,
        0.4430764681171803,
        0.42552236396641957,
        0.40518564526878653,
        0.40674334817699026,
        0.3977796493009442,
        0.3654948089803968,
        0.3769273804057212,
        0.37656756011503084,
        0.364056732638606,
        0.381481076280276,
        0.3467338037277971,
        0.3639868080970787
    ],
    "train_acc": [
        0.8911411411411412,
        0.8641141141141141,
        0.8678678678678678,
        0.8558558558558559,
        0.8220720720720721,
        0.8340840840840841,
        0.8498498498498499,
        0.8671171171171171,
        0.8325825825825826,
        0.8506006006006006,
        0.8498498498498499,
        0.8483483483483484,
        0.8708708708708709,
        0.8603603603603603,
        0.8641141141141141,
        0.8603603603603603,
        0.8573573573573574,
        0.8648648648648649,
        0.8731231231231231,
        0.8813813813813813,
        0.8813813813813813,
        0.8866366366366366,
        0.8993993993993994,
        0.8948948948948949,
        0.8986486486486487,
        0.8986486486486487,
        0.9001501501501501,
        0.9114114114114115,
        0.9031531531531531
    ],
    "train_f1": [
        0.0,
        0.4065573770491803,
        0.5532994923857868,
        0.5076923076923077,
        0.47912087912087914,
        0.5121412803532008,
        0.5192307692307693,
        0.5734939759036145,
        0.4920273348519362,
        0.5339578454332553,
        0.5454545454545454,
        0.5258215962441315,
        0.5804878048780487,
        0.5571428571428572,
        0.565947242206235,
        0.5714285714285714,
        0.5560747663551402,
        0.5794392523364486,
        0.5927710843373494,
        0.6146341463414634,
        0.605,
        0.6253101736972705,
        0.6666666666666666,
        0.6482412060301508,
        0.6599496221662469,
        0.6650124069478908,
        0.6632911392405063,
        0.7035175879396985,
        0.6649350649350649
    ],
    "train_mcc": [
        0.0,
        0.3305493365205139,
        0.5063301759184409,
        0.45000049422743144,
        0.42925635888104713,
        0.4714908522340735,
        0.47002183113994955,
        0.5372767308990223,
        0.44168268400608673,
        0.4915073942543054,
        0.5101728262197612,
        0.4809740277289222,
        0.5443359553173122,
        0.5184760634933937,
        0.5285213451188806,
        0.5411682355390933,
        0.519694041341067,
        0.5491575122265598,
        0.5612601289304068,
        0.5866016252904026,
        0.5712468299720908,
        0.5972133420196652,
        0.6476274952380084,
        0.6234666276907053,
        0.6373918299967096,
        0.6460080650921649,
        0.6406886242889446,
        0.6910619380576811,
        0.6389115588512969
    ],
    "val_loss": [
        1.105724816972559,
        0.8467397689819336,
        0.7429786053570834,
        0.7300716123797677,
        0.6803855516693809,
        0.6385736194523898,
        0.6713613014329564,
        1.28638633814725,
        0.7027384259484031,
        0.7653055177493528,
        0.6574808901006525,
        1.4806892628019506,
        1.7347713898528705,
        1.6435213495384564,
        1.457933947443962,
        1.326159585605968,
        1.2236601534214886,
        1.3847225985743783,
        2.193050641905178,
        2.103282294490121,
        2.115728474476121,
        1.9637498963962903,
        2.315156736157157,
        3.1051421612501144,
        2.093989114531062,
        3.108936912634156,
        2.981292350048369,
        2.960565065795725,
        3.023913175417957
    ],
    "val_acc": [
        0.8888888888888888,
        0.8198198198198198,
        0.8288288288288288,
        0.8408408408408409,
        0.8438438438438438,
        0.8498498498498499,
        0.8708708708708709,
        0.8738738738738738,
        0.8648648648648649,
        0.8588588588588588,
        0.8498498498498499,
        0.8618618618618619,
        0.8738738738738738,
        0.8678678678678678,
        0.8528528528528528,
        0.8558558558558559,
        0.8558558558558559,
        0.8588588588588588,
        0.8708708708708709,
        0.8648648648648649,
        0.8678678678678678,
        0.8738738738738738,
        0.8708708708708709,
        0.8738738738738738,
        0.8708708708708709,
        0.8798798798798799,
        0.8768768768768769,
        0.8738738738738738,
        0.8768768768768769
    ],
    "val_f1": [
        0.0,
        0.47368421052631576,
        0.5289256198347108,
        0.5619834710743802,
        0.5517241379310345,
        0.5370370370370371,
        0.5274725274725275,
        0.5227272727272727,
        0.5714285714285714,
        0.5688073394495413,
        0.5689655172413793,
        0.54,
        0.5625,
        0.5769230769230769,
        0.5420560747663551,
        0.5636363636363636,
        0.5555555555555556,
        0.5688073394495413,
        0.5376344086021505,
        0.5263157894736842,
        0.5510204081632653,
        0.5714285714285714,
        0.5473684210526316,
        0.5227272727272727,
        0.5742574257425742,
        0.5652173913043478,
        0.5393258426966292,
        0.5531914893617021,
        0.5494505494505495
    ],
    "val_mcc": [
        0.0,
        0.418020662588166,
        0.4987074515215289,
        0.5427110501851933,
        0.5216400029084299,
        0.4925255758390694,
        0.4666282626286914,
        0.45990693949019623,
        0.5320212541547227,
        0.5338740972590241,
        0.5441029695408504,
        0.48795003647426655,
        0.5116483080128539,
        0.5376167916008155,
        0.4976929392850891,
        0.5286571651968928,
        0.5158557346946043,
        0.5338740972590241,
        0.4797420792567529,
        0.46751024664813834,
        0.4995477704160794,
        0.5242506821399514,
        0.4927054096411518,
        0.45990693949019623,
        0.5308295679447981,
        0.5118047294611074,
        0.47967161866996016,
        0.498926192475157,
        0.49255205499695204
    ]
}