{
    "train_loss": [
        1.0566315466449374,
        0.79161237180233,
        0.7331536029066358,
        0.6962948618900209,
        0.6577553252379099,
        0.6603094697708175,
        0.5967454761266708,
        0.5594145996229989,
        0.49293959974533036,
        0.53965091918196,
        0.5346990373162996,
        0.46205930163462955,
        0.4165380510191123,
        0.37365159800364856,
        0.33399532983700436,
        0.321361612173773,
        0.2525344725166048,
        0.2453878703748896,
        0.22978657776755945,
        0.1751794123445593,
        0.15211128031036683,
        0.12546494120864995,
        0.11409222257013123,
        0.12256837316921779
    ],
    "train_acc": [
        0.8543543543543544,
        0.8783783783783784,
        0.8603603603603603,
        0.8528528528528528,
        0.8453453453453453,
        0.8205705705705706,
        0.8746246246246246,
        0.8618618618618619,
        0.8671171171171171,
        0.8483483483483484,
        0.8678678678678678,
        0.8716216216216216,
        0.8888888888888888,
        0.9076576576576577,
        0.8828828828828829,
        0.918918918918919,
        0.9219219219219219,
        0.9324324324324325,
        0.93993993993994,
        0.9564564564564565,
        0.9654654654654654,
        0.9669669669669669,
        0.9744744744744744,
        0.96996996996997
    ],
    "train_f1": [
        0.3782051282051282,
        0.547486033519553,
        0.5507246376811594,
        0.5311004784688995,
        0.5462555066079295,
        0.5092402464065708,
        0.5896805896805897,
        0.5799086757990868,
        0.6040268456375839,
        0.5589519650655022,
        0.6036036036036037,
        0.6157303370786517,
        0.6442307692307693,
        0.6917293233082706,
        0.6486486486486487,
        0.71875,
        0.7319587628865979,
        0.7606382978723404,
        0.7814207650273224,
        0.8304093567251462,
        0.8614457831325302,
        0.8674698795180723,
        0.89375,
        0.8765432098765432
    ],
    "train_mcc": [
        0.2971342650022206,
        0.492002665504576,
        0.5086540312375187,
        0.48535268755062544,
        0.516020062066715,
        0.4787790780356095,
        0.5547197625660951,
        0.5534185114131793,
        0.5878997203871877,
        0.5339823152119986,
        0.5860926874862098,
        0.602081066192367,
        0.6256993404984936,
        0.6770806026235272,
        0.6438635842865199,
        0.7034559287510344,
        0.7211698787376805,
        0.7503054158288971,
        0.7706862958345643,
        0.8185559026947085,
        0.8509724027740587,
        0.8579109942401678,
        0.8844120259320363,
        0.8658453948103919
    ],
    "val_loss": [
        0.9380052089691162,
        0.7973844029686668,
        0.7761592431501909,
        0.7205234820192511,
        0.6856012046337128,
        0.6785126328468323,
        0.6282807669856332,
        0.7227973260662772,
        1.0051839297468013,
        0.6827984641898762,
        1.0240796221928163,
        0.7660380005836487,
        1.0547563433647156,
        1.1398186859759418,
        1.2939993007616564,
        1.1695935915816913,
        1.8236931257627227,
        1.8179344751618125,
        2.082115043293346,
        2.109253531152552,
        2.455549544231458,
        3.114453681490638,
        3.1211565367200156,
        3.723657774654302
    ],
    "val_acc": [
        0.7477477477477478,
        0.8618618618618619,
        0.8798798798798799,
        0.8528528528528528,
        0.8738738738738738,
        0.8738738738738738,
        0.8618618618618619,
        0.8498498498498499,
        0.8888888888888888,
        0.8288288288288288,
        0.8798798798798799,
        0.8678678678678678,
        0.8618618618618619,
        0.8738738738738738,
        0.8828828828828829,
        0.8648648648648649,
        0.8738738738738738,
        0.8858858858858859,
        0.8798798798798799,
        0.8918918918918919,
        0.8858858858858859,
        0.8948948948948949,
        0.8858858858858859,
        0.8888888888888888
    ],
    "val_f1": [
        0.373134328358209,
        0.5106382978723404,
        0.5348837209302325,
        0.5148514851485149,
        0.5625,
        0.58,
        0.5740740740740741,
        0.5454545454545454,
        0.5842696629213483,
        0.5210084033613446,
        0.5454545454545454,
        0.5416666666666666,
        0.5106382978723404,
        0.5333333333333333,
        0.5185185185185185,
        0.5454545454545454,
        0.46153846153846156,
        0.4722222222222222,
        0.47368421052631576,
        0.5135135135135135,
        0.4722222222222222,
        0.4927536231884058,
        0.4864864864864865,
        0.4307692307692308
    ],
    "val_mcc": [
        0.299104610560771,
        0.44818793561327663,
        0.47353805218170314,
        0.4580762769066785,
        0.5116483080128539,
        0.5367450401216932,
        0.5391858935501391,
        0.505560492931009,
        0.5323185036459314,
        0.4854868217429745,
        0.4864400321530922,
        0.4866220320774426,
        0.44818793561327663,
        0.4730702750915578,
        0.4546191745818164,
        0.4936885913077977,
        0.39098223307718816,
        0.40850263250928776,
        0.4061197865220427,
        0.4527027027027027,
        0.40850263250928776,
        0.43589525338882773,
        0.4222972972972973,
        0.37493168776698943
    ]
}