{
    "train_loss": [
        1.1344528950396038,
        0.9434819299550283,
        0.7905658646708443,
        0.7341684599717458,
        0.6581506796535992,
        0.6361444464751652,
        0.5849548216376986,
        0.5285547851097017,
        0.5424316397735051,
        0.6446608883284387,
        0.5898004035864558,
        0.545689640655404,
        0.47808797834884553,
        0.4816221981531098,
        0.4509820391734441,
        0.44084180075497853,
        0.4319764059923944,
        0.4423071103436606,
        0.40090877367627054,
        0.38035607728220167,
        0.36099496235450107,
        0.3316881889033885,
        0.3163131865717116,
        0.28133365884423256,
        0.28296486581010477
    ],
    "train_acc": [
        0.8971471471471472,
        0.8288288288288288,
        0.8761261261261262,
        0.8656156156156156,
        0.8603603603603603,
        0.8618618618618619,
        0.8543543543543544,
        0.8551051051051051,
        0.8400900900900901,
        0.8243243243243243,
        0.8558558558558559,
        0.8513513513513513,
        0.8723723723723724,
        0.8663663663663663,
        0.8701201201201201,
        0.8603603603603603,
        0.8611111111111112,
        0.8671171171171171,
        0.8881381381381381,
        0.8926426426426426,
        0.9076576576576577,
        0.9046546546546547,
        0.9099099099099099,
        0.9279279279279279,
        0.9234234234234234
    ],
    "train_f1": [
        0.11612903225806452,
        0.44390243902439025,
        0.5378151260504201,
        0.535064935064935,
        0.541871921182266,
        0.5208333333333334,
        0.5529953917050692,
        0.5480093676814989,
        0.5419354838709678,
        0.502127659574468,
        0.5471698113207547,
        0.547945205479452,
        0.5833333333333334,
        0.5821596244131455,
        0.5929411764705882,
        0.5991379310344828,
        0.5916114790286976,
        0.6057906458797327,
        0.6510538641686182,
        0.6587112171837709,
        0.6962962962962963,
        0.6894865525672371,
        0.7044334975369458,
        0.7486910994764397,
        0.7371134020618557
    ],
    "train_mcc": [
        0.22091901900701116,
        0.3752732754249504,
        0.48048078985997855,
        0.48212171309498725,
        0.49545623623563795,
        0.46474657919141515,
        0.5177764281114606,
        0.5092083581094596,
        0.5143497605063927,
        0.4636905198605437,
        0.5072199144753019,
        0.5126850496680087,
        0.5472087042560068,
        0.5518700048148332,
        0.565067211687164,
        0.5889398395514863,
        0.5743971686704074,
        0.5910252560700964,
        0.6390154263805907,
        0.6450513806709189,
        0.6853650974636463,
        0.678792744688086,
        0.6958544356372823,
        0.7386571610073391,
        0.7274112179607186
    ],
    "val_loss": [
        1.034636307846416,
        0.9065243385054849,
        1.0558414594693617,
        0.7500150095332753,
        0.753327414393425,
        0.7174348478967493,
        0.9249665520407937,
        0.7091040882197294,
        1.5049322125586597,
        0.702650249004364,
        0.7611727497794412,
        0.9809818809682672,
        1.012271442196586,
        2.123331531882286,
        1.3327696079557592,
        1.1010103520344605,
        1.4406425709074193,
        1.214001333171671,
        2.3006645386869256,
        1.9998745064843784,
        2.1576287082650443,
        1.5714197944511066,
        2.626890843564814,
        2.5883384235203266,
        3.101635836742141
    ],
    "val_acc": [
        0.8858858858858859,
        0.8888888888888888,
        0.8948948948948949,
        0.8708708708708709,
        0.8708708708708709,
        0.8648648648648649,
        0.8798798798798799,
        0.8558558558558559,
        0.8738738738738738,
        0.8858858858858859,
        0.8618618618618619,
        0.8648648648648649,
        0.8708708708708709,
        0.8648648648648649,
        0.8618618618618619,
        0.8528528528528528,
        0.8468468468468469,
        0.8708708708708709,
        0.8798798798798799,
        0.8798798798798799,
        0.8768768768768769,
        0.8588588588588588,
        0.8888888888888888,
        0.8918918918918919,
        0.8828828828828829
    ],
    "val_f1": [
        0.3448275862068966,
        0.4788732394366197,
        0.5070422535211268,
        0.5376344086021505,
        0.5473684210526316,
        0.5714285714285714,
        0.5652173913043478,
        0.5555555555555556,
        0.5333333333333333,
        0.6041666666666666,
        0.5740740740740741,
        0.5714285714285714,
        0.5656565656565656,
        0.4943820224719101,
        0.5660377358490566,
        0.5420560747663551,
        0.5405405405405406,
        0.5742574257425742,
        0.5652173913043478,
        0.5652173913043478,
        0.5591397849462365,
        0.5523809523809524,
        0.5542168674698795,
        0.5813953488372093,
        0.5617977528089888
    ],
    "val_mcc": [
        0.30138189055755155,
        0.4172793711395224,
        0.4488383151752846,
        0.4797420792567529,
        0.4927054096411518,
        0.5320212541547227,
        0.5118047294611074,
        0.5158557346946043,
        0.4730702750915578,
        0.5617008598836766,
        0.5391858935501391,
        0.5320212541547227,
        0.5182366428092904,
        0.4270247336939889,
        0.5265317387743675,
        0.4976929392850891,
        0.5005475453365442,
        0.5308295679447981,
        0.5118047294611074,
        0.5118047294611074,
        0.5052904740100711,
        0.5083173368904034,
        0.4954057218768195,
        0.5274854252150617,
        0.5059950611579458
    ]
}