{
    "train_loss": [
        1.2026059599809868,
        1.1874925397163214,
        1.1137021793875583,
        1.0413732500963433,
        0.9272863989652589,
        0.8392443317313527,
        0.7273296235605727,
        0.6744336582893549,
        0.5332758222208467,
        0.5026756774547488,
        0.51177819385085,
        0.392774619335352,
        0.30525897070765495,
        0.23977071436685185,
        0.2575241787748974,
        0.2695286642153596,
        0.18723801023131886,
        0.17113138330277317,
        0.1296470682678181,
        0.10040313325995623,
        0.0853032418851589,
        0.10423180173952566,
        0.09313833534847511,
        0.057819406217678865,
        0.07324192660514178,
        0.06848290899421933,
        0.04610550570366687,
        0.05013258686170068,
        0.04700250934462908,
        0.050084887049431634,
        0.043034442394517015,
        0.05440922283979003,
        0.04061789090100806,
        0.036255461339795486,
        0.043551650702368556,
        0.03378587793240724,
        0.03740651192425122,
        0.029725795304456855
    ],
    "train_acc": [
        0.8664206642066421,
        0.8671586715867159,
        0.8435424354243543,
        0.7992619926199263,
        0.8250922509225093,
        0.8309963099630996,
        0.8523985239852399,
        0.8745387453874539,
        0.8848708487084871,
        0.8944649446494465,
        0.9025830258302583,
        0.9188191881918819,
        0.9394833948339484,
        0.948339483394834,
        0.9461254612546125,
        0.9357933579335793,
        0.9630996309963099,
        0.9630996309963099,
        0.9763837638376384,
        0.981549815498155,
        0.9830258302583026,
        0.9749077490774908,
        0.9830258302583026,
        0.9911439114391144,
        0.988929889298893,
        0.985239852398524,
        0.9918819188191882,
        0.9918819188191882,
        0.9918819188191882,
        0.992619926199262,
        0.9955719557195571,
        0.9918819188191882,
        0.9955719557195571,
        0.9948339483394834,
        0.9940959409594096,
        0.9970479704797048,
        0.9933579335793358,
        0.9955719557195571
    ],
    "train_f1": [
        0.01092896174863388,
        0.0425531914893617,
        0.2535211267605634,
        0.38461538461538464,
        0.46741573033707867,
        0.5158562367864693,
        0.5689655172413793,
        0.6271929824561403,
        0.6486486486486487,
        0.6843267108167771,
        0.6915887850467289,
        0.7477064220183486,
        0.8056872037914692,
        0.8292682926829268,
        0.8232445520581114,
        0.7933491686460807,
        0.8762376237623762,
        0.875,
        0.9175257731958762,
        0.935064935064935,
        0.9399477806788512,
        0.9119170984455959,
        0.9399477806788512,
        0.9679144385026738,
        0.9597855227882037,
        0.9473684210526315,
        0.9701897018970189,
        0.9703504043126685,
        0.9703504043126685,
        0.9731182795698925,
        0.9836956521739131,
        0.9701897018970189,
        0.9836956521739131,
        0.9809264305177112,
        0.9783783783783784,
        0.9890710382513661,
        0.9757412398921833,
        0.9836956521739131
    ],
    "train_mcc": [
        0.04141064704779779,
        0.09274588060344399,
        0.1820563810215689,
        0.27579407787661714,
        0.37646959544054837,
        0.43788388410074036,
        0.5027043480378801,
        0.5731664630554862,
        0.5971446454740079,
        0.6426804985737986,
        0.6462011682015777,
        0.7156126268853406,
        0.7817849736984805,
        0.807000836084836,
        0.8005286214698502,
        0.7667727995951917,
        0.8612573898154812,
        0.8589180994202597,
        0.9065893443946114,
        0.9266034399035583,
        0.9319985372019561,
        0.8997179122728162,
        0.9319985372019561,
        0.9634510369643012,
        0.9539313147367547,
        0.9402341178116904,
        0.965725678587808,
        0.9660323226733548,
        0.9660323226733548,
        0.9693152501603322,
        0.9813091697765279,
        0.965725678587808,
        0.9813091697765279,
        0.9780608829681949,
        0.975267185967584,
        0.9874436143748125,
        0.9722801094005868,
        0.9813091697765279
    ],
    "val_loss": [
        1.1602791764519431,
        1.1454799283634534,
        1.1596587137742476,
        1.098760637370023,
        1.1489671685478904,
        0.8467212590304288,
        0.9695060659538616,
        0.9235789179801941,
        0.8978818004781549,
        1.9110850617289543,
        1.0611594319343567,
        1.711761173876849,
        0.9835394566709345,
        1.0443799685348163,
        1.2672867070544849,
        1.8498956628821113,
        1.5846567113291135,
        2.770072504200719,
        2.27501195398244,
        1.9009217592802914,
        2.354972421106967,
        3.118640758774497,
        2.4516989934173496,
        2.845635761591521,
        2.6266354376619514,
        3.2526907270604912,
        3.0795583074743096,
        2.938183131543073,
        3.1950059695677324,
        3.0520458855581554,
        3.272369541905143,
        2.9621008038520813,
        3.4191930844998835,
        3.192073892463337,
        3.2576219751076265,
        3.112923806363886,
        3.3811455477367747,
        3.442630013281649
    ],
    "val_acc": [
        0.863905325443787,
        0.8609467455621301,
        0.591715976331361,
        0.7958579881656804,
        0.7485207100591716,
        0.7840236686390533,
        0.8609467455621301,
        0.893491124260355,
        0.7544378698224852,
        0.893491124260355,
        0.8431952662721893,
        0.893491124260355,
        0.8372781065088757,
        0.8520710059171598,
        0.8550295857988166,
        0.8727810650887574,
        0.878698224852071,
        0.908284023668639,
        0.9023668639053254,
        0.8964497041420119,
        0.908284023668639,
        0.8994082840236687,
        0.9142011834319527,
        0.9053254437869822,
        0.908284023668639,
        0.8994082840236687,
        0.9023668639053254,
        0.9023668639053254,
        0.9053254437869822,
        0.9053254437869822,
        0.908284023668639,
        0.908284023668639,
        0.9053254437869822,
        0.9053254437869822,
        0.908284023668639,
        0.908284023668639,
        0.9112426035502958,
        0.9053254437869822
    ],
    "val_f1": [
        0.08,
        0.0784313725490196,
        0.34285714285714286,
        0.48120300751879697,
        0.4444444444444444,
        0.46715328467153283,
        0.5436893203883495,
        0.5909090909090909,
        0.484472049689441,
        0.5,
        0.5137614678899083,
        0.5263157894736842,
        0.5528455284552846,
        0.5833333333333334,
        0.5504587155963303,
        0.5567010309278351,
        0.5773195876288659,
        0.5753424657534246,
        0.5822784810126582,
        0.6153846153846154,
        0.6172839506172839,
        0.5952380952380952,
        0.6588235294117647,
        0.5897435897435898,
        0.6172839506172839,
        0.5526315789473685,
        0.5714285714285714,
        0.5714285714285714,
        0.5789473684210527,
        0.5897435897435898,
        0.5974025974025974,
        0.6265060240963856,
        0.5897435897435898,
        0.5897435897435898,
        0.5974025974025974,
        0.6172839506172839,
        0.6153846153846154,
        0.5897435897435898
    ],