{
    "train_loss": [
        1.221034167810928,
        1.196987368339716,
        1.1087818880413853,
        1.0385457748590514,
        0.9164722305397655,
        0.8551022916339165,
        0.8266562223434448,
        0.8043046746143075,
        0.6538994430109512,
        0.6620805415996286,
        0.6547323292077973,
        0.6595443535682767,
        0.6452013732388963,
        0.5933428455230801,
        0.5859264987845754,
        0.5146035960940427,
        0.46625400525192884,
        0.4341154559407123,
        0.45044561874034794,
        0.4188405088213987,
        0.34865268402148125,
        0.3186386643454086,
        0.2914287250835535
    ],
    "train_acc": [
        0.8664206642066421,
        0.8656826568265683,
        0.8464944649446494,
        0.792619926199262,
        0.8302583025830258,
        0.8472324723247232,
        0.8583025830258303,
        0.8568265682656827,
        0.8708487084870848,
        0.8797047970479704,
        0.8612546125461255,
        0.8612546125461255,
        0.8782287822878229,
        0.8760147601476015,
        0.8745387453874539,
        0.9084870848708487,
        0.9077490774907749,
        0.915129151291513,
        0.9166051660516605,
        0.9129151291512915,
        0.9276752767527675,
        0.9416974169741698,
        0.9468634686346864
    ],
    "train_f1": [
        0.0,
        0.031914893617021274,
        0.168,
        0.39045553145336226,
        0.5021645021645021,
        0.5509761388286334,
        0.5675675675675675,
        0.5764192139737991,
        0.6119733924611973,
        0.6320541760722348,
        0.6115702479338843,
        0.606694560669456,
        0.6308724832214765,
        0.6470588235294118,
        0.6458333333333334,
        0.7089201877934272,
        0.7191011235955056,
        0.735632183908046,
        0.7402298850574712,
        0.7354260089686099,
        0.772093023255814,
        0.8096385542168675,
        0.824390243902439
    ],
    "train_mcc": [
        0.0,
        0.062485666729698124,
        0.11627270051640654,
        0.28180596078710923,
        0.4198384853934286,
        0.48004283245908513,
        0.4984146150157485,
        0.5110148866277141,
        0.5535877643956088,
        0.5767713628157614,
        0.5598195868420915,
        0.5523118441454453,
        0.5760119403977721,
        0.6023712857065084,
        0.6018966692676214,
        0.6666644101289783,
        0.6831878665927216,
        0.7007613135708851,
        0.7063197858168462,
        0.7033568583728962,
        0.7435093438570121,
        0.7847991696437757,
        0.8012121630079599
    ],
    "val_loss": [
        1.180255342613567,
        1.1437868475914001,
        1.0813233635642312,
        1.0002706863663413,
        0.9565180567177859,
        0.8963959433815696,
        0.8371258513493971,
        0.8364741477099332,
        0.7725069414485585,
        0.8596359437162225,
        0.9128506183624268,
        0.9448829835111444,
        0.8988260410048745,
        0.9562102095647291,
        0.7974348555911671,
        1.0999033640731464,
        1.0690904530611904,
        1.2626226436008106,
        1.2144124575636603,
        1.1906228011304683,
        1.3740737682039088,
        1.3850902156396345,
        1.5967231880534778
    ],
    "val_acc": [
        0.8698224852071006,
        0.8668639053254438,
        0.8136094674556213,
        0.8372781065088757,
        0.7781065088757396,
        0.8047337278106509,
        0.8195266272189349,
        0.8816568047337278,
        0.8431952662721893,
        0.7899408284023669,
        0.727810650887574,
        0.7544378698224852,
        0.8284023668639053,
        0.8461538461538461,
        0.8550295857988166,
        0.8816568047337278,
        0.8727810650887574,
        0.863905325443787,
        0.8224852071005917,
        0.8550295857988166,
        0.8668639053254438,
        0.8757396449704142,
        0.8816568047337278
    ],
    "val_f1": [
        0.043478260869565216,
        0.11764705882352941,
        0.43243243243243246,
        0.4954128440366973,
        0.460431654676259,
        0.5,
        0.5196850393700787,
        0.6,
        0.5391304347826087,
        0.4496124031007752,
        0.43209876543209874,
        0.43537414965986393,
        0.49122807017543857,
        0.5094339622641509,
        0.5420560747663551,
        0.5454545454545454,
        0.5567010309278351,
        0.5576923076923077,
        0.5,
        0.5420560747663551,
        0.5544554455445545,
        0.5714285714285714,
        0.5652173913043478
    ],
    "val_mcc": [
        0.13899929670328995,
        0.145173785484263,
        0.33422242460037505,
        0.41076803874530854,
        0.3787239928574781,
        0.42662079680946824,
        0.44864688301479505,
        0.5350538946342926,
        0.46593890699510476,
        0.35904111403280703,
        0.3555540219467695,
        0.34947246389633874,
        0.4064883213286358,
        0.4275076351752822,
        0.46682215010897204,
        0.47763077141683746,
        0.48460634919788675,
        0.48512718028074897,
        0.41948769684489745,
        0.46682215010897204,
        0.4812282092479164,
        0.5016161152290481,
        0.49691903632685974
    ]
}