{
    "train_loss": [
        1.1950821834941243,
        1.189342831456384,
        1.1300327847170275,
        0.9841468722321266,
        0.8676870104878448,
        0.8782038771828939,
        0.7612326942210974,
        0.765608949716701,
        0.686839034391004,
        0.6333668564641198,
        0.5999153540577999,
        0.5984832131585409,
        0.5604745905066646,
        0.5732866574165433,
        0.5672955065965652,
        0.5287401093993076,
        0.5111405080141023,
        0.5132718096638835,
        0.4742960164020228,
        0.4633232781360316,
        0.4374102312465047,
        0.43843393512936524,
        0.4256090455970099,
        0.4101042345512745,
        0.4173403753097667,
        0.39532718053737353,
        0.40793820869090947,
        0.38522877214952955,
        0.3893074703424476,
        0.36372698947440746
    ],
    "train_acc": [
        0.8642066420664206,
        0.8664206642066421,
        0.8664206642066421,
        0.8523985239852399,
        0.8487084870848709,
        0.847970479704797,
        0.8649446494464945,
        0.8531365313653136,
        0.8634686346863468,
        0.8723247232472324,
        0.8789667896678967,
        0.8811808118081181,
        0.8760147601476015,
        0.8723247232472324,
        0.8531365313653136,
        0.8937269372693727,
        0.8811808118081181,
        0.8833948339483395,
        0.8959409594095941,
        0.8988929889298893,
        0.8988929889298893,
        0.9018450184501845,
        0.8988929889298893,
        0.9084870848708487,
        0.9025830258302583,
        0.9129151291512915,
        0.9107011070110701,
        0.9121771217712177,
        0.9158671586715867,
        0.9202952029520295
    ],
    "train_f1": [
        0.010752688172043012,
        0.0,
        0.14218009478672985,
        0.46808510638297873,
        0.5393258426966292,
        0.5442477876106194,
        0.5754060324825986,
        0.5756929637526652,
        0.5916114790286976,
        0.6181015452538632,
        0.6403508771929824,
        0.6477024070021882,
        0.6440677966101694,
        0.6311300639658849,
        0.6165703275529865,
        0.6814159292035398,
        0.6666666666666666,
        0.6594827586206896,
        0.6954643628509719,
        0.6989010989010989,
        0.7066381156316917,
        0.710239651416122,
        0.7041036717062635,
        0.7244444444444444,
        0.7155172413793104,
        0.74235807860262,
        0.7305122494432071,
        0.7418655097613883,
        0.7477876106194691,
        0.7567567567567568
    ],
    "train_mcc": [
        0.011881938261914948,
        0.0,
        0.1620684972276922,
        0.382891034428858,
        0.4641033871983121,
        0.4707457393355986,
        0.506719685647584,
        0.5118538726886229,
        0.5289474779390854,
        0.5614426266918606,
        0.589347598358775,
        0.5986048482324651,
        0.597613427240495,
        0.5807874565430698,
        0.5758095054529225,
        0.638869217669741,
        0.6289384846995943,
        0.6147757084068787,
        0.6590410775090964,
        0.6610839755955076,
        0.6740633353697949,
        0.6761460244896453,
        0.6697284646067467,
        0.6910480177241775,
        0.684153217206735,
        0.7154240171829451,
        0.6981911113700359,
        0.7157839771500835,
        0.7202192878314227,
        0.7287846860850205
    ],
    "val_loss": [
        1.2027296044609763,
        1.1366763006557117,
        1.0011459589004517,
        0.9255706126039679,
        0.8817412067543376,
        0.8358237960121848,
        1.0413080535151742,
        0.830800782550465,
        0.8215179687196558,
        0.9492398771372709,
        1.0134453421289271,
        0.7537624673409895,
        0.7556040016087618,
        0.7596316283399408,
        0.8502584262327715,
        0.7866605466062372,
        1.0061824701049111,
        1.2119790451093153,
        1.0359705632383174,
        0.93438136306676,
        1.2498452500863508,
        1.2483754835345529,
        1.6622098603031852,
        1.738665979016911,
        2.1621031259948555,
        2.0404884788123043,
        2.2927098829637873,
        2.3730646588585596,
        2.5602666545997965,
        2.4256237853657114
    ],
    "val_acc": [
        0.8668639053254438,
        0.8698224852071006,
        0.8520710059171598,
        0.8372781065088757,
        0.8698224852071006,
        0.8609467455621301,
        0.8846153846153846,
        0.878698224852071,
        0.878698224852071,
        0.8461538461538461,
        0.8994082840236687,
        0.8757396449704142,
        0.8313609467455622,
        0.8816568047337278,
        0.8964497041420119,
        0.878698224852071,
        0.8964497041420119,
        0.8875739644970414,
        0.863905325443787,
        0.8609467455621301,
        0.878698224852071,
        0.8727810650887574,
        0.878698224852071,
        0.8579881656804734,
        0.8698224852071006,
        0.878698224852071,
        0.878698224852071,
        0.878698224852071,
        0.8816568047337278,
        0.8698224852071006
    ],
    "val_f1": [
        0.0,
        0.043478260869565216,
        0.4186046511627907,
        0.5454545454545454,
        0.56,
        0.5523809523809524,
        0.6060606060606061,
        0.6019417475728155,
        0.594059405940594,
        0.5517241379310345,
        0.6222222222222222,
        0.6181818181818182,
        0.5511811023622047,
        0.6153846153846154,
        0.6464646464646465,
        0.616822429906542,
        0.6236559139784946,
        0.6041666666666666,
        0.5576923076923077,
        0.591304347826087,
        0.5858585858585859,
        0.5904761904761905,
        0.5858585858585859,
        0.5555555555555556,
        0.5686274509803921,
        0.5858585858585859,
        0.5858585858585859,
        0.5858585858585859,
        0.5918367346938775,
        0.5686274509803921
    ],
    "val_mcc": [
        0.0,
        0.13899929670328995,
        0.33454396241683054,
        0.47731673238849504,
        0.48786584078265777,
        0.4788975086664562,
        0.5421984366870317,
        0.537689148476046,
        0.528075886300277,
        0.48204445280461217,
        0.5642017444065226,
        0.5600808167894813,
        0.4892799608441093,
        0.5539559141277728,
        0.589737495467892,
        0.5568312127084202,
        0.5640886334460158,
        0.540381300772313,
        0.48512718028074897,
        0.5304124402501588,
        0.5184289072966015,
        0.5244811070695151,
        0.5184289072966015,
        0.48332975426213065,
        0.4979983659878744,
        0.5184289072966015,
        0.5184289072966015,
        0.5184289072966015,
        0.5255667081019707,
        0.4979983659878744
    ]
}