{
    "train_loss": [
        1.5612078647721896,
        1.27571532943032,
        1.1294383704662323,
        1.0518613403493708,
        1.1186366027051753,
        0.9523129801858555,
        0.8615921214222908,
        0.9244907132603906,
        0.8689193644306876,
        0.7768540355292234,
        0.9110443551432003,
        0.7922813662073829,
        0.8611684759909456,
        0.7488040687008337,
        0.6844546205618165,
        0.7113881321115927,
        0.6961440565911207,
        0.6215812343765389,
        0.6943331618200649,
        0.6456954032182693,
        0.6188563264229081,
        0.6051322932947766,
        0.610234750265425,
        0.5636467845602469,
        0.5414125548506324
    ],
    "train_acc": [
        0.9707351891506067,
        0.8843683083511777,
        0.7194860813704497,
        0.8900785153461813,
        0.7066381156316917,
        0.780870806566738,
        0.7580299785867237,
        0.7558886509635975,
        0.7730192719486081,
        0.7815845824411135,
        0.7701641684511064,
        0.8586723768736617,
        0.8058529621698787,
        0.8493932905067809,
        0.8179871520342612,
        0.8379728765167738,
        0.8265524625267666,
        0.8736616702355461,
        0.8743754461099215,
        0.8558172733761599,
        0.8693790149892934,
        0.894361170592434,
        0.8593861527480371,
        0.8815132048536759,
        0.8957887223411849
    ],
    "train_f1": [
        0.046511627906976744,
        0.11956521739130435,
        0.1400437636761488,
        0.17204301075268819,
        0.1419624217118998,
        0.15426997245179064,
        0.16707616707616707,
        0.16585365853658537,
        0.171875,
        0.18617021276595744,
        0.17435897435897435,
        0.23255813953488372,
        0.19047619047619047,
        0.22140221402214022,
        0.2153846153846154,
        0.2408026755852843,
        0.21864951768488747,
        0.26556016597510373,
        0.2605042016806723,
        0.2462686567164179,
        0.2766798418972332,
        0.3148148148148148,
        0.23938223938223938,
        0.2966101694915254,
        0.32407407407407407
    ],
    "train_mcc": [
        0.10559893979160495,
        0.09533287457249214,
        0.1837568512309257,
        0.1634480575967546,
        0.19350570833753133,
        0.1869852652322082,
        0.22450103807977634,
        0.22306722063511336,
        0.2261516623854732,
        0.2501568024156051,
        0.23291003044378142,
        0.27681757503086746,
        0.2427107008827094,
        0.2660197322334812,
        0.281138252573756,
        0.31082872866694694,
        0.2802070985586083,
        0.3165284466219939,
        0.30741907997343015,
        0.30291718044596333,
        0.3402890308420543,
        0.36990440437533567,
        0.2876397924761374,
        0.3583892793710237,
        0.38271332378831785
    ],
    "val_loss": [
        1.2985691048882224,
        1.1015321829102256,
        1.2097876451232217,
        0.7595235353166406,
        0.8298267857594923,
        1.020187334580855,
        0.6677161671898582,
        0.8119932521473278,
        0.7134588740088723,
        0.6819760582663796,
        0.8610567829825662,
        0.6760371557690881,
        0.6888100098479878,
        0.6999929520216855,
        0.7069565518335863,
        0.7362581613388929,
        0.7900107855146582,
        0.8451262658292596,
        0.9151439395817843,
        1.0594653568484567,
        1.229340073737231,
        1.454235009171746,
        1.5075908682563088,
        1.6503351222385059,
        1.7838740646839142
    ],
    "val_acc": [
        0.9715099715099715,
        0.4928774928774929,
        0.5213675213675214,
        0.7464387464387464,
        0.7749287749287749,
        0.5213675213675214,
        0.811965811965812,
        0.8091168091168092,
        0.7720797720797721,
        0.8746438746438746,
        0.886039886039886,
        0.7863247863247863,
        0.8575498575498576,
        0.8404558404558404,
        0.8575498575498576,
        0.8404558404558404,
        0.9002849002849003,
        0.8062678062678063,
        0.8717948717948718,
        0.8746438746438746,
        0.8888888888888888,
        0.8917378917378918,
        0.8717948717948718,
        0.8831908831908832,
        0.8575498575498576
    ],
    "val_f1": [
        0.0,
        0.10101010101010101,
        0.10638297872340426,
        0.1834862385321101,
        0.20202020202020202,
        0.10638297872340426,
        0.1951219512195122,
        0.1927710843373494,
        0.1836734693877551,
        0.2413793103448276,
        0.23076923076923078,
        0.1935483870967742,
        0.21875,
        0.2,
        0.21875,
        0.2,
        0.2222222222222222,
        0.17073170731707318,
        0.21052631578947367,
        0.18518518518518517,
        0.20408163265306123,
        0.20833333333333334,
        0.1509433962264151,
        0.19607843137254902,
        0.1935483870967742
    ],
    "val_mcc": [
        0.0,
        0.1594548333806105,
        0.16882465112001052,
        0.27321559410796753,
        0.293818036968576,
        0.16882465112001052,
        0.25228123885721315,
        0.24979545128122133,
        0.25653576760960717,
        0.2807291733862101,
        0.2534407796304224,
        0.2674150563557676,
        0.2592207834185337,
        0.2406648111998939,
        0.2592207834185337,
        0.2406648111998939,
        0.2287818519759934,
        0.20987189267000925,
        0.23437991318975443,
        0.19375505296301457,
        0.2119072723672112,
        0.21590442411483796,
        0.14493463506854737,
        0.2043018595397016,
        0.2178154729642837
    ]
}