{
    "train_loss": [
        1.4904560649936849,
        0.9637567021630027,
        0.8941704170270399,
        1.0654574063691227,
        0.8836934058503672,
        1.0431456071409313,
        0.927662814205343,
        2.424868007275191,
        0.9492485794154081,
        0.9236299883235585,
        0.9777738770300691,
        1.0212952250784093,
        0.8213388289917599,
        0.8270255872471766,
        2.1345320364291016,
        0.8354956690560688,
        0.7842522927305915,
        0.7617160589857535,
        0.7761068225584247,
        0.7914158417419954,
        0.7588094940239732,
        0.6652608215808868,
        0.6887031658129259,
        0.7070105996998873,
        0.708123841746287,
        0.6445902460678057,
        0.6602555418556387,
        0.6234749386256392,
        0.6069389706985517
    ],
    "train_acc": [
        0.9707351891506067,
        0.8358315488936474,
        0.6630977872947894,
        0.8865096359743041,
        0.7102069950035689,
        0.7273376159885796,
        0.801570306923626,
        0.7758743754461099,
        0.7301927194860813,
        0.7723054960742327,
        0.7437544610992148,
        0.7316202712348323,
        0.8279800142755175,
        0.8122769450392576,
        0.7851534618129907,
        0.815845824411135,
        0.8115631691648822,
        0.8258386866523911,
        0.8736616702355461,
        0.8251249107780158,
        0.8436830835117773,
        0.8822269807280514,
        0.8836545324768023,
        0.8743754461099215,
        0.841541755888651,
        0.8986438258386866,
        0.8643825838686653,
        0.8900785153461813,
        0.8786581013561742
    ],
    "train_f1": [
        0.0,
        0.12213740458015267,
        0.1323529411764706,
        0.1016949152542373,
        0.13983050847457626,
        0.13574660633484162,
        0.16766467065868262,
        0.16489361702127658,
        0.14864864864864866,
        0.16272965879265092,
        0.15130023640661938,
        0.12558139534883722,
        0.20462046204620463,
        0.2054380664652568,
        0.15211267605633802,
        0.19375,
        0.18012422360248448,
        0.20261437908496732,
        0.24034334763948498,
        0.20711974110032363,
        0.2206405693950178,
        0.2794759825327511,
        0.26905829596412556,
        0.2605042016806723,
        0.22916666666666666,
        0.3106796116504854,
        0.2578125,
        0.29357798165137616,
        0.2857142857142857
    ],
    "train_mcc": [
        0.0,
        0.11075041679678263,
        0.18785473087820023,
        0.071806625512095,
        0.1870693899875017,
        0.17112747622019442,
        0.20227549178719004,
        0.21044352420775667,
        0.19839168934522636,
        0.20793661323339033,
        0.1979959346102046,
        0.14766622703924745,
        0.2534123316637648,
        0.26667711029089136,
        0.18087635100217989,
        0.2421483301370202,
        0.21972972512042332,
        0.2513569704888185,
        0.2756103410126776,
        0.26009856245345614,
        0.26948824098093127,
        0.3292183670051225,
        0.31079593075461753,
        0.30741907997343015,
        0.2863957798775553,
        0.35697356962349275,
        0.31380337750051407,
        0.34186942744422116,
        0.343966073047151
    ],
    "val_loss": [
        1.1330731890418313,
        0.9122112610123374,
        1.1014542525464839,
        0.9470902193676342,
        0.8037354891950433,
        0.979863703250885,
        0.780458927154541,
        0.8225615295496854,
        0.8636004599657926,
        0.9005209261720831,
        1.1086076660589739,
        0.8729391314766624,
        0.7354665236039595,
        1.03738302805207,
        0.8436413136395541,
        0.718154866587032,
        0.7091954594308679,
        0.7794815952127631,
        0.7019622651013461,
        0.7780419317158785,
        0.7344954934987155,
        0.8051196878606622,
        0.8681500377980146,
        1.0283437750556252,
        0.7846107184886932,
        0.7953301939097318,
        1.1250608495690606,
        0.8696225529367273,
        0.8235208934003656
    ],
    "val_acc": [
        0.9715099715099715,
        0.5555555555555556,
        0.8603988603988604,
        0.5612535612535613,
        0.6951566951566952,
        0.7891737891737892,
        0.698005698005698,
        0.7122507122507122,
        0.7008547008547008,
        0.603988603988604,
        0.4757834757834758,
        0.7435897435897436,
        0.7806267806267806,
        0.9572649572649573,
        0.8689458689458689,
        0.8176638176638177,
        0.8575498575498576,
        0.8746438746438746,
        0.811965811965812,
        0.8433048433048433,
        0.8490028490028491,
        0.8603988603988604,
        0.9002849002849003,
        0.8803418803418803,
        0.8233618233618234,
        0.8262108262108262,
        0.8917378917378918,
        0.8262108262108262,
        0.8290598290598291
    ],
    "val_f1": [
        0.0,
        0.11363636363636363,
        0.24615384615384617,
        0.11494252873563218,
        0.15748031496062992,
        0.1956521739130435,
        0.15873015873015872,
        0.1652892561983471,
        0.16,
        0.12578616352201258,
        0.09803921568627451,
        0.16666666666666666,
        0.18947368421052632,
        0.4,
        0.23333333333333334,
        0.2,
        0.21875,
        0.2413793103448276,
        0.175,
        0.2028985507246377,
        0.208955223880597,
        0.1694915254237288,
        0.2222222222222222,
        0.19230769230769232,
        0.18421052631578946,
        0.18666666666666668,
        0.17391304347826086,
        0.18666666666666668,
        0.1891891891891892
    ],
    "val_mcc": [
        0.0,
        0.18078176854830147,
        0.30305367007209505,
        0.18286125234226777,
        0.2421797398482414,
        0.26969318122032304,
        0.24374052768815133,
        0.2518065031317067,
        0.24531826912896323,
        0.19939091255956617,
        0.15405357168098235,
        0.23697729742447607,
        0.2629640998954591,
        0.38715295553065415,
        0.2731777893206045,
        0.2573897434967237,
        0.2592207834185337,
        0.2807291733862101,
        0.21453215337938503,
        0.24358452664487587,
        0.2496224363367838,
        0.17807863764601886,
        0.2287818519759934,
        0.20067819739419568,
        0.224376045643076,
        0.22695579074292466,
        0.16788688912731167,
        0.22695579074292466,
        0.22958674057751532
    ]
}