{
    "train_loss": [
        1.5612079921093853,
        1.2672260017557577,
        1.1249675263058057,
        1.0061607963659547,
        1.0357524881308728,
        0.9308497966690497,
        0.8661104318770495,
        0.9547839679501273,
        0.8746010132811286,
        0.7755818245085803,
        0.8798602467233484,
        0.8152557333761995,
        0.8078011850064452,
        0.7326086888259108,
        0.6715974441983483,
        0.7122243832458149,
        0.6637441583655097,
        0.6180575527250767,
        0.6849407844922759,
        0.6059263612736355,
        0.6141472838141702,
        0.6224977428262884,
        0.59928552264517,
        0.5770755041051995,
        0.5396495813673193
    ],
    "train_acc": [
        0.9707351891506067,
        0.892933618843683,
        0.7194860813704497,
        0.8886509635974305,
        0.7180585296216988,
        0.7930049964311207,
        0.7601713062098501,
        0.728051391862955,
        0.7773019271948608,
        0.7694503925767309,
        0.7687366167023555,
        0.8436830835117773,
        0.8251249107780158,
        0.8408279800142755,
        0.8401142041399001,
        0.8443968593861527,
        0.8458244111349036,
        0.8722341184867951,
        0.880085653104925,
        0.8807994289793005,
        0.8772305496074233,
        0.9086366880799429,
        0.8786581013561742,
        0.8907922912205567,
        0.9000713775874375
    ],
    "train_f1": [
        0.046511627906976744,
        0.12790697674418605,
        0.1400437636761488,
        0.17894736842105263,
        0.14316702819956617,
        0.17142857142857143,
        0.16831683168316833,
        0.15521064301552107,
        0.1657754010695187,
        0.178117048346056,
        0.17346938775510204,
        0.23157894736842105,
        0.20711974110032363,
        0.21754385964912282,
        0.2328767123287671,
        0.23776223776223776,
        0.22857142857142856,
        0.27530364372469635,
        0.26956521739130435,
        0.29535864978902954,
        0.2773109243697479,
        0.3469387755102041,
        0.2796610169491525,
        0.3013698630136986,
        0.33962264150943394
    ],
    "train_mcc": [
        0.10559893979160495,
        0.10424010062992244,
        0.1837568512309257,
        0.17362522922677037,
        0.19141329820849817,
        0.21405180855175335,
        0.22594940041099176,
        0.21409315778645852,
        0.2114591099721798,
        0.24115334724363802,
        0.23189459129685236,
        0.2887575654237245,
        0.26009856245345614,
        0.26642466365118656,
        0.29434864517201614,
        0.2991144750330292,
        0.2815230325451926,
        0.3344830802751425,
        0.3157225445603077,
        0.3572648769222588,
        0.3317837420225774,
        0.3977799739662262,
        0.33392030371806053,
        0.353391066655953,
        0.4009847292616516
    ],
    "val_loss": [
        1.2985709797252307,
        1.0449032566764138,
        1.1864127408374439,
        0.7215223176912828,
        0.8037730943072926,
        1.0394230593334546,
        0.6632451956922357,
        0.882822261615233,
        0.7452430047772147,
        0.6937637803229418,
        0.8380325463685122,
        0.7215668667446483,
        0.8060439229011536,
        0.7476141127673063,
        0.7841936349868774,
        0.8156035623767159,
        0.76798569614237,
        0.8965472822839563,
        0.8630030967972495,
        0.9665772860700433,
        0.9778002906929363,
        1.0356470793485641,
        1.1520236866040663,
        1.1550388580018824,
        1.2819123376499524
    ],
    "val_acc": [
        0.9715099715099715,
        0.5527065527065527,
        0.5982905982905983,
        0.8091168091168092,
        0.8034188034188035,
        0.5071225071225072,
        0.811965811965812,
        0.7464387464387464,
        0.7521367521367521,
        0.8717948717948718,
        0.8603988603988604,
        0.7863247863247863,
        0.8632478632478633,
        0.8490028490028491,
        0.8575498575498576,
        0.8490028490028491,
        0.8831908831908832,
        0.8205128205128205,
        0.8547008547008547,
        0.8974358974358975,
        0.8917378917378918,
        0.8831908831908832,
        0.8917378917378918,
        0.8660968660968661,
        0.9002849002849003
    ],
    "val_f1": [
        0.0,
        0.11299435028248588,
        0.12422360248447205,
        0.1927710843373494,
        0.18823529411764706,
        0.10362694300518134,
        0.1951219512195122,
        0.1834862385321101,
        0.18691588785046728,
        0.23728813559322035,
        0.14035087719298245,
        0.1935483870967742,
        0.14285714285714285,
        0.18461538461538463,
        0.1935483870967742,
        0.15873015873015872,
        0.19607843137254902,
        0.16,
        0.16393442622950818,
        0.18181818181818182,
        0.20833333333333334,
        0.19607843137254902,
        0.17391304347826086,
        0.17543859649122806,
        0.2222222222222222
    ],
    "val_mcc": [
        0.0,
        0.17975189867914454,
        0.19708307723670068,
        0.24979545128122133,
        0.24495313844835837,
        0.1640785866790833,
        0.25228123885721315,
        0.27321559410796753,
        0.27711102304277985,
        0.2769017235175645,
        0.1338085812464735,
        0.2674150563557676,
        0.13647904323723212,
        0.20883592144914964,
        0.2178154729642837,
        0.16692171278660328,
        0.2043018595397016,
        0.18287085297271627,
        0.1723639533467402,
        0.1755073661690332,
        0.21590442411483796,
        0.2043018595397016,
        0.16788688912731167,
        0.18409424721811396,
        0.2287818519759934
    ]
}