{
    "train_loss": [
        2.051464091647755,
        1.4006964455951343,
        1.394058626483787,
        1.0925425785509022,
        0.9743279801173643,
        1.0291848941282793,
        0.9591986774043604,
        0.8813068318096074,
        0.8558065908199007,
        1.4655846265906638,
        1.3710711368105628,
        1.0956470465118235,
        1.1751903708685527,
        0.9729274640029127,
        0.8703413395719095,
        0.7819848704067144,
        0.7608456408435648,
        0.7570708224719221,
        0.7591186206449162,
        0.6878861243074591,
        0.7407622493126176,
        0.732477492229505,
        0.7167635505849664,
        0.6979617137800563,
        0.604128759354353,
        0.6530759263445031,
        0.6171877739781683
    ],
    "train_acc": [
        0.9693076374018558,
        0.9607423269093505,
        0.9571734475374732,
        0.8743754461099215,
        0.734475374732334,
        0.8344039971448965,
        0.8301213418986438,
        0.8215560314061384,
        0.8187009279086367,
        0.9379014989293362,
        0.9157744468236974,
        0.7987152034261242,
        0.8401142041399001,
        0.8336902212705211,
        0.900785153461813,
        0.8600999286224126,
        0.8600999286224126,
        0.8736616702355461,
        0.8865096359743041,
        0.8822269807280514,
        0.8836545324768023,
        0.8972162740899358,
        0.8786581013561742,
        0.8986438258386866,
        0.8979300499643112,
        0.9079229122055674,
        0.8936473947180585
    ],
    "train_f1": [
        0.0,
        0.03508771929824561,
        0.0625,
        0.18518518518518517,
        0.13488372093023257,
        0.2,
        0.19047619047619047,
        0.18831168831168832,
        0.20625,
        0.17142857142857143,
        0.14492753623188406,
        0.15568862275449102,
        0.18840579710144928,
        0.19377162629757785,
        0.26455026455026454,
        0.24615384615384617,
        0.234375,
        0.24034334763948498,
        0.29955947136563876,
        0.2857142857142857,
        0.28820960698689957,
        0.2871287128712871,
        0.27350427350427353,
        0.297029702970297,
        0.33488372093023255,
        0.3384615384615385,
        0.31336405529953915
    ],
    "train_mcc": [
        -0.006564907553382567,
        0.021193857607767846,
        0.04422109378663536,
        0.19057953259358543,
        0.16657841134146756,
        0.24053147477255454,
        0.22674018230289522,
        0.22843866855962955,
        0.2633567453984584,
        0.14455429369337328,
        0.11946612217024753,
        0.18144962634578984,
        0.21674262830178742,
        0.23014086090400027,
        0.28476446270047756,
        0.29842370839777443,
        0.2785552189769516,
        0.2756103410126776,
        0.3564025871252209,
        0.33939623246080036,
        0.3416425382198132,
        0.3225159971491724,
        0.3237996872032241,
        0.3357946180497834,
        0.39687127612171896,
        0.3857666535674274,
        0.36862862706637345
    ],
    "val_loss": [
        1.3196985721588135,
        1.3264493617144497,
        1.1989135525443337,
        0.9540670026432384,
        1.1716707836497913,
        0.8634250055659901,
        0.7725547362457622,
        0.7432953390208158,
        1.6919782839038155,
        1.2974726828661831,
        1.10741756179116,
        0.9273073077201843,
        0.94400909001177,
        0.871607322584499,
        0.85149331797253,
        0.7840321985158053,
        0.7671265358274634,
        0.7061319554393942,
        0.7998350533572111,
        0.8827121339061044,
        0.8776399059729143,
        0.8983142430132086,
        0.9473167576573112,
        0.8950404321605508,
        0.9282113327221437,
        0.917353471571749,
        0.9361010979522358
    ],
    "val_acc": [
        0.9715099715099715,
        0.9629629629629629,
        0.9658119658119658,
        0.603988603988604,
        0.886039886039886,
        0.9287749287749287,
        0.8974358974358975,
        0.7777777777777778,
        0.9344729344729344,
        0.9686609686609686,
        0.8518518518518519,
        0.9515669515669516,
        0.8803418803418803,
        0.8888888888888888,
        0.9031339031339032,
        0.8176638176638177,
        0.9031339031339032,
        0.8774928774928775,
        0.905982905982906,
        0.8974358974358975,
        0.886039886039886,
        0.8689458689458689,
        0.9088319088319088,
        0.9002849002849003,
        0.905982905982906,
        0.8888888888888888,
        0.8974358974358975
    ],
    "val_f1": [
        0.0,
        0.0,
        0.0,
        0.12578616352201258,
        0.23076923076923078,
        0.32432432432432434,
        0.3076923076923077,
        0.1702127659574468,
        0.30303030303030304,
        0.0,
        0.16129032258064516,
        0.37037037037037035,
        0.2222222222222222,
        0.2641509433962264,
        0.2608695652173913,
        0.2,
        0.2608695652173913,
        0.21818181818181817,
        0.23255813953488372,
        0.25,
        0.2,
        0.17857142857142858,
        0.23809523809523808,
        0.2222222222222222,
        0.23255813953488372,
        0.23529411764705882,
        0.21739130434782608
    ],
    "val_mcc": [
        0.0,
        -0.01589987887518409,
        -0.01296358426073891,
        0.19939091255956617,
        0.2534407796304224,
        0.3361561802452939,
        0.35896594410287586,
        0.22503632707385832,
        0.30067118852700403,
        -0.00915353377452523,
        0.1696104092754668,
        0.36020885342729475,
        0.24547218116835154,
        0.3016247487514841,
        0.2807763490577454,
        0.2573897434967237,
        0.2807763490577454,
        0.24166634446253743,
        0.23821392498388191,
        0.2710189352888802,
        0.20804242890316868,
        0.1872249586781945,
        0.2432228543717422,
        0.2287818519759934,
        0.23821392498388191,
        0.2576178095013635,
        0.22433161909252855
    ]
}