{
    "train_loss": [
        1.2061089790144632,
        1.1846815333809964,
        1.144608458807302,
        0.9403925940047863,
        0.8962425284607466,
        0.79326626311901,
        0.7891278883745504,
        0.6846651077963585,
        0.7393509731736294,
        0.7432933813610743,
        0.8003338076347528,
        0.7342845575754032,
        0.7451671528261762,
        0.6980383992195129,
        0.6331463092288305,
        0.6344406188920487,
        0.5989561940348426,
        0.5798017323710197,
        0.5720073885695879,
        0.5487195780110914,
        0.5328835682120434,
        0.508356932983842,
        0.4814948647521263,
        0.4907491862080818,
        0.505701249422029,
        0.47793432688990306,
        0.483211221216723,
        0.47037298908067304,
        0.4734437954287196,
        0.46184093869009685,
        0.439407798786496,
        0.43964377357516177,
        0.44806576121685115,
        0.43436443875002306,
        0.40449720881012985,
        0.4536173572373945,
        0.42256058891152226
    ],
    "train_acc": [
        0.8664206642066421,
        0.8664206642066421,
        0.855350553505535,
        0.8199261992619926,
        0.8509225092250923,
        0.8346863468634687,
        0.8560885608856088,
        0.8678966789667897,
        0.8819188191881919,
        0.8848708487084871,
        0.829520295202952,
        0.847970479704797,
        0.8243542435424355,
        0.8907749077490775,
        0.8988929889298893,
        0.9003690036900369,
        0.8996309963099631,
        0.8944649446494465,
        0.8996309963099631,
        0.8996309963099631,
        0.8966789667896679,
        0.9018450184501845,
        0.9040590405904059,
        0.8959409594095941,
        0.9062730627306274,
        0.8996309963099631,
        0.9062730627306274,
        0.8907749077490775,
        0.8937269372693727,
        0.8907749077490775,
        0.8915129151291513,
        0.8929889298892989,
        0.8981549815498155,
        0.8959409594095941,
        0.8929889298892989,
        0.8929889298892989,
        0.8966789667896679
    ],
    "train_f1": [
        0.0,
        0.03208556149732621,
        0.2032520325203252,
        0.49794238683127573,
        0.547085201793722,
        0.5502008032128514,
        0.5770065075921909,
        0.6065934065934065,
        0.6172248803827751,
        0.6119402985074627,
        0.5616698292220114,
        0.5708333333333333,
        0.5492424242424242,
        0.6372549019607843,
        0.6513994910941476,
        0.6582278481012658,
        0.6714975845410628,
        0.6587112171837709,
        0.6761904761904762,
        0.6777251184834123,
        0.6788990825688074,
        0.6870588235294117,
        0.6933962264150944,
        0.6773455377574371,
        0.7011764705882353,
        0.6851851851851852,
        0.7066974595842956,
        0.6740088105726872,
        0.6742081447963801,
        0.6782608695652174,
        0.6811279826464208,
        0.6741573033707865,
        0.6919642857142857,
        0.6954643628509719,
        0.6947368421052632,
        0.6895074946466809,
        0.7021276595744681
    ],
    "train_mcc": [
        0.0,
        0.0718316044892175,
        0.16563948563951142,
        0.416880288325015,
        0.47364730163133056,
        0.48504587961552437,
        0.5121893521896759,
        0.5476620213982452,
        0.5558656016159004,
        0.5488797376634775,
        0.5063506669353823,
        0.5077357019960778,
        0.4902968585805549,
        0.5790226833742087,
        0.5952344896912565,
        0.6032735130469076,
        0.6201781545546117,
        0.6054922765541914,
        0.6265010249315662,
        0.6286132474922731,
        0.6323613725699347,
        0.6402543060258583,
        0.6476918721524041,
        0.6306718904259092,
        0.6571912585982889,
        0.6392080925016619,
        0.6653600402417058,
        0.6302594136100091,
        0.6278543486314709,
        0.6369761680792759,
        0.6407754311120386,
        0.6284167467441193,
        0.6508205147154293,
        0.6590410775090964,
        0.6617066323206892,
        0.6527988889339021,
        0.6693762436671817
    ],
    "val_loss": [
        1.2117646065625278,
        1.1768813295797869,
        0.9989012046293779,
        0.8948378535834226,
        0.9133554751222784,
        0.7559379637241364,
        0.7309325310316953,
        0.8338866667314009,
        0.8087323633107272,
        0.818953275680542,
        0.7996132143519141,
        0.8443786881186746,
        0.7648845369165594,
        0.7655469991944053,
        0.8213407559828325,
        0.6974081559614702,
        0.7417938926003196,
        0.8326274779709902,
        0.7385188178582625,
        0.8053147223862734,
        0.8385877920822664,
        0.7940275384621187,
        0.783898115158081,
        0.772479077631777,
        0.7395521036603234,
        0.8263373632322658,
        0.8315876979719509,
        0.7784415700218894,
        0.8320443264462731,
        0.8221378245136954,
        0.8385593850504268,
        0.8452142747965726,
        0.9184235659512606,
        0.8450266488573768,
        0.9855812476439909,
        0.954596302726052,
        0.9810446202754974
    ],
    "val_acc": [
        0.8668639053254438,
        0.8609467455621301,
        0.8550295857988166,
        0.8816568047337278,
        0.8520710059171598,
        0.8698224852071006,
        0.8579881656804734,
        0.8047337278106509,
        0.878698224852071,
        0.7751479289940828,
        0.8402366863905325,
        0.863905325443787,
        0.8875739644970414,
        0.8846153846153846,
        0.8964497041420119,
        0.8994082840236687,
        0.8846153846153846,
        0.9023668639053254,
        0.8994082840236687,
        0.8994082840236687,
        0.9023668639053254,
        0.9023668639053254,
        0.8964497041420119,
        0.8846153846153846,
        0.8846153846153846,
        0.8964497041420119,
        0.8816568047337278,
        0.8905325443786982,
        0.8905325443786982,
        0.8905325443786982,
        0.8875739644970414,
        0.8846153846153846,
        0.8816568047337278,
        0.8757396449704142,
        0.8816568047337278,
        0.8816568047337278,
        0.8727810650887574
    ],
    "val_f1": [
        0.0,
        0.0,
        0.4842105263157895,
        0.5555555555555556,
        0.5535714285714286,
        0.5925925925925926,
        0.6,
        0.5217391304347826,
        0.5684210526315789,
        0.5,
        0.5714285714285714,
        0.5576923076923077,
        0.5869565217391305,
        0.5806451612903226,
        0.5977011494252874,
        0.6222222222222222,
        0.5894736842105263,
        0.611764705882353,
        0.6046511627906976,
        0.6222222222222222,
        0.6292134831460674,
        0.6526315789473685,
        0.6391752577319587,
        0.6138613861386139,
        0.6213592233009708,
        0.6236559139784946,
        0.6226415094339622,
        0.6407766990291263,
        0.6407766990291263,
        0.6407766990291263,
        0.6274509803921569,
        0.6213592233009708,
        0.6153846153846154,
        0.631578947368421,
        0.6296296296296297,
        0.6363636363636364,
        0.6055045871559633
    ],