{
    "train_loss": [
        1.1968558084133059,
        1.193487802217173,
        1.1098216065140658,
        1.020593526751496,
        0.8662497373514397,
        0.8781649012898289,
        0.7645219301068505,
        0.6699321658112282,
        0.7150294638650362,
        0.6533183590617291,
        0.6182382498369661,
        0.5853068852840468,
        0.5760852940553842,
        0.5197050120941428,
        0.4683476478554482,
        0.5072223239166792,
        0.4766339330479156,
        0.45097119551758436,
        0.4861047351949437,
        0.3919835263906523,
        0.36151467471621757,
        0.3410281979067381,
        0.34046638774317367,
        0.2964335976298465,
        0.3520214043037836,
        0.2712362625224646,
        0.2481692633483299,
        0.226173126766848,
        0.24940543950990188,
        0.22831011936068535
    ],
    "train_acc": [
        0.8664206642066421,
        0.8634686346863468,
        0.8546125461254612,
        0.8280442804428044,
        0.8575645756457565,
        0.8405904059040591,
        0.8560885608856088,
        0.8715867158671586,
        0.8575645756457565,
        0.8752767527675277,
        0.8767527675276753,
        0.8856088560885609,
        0.8723247232472324,
        0.8922509225092251,
        0.8937269372693727,
        0.8937269372693727,
        0.8870848708487085,
        0.8929889298892989,
        0.8760147601476015,
        0.9114391143911439,
        0.9092250922509225,
        0.915129151291513,
        0.9232472324723248,
        0.9254612546125461,
        0.9129151291512915,
        0.9372693726937269,
        0.9365313653136531,
        0.9439114391143911,
        0.940959409594096,
        0.948339483394834
    ],
    "train_f1": [
        0.01092896174863388,
        0.06091370558375635,
        0.25660377358490566,
        0.41012658227848103,
        0.5187032418952618,
        0.5283842794759825,
        0.5676274944567627,
        0.6233766233766234,
        0.5987525987525988,
        0.6252771618625277,
        0.6408602150537634,
        0.656319290465632,
        0.6326963906581741,
        0.6755555555555556,
        0.6896551724137931,
        0.6727272727272727,
        0.6765327695560254,
        0.693446088794926,
        0.6470588235294118,
        0.7309417040358744,
        0.7308533916849015,
        0.7427293064876958,
        0.7647058823529411,
        0.7730337078651686,
        0.7377777777777778,
        0.8054919908466819,
        0.8036529680365296,
        0.8232558139534883,
        0.8148148148148148,
        0.8356807511737089
    ],
    "train_mcc": [
        0.04141064704779779,
        0.07757291341147508,
        0.20492483668723843,
        0.31179111726512504,
        0.4389029991612619,
        0.45184382251962096,
        0.4992790892757094,
        0.5696581049894244,
        0.5430053979959167,
        0.5698803669315785,
        0.591947630850102,
        0.6078964395155081,
        0.5832006416496565,
        0.6312250998716378,
        0.6521328285298783,
        0.6256553465245344,
        0.6383733218672587,
        0.6594774732111027,
        0.6023712857065084,
        0.6978875832123828,
        0.7009469417998083,
        0.7125492087361871,
        0.7378731832423627,
        0.7489132104110444,
        0.7073633589566882,
        0.7858409620632143,
        0.7839285129872399,
        0.8051236280553027,
        0.7955597873066897,
        0.8188540859343486
    ],
    "val_loss": [
        1.2066625465046277,
        1.1939753077246926,
        1.1654786413366145,
        0.9415875023061578,
        0.8455851511521773,
        0.9193367741324685,
        0.828298422423276,
        0.8215029483491724,
        0.9000223468650471,
        0.7742699195038188,
        0.7919008081609552,
        0.913122989914634,
        0.7396994043480266,
        1.0041200383142992,
        1.0415483306754718,
        0.8230159011754122,
        0.8889313286001032,
        1.450741396708922,
        1.5140228515321559,
        1.4034658832983538,
        1.8308768719434738,
        1.3781512169675394,
        1.6110659566792576,
        2.0301853245632215,
        1.6856525431979785,
        1.7210033644329419,
        2.0329002182592046,
        2.077712555161931,
        2.481042472391643,
        1.8402312316677787
    ],
    "val_acc": [
        0.8609467455621301,
        0.8579881656804734,
        0.863905325443787,
        0.8017751479289941,
        0.8136094674556213,
        0.849112426035503,
        0.7751479289940828,
        0.8372781065088757,
        0.8816568047337278,
        0.8668639053254438,
        0.8431952662721893,
        0.8816568047337278,
        0.8224852071005917,
        0.8579881656804734,
        0.9023668639053254,
        0.8372781065088757,
        0.863905325443787,
        0.878698224852071,
        0.8698224852071006,
        0.878698224852071,
        0.8905325443786982,
        0.8609467455621301,
        0.8757396449704142,
        0.893491124260355,
        0.8698224852071006,
        0.8698224852071006,
        0.893491124260355,
        0.8846153846153846,
        0.8875739644970414,
        0.878698224852071
    ],
    "val_f1": [
        0.0,
        0.04,
        0.17857142857142858,
        0.5314685314685315,
        0.5333333333333333,
        0.5321100917431193,
        0.49333333333333335,
        0.5454545454545454,
        0.5555555555555556,
        0.5945945945945946,
        0.5619834710743802,
        0.6078431372549019,
        0.5454545454545454,
        0.5932203389830508,
        0.6526315789473685,
        0.5669291338582677,
        0.6101694915254238,
        0.5393258426966292,
        0.5849056603773585,
        0.616822429906542,
        0.5934065934065934,
        0.584070796460177,
        0.6037735849056604,
        0.6170212765957447,
        0.5925925925925926,
        0.6,
        0.625,
        0.6060606060606061,
        0.6041666666666666,
        0.616822429906542
    ],
    "val_mcc": [
        -0.03023554532132041,
        0.024117442818221493,
        0.17352322847159818,
        0.47893311973334884,
        0.4732186854447963,
        0.45522516237512417,
        0.4332342051835105,
        0.47731673238849504,
        0.48729616989002655,
        0.5319479430045643,
        0.4981769671373069,
        0.5445158311540763,
        0.48637953254158606,
        0.5350417020262339,
        0.5971356085388326,
        0.5095964997587664,
        0.5562054346517303,
        0.4695286264300994,
        0.5180875321752793,
        0.5568312127084202,
        0.5302103040289048,
        0.5202197003066872,
        0.5407325064252786,
        0.55597478804527,
        0.5280567787496324,
        0.5379835463243424,
        0.5647117762833083,
        0.5421984366870317,
        0.540381300772313,
        0.5568312127084202
    ]
}