{
    "train_loss": [
        1.2060195207595825,
        1.1847745942514996,
        1.1529890118643296,
        1.0342920575031014,
        0.9329975586990977,
        0.8269661214462546,
        0.7961041497629743,
        0.7560624196085819,
        0.7009233340274456,
        0.6788445586381957,
        0.6635694732499677,
        0.6032085744447486,
        0.5770517282707747,
        0.5386369963024937,
        0.4939120599003725,
        0.504093723241673,
        0.477902380186458,
        0.4699620618376621,
        0.46970234222190327,
        0.4342948250299276,
        0.4515422263810801,
        0.40337595690128414,
        0.3728995437538901,
        0.32319331238436144,
        0.3227145748082982,
        0.296296164653329,
        0.30930642575718637,
        0.29333244212145027,
        0.29082960670077523,
        0.2604996187742366,
        0.2670397584348224,
        0.24829740328497665,
        0.25227181442341834,
        0.24064253686472428,
        0.21571431698840718,
        0.235541048697954,
        0.2258094938168692,
        0.21944948467750883,
        0.2073637078147988,
        0.20749638766743417,
        0.21299508062386235,
        0.1871961569196956,
        0.20185136158279207,
        0.20366022917766904,
        0.19479388691658198,
        0.18996438715433658,
        0.1868237197856171,
        0.18389961773226426
    ],
    "train_acc": [
        0.8671586715867159,
        0.8664206642066421,
        0.8516605166051661,
        0.8487084870848709,
        0.8273062730627306,
        0.8612546125461255,
        0.8523985239852399,
        0.855350553505535,
        0.8656826568265683,
        0.8686346863468635,
        0.8664206642066421,
        0.8811808118081181,
        0.8863468634686347,
        0.888560885608856,
        0.8929889298892989,
        0.8937269372693727,
        0.8952029520295203,
        0.8966789667896679,
        0.8959409594095941,
        0.9062730627306274,
        0.8900369003690037,
        0.9107011070110701,
        0.9188191881918819,
        0.9232472324723248,
        0.9276752767527675,
        0.9394833948339484,
        0.9380073800738007,
        0.9365313653136531,
        0.9365313653136531,
        0.9468634686346864,
        0.9476014760147602,
        0.948339483394834,
        0.9490774907749078,
        0.9512915129151291,
        0.959409594095941,
        0.9564575645756458,
        0.9571955719557196,
        0.9616236162361623,
        0.9630996309963099,
        0.9660516605166052,
        0.9623616236162361,
        0.9682656826568266,
        0.9645756457564576,
        0.9697416974169741,
        0.9675276752767528,
        0.9697416974169741,
        0.9660516605166052,
        0.9712177121771217
    ],
    "train_f1": [
        0.01098901098901099,
        0.09045226130653267,
        0.1589958158995816,
        0.39882697947214074,
        0.5,
        0.5765765765765766,
        0.5614035087719298,
        0.5739130434782609,
        0.6060606060606061,
        0.6147186147186147,
        0.6189473684210526,
        0.6477024070021882,
        0.6592920353982301,
        0.6651884700665188,
        0.6908315565031983,
        0.6869565217391305,
        0.6952789699570815,
        0.6995708154506438,
        0.6954643628509719,
        0.7233115468409586,
        0.6823027718550106,
        0.7408993576017131,
        0.7533632286995515,
        0.7699115044247787,
        0.776255707762557,
        0.8101851851851852,
        0.8055555555555556,
        0.8018433179723502,
        0.8018433179723502,
        0.8301886792452831,
        0.831353919239905,
        0.8317307692307693,
        0.836104513064133,
        0.8413461538461539,
        0.8655256723716381,
        0.8571428571428571,
        0.8592233009708737,
        0.8712871287128713,
        0.8762376237623762,
        0.8838383838383839,
        0.8746928746928747,
        0.8922305764411027,
        0.8811881188118812,
        0.8967254408060453,
        0.89,
        0.8962025316455696,
        0.8855721393034826,
        0.9012658227848102
    ],
    "train_mcc": [
        0.06921264220816632,
        0.12497307786652646,
        0.12059438292080772,
        0.31344571829960577,
        0.4176460734127777,
        0.5093846183999996,
        0.4922607865390423,
        0.5082197270704678,
        0.5482553021899964,
        0.5589567035897104,
        0.5669723635484841,
        0.5986048482324651,
        0.6117525276158471,
        0.618758174539488,
        0.6550236237709357,
        0.6477058714966766,
        0.659671470702379,
        0.6649944115557463,
        0.6590410775090964,
        0.6922620135691976,
        0.6444184570240977,
        0.7165922282415802,
        0.7252339590149501,
        0.7473359778853167,
        0.75072764193091,
        0.7899757982065101,
        0.7843918091063306,
        0.7805066929435036,
        0.7805066929435036,
        0.8116784967850036,
        0.8122310683343527,
        0.8113596977748214,
        0.8179133519267477,
        0.8228188638211512,
        0.8497757960198491,
        0.8408402300802704,
        0.8430539108301646,
        0.8554069257744129,
        0.8612573898154812,
        0.8685214925212633,
        0.8601451204558046,
        0.8790083066079475,
        0.8671078538565495,
        0.8838760096889955,
        0.8765978441826395,
        0.8828586681845356,
        0.8718228189602206,
        0.8888072885066128
    ],
    "val_loss": [
        1.1826272227547385,
        1.2078569639812817,
        1.116235153241591,
        0.9917265285145153,
        0.9170586737719449,
        0.8854552236470309,
        0.8179524486715143,
        0.807476815852252,
        0.7258404981006276,
        0.7541368955915625,
        0.7023765715685758,
        0.7180884290825237,
        0.7373522140763022,
        0.7736877392638813,
        0.7925771434198726,
        0.6529323296113447,
        0.7443562989885156,
        0.8733528229323301,
        0.7563327225771818,
        0.741442926905372,
        0.9814987887035717,
        0.9658016765659506,
        0.9362059045921672,
        0.9550465846603567,
        0.9806912514296445,
        1.3820796845988794,
        1.0974215228449216,
        1.0384683602235534,
        1.1227014389905063,
        1.1977085535499183,
        1.1725730408321728,
        1.3279032172127203,
        1.2036451277407734,
        1.2581546320156618,
        1.28740044683218,
        1.458537602966482,
        1.405761149119247,
        1.4848947626623241,
        1.6090862838212738,
        1.552892961285331,
        1.539994915100661,
        1.549123615026474,
        1.5186558121984655,
        1.5257797796617856,
        1.5430930893529544,
        1.6392651823433964,
        1.5589533705602994,
        1.5696033869277348
    ],