{
    "train_loss": [
        1.207088896008425,
        1.1700647196104361,
        1.0630951523780823,
        0.9344596114269522,
        0.8667329147804615,
        0.773041422977004,
        0.7543948985809503,
        0.7338322054508121,
        0.6829744896223379,
        0.6556644990693691,
        0.6139159396637318,
        0.5582965893107791,
        0.5529124560051186,
        0.5603211109721383,
        0.48454157696213834,
        0.48096288047557656,
        0.44590122685876005,
        0.48829790152782615,
        0.4524364717477976,
        0.46133514961530997,
        0.4194221278262693,
        0.4316296508145887,
        0.39339842283448506,
        0.39070883358633796,
        0.3664099497850551,
        0.3466112700312637,
        0.3412111505519512,
        0.31359223674896153,
        0.29996277634487595,
        0.3154011592268944,
        0.3116234942924145,
        0.2931742828425973,
        0.3172530386337014,
        0.2828866737179978,
        0.28301100328911183
    ],
    "train_acc": [
        0.8671586715867159,
        0.8656826568265683,
        0.8428044280442805,
        0.844280442804428,
        0.8634686346863468,
        0.8693726937269373,
        0.8590405904059041,
        0.8664206642066421,
        0.8715867158671586,
        0.8774907749077491,
        0.8826568265682657,
        0.888560885608856,
        0.8804428044280442,
        0.8819188191881919,
        0.8974169741697416,
        0.8959409594095941,
        0.9011070110701107,
        0.8907749077490775,
        0.8966789667896679,
        0.8848708487084871,
        0.9062730627306274,
        0.9047970479704797,
        0.9114391143911439,
        0.9107011070110701,
        0.9114391143911439,
        0.9180811808118081,
        0.9166051660516605,
        0.9188191881918819,
        0.9239852398523986,
        0.922509225092251,
        0.9239852398523986,
        0.9298892988929889,
        0.9239852398523986,
        0.9284132841328413,
        0.933579335793358
    ],
    "train_f1": [
        0.01098901098901099,
        0.07142857142857142,
        0.375366568914956,
        0.5058548009367682,
        0.5386533665835411,
        0.6022471910112359,
        0.5874730021598272,
        0.5895691609977324,
        0.6150442477876106,
        0.6452991452991453,
        0.6458797327394209,
        0.6606741573033708,
        0.6538461538461539,
        0.6536796536796536,
        0.6958424507658644,
        0.6954643628509719,
        0.7074235807860262,
        0.6824034334763949,
        0.6916299559471366,
        0.6722689075630253,
        0.7184035476718403,
        0.7225806451612903,
        0.7321428571428571,
        0.7317073170731707,
        0.7402597402597403,
        0.7494356659142212,
        0.7516483516483516,
        0.7555555555555555,
        0.7695749440715883,
        0.7619047619047619,
        0.7695749440715883,
        0.7855530474040632,
        0.7695749440715883,
        0.7820224719101123,
        0.7926267281105991
    ],
    "train_mcc": [
        0.06921264220816632,
        0.10358987382413469,
        0.2865562628835902,
        0.42286412067152945,
        0.4624327148432999,
        0.5407829549863554,
        0.5254487387884664,
        0.5248383135791477,
        0.5575191475080592,
        0.5981631541547624,
        0.5947156452984831,
        0.6119854107895385,
        0.6087818059631145,
        0.6071130098884234,
        0.6578555339819796,
        0.6590410775090964,
        0.6723905160134228,
        0.6437026481422767,
        0.6518931232638846,
        0.6339106742287683,
        0.6839285846833671,
        0.6932140969925018,
        0.6999043387389464,
        0.700221187219337,
        0.7141270238855633,
        0.7195879269507595,
        0.725896520851086,
        0.7291171472667026,
        0.7453181531374067,
        0.734180050090034,
        0.7453181531374067,
        0.7635314851461436,
        0.7453181531374067,
        0.7598674343807649,
        0.7693728549637645
    ],
    "val_loss": [
        1.2121500698002903,
        1.190499489957636,
        1.0023249712857334,
        0.9545552405444059,
        0.8757040988315236,
        0.8643776313825087,
        0.7574233981696042,
        0.7951709248802878,
        0.8388073390180414,
        0.7848529815673828,
        0.7973582121458921,
        0.7720152383500879,
        0.7189399843866174,
        0.7312503335150805,
        0.7431588714773004,
        0.7582928998903795,
        0.8475046814842657,
        0.763292521238327,
        0.7004660124128516,
        0.9504445357756182,
        0.8745056011460044,
        0.8054843517867002,
        1.0047281682491302,
        0.9090497426011346,
        1.0440799553285947,
        0.9275563047690825,
        1.0078888413580982,
        1.1045715483752163,
        1.0901879912072963,
        1.1732451848008416,
        1.2188996090130373,
        1.4470169950615277,
        1.406510504809293,
        1.3317566879770972,
        1.3107999048449777
    ],
    "val_acc": [
        0.8609467455621301,
        0.8579881656804734,
        0.8284023668639053,
        0.8550295857988166,
        0.8609467455621301,
        0.8609467455621301,
        0.8609467455621301,
        0.849112426035503,
        0.7988165680473372,
        0.8846153846153846,
        0.8875739644970414,
        0.8402366863905325,
        0.863905325443787,
        0.849112426035503,
        0.8372781065088757,
        0.849112426035503,
        0.8905325443786982,
        0.8313609467455622,
        0.8579881656804734,
        0.8816568047337278,
        0.8579881656804734,
        0.834319526627219,
        0.8727810650887574,
        0.8609467455621301,
        0.8757396449704142,
        0.8757396449704142,
        0.8727810650887574,
        0.8757396449704142,
        0.878698224852071,
        0.8727810650887574,
        0.8757396449704142,
        0.8727810650887574,
        0.8757396449704142,
        0.8757396449704142,
        0.8698224852071006
    ],
    "val_f1": [
        0.0,
        0.04,
        0.3958333333333333,
        0.4731182795698925,
        0.5607476635514018,
        0.591304347826087,
        0.5982905982905983,
        0.5853658536585366,
        0.5277777777777778,
        0.6285714285714286,
        0.5869565217391305,
        0.5645161290322581,
        0.5892857142857143,
        0.5853658536585366,
        0.5669291338582677,
        0.5853658536585366,
        0.6336633663366337,
        0.5581395348837209,
        0.6065573770491803,
        0.6363636363636364,
        0.6065573770491803,
        0.5625,
        0.6260869565217392,
        0.6115702479338843,
        0.6181818181818182,
        0.625,
        0.6260869565217392,
        0.6037735849056604,
        0.6306306306306306,
        0.6194690265486725,
        0.6181818181818182,
        0.6194690265486725,
        0.6037735849056604,
        0.5961538461538461,
        0.6
    ],
    "val_mcc": [
        -0.03023554532132041,
        0.024117442818221493,
        0.2970765456623599,
        0.3894440761660795,
        0.48932441575883406,
        0.5304124402501588,
        0.5405626441145962,
        0.5294726592831094,
        0.4749562200170363,
        0.570064705472574,
        0.5220889200790669,
        0.5038073599832804,
        0.5260280881202429,
        0.5294726592831094,
        0.5095964997587664,
        0.5294726592831094,
        0.5749235633526375,
        0.5001057563113892,
        0.5554062798682805,
        0.5821780872546202,
        0.5554062798682805,
        0.5048157507420078,
        0.5733947957535283,
        0.5607576713837427,
        0.5600808167894813,
        0.5697183433812436,
        0.5733947957535283,
        0.5407325064252786,
        0.575886947094384,
        0.5636677503940755,
        0.5600808167894813,
        0.5636677503940755,
        0.5407325064252786,
        0.5310130028454315,
        0.5379835463243424
    ]
}