{
    "0.3": {
        "threshold": 0.3,
        "precision": 0.7659076174899164,
        "recall": 0.8655870445344128,
        "f1": 0.811380334323179,
        "mcc": 0.7895833282552932,
        "auc": 0.9634490804541826
    },
    "0.4": {
        "threshold": 0.4,
        "precision": 0.7776001057222149,
        "recall": 0.8655870445344128,
        "f1": 0.8176146963196667,
        "mcc": 0.7965242688546994,
        "auc": 0.9634490804541826
    },
    "0.5": {
        "threshold": 0.5,
        "precision": 0.7802458328006037,
        "recall": 0.8604588394062077,
        "f1": 0.816786290883418,
        "mcc": 0.7954376381385749,
        "auc": 0.9634490804541826
    }
}