{
    "0.3": {
        "threshold": 0.3,
        "precision": 0.6968730383815466,
        "recall": 0.8913630229419702,
        "f1": 0.7744360258489149,
        "mcc": 0.7545349137071897,
        "auc": 0.9638432427871869
    },
    "0.4": {
        "threshold": 0.4,
        "precision": 0.7154259501397938,
        "recall": 0.8913630229419702,
        "f1": 0.7883021825279469,
        "mcc": 0.768309016621305,
        "auc": 0.9638432427871869
    },
    "0.5": {
        "threshold": 0.5,
        "precision": 0.7402445386044703,
        "recall": 0.88110661268556,
        "f1": 0.8020668034655722,
        "mcc": 0.7808250903520534,
        "auc": 0.9638432427871869
    }
}