{
    "0.3": {
        "threshold": 0.3,
        "precision": 0.7426406926406927,
        "recall": 0.8502024291497976,
        "f1": 0.7902264032138768,
        "mcc": 0.7664863594252381,
        "auc": 0.9680188975912019
    },
    "0.4": {
        "threshold": 0.4,
        "precision": 0.7523265635857808,
        "recall": 0.8502024291497976,
        "f1": 0.7956480899608648,
        "mcc": 0.7725018135592575,
        "auc": 0.9680188975912019
    },
    "0.5": {
        "threshold": 0.5,
        "precision": 0.7631535131535132,
        "recall": 0.8502024291497976,
        "f1": 0.8013460956588705,
        "mcc": 0.7789865685729672,
        "auc": 0.9680188975912019
    }
}