{
    "accuracy": 0.8950892857142857,
    "precision": 0.5128205128205128,
    "recall": 0.8163265306122449,
    "f1": 0.6299212598425197,
    "auc": 0.952943583448417,
    "mcc": 0.5935056463496807
}