{
    "accuracy": 0.8919149604649945,
    "precision": 0.6010279082619508,
    "recall": 0.5977777777777777,
    "f1": 0.5969734921294692,
    "auc": 0.8433572260250657,
    "mcc": 0.5362916768014119
}