{
    "0.3": {
        "threshold": 0.3,
        "precision": 0.5708159270272116,
        "recall": 0.6066666666666667,
        "f1": 0.5853770443393084,
        "mcc": 0.5209872442282892,
        "auc": 0.8433572260250657
    },
    "0.4": {
        "threshold": 0.4,
        "precision": 0.5826303854875283,
        "recall": 0.6066666666666667,
        "f1": 0.5916916889257315,
        "mcc": 0.5288102107867867,
        "auc": 0.8433572260250657
    },
    "0.5": {
        "threshold": 0.5,
        "precision": 0.6010279082619508,
        "recall": 0.5977777777777777,
        "f1": 0.5969734921294692,
        "mcc": 0.5362916768014119,
        "auc": 0.8433572260250657
    }
}