{
    "0.3": {
        "threshold": 0.3,
        "precision": 0.48143647085513236,
        "recall": 0.7209661835748792,
        "f1": 0.5742511889880311,
        "mcc": 0.5093918532916153,
        "auc": 0.8636004307907728
    },
    "0.4": {
        "threshold": 0.4,
        "precision": 0.49690680144279575,
        "recall": 0.7209661835748792,
        "f1": 0.5840644919475197,
        "mcc": 0.5209000845208518,
        "auc": 0.8636004307907728
    },
    "0.5": {
        "threshold": 0.5,
        "precision": 0.5090250329380764,
        "recall": 0.7165217391304347,
        "f1": 0.5896187305568245,
        "mcc": 0.5274095557036633,
        "auc": 0.8636004307907728
    }
}