{
    "0.3": {
        "threshold": 0.3,
        "precision": 0.5148240801697023,
        "recall": 0.6859903381642513,
        "f1": 0.5862429946796274,
        "mcc": 0.5200561796969974,
        "auc": 0.8677199225141905
    },
    "0.4": {
        "threshold": 0.4,
        "precision": 0.5235483899747654,
        "recall": 0.6728502415458937,
        "f1": 0.5869736957663672,
        "mcc": 0.5205126101706071,
        "auc": 0.8677199225141905
    },
    "0.5": {
        "threshold": 0.5,
        "precision": 0.5513194444444445,
        "recall": 0.6684057971014493,
        "f1": 0.6020385241669646,
        "mcc": 0.5381701909185642,
        "auc": 0.8677199225141905
    }
}