{
    "accuracy": 0.8511627906976743,
    "precision": 0.3938735032094499,
    "recall": 0.7304804804804805,
    "f1": 0.510754611773202,
    "auc": 0.8864748769879064,
    "mcc": 0.46182582653065263
}