{
    "0.3": {
        "threshold": 0.3,
        "precision": 0.3851736003711723,
        "recall": 0.6981981981981982,
        "f1": 0.49367744925836254,
        "mcc": 0.4409101014164363,
        "auc": 0.8779620370825583
    },
    "0.4": {
        "threshold": 0.4,
        "precision": 0.4064282992749465,
        "recall": 0.6927927927927928,
        "f1": 0.5096180926614419,
        "mcc": 0.45725634471994836,
        "auc": 0.8779620370825583
    },
    "0.5": {
        "threshold": 0.5,
        "precision": 0.43226207781438647,
        "recall": 0.6651651651651651,
        "f1": 0.5211987137434602,
        "mcc": 0.46607582048284735,
        "auc": 0.8779620370825583
    }
}