{
    "0.3": {
        "threshold": 0.3,
        "precision": 0.36234446234168277,
        "recall": 0.7471471471471471,
        "f1": 0.48447253910660404,
        "mcc": 0.43820463546150223,
        "auc": 0.8924453319811626
    },
    "0.4": {
        "threshold": 0.4,
        "precision": 0.37474883214159915,
        "recall": 0.7198198198198199,
        "f1": 0.490153996931486,
        "mcc": 0.43951664044857053,
        "auc": 0.8924453319811626
    },
    "0.5": {
        "threshold": 0.5,
        "precision": 0.41261585318982974,
        "recall": 0.7033033033033034,
        "f1": 0.5157395583653968,
        "mcc": 0.4645895329992854,
        "auc": 0.8924453319811626
    }
}