{
    "0.3": {
        "threshold": 0.3,
        "precision": 0.3631217701898497,
        "recall": 0.747897897897898,
        "f1": 0.48520027564820395,
        "mcc": 0.4385519715680869,
        "auc": 0.8840782213746383
    },
    "0.4": {
        "threshold": 0.4,
        "precision": 0.39300438990928255,
        "recall": 0.7256756756756756,
        "f1": 0.5059902707289435,
        "mcc": 0.456853486636904,
        "auc": 0.8840782213746383
    },
    "0.5": {
        "threshold": 0.5,
        "precision": 0.4219666354137631,
        "recall": 0.6872372372372373,
        "f1": 0.5177491607966499,
        "mcc": 0.46565036936823195,
        "auc": 0.8840782213746383
    }
}