{
    "accuracy": 0.8302325581395349,
    "precision": 0.35106382978723405,
    "recall": 0.7333333333333333,
    "f1": 0.4748201438848921,
    "auc": 0.8733621933621933,
    "mcc": 0.42578381733387805
}