{
    "train_loss": [
        0.4967301770423849,
        0.39345969911664724,
        0.39344101088742417,
        0.3674123724922538,
        0.3413758430009087,
        0.3063606846456726,
        0.2681183225164811,
        0.22647598339244723,
        0.19812787557020783,
        0.16460762359201908,
        0.14698042666229108,
        0.1357751952794691,
        0.09439760361177225,
        0.09695884914738902,
        0.06410743311668436,
        0.05601121947984211,
        0.07467917586958113,
        0.06436561949279469,
        0.04133696971136184,
        0.058566912024010286,
        0.027337002068331156,
        0.014482940914604114,
        0.00920774331461871,
        0.01031145547555449,
        0.008652199952697023,
        0.00965276013842716,
        0.007743039302492131,
        0.00510532091410217,
        0.004910849018339529,
        0.0026976778772223042,
        0.0077414079088005865,
        0.0059413597067153505,
        0.004511244279797211,
        0.0024684905838133395,
        0.003087928108925553,
        0.003039956650809472
    ],
    "train_acc": [
        0.7997373604727511,
        0.8667104399212081,
        0.866053841103086,
        0.866053841103086,
        0.866053841103086,
        0.8745896257386737,
        0.896913985554826,
        0.9133289560078792,
        0.9231779382797111,
        0.9402495075508864,
        0.9487852921864741,
        0.9468154957321077,
        0.963887065003283,
        0.9606040709126723,
        0.9770190413657256,
        0.9822718319107026,
        0.9750492449113591,
        0.9743926460932371,
        0.9881812212738017,
        0.9783322390019698,
        0.9908076165462902,
        0.9954038082731451,
        0.9973736047275115,
        0.9967170059093894,
        0.9967170059093894,
        0.9960604070912672,
        0.9980302035456337,
        0.9993434011818779,
        0.9986868023637557,
        0.9993434011818779,
        0.9973736047275115,
        0.9980302035456337,
        0.9986868023637557,
        0.9993434011818779,
        0.9993434011818779,
        0.9993434011818779
    ],
    "train_f1": [
        0.13105413105413105,
        0.0,
        0.0,
        0.009708737864077669,
        0.02857142857142857,
        0.25680933852140075,
        0.5015873015873016,
        0.611764705882353,
        0.688,
        0.7660668380462725,
        0.7989690721649485,
        0.7917737789203085,
        0.8621553884711779,
        0.8543689320388349,
        0.914004914004914,
        0.9333333333333333,
        0.9068627450980392,
        0.9041769041769042,
        0.9556650246305419,
        0.9177057356608479,
        0.9651741293532339,
        0.9828009828009828,
        0.9901960784313726,
        0.9877149877149877,
        0.9877149877149877,
        0.9852216748768473,
        0.9926289926289926,
        0.9975429975429976,
        0.9950738916256158,
        0.9975429975429976,
        0.9901960784313726,
        0.9926289926289926,
        0.9950738916256158,
        0.9975429975429976,
        0.9975429975429976,
        0.9975429975429976
    ],
    "val_loss": [
        0.3865708087881406,
        0.39230935275554657,
        0.3698466594020526,
        0.3370196546117465,
        0.34918781369924545,
        0.29168402527769405,
        0.3273294468720754,
        0.2795318129161994,
        0.27651051183541614,
        0.2760890449086825,
        0.26776863137880963,
        0.3172441991046071,
        0.317571888367335,
        0.2623166727523009,
        0.37291250315805274,
        0.37959075594941777,
        0.40263891716798145,
        0.46573668469985324,
        0.42407668630282086,
        0.5368962933619817,
        0.565024696290493,
        0.6758559881709516,
        0.736285682573604,
        0.9284622222185135,
        0.9001949081818262,
        1.0113953004280727,
        0.8930925118426482,
        0.9389824271202087,
        0.894290658334891,
        0.899795634051164,
        0.9272506342579921,
        0.8258934559610983,
        0.898015981229643,
        0.8809552773212393,
        0.9115012944675982,
        0.9244458271811405
    ],
    "val_acc": [
        0.8647058823529412,
        0.8647058823529412,
        0.8647058823529412,
        0.8705882352941177,
        0.8647058823529412,
        0.8764705882352941,
        0.888235294117647,
        0.8941176470588236,
        0.8941176470588236,
        0.9,
        0.9,
        0.9117647058823529,
        0.9,
        0.9058823529411765,
        0.888235294117647,
        0.888235294117647,
        0.888235294117647,
        0.8941176470588236,
        0.8941176470588236,
        0.888235294117647,
        0.888235294117647,
        0.8823529411764706,
        0.8823529411764706,
        0.8764705882352941,
        0.8705882352941177,
        0.8764705882352941,
        0.8705882352941177,
        0.8705882352941177,
        0.8705882352941177,
        0.8764705882352941,
        0.888235294117647,
        0.8823529411764706,
        0.888235294117647,
        0.888235294117647,
        0.888235294117647,
        0.888235294117647
    ],
    "val_f1": [
        0.0,
        0.0,
        0.0,
        0.08333333333333333,
        0.0,
        0.2222222222222222,
        0.3870967741935484,
        0.55,
        0.5263157894736842,
        0.5641025641025641,
        0.5853658536585366,
        0.5454545454545454,
        0.5853658536585366,
        0.5555555555555556,
        0.5128205128205128,
        0.5365853658536586,
        0.42424242424242425,
        0.4375,
        0.5,
        0.45714285714285713,
        0.45714285714285713,
        0.4444444444444444,
        0.4444444444444444,
        0.36363636363636365,
        0.3888888888888889,
        0.4,
        0.3888888888888889,
        0.3888888888888889,
        0.3888888888888889,
        0.43243243243243246,
        0.4864864864864865,
        0.47368421052631576,
        0.4864864864864865,
        0.4864864864864865,
        0.4864864864864865,
        0.4864864864864865
    ]
}