{
    "0.3": {
        "threshold": 0.3,
        "precision": 0.19588416292669658,
        "recall": 0.6309090909090909,
        "f1": 0.29387255121890565,
        "mcc": 0.3150637085313729,
        "auc": 0.8504981887183026
    },
    "0.4": {
        "threshold": 0.4,
        "precision": 0.20566475191475192,
        "recall": 0.5909090909090909,
        "f1": 0.2982003009909987,
        "mcc": 0.3118391606047044,
        "auc": 0.8504981887183026
    },
    "0.5": {
        "threshold": 0.5,
        "precision": 0.22247685473491927,
        "recall": 0.5909090909090909,
        "f1": 0.3160155708419986,
        "mcc": 0.32757969612552285,
        "auc": 0.8504981887183026
    }
}