{
    "0.3": {
        "threshold": 0.3,
        "precision": 0.24564393939393936,
        "recall": 0.6309090909090909,
        "f1": 0.33991822131357013,
        "mcc": 0.35466318640518524,
        "auc": 0.8874407452130411
    },
    "0.4": {
        "threshold": 0.4,
        "precision": 0.24836538461538465,
        "recall": 0.6109090909090908,
        "f1": 0.3374992209590859,
        "mcc": 0.34985880131787594,
        "auc": 0.8874407452130411
    },
    "0.5": {
        "threshold": 0.5,
        "precision": 0.2705049261083744,
        "recall": 0.6109090909090908,
        "f1": 0.35694076038903627,
        "mcc": 0.36755326107059155,
        "auc": 0.8874407452130411
    }
}