{
    "0.3": {
        "threshold": 0.3,
        "precision": 0.19099923301119803,
        "recall": 0.6072727272727272,
        "f1": 0.27931340405014465,
        "mcc": 0.29748279183711807,
        "auc": 0.8578778678626875
    },
    "0.4": {
        "threshold": 0.4,
        "precision": 0.18938430363962278,
        "recall": 0.5672727272727274,
        "f1": 0.2703240659659089,
        "mcc": 0.2862326340758933,
        "auc": 0.8578778678626875
    },
    "0.5": {
        "threshold": 0.5,
        "precision": 0.2941991341991342,
        "recall": 0.5672727272727274,
        "f1": 0.3063208118962595,
        "mcc": 0.33504034278136113,
        "auc": 0.8578778678626875
    }
}