{
    "train_loss": [
        1.203619360923767,
        1.1865981290506762,
        1.1741616129875183,
        1.0900582477103833,
        0.9569296178429626,
        0.7997764716314715,
        0.7252424789029498,
        0.7383760498013607,
        0.7019303669763166,
        0.6604122859100963,
        0.6699913878773534,
        0.6615723160117172,
        0.5890156002931817,
        0.6143807297529176,
        0.5674172875493072,
        0.5445501395436221,
        0.6121703961560893,
        0.550405507863954,
        0.49832362473704095,
        0.5200524823956711,
        0.5297931141631548,
        0.49840784575356994,
        0.43973191567631653,
        0.43226336323937703,
        0.37934199313438216,
        0.44554795307475464,
        0.39988027097180834,
        0.45164599139676537,
        0.3431819781314495,
        0.3597726430310759,
        0.4246929516625959,
        0.33087738135526346,
        0.30782823576483614,
        0.2917402119830597,
        0.26408561119853063,
        0.23641414030693297,
        0.2300335544832917,
        0.22515687487239755,
        0.20098445040368756,
        0.20255616532508716,
        0.21630533074223718,
        0.187038425529419,
        0.18613680547406508,
        0.1846188436760459,
        0.1691577636615135,
        0.18084800485954727,
        0.1557880603751644,
        0.1578680269939955,
        0.17180717381280522,
        0.15989038488979257
    ],
    "train_acc": [
        0.8663220088626292,
        0.8663220088626292,
        0.8670605612998523,
        0.8604135893648449,
        0.8234859675036927,
        0.8257016248153619,
        0.8596750369276218,
        0.8316100443131462,
        0.844903988183161,
        0.8389955686853766,
        0.8574593796159528,
        0.844903988183161,
        0.8685376661742984,
        0.8670605612998523,
        0.8833087149187593,
        0.8737075332348597,
        0.8633677991137371,
        0.8855243722304283,
        0.8906942392909897,
        0.879615952732644,
        0.878138847858198,
        0.8929098966026587,
        0.914327917282127,
        0.9106351550960118,
        0.9231905465288035,
        0.9025110782865583,
        0.9084194977843427,
        0.9032496307237814,
        0.9290989660265879,
        0.930576070901034,
        0.8929098966026587,
        0.9231905465288035,
        0.9335302806499262,
        0.9224519940915805,
        0.9357459379615952,
        0.947562776957164,
        0.9453471196454948,
        0.946824224519941,
        0.9564254062038404,
        0.9542097488921714,
        0.948301329394387,
        0.9586410635155096,
        0.9571639586410635,
        0.9586410635155096,
        0.9601181683899557,
        0.9608567208271788,
        0.9615952732644018,
        0.9601181683899557,
        0.9556868537666174,
        0.9593796159527327
    ],
    "train_f1": [
        0.021621621621621623,
        0.07179487179487179,
        0.08163265306122448,
        0.12093023255813953,
        0.4793028322440087,
        0.5203252032520326,
        0.594017094017094,
        0.5511811023622047,
        0.573170731707317,
        0.5791505791505791,
        0.5987525987525988,
        0.5833333333333334,
        0.6291666666666667,
        0.6326530612244898,
        0.6609442060085837,
        0.6474226804123712,
        0.6277665995975855,
        0.6623093681917211,
        0.6768558951965066,
        0.6597077244258872,
        0.6555323590814196,
        0.6840958605664488,
        0.7351598173515982,
        0.724373576309795,
        0.7625570776255708,
        0.7167381974248928,
        0.7232142857142857,
        0.7029478458049887,
        0.7798165137614679,
        0.7793427230046949,
        0.6960167714884696,
        0.7678571428571429,
        0.7916666666666666,
        0.7661469933184856,
        0.7990762124711316,
        0.8321513002364066,
        0.8262910798122066,
        0.8309859154929577,
        0.8557457212713936,
        0.8509615384615384,
        0.8349056603773585,
        0.8640776699029126,
        0.8599033816425121,
        0.8640776699029126,
        0.8689320388349514,
        0.8704156479217604,
        0.8719211822660099,
        0.8689320388349514,
        0.8536585365853658,
        0.8668280871670703
    ],
    "train_mcc": [
        0.047889152144732196,
        0.10403880266596909,
        0.11822736826973884,
        0.11442701846218499,
        0.39212859375575454,
        0.4469595794334912,
        0.5353785342542803,
        0.4894362834956401,
        0.51411492050482,
        0.5280892163645581,
        0.5440296658128029,
        0.5298930647279202,
        0.5820395612484566,
        0.5891375241730374,
        0.618102187407979,
        0.6064055087702297,
        0.5849162134539873,
        0.6180156366011987,
        0.635710617268551,
        0.6201428737493786,
        0.6148985856819217,
        0.6449069512256563,
        0.7018033186874939,
        0.6889699860077382,
        0.7350374616454967,
        0.6873846112009643,
        0.6899501357222845,
        0.6634279857425281,
        0.7553745260838701,
        0.7520227392748046,
        0.6650916334951591,
        0.7445467930245715,
        0.768524401051002,
        0.7427791920581193,
        0.7777719600616445,
        0.8145767666341249,
        0.8084398615115727,
        0.8140815737352495,
        0.8388669663547247,
        0.8350476399316785,
        0.8181792158074883,
        0.8495559138910583,
        0.8451427570447262,
        0.8495559138910583,
        0.8553289987655314,
        0.8562760381236558,
        0.8572865120547987,
        0.8553289987655314,
        0.8366435083722226,
        0.8531059899822038
    ],
    "val_loss": [
        1.207503784786571,
        1.2050210345875134,
        1.1538382822817022,
        0.9893475879322399,
        0.915106475353241,
        1.2974361221898685,
        1.332627984610471,
        0.8084701543504541,
        1.2134551785208962,
        0.774664041670886,
        1.0043985735286365,
        0.8115847733887759,
        0.817080023613843,
        0.7946658838878978,
        0.7724631049416282,
        0.844335981390693,
        0.854727029800415,
        0.7564957900480791,
        0.7270056456327438,
        0.9333462809974497,
        0.7221826260740106,
        0.7147888568314639,
        0.797934502363205,
        0.7968919033353979,
        1.2424017706335606,
        0.7750955549153414,
        1.0140927569432692,
        0.8402848758480765,
        1.041987183419141,
        1.035376208072359,
        0.8282739398154345,
        0.938848305832256,
        1.1611243405125358,
        1.1841136000373147,
        1.2477988682009957,
        1.244332736188715,
        1.7406284971670671,
        1.5254513174295425,
        1.5208895856683904,
        1.3034962822090497,
        1.5404062000187961,
        1.6691597456281835,
        1.554769522764466,
        1.6443417234854265,
        1.6205408654429696,
        1.7066590379584918,
        1.748505107381127,
        1.7840859266844662,
        1.644438003951853,
        1.789744658903642
    ],