{
    "train_loss": [
        1.2064497858978982,
        1.165237970130388,
        1.0772993578467258,
        0.9570153244706088,
        0.8628839940525764,
        0.792990005986635,
        0.7647766491701437,
        0.7221000416334286,
        0.6917743620484375,
        0.626153020664703,
        0.5772667159867841,
        0.5653622178144233,
        0.5320161175589229,
        0.5191921148189279,
        0.511834570834803,
        0.48705897047076113,
        0.46949507365393084,
        0.4337231544561164,
        0.47356085860451985,
        0.46089505629484046,
        0.40483747907849243,
        0.3876813014232835,
        0.3761384779977244,
        0.3681059628725052,
        0.3707850478416265,
        0.3671183478693629,
        0.35276166505591816,
        0.3583844804833102,
        0.34111733093511226,
        0.3359458075706349,
        0.342736883045629,
        0.3387558954053147,
        0.32194546142289804,
        0.3110486805265726,
        0.3067224538603494,
        0.30351690324239955,
        0.3020455123380173,
        0.27927438109073527,
        0.27991479791181034,
        0.26716924432751743,
        0.2820278562085573,
        0.2642169039436551,
        0.25479623471754925,
        0.24247325211763382,
        0.24791038174961888,
        0.24646161433829125,
        0.2559916699348494,
        0.24581024917059166,
        0.24462175109358722,
        0.23672498927213426
    ],
    "train_acc": [
        0.8663220088626292,
        0.8648449039881831,
        0.8530280649926145,
        0.8441654357459379,
        0.8626292466765141,
        0.8471196454948301,
        0.8552437223042836,
        0.8515509601181684,
        0.8308714918759232,
        0.8574593796159528,
        0.8655834564254062,
        0.879615952732644,
        0.8759231905465288,
        0.8847858197932054,
        0.8884785819793205,
        0.8810930576070901,
        0.8914327917282127,
        0.9017725258493353,
        0.8973412112259971,
        0.9054652880354506,
        0.9150664697193501,
        0.9084194977843427,
        0.9113737075332349,
        0.9187592319054653,
        0.9165435745937962,
        0.9231905465288035,
        0.9135893648449039,
        0.9231905465288035,
        0.9202363367799113,
        0.9261447562776958,
        0.9239290989660266,
        0.9254062038404727,
        0.9320531757754801,
        0.9276218611521418,
        0.9335302806499262,
        0.9335302806499262,
        0.9298375184638109,
        0.9342688330871491,
        0.9387001477104875,
        0.9416543574593796,
        0.9394387001477105,
        0.9394387001477105,
        0.9409158050221565,
        0.9401772525849336,
        0.9416543574593796,
        0.9431314623338257,
        0.9409158050221565,
        0.9431314623338257,
        0.9423929098966026,
        0.947562776957164
    ],
    "train_f1": [
        0.0,
        0.031746031746031744,
        0.2968197879858657,
        0.48661800486618007,
        0.5571428571428572,
        0.5509761388286334,
        0.5899581589958159,
        0.5821205821205822,
        0.5654648956356736,
        0.5970772442588727,
        0.6239669421487604,
        0.6479481641468683,
        0.6470588235294118,
        0.6694915254237288,
        0.6794055201698513,
        0.6624737945492662,
        0.6905263157894737,
        0.7076923076923077,
        0.6971677559912854,
        0.7142857142857143,
        0.7392290249433107,
        0.7256637168141593,
        0.7297297297297297,
        0.751131221719457,
        0.7505518763796909,
        0.7657657657657657,
        0.7428571428571429,
        0.7688888888888888,
        0.7589285714285714,
        0.771689497716895,
        0.7685393258426966,
        0.7730337078651686,
        0.7909090909090909,
        0.78125,
        0.7935779816513762,
        0.7954545454545454,
        0.7845804988662132,
        0.7972665148063781,
        0.8083140877598153,
        0.8183908045977012,
        0.8101851851851852,
        0.8110599078341014,
        0.813953488372093,
        0.8120649651972158,
        0.8167053364269141,
        0.819672131147541,
        0.815668202764977,
        0.817966903073286,
        0.8202764976958525,
        0.831353919239905
    ],
    "train_mcc": [
        -0.010645187266383556,
        0.048282857154841784,
        0.23227292533600785,
        0.4007091500702347,
        0.4847321384277413,
        0.48085778900471754,
        0.5323262671254091,
        0.5231024756224414,
        0.5125753216131359,
        0.5414785527375251,
        0.5765257164417005,
        0.6012322186890661,
        0.6034391087332655,
        0.6303825699963416,
        0.6424633985314636,
        0.6230361498285807,
        0.6575735410807972,
        0.6728791481737778,
        0.661041740000331,
        0.679030804261827,
        0.7075451933155104,
        0.6940945728627061,
        0.6968004487964625,
        0.7223047600177106,
        0.7249533639781698,
        0.7407265985588021,
        0.7161366346897272,
        0.7464649397354267,
        0.7336274615641141,
        0.7461155092981642,
        0.7444210739567851,
        0.7499039886196739,
        0.7700645884029528,
        0.7609257902152576,
        0.7720411818413535,
        0.7755873084430892,
        0.762691702781738,
        0.7774634925643154,
        0.7889335082585207,
        0.8017606606423588,
        0.7908815946231025,
        0.7925683052346998,
        0.7948099118096511,
        0.7928403604157384,
        0.7984382425036713,
        0.800784363717743,
        0.7981406138651561,
        0.7975704816786973,
        0.8037129224956123,
        0.8130395002000674
    ],
    "val_loss": [
        1.1995675509626216,
        1.132805585861206,
        1.0241816965016453,
        0.9387698173522949,
        0.936490305445411,
        0.8826458941806447,
        0.8522888367826288,
        0.7754296064376831,
        0.7967862053350969,
        0.7519999200647528,
        0.7823219543153589,
        0.7709715393456545,
        0.7404782555320046,
        0.7970405952496962,
        0.7909195585684343,
        0.7785365012559023,
        0.8245890167626467,
        0.8953730734911832,
        0.827234230258248,
        0.8804032369093462,
        0.8812209394845095,
        0.8992977399717678,
        0.967915259978988,
        0.9637911753220991,
        0.975425890900872,
        0.9843067201701078,
        1.1182130114598707,
        1.0518212210048328,
        1.0891624499451031,
        1.0539437965913252,
        1.0789181021126835,
        1.1087467819452286,
        1.1103513972325758,
        1.1332829621705143,
        1.123278016393835,
        1.0746353376995434,
        1.0666469443928113,
        1.0981156527996063,
        1.156357967718081,
        1.2211011715910651,
        1.2051253914833069,
        1.1823228137059645,
        1.172992048615759,
        1.1526336121288212,
        1.2385170676491477,
        1.1504848436875776,
        1.2489612007682973,
        1.2208761925047094,
        1.2910459502176805,
        1.20356316187165
    ],