{
    "train_loss": [
        1.204616320687671,
        1.152858906014021,
        1.0924394186152968,
        0.9231891784557077,
        0.7900922693485437,
        0.7915438725504764,
        0.6872870575549991,
        0.6915982102238855,
        0.6242480194845865,
        0.6626120625540267,
        0.6695675579614417,
        0.5707813626111939,
        0.5599527948124464,
        0.6137772389622622,
        0.5590616823715526,
        0.47296602019043854,
        0.48466312469438066,
        0.427168590731399,
        0.44421584557655247,
        0.43215894629788953,
        0.3732286472913138,
        0.34005975740593536,
        0.36399694376213604,
        0.3420310037773709,
        0.35117386835952136,
        0.3180313964569291,
        0.274801027982734,
        0.26139174834933393,
        0.237467854738582,
        0.2650948677991712,
        0.23965868631074594,
        0.23865125965067122,
        0.26927969494271414,
        0.2760153307124626,
        0.21616071408484563,
        0.22337428705636844,
        0.21481020722624866,
        0.2037197103572273,
        0.19850738632471063,
        0.2094125170044081,
        0.19833622909649168,
        0.18706181407148062,
        0.20057225565231124,
        0.1962052811543609,
        0.2065468591659568,
        0.1985386907188005,
        0.20822590437912664,
        0.1779636885743415,
        0.19633562594305637,
        0.18405175620560035
    ],
    "train_acc": [
        0.8677991137370753,
        0.8663220088626292,
        0.8530280649926145,
        0.8323485967503693,
        0.8522895125553914,
        0.8249630723781388,
        0.861890694239291,
        0.8463810930576071,
        0.861890694239291,
        0.8648449039881831,
        0.8404726735598228,
        0.8825701624815362,
        0.8729689807976366,
        0.8500738552437223,
        0.8367799113737076,
        0.8774002954209749,
        0.8766617429837519,
        0.8951255539143279,
        0.8914327917282127,
        0.8892171344165436,
        0.9113737075332349,
        0.914327917282127,
        0.9113737075332349,
        0.9032496307237814,
        0.9150664697193501,
        0.9165435745937962,
        0.930576070901034,
        0.9335302806499262,
        0.9409158050221565,
        0.9342688330871491,
        0.9357459379615952,
        0.9409158050221565,
        0.9431314623338257,
        0.9254062038404727,
        0.9431314623338257,
        0.9512555391432792,
        0.948301329394387,
        0.9512555391432792,
        0.9512555391432792,
        0.9542097488921714,
        0.9556868537666174,
        0.9571639586410635,
        0.9556868537666174,
        0.9549483013293943,
        0.9564254062038404,
        0.9519940915805022,
        0.9519940915805022,
        0.9564254062038404,
        0.9534711964549483,
        0.9564254062038404
    ],
    "train_f1": [
        0.011049723756906077,
        0.12560386473429952,
        0.2656826568265683,
        0.48758465011286684,
        0.5594713656387665,
        0.5398058252427185,
        0.5961123110151187,
        0.584,
        0.6096033402922756,
        0.6114649681528662,
        0.5862068965517241,
        0.6580645161290323,
        0.635593220338983,
        0.6011787819253438,
        0.5914972273567468,
        0.6541666666666667,
        0.6570841889117043,
        0.70042194092827,
        0.6931106471816284,
        0.6926229508196722,
        0.7368421052631579,
        0.7467248908296943,
        0.7391304347826086,
        0.7242105263157895,
        0.7494553376906318,
        0.755939524838013,
        0.7892376681614349,
        0.7954545454545454,
        0.8165137614678899,
        0.7990970654627539,
        0.8009153318077803,
        0.817351598173516,
        0.8188235294117647,
        0.7789934354485777,
        0.8213457076566125,
        0.8450704225352113,
        0.8356807511737089,
        0.8436018957345972,
        0.8450704225352113,
        0.8523809523809524,
        0.8571428571428571,
        0.861244019138756,
        0.8557692307692307,
        0.8544152744630071,
        0.8578313253012049,
        0.8470588235294118,
        0.8441247002398081,
        0.8591885441527446,
        0.850356294536817,
        0.8585131894484412
    ],
    "train_mcc": [
        0.06943027694852386,
        0.14643670771422757,
        0.20766797117414532,
        0.40160638569616924,
        0.49041935205011356,
        0.4762238272072307,
        0.5370312388700601,
        0.5297646490757109,
        0.5572114169398958,
        0.5577298841896541,
        0.5383859654256348,
        0.6142690885077501,
        0.588068513045939,
        0.5541933406563491,
        0.5510265507157253,
        0.6134677013815368,
        0.6192084603367017,
        0.6696339659494689,
        0.6620971782890337,
        0.664511538001019,
        0.7090518474439311,
        0.7218773870395947,
        0.7131648318071615,
        0.6997314792243801,
        0.7255808950990292,
        0.7349842599786617,
        0.7700095590028595,
        0.7755873084430892,
        0.799818941437159,
        0.7810150152117044,
        0.781245884023223,
        0.8015057475615021,
        0.7991726092618915,
        0.7613087286712287,
        0.8040361245916043,
        0.8310067104062799,
        0.8197232859589263,
        0.8280015684688525,
        0.8310067104062799,
        0.8379086694969494,
        0.8436050651593561,
        0.8479023186350297,
        0.840781821759608,
        0.8400416910653694,
        0.8429558308073937,
        0.8330765982624116,
        0.8271713294533511,
        0.8457474310837421,
        0.8357879732748392,
        0.8443452266351686
    ],
    "val_loss": [
        1.2027271877635608,
        1.166128857569261,
        1.0586523901332507,
        0.9178443225947294,
        0.8638876161792062,
        0.8791588869961825,
        0.815469430251555,
        0.8195363066413186,
        1.3689617223360322,
        1.1134131334044717,
        0.7965706126256422,
        0.8405213518576189,
        1.0644181235270067,
        0.9816168329932473,
        1.0207525004040112,
        0.8307750929485668,
        0.9083163250576366,
        1.2036526040597395,
        0.7914988127621737,
        0.8112859346649863,
        1.052796251394532,
        1.151248961687088,
        1.1848056235096671,
        0.9997357658364556,
        1.0177251208912244,
        1.273600247773257,
        1.2894892692565918,
        1.277113970538432,
        1.6325087493116206,
        1.3052305802702904,
        1.3696587519212202,
        1.9190730073235251,
        1.767698567021977,
        1.4369727346030148,
        1.8576302108439533,
        1.8544257378036326,
        1.737964760173451,
        1.821419163861058,
        1.8239691162651235,
        1.9359141605144197,
        1.902126128023321,
        1.9840631430799311,
        1.8075351044535637,
        1.9336748285727068,
        1.9800317571921782,
        1.8274172727357259,
        1.8109182579950853,
        1.9297995486042716,
        2.0239332602782683,
        2.0235654122450133
    ],