{
    "train_loss": [
        1.202916841174281,
        1.1860075606856235,
        1.1097495320231416,
        1.1090882136378177,
        0.9874876224717428,
        0.9018458051736965,
        0.8286765418773474,
        0.8012487375459005,
        0.717591771552729,
        0.7299653562002404,
        0.7397199397863343,
        0.6610489206951718,
        0.6188172399997711,
        0.674248318339503,
        0.6681608505720316,
        0.599242719106896,
        0.5781687054523202,
        0.5508476052173349,
        0.5331071944430817,
        0.5335098189669986,
        0.5525350719690323,
        0.5248313199642093,
        0.49815437024415926,
        0.4719374789748081,
        0.47832681637170704,
        0.526422010951264,
        0.4672639238279919,
        0.46230522283287934,
        0.4655897437139999
    ],
    "train_acc": [
        0.8655834564254062,
        0.861890694239291,
        0.8545051698670606,
        0.8493353028064993,
        0.8264401772525849,
        0.827917282127031,
        0.8257016248153619,
        0.8353028064992615,
        0.8478581979320532,
        0.8441654357459379,
        0.8478581979320532,
        0.8633677991137371,
        0.8692762186115214,
        0.8744460856720827,
        0.896602658788774,
        0.8884785819793205,
        0.8884785819793205,
        0.8988183161004432,
        0.9002954209748892,
        0.9010339734121122,
        0.8951255539143279,
        0.9039881831610044,
        0.9084194977843427,
        0.9121122599704579,
        0.9150664697193501,
        0.9054652880354506,
        0.912850812407681,
        0.914327917282127,
        0.9202363367799113
    ],
    "train_f1": [
        0.031914893617021274,
        0.08780487804878048,
        0.20883534136546184,
        0.2765957446808511,
        0.4547563805104408,
        0.5031982942430704,
        0.5461538461538461,
        0.5363825363825364,
        0.5846774193548387,
        0.5754527162977867,
        0.5863453815261044,
        0.6137787056367432,
        0.6257928118393234,
        0.62882096069869,
        0.6650717703349283,
        0.6666666666666666,
        0.6710239651416122,
        0.6879271070615034,
        0.6966292134831461,
        0.6981981981981982,
        0.6885964912280702,
        0.7018348623853211,
        0.7142857142857143,
        0.7264367816091954,
        0.735632183908046,
        0.7168141592920354,
        0.7330316742081447,
        0.7339449541284404,
        0.7511520737327189
    ],
    "train_mcc": [
        0.054966092313455894,
        0.09172708332182604,
        0.16644990888036626,
        0.20968446020342926,
        0.36180343964489803,
        0.42250447543795544,
        0.4855879884403535,
        0.46555270259894715,
        0.5296707609389095,
        0.518132170556702,
        0.5322791460417476,
        0.5624557050073528,
        0.576073013467467,
        0.5764709630509587,
        0.6135810854773981,
        0.6219366260103041,
        0.6287721624509818,
        0.6447232327294496,
        0.6566944393505655,
        0.6583650677544154,
        0.6496531218779332,
        0.6609301434581313,
        0.6755498239951189,
        0.6904826321756573,
        0.7016104350223274,
        0.6832358118092317,
        0.7002782145555818,
        0.6998190068922591,
        0.7201282930387688
    ],
    "val_loss": [
        1.2131146842783147,
        1.1592427437955684,
        1.1019408160989934,
        1.0476546341722661,
        0.8861297098073092,
        0.8322520797902887,
        0.849244705655358,
        0.8268603845076128,
        0.749557611617175,
        0.8184752247550271,
        0.8169689341024919,
        0.8259185552597046,
        0.8034899180585687,
        0.7582585459405725,
        0.7884474694728851,
        0.8873754848133434,
        0.8388697369532152,
        0.836805674162778,
        0.8778725916689093,
        0.8244160305369984,
        0.8183458826758645,
        0.8242454122413289,
        0.8115519393574108,
        0.9031558632850647,
        0.849157371304252,
        0.8497081019661643,
        0.912502261725339,
        0.8498418222774159,
        0.8973577943715182
    ],
    "val_acc": [
        0.8643067846607669,
        0.8613569321533924,
        0.8495575221238938,
        0.8407079646017699,
        0.855457227138643,
        0.7905604719764012,
        0.8023598820058997,
        0.7728613569321534,
        0.8082595870206489,
        0.8082595870206489,
        0.7551622418879056,
        0.8171091445427728,
        0.7817109144542773,
        0.8436578171091446,
        0.8289085545722714,
        0.7817109144542773,
        0.8289085545722714,
        0.8259587020648967,
        0.8407079646017699,
        0.8348082595870207,
        0.8289085545722714,
        0.8377581120943953,
        0.8289085545722714,
        0.8466076696165191,
        0.8377581120943953,
        0.7935103244837758,
        0.8466076696165191,
        0.8289085545722714,
        0.8348082595870207
    ],
    "val_f1": [
        0.0,
        0.04081632653061224,
        0.13559322033898305,
        0.4375,
        0.5333333333333333,
        0.5170068027210885,
        0.5037037037037037,
        0.5032258064516129,
        0.5390070921985816,
        0.49612403100775193,
        0.484472049689441,
        0.5441176470588235,
        0.5,
        0.5691056910569106,
        0.5538461538461539,
        0.5066666666666667,
        0.532258064516129,
        0.5426356589147286,
        0.5645161290322581,
        0.5625,
        0.5396825396825397,
        0.5528455284552846,
        0.5538461538461539,
        0.5666666666666667,
        0.56,
        0.5138888888888888,
        0.5517241379310345,
        0.546875,
        0.5409836065573771
    ],
    "val_mcc": [
        0.0,
        0.05453220583952547,
        0.10029424269343189,
        0.3453108915218664,
        0.4542383702506295,
        0.45756673783241153,
        0.42916862755757484,
        0.44647232141477355,
        0.481573048187891,
        0.4154163352838341,
        0.42563986278632754,
        0.48350471021536623,
        0.4349486552515319,
        0.5047439945075141,
        0.49084411839686404,
        0.4461844654515257,
        0.4587500910728565,
        0.4755128378419649,
        0.4996808137662895,
        0.500315991062438,
        0.46950551955122005,
        0.4841855162979686,
        0.49084411839686404,
        0.49958738357499305,
        0.494697432131144,
        0.45035148169460565,
        0.478820568942849,
        0.4802012945526934,
        0.4685817985145024
    ]
}