{
    "train_loss": [
        1.1904189891285366,
        0.6691309836175706,
        0.45482809527052775,
        0.43412977192136976,
        0.35350788086652757,
        0.32227737870481277,
        0.25002468021379576,
        0.32479941849079397,
        0.23615604812900226,
        0.2005746866679854,
        0.25419237217865887,
        0.28067260107232467,
        0.20341582265165117,
        0.15627429737812942,
        0.1972281468514767,
        0.2170475259837177,
        0.19941745902308158,
        0.1275144821808984,
        0.1159949114261609,
        0.13966923981594542,
        0.11568325986219052,
        0.10334242993137903,
        0.0987872995927723,
        0.09175251260166987
    ],
    "train_acc": [
        0.8965034965034965,
        0.9286713286713286,
        0.9097902097902097,
        0.9167832167832168,
        0.9286713286713286,
        0.9454545454545454,
        0.9398601398601398,
        0.9223776223776223,
        0.9398601398601398,
        0.955944055944056,
        0.9433566433566434,
        0.9307692307692308,
        0.9482517482517483,
        0.9629370629370629,
        0.9538461538461539,
        0.9447552447552447,
        0.9496503496503497,
        0.9727272727272728,
        0.9762237762237762,
        0.9699300699300699,
        0.9748251748251748,
        0.9790209790209791,
        0.9804195804195804,
        0.9839160839160839
    ],
    "train_f1": [
        0.13953488372093023,
        0.6946107784431138,
        0.6799007444168734,
        0.7061728395061728,
        0.7384615384615385,
        0.7891891891891892,
        0.7736842105263158,
        0.725925925925926,
        0.7736842105263158,
        0.8264462809917356,
        0.7874015748031497,
        0.7455012853470437,
        0.8042328042328042,
        0.8523676880222841,
        0.8216216216216217,
        0.7926509186351706,
        0.8095238095238095,
        0.8869565217391304,
        0.9,
        0.8774928774928775,
        0.8953488372093024,
        0.9107142857142857,
        0.9171597633136095,
        0.9305135951661632
    ],
    "train_mcc": [
        0.21081410160221842,
        0.6566404316054765,
        0.6542478548256773,
        0.6864286236789849,
        0.7194789067179276,
        0.7722135867452267,
        0.7574655640662521,
        0.7101185701460043,
        0.7574655640662521,
        0.8132108305183557,
        0.7739331661198081,
        0.727452735923905,
        0.7925694062475858,
        0.841889280985135,
        0.8099759336391541,
        0.7800997924504,
        0.7987696537977598,
        0.877473052993649,
        0.8910968377783426,
        0.868322727113354,
        0.8867987350769679,
        0.9023789286483676,
        0.9101614533749965,
        0.9238388690918559
    ],
    "val_loss": [
        1.0197647958993912,
        0.360160194337368,
        0.2797064619759719,
        0.36007972558339435,
        0.30034856125712395,
        0.29964510289331275,
        0.3230120378235976,
        0.23221767218395448,
        0.2641218499193201,
        0.9251163096632808,
        0.22180519873897234,
        0.26415469745794934,
        0.35838528104250145,
        0.470954289038976,
        0.4135105121725549,
        0.30034104113777477,
        0.5983133184490725,
        0.672955515587546,
        0.3488067801420887,
        0.7112169160714643,
        0.7993045608745888,
        0.5611293744295835,
        1.222486455735634,
        0.8331791544272468
    ],
    "val_acc": [
        0.9162011173184358,
        0.952513966480447,
        0.946927374301676,
        0.946927374301676,
        0.9385474860335196,
        0.9664804469273743,
        0.9413407821229051,
        0.9301675977653632,
        0.9720670391061452,
        0.9553072625698324,
        0.9581005586592178,
        0.9608938547486033,
        0.9664804469273743,
        0.7905027932960894,
        0.946927374301676,
        0.8994413407821229,
        0.952513966480447,
        0.9553072625698324,
        0.946927374301676,
        0.9553072625698324,
        0.946927374301676,
        0.9497206703910615,
        0.946927374301676,
        0.946927374301676
    ],
    "val_f1": [
        0.4,
        0.8,
        0.8,
        0.7764705882352941,
        0.7708333333333334,
        0.8636363636363636,
        0.7741935483870968,
        0.7474747474747475,
        0.8809523809523809,
        0.7894736842105263,
        0.8275862068965517,
        0.8409090909090909,
        0.8571428571428571,
        0.5098039215686274,
        0.7816091954022989,
        0.6785714285714286,
        0.7848101265822784,
        0.7894736842105263,
        0.7912087912087912,
        0.7948717948717948,
        0.7466666666666667,
        0.7857142857142857,
        0.7397260273972602,
        0.7532467532467533
    ],
    "val_mcc": [
        0.4572562792921045,
        0.7766579792416362,
        0.7873013096663426,
        0.7498663472731928,
        0.754486523232753,
        0.8519635703934617,
        0.754463112146822,
        0.7312301520245316,
        0.8680640164638477,
        0.7648245285667338,
        0.8096453325596187,
        0.8258793355349259,
        0.8410196410488222,
        0.5115398237239877,
        0.7570213258318875,
        0.6686204623229415,
        0.7582040805325089,
        0.7648245285667338,
        0.771862239413618,
        0.7697934249658388,
        0.7177950094904991,
        0.7598865148037459,
        0.7124041520630504,
        0.7235950281353616
    ]
}