{
    "train_loss": [
        1.1552408443556892,
        0.6169309960471259,
        0.44025061792797515,
        0.4309007090826829,
        0.34161359154515797,
        0.3518924292590883,
        0.3082736902766757,
        0.30784596188200847,
        0.3096702667574088,
        0.2680116561551889,
        0.3007748064895471,
        0.22217791312270693,
        0.2072381872890724,
        0.22866987362504004,
        0.1679809353624781,
        0.14906574084113042,
        0.14821023914135165,
        0.09322847101009554,
        0.11291640806529257,
        0.11371113461338811,
        0.07981864589059519,
        0.11540523419777553,
        0.08837847167419063,
        0.07038138033822179,
        0.05934511445876625,
        0.056335546208235124,
        0.052776228739983506,
        0.0763153500466918,
        0.044709818536001776,
        0.045109457018164295,
        0.04070385202066973,
        0.04417624158991708,
        0.033826248205473856
    ],
    "train_acc": [
        0.8909090909090909,
        0.8573426573426574,
        0.8958041958041958,
        0.9272727272727272,
        0.9202797202797203,
        0.9258741258741259,
        0.9307692307692308,
        0.9342657342657342,
        0.9314685314685315,
        0.9496503496503497,
        0.9230769230769231,
        0.9531468531468531,
        0.958041958041958,
        0.9517482517482517,
        0.965034965034965,
        0.9678321678321679,
        0.9699300699300699,
        0.9818181818181818,
        0.9783216783216783,
        0.9727272727272728,
        0.9846153846153847,
        0.9776223776223776,
        0.9818181818181818,
        0.9867132867132867,
        0.9895104895104895,
        0.9867132867132867,
        0.990909090909091,
        0.9839160839160839,
        0.9916083916083916,
        0.990909090909091,
        0.9923076923076923,
        0.993006993006993,
        0.9923076923076923
    ],
    "train_f1": [
        0.1875,
        0.5732217573221757,
        0.6574712643678161,
        0.7346938775510204,
        0.7205882352941176,
        0.7295918367346939,
        0.7493670886075949,
        0.7564766839378239,
        0.7487179487179487,
        0.8054054054054054,
        0.7303921568627451,
        0.8154269972451791,
        0.8324022346368715,
        0.8099173553719008,
        0.8579545454545454,
        0.8693181818181818,
        0.8753623188405797,
        0.9226190476190477,
        0.9074626865671642,
        0.8876080691642652,
        0.9337349397590361,
        0.9053254437869822,
        0.9221556886227545,
        0.9422492401215805,
        0.9538461538461539,
        0.9418960244648318,
        0.9597523219814241,
        0.9305135951661632,
        0.9627329192546584,
        0.9597523219814241,
        0.9657320872274143,
        0.96875,
        0.9657320872274143
    ],
    "train_mcc": [
        0.19821713471631874,
        0.5486501872189784,
        0.6385864574647103,
        0.7157255474442527,
        0.7048780358300181,
        0.7096760304489795,
        0.7342535162438829,
        0.7393444486107097,
        0.7316191449150028,
        0.7910947601921904,
        0.7166675687548044,
        0.8004500328925327,
        0.8185336908479969,
        0.7940696340796212,
        0.8461793534144951,
        0.8592329576150693,
        0.8642187330846924,
        0.9159097632405208,
        0.8984736243256265,
        0.8787632812758841,
        0.9276831300656235,
        0.896693973970736,
        0.9149518013049849,
        0.9367656390579879,
        0.949230247244438,
        0.9360307753613089,
        0.9556212384869046,
        0.9238388690918559,
        0.9588577800377133,
        0.9556212384869046,
        0.9621222309756623,
        0.965415011169212,
        0.9621222309756623
    ],
    "val_loss": [
        0.8481563478708267,
        0.29720843334992725,
        0.3432985407610734,
        0.29209354892373085,
        0.33190589925895136,
        0.25252521969377995,
        0.3524517125139634,
        0.3089660331606865,
        0.3206715607084334,
        0.23514370868603388,
        0.4228263112405936,
        0.4795686545937012,
        0.29440585523843765,
        0.31939766618112725,
        0.5752277038215349,
        0.6210410301573575,
        0.5684679726449152,
        0.47093713257830433,
        0.42776873032562435,
        0.8276073591162761,
        1.585562641111513,
        0.7148306146264076,
        0.6754220987204462,
        0.8907180431609353,
        0.906783013502718,
        0.9465989413050314,
        1.0466635520509346,
        0.9725217537488788,
        0.8734898085240275,
        1.064455445855856,
        1.1465291647861402,
        1.5113464641108294,
        1.2409174994948746
    ],
    "val_acc": [
        0.9078212290502793,
        0.9134078212290503,
        0.8743016759776536,
        0.946927374301676,
        0.952513966480447,
        0.9329608938547486,
        0.9497206703910615,
        0.9553072625698324,
        0.9441340782122905,
        0.946927374301676,
        0.9664804469273743,
        0.9581005586592178,
        0.9301675977653632,
        0.9441340782122905,
        0.9636871508379888,
        0.9692737430167597,
        0.9581005586592178,
        0.9692737430167597,
        0.9581005586592178,
        0.9664804469273743,
        0.9581005586592178,
        0.952513966480447,
        0.9581005586592178,
        0.9608938547486033,
        0.9636871508379888,
        0.9581005586592178,
        0.9608938547486033,
        0.9553072625698324,
        0.9553072625698324,
        0.952513966480447,
        0.946927374301676,
        0.9413407821229051,
        0.9441340782122905
    ],
    "val_f1": [
        0.6796116504854369,
        0.6990291262135923,
        0.6341463414634146,
        0.7912087912087912,
        0.7848101265822784,
        0.76,
        0.7804878048780488,
        0.8095238095238095,
        0.7872340425531915,
        0.8,
        0.8421052631578947,
        0.8051948051948052,
        0.7474747474747475,
        0.782608695652174,
        0.8266666666666667,
        0.8533333333333334,
        0.7945205479452054,
        0.8607594936708861,
        0.8235294117647058,
        0.8333333333333334,
        0.7887323943661971,
        0.7848101265822784,
        0.8051948051948052,
        0.8157894736842105,
        0.8266666666666667,
        0.7945205479452054,
        0.8055555555555556,
        0.7837837837837838,
        0.7894736842105263,
        0.7733333333333333,
        0.7323943661971831,
        0.704225352112676,
        0.7058823529411765
    ],
    "val_mcc": [
        0.6558171951764079,
        0.6792158951836985,
        0.631498902855821,
        0.771862239413618,
        0.7582040805325089,
        0.7476796535963661,
        0.7533161816196975,
        0.7869308902187714,
        0.7709599159218722,
        0.7873013096663426,
        0.8237267940775201,
        0.7818078416347908,
        0.7312301520245316,
        0.7630480687838538,
        0.8072279375871112,
        0.8370389136193152,
        0.7735649881394465,
        0.8435795452517283,
        0.8034496112100796,
        0.8183580567774691,
        0.7703448443489282,
        0.7582040805325089,
        0.7818078416347908,
        0.7942756613221269,
        0.8072279375871112,
        0.7735649881394465,
        0.7873655481213457,
        0.7603247735887553,
        0.7648245285667338,
        0.7476059855227031,
        0.7074953789257477,
        0.6760706462141574,
        0.684813711061072
    ]
}