{
    "train_loss": [
        0.31064202631306315,
        0.1446844341026412,
        0.13124011657718154,
        0.135044589266181,
        0.14203867788116137,
        0.13336536089579265,
        0.12897115473945936,
        0.11234443086302942,
        0.11049231199754608,
        0.09982371282660299,
        0.09058785965252254,
        0.07364833546905881,
        0.07248898744518455,
        0.06029852527297205,
        0.045371131943021385,
        0.03517700351722952,
        0.027551623608451335,
        0.026059429562600496,
        0.019850991998828248,
        0.021748152428497432,
        0.02069201878354458,
        0.012911360517076293,
        0.009207583316411829,
        0.011298733339572209,
        0.007293462318461429,
        0.008084199279100328,
        0.006323947954276972,
        0.005958709606496389,
        0.005935167675064198,
        0.005997407703278492,
        0.006896598251154905,
        0.005768205365105435,
        0.004871282506952133,
        0.004939915289254613,
        0.004794260654872081,
        0.00555961696120701,
        0.004593974534721686,
        0.0039664243868578015,
        0.004506931027976356,
        0.005017742288167584,
        0.005394256247679626,
        0.004043400469385637,
        0.004407549311210662,
        0.003987182133724647,
        0.006462788445084142,
        0.004318927482007792,
        0.004957561071643745,
        0.004374251374099142,
        0.004196582361679349,
        0.004159422009316217,
        0.003699764260058045,
        0.0034435959717332783,
        0.006774924758113027,
        0.004264275599174046,
        0.003471550212304919,
        0.004051813945979019
    ],
    "train_acc": [
        0.9429175475687104,
        0.9689922480620154,
        0.9689922480620154,
        0.9689922480620154,
        0.9689922480620154,
        0.9689922480620154,
        0.9689922480620154,
        0.9689922480620154,
        0.9689922480620154,
        0.9689922480620154,
        0.9689922480620154,
        0.9689922480620154,
        0.9682875264270613,
        0.9718111346018323,
        0.9809725158562368,
        0.9844961240310077,
        0.992952783650458,
        0.992952783650458,
        0.9943622269203665,
        0.9936575052854123,
        0.9950669485553206,
        0.9964763918252291,
        0.9957716701902748,
        0.9957716701902748,
        0.9971811134601832,
        0.9964763918252291,
        0.9971811134601832,
        0.9971811134601832,
        0.9978858350951374,
        0.9964763918252291,
        0.9971811134601832,
        0.9971811134601832,
        0.9985905567300916,
        0.9978858350951374,
        0.9978858350951374,
        0.9964763918252291,
        0.9971811134601832,
        0.9978858350951374,
        0.9985905567300916,
        0.9985905567300916,
        0.9978858350951374,
        0.9985905567300916,
        0.9978858350951374,
        0.9985905567300916,
        0.9971811134601832,
        0.9978858350951374,
        0.9971811134601832,
        0.9971811134601832,
        0.9978858350951374,
        0.9978858350951374,
        0.9992952783650458,
        0.9985905567300916,
        0.9971811134601832,
        0.9985905567300916,
        0.9978858350951374,
        0.9985905567300916
    ],
    "train_f1": [
        0.047058823529411764,
        0.0,
        0.0,
        0.0,
        0.0,
        0.0,
        0.0,
        0.0,
        0.0,
        0.0,
        0.0,
        0.0,
        0.0,
        0.16666666666666666,
        0.6746987951807228,
        0.7380952380952381,
        0.8837209302325582,
        0.8809523809523809,
        0.9069767441860465,
        0.8941176470588236,
        0.9195402298850575,
        0.9425287356321839,
        0.9302325581395349,
        0.9302325581395349,
        0.9534883720930233,
        0.9411764705882353,
        0.9534883720930233,
        0.9534883720930233,
        0.9655172413793104,
        0.9425287356321839,
        0.9534883720930233,
        0.9545454545454546,
        0.9772727272727273,
        0.967032967032967,
        0.9662921348314607,
        0.9425287356321839,
        0.9545454545454546,
        0.9662921348314607,
        0.9772727272727273,
        0.9772727272727273,
        0.9662921348314607,
        0.9777777777777777,
        0.9655172413793104,
        0.9772727272727273,
        0.9545454545454546,
        0.9662921348314607,
        0.9545454545454546,
        0.9545454545454546,
        0.9662921348314607,
        0.9662921348314607,
        0.9887640449438202,
        0.9772727272727273,
        0.9555555555555556,
        0.9772727272727273,
        0.9662921348314607,
        0.9772727272727273
    ],
    "train_mcc": [
        0.017685865352547337,
        0.0,
        0.0,
        0.0,
        0.0,
        0.0,
        0.0,
        0.0,
        0.0,
        0.0,
        0.0,
        0.0,
        -0.0047504732152374345,
        0.29721914913888203,
        0.6662188016251087,
        0.7310060666442043,
        0.8803424340110206,
        0.8783878576269117,
        0.9043314863953513,
        0.8914428727698859,
        0.91706052144883,
        0.9407776039000929,
        0.9283205387796821,
        0.9283205387796821,
        0.9523095911640128,
        0.9399849287375158,
        0.9523095911640128,
        0.9523095911640128,
        0.9644946863513557,
        0.9407776039000929,
        0.9523095911640128,
        0.9530909090909091,
        0.9765454545454545,
        0.9665027985342143,
        0.9652659127863112,
        0.9407776039000929,
        0.9530909090909091,
        0.9652659127863112,
        0.9765454545454545,
        0.9765454545454545,
        0.9652659127863112,
        0.9773077482464818,
        0.9644946863513557,
        0.9765454545454545,
        0.9530909090909091,
        0.9652659127863112,
        0.9530909090909091,
        0.9530909090909091,
        0.9652659127863112,
        0.9652659127863112,
        0.9884668262853674,
        0.9765454545454545,
        0.9543520491343558,
        0.9765454545454545,
        0.9652659127863112,
        0.9765454545454545
    ],
    "val_loss": [
        0.15259599275887012,
        0.1358133353292942,
        0.13379969894886018,
        0.13147103860974313,
        0.14099180418998003,
        0.12178921774029731,
        0.1236284913495183,
        0.11467588897794485,
        0.09543115608394145,
        0.14127639243379236,
        0.119279008731246,
        0.11926301866769791,
        0.13272090507671236,
        0.12541880812495948,
        0.16658486761152744,
        0.14048385210335254,
        0.20780530367046596,
        0.24759624637663363,
        0.26825276734307407,
        0.21963776648044586,
        0.17249738648533822,
        0.286437495960854,
        0.2752461299300194,
        0.31584647232666613,
        0.3328946886118501,
        0.3216145983198658,
        0.3520749876974151,
        0.36127464089368005,
        0.3622387028604862,
        0.35269967796630225,
        0.3728449962247396,
        0.3530142962030368,
        0.3655642388301203,
        0.3658835593203548,
        0.36968612505879717,
        0.36988808920577865,
        0.3747393986675888,
        0.37327711665129754,
        0.38466843777423493,
        0.3866155010735383,
        0.3809092607611092,
        0.38677019450697114,
        0.4016090329067083,
        0.3874193324241787,
        0.40023664075997656,
        0.39293576538329944,
        0.3882622072647791,
        0.3963257786061149,
        0.388770954546635,
        0.3929345321608707,
        0.39825720637454654,
        0.3930722798395436,
        0.3947794036736013,
        0.3945701147604268,
        0.39244568248977885,
        0.388429246697342
    ],