{
    "train_loss": [
        0.8828798142217454,
        0.7393836733840761,
        0.6620540555034365,
        0.6359128405650457,
        0.655919536948204,
        0.6458796887170701,
        0.6430021609578814,
        0.6178328231686637,
        0.5846972841592062,
        0.5596713515974227,
        0.5679129298244204,
        0.5472662072806131,
        0.5371410177931899,
        0.5230923756247475,
        0.5601615529684794,
        0.4940028765371868,
        0.5115978739091328,
        0.46943905843155725,
        0.44281746659960064,
        0.41397580362501596,
        0.426201051899365,
        0.3834342055377506,
        0.4072122907354718,
        0.41732880827926455,
        0.38303101080514135,
        0.3527537939094362,
        0.3431528168065207,
        0.32791716428030104,
        0.4033011439300719
    ],
    "train_acc": [
        0.8174305033809166,
        0.7873779113448535,
        0.8324567993989481,
        0.859504132231405,
        0.8534936138241923,
        0.845229151014275,
        0.8534936138241923,
        0.8534936138241923,
        0.8519909842223892,
        0.8542449286250939,
        0.8587528174305034,
        0.8677685950413223,
        0.8625093914350113,
        0.8602554470323065,
        0.8549962434259955,
        0.8549962434259955,
        0.8572501878287002,
        0.8632607062359129,
        0.8617580766341096,
        0.8564988730277987,
        0.850488354620586,
        0.8662659654395192,
        0.8564988730277987,
        0.879038317054846,
        0.8903080390683696,
        0.8978211870773855,
        0.8940646130728775,
        0.898572501878287,
        0.8730277986476334
    ],
    "train_f1": [
        0.45146726862302483,
        0.4588910133843212,
        0.5098901098901099,
        0.5336658354114713,
        0.5537757437070938,
        0.5296803652968036,
        0.5496535796766744,
        0.5346062052505967,
        0.5364705882352941,
        0.5570776255707762,
        0.5648148148148148,
        0.56,
        0.5754060324825986,
        0.5654205607476636,
        0.5643340857787811,
        0.5643340857787811,
        0.5622119815668203,
        0.5863636363636363,
        0.5874439461883408,
        0.5927505330490405,
        0.5756929637526652,
        0.6096491228070176,
        0.59958071278826,
        0.6211764705882353,
        0.6523809523809524,
        0.6746411483253588,
        0.6713286713286714,
        0.6823529411764706,
        0.6301969365426696
    ],
    "train_mcc": [
        0.3893160326646423,
        0.41963813749371964,
        0.4675287731876873,
        0.4827810778384497,
        0.5181526676709917,
        0.487828460618224,
        0.5116237067202271,
        0.4885607268949821,
        0.49258071429537387,
        0.522685821543899,
        0.5304740721502631,
        0.5147675661578195,
        0.5435142407455841,
        0.5299015748112125,
        0.5336750665958194,
        0.5336750665958194,
        0.5278546504513308,
        0.5607030417291632,
        0.5644011691617037,
        0.5808216425174092,
        0.5583894916823576,
        0.5971994345791133,
        0.5934172310730498,
        0.5988982706295051,
        0.6358984063527785,
        0.6627860397115124,
        0.6637161967360894,
        0.6756831724263777,
        0.6243149674595468
    ],
    "val_loss": [
        0.8439814204519446,
        0.8002569458701394,
        0.768839730457826,
        0.723355463959954,
        0.6845802583477714,
        0.7929480915719812,
        0.7696319290182807,
        0.8090181946754456,
        0.7122133171016519,
        0.7902969501235269,
        0.64120537313548,
        0.6798235259272836,
        0.9812290072441101,
        0.9343745681372556,
        0.8511317887089469,
        0.8264556202021512,
        0.92404320565137,
        1.0159530883485621,
        1.4120053635402159,
        1.5227902950507335,
        1.7713205516338348,
        2.2115389867262407,
        1.2821466435085644,
        1.4274549064311115,
        2.1105206554586236,
        2.3037006556987762,
        2.8614939112554896,
        3.3236348737369883,
        2.1962070512500675
    ],
    "val_acc": [
        0.8258258258258259,
        0.8318318318318318,
        0.8288288288288288,
        0.8108108108108109,
        0.8678678678678678,
        0.8738738738738738,
        0.8678678678678678,
        0.8438438438438438,
        0.8408408408408409,
        0.8768768768768769,
        0.8798798798798799,
        0.8018018018018018,
        0.8708708708708709,
        0.8708708708708709,
        0.8738738738738738,
        0.7927927927927928,
        0.8198198198198198,
        0.8198198198198198,
        0.8438438438438438,
        0.8108108108108109,
        0.8528528528528528,
        0.8468468468468469,
        0.8078078078078078,
        0.8468468468468469,
        0.8528528528528528,
        0.8438438438438438,
        0.8438438438438438,
        0.8528528528528528,
        0.8438438438438438
    ],
    "val_f1": [
        0.3958333333333333,
        0.42857142857142855,
        0.4,
        0.5116279069767442,
        0.5217391304347826,
        0.43243243243243246,
        0.4634146341463415,
        0.5272727272727272,
        0.5046728971962616,
        0.4810126582278481,
        0.5121951219512195,
        0.46774193548387094,
        0.5057471264367817,
        0.5376344086021505,
        0.5116279069767442,
        0.48120300751879697,
        0.5,
        0.47368421052631576,
        0.5094339622641509,
        0.4878048780487805,
        0.5148514851485149,
        0.49504950495049505,
        0.47540983606557374,
        0.5142857142857142,
        0.5148514851485149,
        0.49019607843137253,
        0.49019607843137253,
        0.4948453608247423,
        0.46938775510204084
    ],
    "val_mcc": [
        0.31487419971436476,
        0.3552124803370714,
        0.3196896879695197,
        0.494622228152557,
        0.46403123589707274,
        0.3617119896892881,
        0.3931520350648432,
        0.48850421045919723,
        0.4562882194207591,
        0.41387989357371,
        0.4492083945923931,
        0.4273895713866069,
        0.4427241646806399,
        0.48367522641270966,
        0.4492656200815956,
        0.45791432887942973,
        0.46581629684512876,
        0.4239868429564025,
        0.4612273268641358,
        0.45335752204109614,
        0.46294145384478586,
        0.43854140570766753,
        0.43535432216852454,
        0.4662564179837691,
        0.46294145384478586,
        0.433397992593382,
        0.433397992593382,
        0.4351605652757176,
        0.40490193883412867
    ]
}