{
    "train_loss": [
        0.9440354201055708,
        0.7337427146378017,
        0.6764105203605834,
        0.6713963555438178,
        0.6542490600120454,
        0.627826123365334,
        0.630004054024106,
        0.6253481954336166,
        0.607541826509294,
        0.5896743323121753,
        0.562269118570146,
        0.5373337513634137,
        0.5507779068180493,
        0.5385964172227042,
        0.4923159245933805,
        0.5166280404442832,
        0.4890801878202529,
        0.48027768660159337,
        0.4659084046170825,
        0.4628637159864108,
        0.4475411543888705,
        0.4297391456507501,
        0.41988101814474377,
        0.42833552314412027,
        0.4025859772449448,
        0.4084989336274919,
        0.3978540347445579,
        0.39298203711708385,
        0.39495389553762617,
        0.39597310356440996,
        0.38803030656916754,
        0.3890276439487934,
        0.37743282105241505,
        0.37771957899842945,
        0.38520191326027825,
        0.37235128648933913,
        0.36287350455919903,
        0.36908669113403275,
        0.36393578425936757,
        0.36154742255097344,
        0.3584204160031818,
        0.358888629114344,
        0.347374413872049,
        0.36095171829774264,
        0.35553641909999506,
        0.353824991555441,
        0.3609711832943417,
        0.3585929852865991,
        0.3532111058455138,
        0.3574971366851103
    ],
    "train_acc": [
        0.8692712246431255,
        0.8437265214124718,
        0.8174305033809166,
        0.821938392186326,
        0.8407212622088656,
        0.8422238918106687,
        0.8339594290007513,
        0.8512396694214877,
        0.8640120210368144,
        0.8632607062359129,
        0.8610067618332081,
        0.8677685950413223,
        0.8662659654395192,
        0.8715251690458302,
        0.8722764838467317,
        0.8745304282494365,
        0.8850488354620586,
        0.8805409466566492,
        0.8842975206611571,
        0.8873027798647634,
        0.8865514650638617,
        0.8835462058602555,
        0.8827948910593538,
        0.8865514650638617,
        0.8910593538692713,
        0.8850488354620586,
        0.8933132982719759,
        0.8970698722764838,
        0.8978211870773855,
        0.898572501878287,
        0.8963185574755823,
        0.8910593538692713,
        0.8955672426746807,
        0.8970698722764838,
        0.9000751314800901,
        0.9000751314800901,
        0.898572501878287,
        0.9030803906836965,
        0.9053343350864012,
        0.8978211870773855,
        0.9090909090909091,
        0.9023290758827949,
        0.9053343350864012,
        0.9015777610818934,
        0.9083395942900075,
        0.9068369646882044,
        0.898572501878287,
        0.898572501878287,
        0.9030803906836965,
        0.9068369646882044
    ],
    "train_f1": [
        0.4662576687116564,
        0.5251141552511416,
        0.4968944099378882,
        0.5072765072765073,
        0.5309734513274337,
        0.527027027027027,
        0.5164113785557987,
        0.5458715596330275,
        0.565947242206235,
        0.5727699530516432,
        0.5687645687645687,
        0.5769230769230769,
        0.5841121495327103,
        0.5918854415274463,
        0.5893719806763285,
        0.5975903614457831,
        0.6126582278481013,
        0.6074074074074074,
        0.6206896551724138,
        0.625,
        0.6234413965087282,
        0.6246973365617433,
        0.6138613861386139,
        0.6157760814249363,
        0.6365914786967418,
        0.6259168704156479,
        0.6485148514851485,
        0.654911838790932,
        0.66,
        0.6599496221662469,
        0.6515151515151515,
        0.6454767726161369,
        0.6550868486352357,
        0.654911838790932,
        0.6649874055415617,
        0.6615776081424937,
        0.6564885496183206,
        0.670076726342711,
        0.6735751295336787,
        0.6494845360824743,
        0.6873385012919897,
        0.6614583333333334,
        0.676923076923077,
        0.6666666666666666,
        0.6839378238341969,
        0.6787564766839378,
        0.6511627906976745,
        0.6582278481012658,
        0.6666666666666666,
        0.6804123711340206
    ],
    "train_mcc": [
        0.3954878248191043,
        0.4820189004639448,
        0.4590809496666616,
        0.47228160860423685,
        0.49386212915026606,
        0.48626442569348194,
        0.4765962528326199,
        0.5077868334067496,
        0.5270297309908724,
        0.5384773620739319,
        0.5344481239385014,
        0.5403690297063587,
        0.5534352711574857,
        0.5600102840027398,
        0.5551769033074874,
        0.5657219888093501,
        0.5775732863112524,
        0.5744330284517322,
        0.5911217852843281,
        0.5943030806524864,
        0.5927420907283846,
        0.5986383130653171,
        0.5820258711525131,
        0.5807284097373603,
        0.6081269999828391,
        0.5986543093032015,
        0.6245985303781755,
        0.6297658144452346,
        0.6371298961496147,
        0.6359118308329824,
        0.6252519069834204,
        0.622805522023746,
        0.6322800110034795,
        0.6297658144452346,
        0.6420578472207303,
        0.6363856725384375,
        0.6302015322272067,
        0.645953819502255,
        0.6483268611298177,
        0.6199340152611252,
        0.6653224277546429,
        0.633003741833456,
        0.653873353153497,
        0.6425698128496683,
        0.6608338986276623,
        0.65458037987874,
        0.6216186758465371,
        0.6330577839072049,
        0.6403488552357253,
        0.6573340564011931
    ],
    "val_loss": [
        1.5186718648130244,
        0.7000222504138947,
        0.7345698584209789,
        0.7005570341240276,
        0.7238228185610338,
        0.7230568907477639,
        0.7462578117847443,
        0.8778464631600813,
        0.7240925431251526,
        0.7535921687429602,
        0.7720003426074982,
        0.7254259505055167,
        0.711389421062036,
        0.7672080505977977,
        0.7350554967468436,
        0.7277863594618711,
        0.7531598779288206,
        0.749623797156594,
        0.8117681335319172,
        0.8174337087707086,
        0.8677707504142415,
        0.8741163503039967,
        0.9322127577933398,
        0.8799630159681494,
        0.9348403269594366,
        0.8994668898257342,
        1.1583467721939087,
        0.9618108651854775,
        1.0075414641336962,
        0.975869863548062,
        1.0241425118663094,
        1.1096140227534554,
        1.046791628680446,
        1.0631936842745,
        1.1015624810348859,
        1.1036459315906872,
        1.1367610543966293,
        1.082237341187217,
        1.0818765624002977,
        1.0798609541221098,
        1.4371166595003821,
        1.0981958230788058,
        1.0887906415895983,
        1.1558740369298242,
        1.1323082894086838,
        1.1479495601220564,
        1.1172875870357861,
        1.2049171870405024,
        1.1411082744598389,
        1.0978212742219595
    ],