{
    "train_loss": [
        0.8504403531551361,
        0.6803162317900431,
        0.6669022682167235,
        0.6607806533575058,
        0.6460383938891547,
        0.6113092260701316,
        0.6082437180337452,
        0.5820141193412599,
        0.5865894520566577,
        0.5509105551810491,
        0.5488854557985351,
        0.5166946564401899,
        0.49178459211474373,
        0.501650529957953,
        0.5044622836368424,
        0.47468903767211096,
        0.44386611843392965,
        0.42926226059595746,
        0.4102007193224771,
        0.40833026525520144,
        0.4059017634107953,
        0.3911637882036822,
        0.36658103710838724,
        0.3629850273331006,
        0.3498345936338107,
        0.351713963562534,
        0.34663818679040387,
        0.3410873961235796,
        0.31607383400911376,
        0.3405705156425635
    ],
    "train_acc": [
        0.8347107438016529,
        0.8024042073628851,
        0.8241923365890308,
        0.8347107438016529,
        0.8640120210368144,
        0.8497370398196844,
        0.859504132231405,
        0.8707738542449286,
        0.8662659654395192,
        0.8835462058602555,
        0.8873027798647634,
        0.8865514650638617,
        0.8888054094665665,
        0.8918106686701728,
        0.879038317054846,
        0.8895567242674681,
        0.9008264462809917,
        0.9015777610818934,
        0.9098422238918107,
        0.903831705484598,
        0.9075882794891059,
        0.912847483095417,
        0.9218632607062359,
        0.918106686701728,
        0.9256198347107438,
        0.9203606311044328,
        0.9263711495116453,
        0.9256198347107438,
        0.9286250939143501,
        0.9263711495116453
    ],
    "train_f1": [
        0.4527363184079602,
        0.4750499001996008,
        0.5042372881355932,
        0.5238095238095238,
        0.568019093078759,
        0.5454545454545454,
        0.5536992840095465,
        0.5742574257425742,
        0.5700483091787439,
        0.6055979643765903,
        0.609375,
        0.6177215189873417,
        0.6205128205128205,
        0.6345177664974619,
        0.6101694915254238,
        0.6297229219143576,
        0.6544502617801047,
        0.6632390745501285,
        0.6842105263157895,
        0.6717948717948717,
        0.6771653543307087,
        0.6963350785340314,
        0.7204301075268817,
        0.7108753315649867,
        0.7317073170731707,
        0.7165775401069518,
        0.7336956521739131,
        0.7345844504021448,
        0.7439353099730458,
        0.7351351351351352
    ],
    "train_mcc": [
        0.38379478483117835,
        0.4352266172991551,
        0.4653555396459094,
        0.4878255646333348,
        0.5302396352078408,
        0.5085449230192145,
        0.5123772459309013,
        0.5333714034660418,
        0.5311958411658201,
        0.5683601291148986,
        0.5702638316114474,
        0.5837382304885804,
        0.5855254095580981,
        0.6038446513914765,
        0.5806273364453678,
        0.5990357325064951,
        0.6238909506715976,
        0.6369287849778917,
        0.6589448686433806,
        0.6476599037357335,
        0.6508443681843109,
        0.674249055590155,
        0.699307163703338,
        0.6897861101676772,
        0.7115975837811984,
        0.695464319075689,
        0.7135842736613671,
        0.7165562834076906,
        0.7269048167622931,
        0.71604920808439
    ],
    "val_loss": [
        0.7468265863982114,
        0.7948535138910467,
        0.6954793306914243,
        0.6994583769278093,
        0.7887046174569563,
        0.7132992581887678,
        0.7829929671504281,
        0.7172699895772067,
        0.7435346083207564,
        0.7761763849041678,
        0.7538808530027216,
        0.9048963676799427,
        0.7517803690650247,
        0.8531484481963244,
        0.8338849896734412,
        0.807315016334707,
        0.9981459893963553,
        0.9252274198965593,
        0.9324044639414008,
        0.959266413341869,
        1.0834813307632098,
        1.0169967467134648,
        1.0956564274701206,
        1.105668405324898,
        1.1631329953670502,
        1.1562041206793352,
        1.1687265038490295,
        1.138333418152549,
        1.2023636468432166,
        1.2140823927792637
    ],
    "val_acc": [
        0.8258258258258259,
        0.8318318318318318,
        0.8438438438438438,
        0.8438438438438438,
        0.8498498498498499,
        0.8648648648648649,
        0.8588588588588588,
        0.8408408408408409,
        0.8768768768768769,
        0.8738738738738738,
        0.8708708708708709,
        0.8738738738738738,
        0.8618618618618619,
        0.8558558558558559,
        0.8798798798798799,
        0.8618618618618619,
        0.8798798798798799,
        0.8618618618618619,
        0.8588588588588588,
        0.8678678678678678,
        0.8738738738738738,
        0.8648648648648649,
        0.8768768768768769,
        0.8828828828828829,
        0.8828828828828829,
        0.8768768768768769,
        0.8708708708708709,
        0.8798798798798799,
        0.8828828828828829,
        0.8768768768768769
    ],
    "val_f1": [
        0.5245901639344263,
        0.4166666666666667,
        0.5,
        0.5272727272727272,
        0.4897959183673469,
        0.4827586206896552,
        0.5154639175257731,
        0.4854368932038835,
        0.49382716049382713,
        0.5116279069767442,
        0.5274725274725275,
        0.5227272727272727,
        0.5208333333333334,
        0.5,
        0.5454545454545454,
        0.5,
        0.5348837209302325,
        0.5,
        0.5052631578947369,
        0.5111111111111111,
        0.5116279069767442,
        0.4943820224719101,
        0.5176470588235295,
        0.5301204819277109,
        0.5301204819277109,
        0.5176470588235295,
        0.5168539325842697,
        0.5238095238095238,
        0.5301204819277109,
        0.5176470588235295
    ],
    "val_mcc": [
        0.5016428403587937,
        0.34003693273689495,
        0.44738841277775787,
        0.48850421045919723,
        0.4297466680826573,
        0.4158704038721421,
        0.46016202632416725,
        0.42835139371488595,
        0.42815257532691803,
        0.4492656200815956,
        0.4702033881126333,
        0.4629874037390619,
        0.46585059784954613,
        0.4406878648270159,
        0.4896289806260686,
        0.43817407365582023,
        0.4763386297607797,
        0.43817407365582023,
        0.4463333545099076,
        0.45028530923875193,
        0.4492656200815956,
        0.4301229098210038,
        0.45597843056847914,
        0.46995407751902485,
        0.46995407751902485,
        0.45597843056847914,
        0.4565590355076768,
        0.4628714245849749,
        0.46995407751902485,
        0.45597843056847914
    ]
}