{
    "train_loss": [
        0.7912940743896696,
        0.5020112382041083,
        0.4370483039153947,
        0.3796986468964153,
        0.34041589722037313,
        0.3270430063207944,
        0.31886426367693477,
        0.3327508880032433,
        0.30175533112552433,
        0.2901400157146984,
        0.31157216587000425,
        0.30265960892041527,
        0.30461688306596546,
        0.2709930831359492,
        0.2410309087485075,
        0.25542896431353357,
        0.24279435061746174,
        0.2329918657326036,
        0.1931210622191429,
        0.22045885597666104,
        0.19630876754721005,
        0.14679556741482683,
        0.20751520229710474,
        0.16311694520215195,
        0.1696898986481958,
        0.15314767298599083,
        0.174944506233765,
        0.15296289664175775,
        0.13981443916757902,
        0.1380533280885882,
        0.14501119434005685,
        0.1495024909782741,
        0.14203198730117744,
        0.13550023171636794,
        0.14213770077460341,
        0.1365962656835715,
        0.14285765911142032,
        0.1278992950088448,
        0.13204488485223717,
        0.12254597010711829,
        0.13433434932182234,
        0.11252147145569324,
        0.11970179180304209,
        0.12203993519975079,
        0.11072160251852539,
        0.12391164960960548,
        0.11968768791606028,
        0.13238860066566202,
        0.12480603779355685,
        0.11853624855478605
    ],
    "train_acc": [
        0.8909090909090909,
        0.8615384615384616,
        0.9181818181818182,
        0.9265734265734266,
        0.941958041958042,
        0.9307692307692308,
        0.9237762237762238,
        0.9202797202797203,
        0.9370629370629371,
        0.9363636363636364,
        0.9293706293706294,
        0.9356643356643357,
        0.9391608391608391,
        0.9552447552447553,
        0.9587412587412587,
        0.958041958041958,
        0.948951048951049,
        0.9671328671328672,
        0.9657342657342657,
        0.9699300699300699,
        0.9741258741258741,
        0.9783216783216783,
        0.9713286713286713,
        0.9811188811188811,
        0.9804195804195804,
        0.9832167832167832,
        0.9762237762237762,
        0.9790209790209791,
        0.9846153846153847,
        0.9818181818181818,
        0.9846153846153847,
        0.986013986013986,
        0.986013986013986,
        0.9867132867132867,
        0.9825174825174825,
        0.9867132867132867,
        0.9846153846153847,
        0.9874125874125874,
        0.9874125874125874,
        0.9888111888111888,
        0.9881118881118881,
        0.9888111888111888,
        0.9888111888111888,
        0.9895104895104895,
        0.9888111888111888,
        0.9895104895104895,
        0.9888111888111888,
        0.9881118881118881,
        0.9881118881118881,
        0.9888111888111888
    ],
    "train_f1": [
        0.5542857142857143,
        0.5975609756097561,
        0.7052896725440806,
        0.7229551451187335,
        0.7750677506775068,
        0.7428571428571429,
        0.7308641975308642,
        0.7205882352941176,
        0.7643979057591623,
        0.7611548556430446,
        0.7468671679197995,
        0.766497461928934,
        0.7740259740259741,
        0.8222222222222222,
        0.8356545961002786,
        0.8333333333333334,
        0.8042895442359249,
        0.8629737609329446,
        0.8611898016997167,
        0.8760806916426513,
        0.8914956011730205,
        0.9074626865671642,
        0.881159420289855,
        0.918429003021148,
        0.9161676646706587,
        0.926829268292683,
        0.8988095238095238,
        0.9107142857142857,
        0.9329268292682927,
        0.9207317073170732,
        0.9329268292682927,
        0.9382716049382716,
        0.9386503067484663,
        0.9411764705882353,
        0.9240121580547113,
        0.9415384615384615,
        0.9325153374233128,
        0.9444444444444444,
        0.9444444444444444,
        0.9503105590062112,
        0.9473684210526315,
        0.9503105590062112,
        0.9503105590062112,
        0.9532710280373832,
        0.9503105590062112,
        0.9532710280373832,
        0.95,
        0.9473684210526315,
        0.9470404984423676,
        0.9503105590062112
    ],
    "train_mcc": [
        0.49727653582610754,
        0.585520885781465,
        0.6825335662646018,
        0.6976209122347181,
        0.7554634369276937,
        0.722936015245082,
        0.7160410567627592,
        0.7048780358300181,
        0.7472579229726832,
        0.7431000344668487,
        0.7328242420388599,
        0.7542201875767539,
        0.7596737018762286,
        0.8073851284187159,
        0.8225928925926244,
        0.8202232095755698,
        0.7908273630334142,
        0.849575940162786,
        0.8501893040702401,
        0.8655675289685806,
        0.8816432031807341,
        0.8984736243256265,
        0.8708458930391707,
        0.9101445643048615,
        0.9081541336813136,
        0.9191490131818127,
        0.8888480940562145,
        0.9023789286483676,
        0.9260470324888006,
        0.9122509938748249,
        0.9260470324888006,
        0.9315079035224908,
        0.9322095438457566,
        0.9346631324948346,
        0.9161229197670553,
        0.9353295892458764,
        0.9252768156157885,
        0.9384760007266713,
        0.9384760007266713,
        0.9448494882035864,
        0.9416491678255247,
        0.9448494882035864,
        0.9448494882035864,
        0.9480773678652581,
        0.9448494882035864,
        0.9480773678652581,
        0.944292326492859,
        0.9416491678255247,
        0.9410549363100559,
        0.9448494882035864
    ],
    "val_loss": [
        0.4517767131328583,
        0.4416176651914914,
        0.33349917456507683,
        0.37051004357635975,
        0.30710405732194584,
        0.3346661105751991,
        0.3072025626897812,
        0.37132425606250763,
        0.3625951074063778,
        0.3690644068022569,
        0.46752147128184635,
        0.33304057487597066,
        0.34886295596758526,
        0.38802881600956124,
        0.3975701881572604,
        0.36625560419633985,
        0.35575697260598343,
        0.3445524200797081,
        0.3600085039312641,
        0.3836831031367183,
        0.37344569511090714,
        0.43665259300420683,
        0.4471529945731163,
        0.40144463038692874,
        0.42328907332072657,
        0.4778459311152498,
        0.45795884464556974,
        0.48159374482929707,
        0.4884691645080845,
        0.47156386232624453,
        0.491457700341319,
        0.479386866868784,
        0.4944137361211081,
        0.4406364243477583,
        0.45531402132473886,
        0.482628581346944,
        0.44943055665741366,
        0.4746553170649956,
        0.4642030451601992,
        0.7518248219663898,
        0.525249322100232,
        0.5310495109297335,
        0.49443741515278816,
        0.6291456807715198,
        0.4897647819016129,
        0.5080198935077836,
        0.4985745771167179,
        0.49987973699656624,
        0.496805018124481,
        0.5004924084059894
    ],