{
    "train_loss": [
        0.8958775321642558,
        0.43822120510869556,
        0.37207889871464833,
        0.3684827667971452,
        0.3322817116147942,
        0.3003116556339794,
        0.3167966211007701,
        0.37830361359649234,
        0.28948762002918454,
        0.31770449570483633,
        0.28507585210932623,
        0.2849706479244762,
        0.2349543746146891,
        0.24533083049787416,
        0.25269169397652147,
        0.19834342838989363,
        0.18541494218839538,
        0.16778290366960896,
        0.18478553398615785,
        0.16177594835559528,
        0.21959051731973886,
        0.1431680601918035,
        0.13698786145283115,
        0.11461851422985395,
        0.1086863206130349,
        0.08588493402219481,
        0.09004779951646924,
        0.08666956511636575,
        0.09984289826825261
    ],
    "train_acc": [
        0.9132867132867133,
        0.941958041958042,
        0.9237762237762238,
        0.9293706293706294,
        0.9335664335664335,
        0.9412587412587412,
        0.9349650349650349,
        0.9293706293706294,
        0.9447552447552447,
        0.9370629370629371,
        0.9482517482517483,
        0.9405594405594405,
        0.9531468531468531,
        0.9594405594405594,
        0.9566433566433566,
        0.9657342657342657,
        0.965034965034965,
        0.9734265734265735,
        0.9692307692307692,
        0.9713286713286713,
        0.9636363636363636,
        0.9776223776223776,
        0.9790209790209791,
        0.9762237762237762,
        0.9797202797202798,
        0.986013986013986,
        0.9832167832167832,
        0.9853146853146854,
        0.9811188811188811
    ],
    "train_f1": [
        0.5303030303030303,
        0.7675070028011205,
        0.72544080604534,
        0.7403598971722365,
        0.7545219638242894,
        0.7801047120418848,
        0.7584415584415585,
        0.7443037974683544,
        0.7882037533512064,
        0.7619047619047619,
        0.7989130434782609,
        0.7769028871391076,
        0.8174386920980926,
        0.8379888268156425,
        0.8258426966292135,
        0.8603988603988604,
        0.8587570621468926,
        0.888235294117647,
        0.872093023255814,
        0.8797653958944281,
        0.8522727272727273,
        0.9041916167664671,
        0.9096385542168675,
        0.8994082840236687,
        0.9129129129129129,
        0.9390243902439024,
        0.9272727272727272,
        0.9357798165137615,
        0.918918918918919
    ],
    "train_mcc": [
        0.49324628811299936,
        0.7434196245575432,
        0.7065306896221132,
        0.7213722039366992,
        0.7373957969431373,
        0.7657246788674544,
        0.7413048585606553,
        0.7282343547658461,
        0.7720533638777872,
        0.7429674258461941,
        0.7828804187529875,
        0.7615999134586243,
        0.8040794763436543,
        0.8249790154696353,
        0.8103852753087841,
        0.8487003898856028,
        0.8476903875125521,
        0.87769159907521,
        0.8602307698307181,
        0.8682686762561231,
        0.839652551314208,
        0.894558798433971,
        0.9003611029102784,
        0.8899602342686058,
        0.9042623534650164,
        0.9329450517957883,
        0.9199855049252628,
        0.9291154829002287,
        0.9110763660352592
    ],
    "val_loss": [
        0.5392273444061478,
        0.35723284135262173,
        0.3719284717614452,
        0.3712734393775463,
        0.33053091665108997,
        0.33781869445617,
        0.3677405926088492,
        0.36152996495366096,
        0.32534397300332785,
        0.3766605940957864,
        0.3750864739219348,
        0.38201308498779935,
        0.33432000836667913,
        0.3815689645707607,
        0.3719443554679553,
        0.5710460239400467,
        0.34877498222825426,
        0.3344330924252669,
        0.35835064699252445,
        0.3743871326247851,
        0.41150189959444106,
        0.32424113309631747,
        0.31311035016551614,
        0.4688831997724871,
        0.4449559152126312,
        0.42020435972760123,
        0.38292175997048616,
        0.46347675762323587,
        0.4289548606223737
    ],
    "val_acc": [
        0.9441340782122905,
        0.8910614525139665,
        0.9273743016759777,
        0.8994413407821229,
        0.9022346368715084,
        0.9106145251396648,
        0.9022346368715084,
        0.9134078212290503,
        0.9245810055865922,
        0.8910614525139665,
        0.8854748603351955,
        0.9273743016759777,
        0.9301675977653632,
        0.9581005586592178,
        0.8994413407821229,
        0.9217877094972067,
        0.9441340782122905,
        0.9385474860335196,
        0.9357541899441341,
        0.9301675977653632,
        0.946927374301676,
        0.9441340782122905,
        0.9301675977653632,
        0.9385474860335196,
        0.9385474860335196,
        0.9385474860335196,
        0.9245810055865922,
        0.9413407821229051,
        0.9385474860335196
    ],
    "val_f1": [
        0.7560975609756098,
        0.6548672566371682,
        0.7346938775510204,
        0.6727272727272727,
        0.6788990825688074,
        0.6981132075471698,
        0.6788990825688074,
        0.7047619047619048,
        0.7326732673267327,
        0.6608695652173913,
        0.6495726495726496,
        0.7346938775510204,
        0.7474747474747475,
        0.8235294117647058,
        0.6785714285714286,
        0.7254901960784313,
        0.7727272727272727,
        0.7608695652173914,
        0.7526881720430108,
        0.7422680412371134,
        0.7816091954022989,
        0.7777777777777778,
        0.7474747474747475,
        0.7555555555555555,
        0.7608695652173914,
        0.7555555555555555,
        0.7326732673267327,
        0.7640449438202247,
        0.7555555555555555
    ],
    "val_mcc": [
        0.7257379841537142,
        0.6407034764544883,
        0.7146339890642386,
        0.6580201246798093,
        0.6640146611527603,
        0.6827225898725499,
        0.6640146611527603,
        0.6892150908051354,
        0.7166034616905996,
        0.6516023360425856,
        0.6407552910906875,
        0.7146339890642386,
        0.7312301520245316,
        0.8034496112100796,
        0.6686204623229415,
        0.7095324547696392,
        0.7476266309593185,
        0.7378035249686222,
        0.7294123057891367,
        0.7222167264114933,
        0.7570213258318875,
        0.7552659271499687,
        0.7312301520245316,
        0.7296151158493626,
        0.7378035249686222,
        0.7296151158493626,
        0.7166034616905996,
        0.7384955303758126,
        0.7296151158493626
    ]
}