{
    "train_loss": [
        0.712906363606453,
        0.38322538485129676,
        0.3587615553289652,
        0.3436223524312178,
        0.2977747859226333,
        0.3007482014596462,
        0.290207054052088,
        0.2495177818255292,
        0.28373255108793577,
        0.29520033622781433,
        0.19654586435192162,
        0.18010368372003238,
        0.17467909527735578,
        0.13313500900856323,
        0.15153891724637814,
        0.10294219419981042,
        0.08945827100218998,
        0.06883158304004205,
        0.06384596606819994,
        0.08450263777954711
    ],
    "train_acc": [
        0.9034965034965035,
        0.9286713286713286,
        0.9174825174825175,
        0.9391608391608391,
        0.9475524475524476,
        0.9356643356643357,
        0.9503496503496504,
        0.9517482517482517,
        0.9335664335664335,
        0.9349650349650349,
        0.9601398601398602,
        0.9706293706293706,
        0.9622377622377623,
        0.9685314685314685,
        0.9762237762237762,
        0.9804195804195804,
        0.9839160839160839,
        0.9853146853146854,
        0.9874125874125874,
        0.9846153846153847
    ],
    "train_f1": [
        0.5605095541401274,
        0.7384615384615385,
        0.7107843137254902,
        0.7704485488126649,
        0.7978436657681941,
        0.7628865979381443,
        0.8065395095367848,
        0.810958904109589,
        0.759493670886076,
        0.7559055118110236,
        0.8421052631578947,
        0.8793103448275862,
        0.848314606741573,
        0.8703170028818443,
        0.8994082840236687,
        0.9161676646706587,
        0.9300911854103343,
        0.9357798165137615,
        0.9451219512195121,
        0.9329268292682927
    ],
    "train_mcc": [
        0.5063686100936144,
        0.7194789067179276,
        0.6930885029052316,
        0.7533215210842796,
        0.7826237868854056,
        0.7476408189293327,
        0.7914188988147903,
        0.7959042655999511,
        0.7462918391999567,
        0.7369334081362567,
        0.8306818811949257,
        0.8695409342917843,
        0.8362734313209941,
        0.8589696528149289,
        0.8899602342686058,
        0.9081541336813136,
        0.9230038261973662,
        0.9291154829002287,
        0.9398430711027762,
        0.9260470324888006
    ],
    "val_loss": [
        0.412892476345102,
        0.3869791453083356,
        0.3141806684434414,
        0.35580785137911636,
        0.4053164788832267,
        0.3980161764969428,
        0.3467381602774064,
        0.40238019431126304,
        0.5998084712773561,
        0.3611555068443219,
        0.41442746195631724,
        0.48816885364552337,
        0.5069778750961026,
        0.4727749439577262,
        0.6393296183086932,
        0.5080203249429663,
        0.9275297926117977,
        0.7356421187942033,
        0.7675633377608998,
        0.8556624720804393
    ],
    "val_acc": [
        0.8966480446927374,
        0.8743016759776536,
        0.9301675977653632,
        0.9134078212290503,
        0.9497206703910615,
        0.9078212290502793,
        0.8994413407821229,
        0.9189944134078212,
        0.9497206703910615,
        0.9134078212290503,
        0.9162011173184358,
        0.9217877094972067,
        0.9245810055865922,
        0.9329608938547486,
        0.9245810055865922,
        0.9189944134078212,
        0.9301675977653632,
        0.9273743016759777,
        0.9273743016759777,
        0.9413407821229051
    ],
    "val_f1": [
        0.6666666666666666,
        0.628099173553719,
        0.7422680412371134,
        0.7047619047619048,
        0.7857142857142857,
        0.6857142857142857,
        0.6666666666666666,
        0.7070707070707071,
        0.775,
        0.693069306930693,
        0.7,
        0.6956521739130435,
        0.7272727272727273,
        0.7391304347826086,
        0.7096774193548387,
        0.7010309278350515,
        0.7311827956989247,
        0.723404255319149,
        0.723404255319149,
        0.7586206896551724
    ],
    "val_mcc": [
        0.65213931460588,
        0.6201470887889988,
        0.7222167264114933,
        0.6892150908051354,
        0.7598865148037459,
        0.6660948694306753,
        0.6473979315875776,
        0.6832234778222974,
        0.7470139002989504,
        0.6692181570571983,
        0.676142197207725,
        0.6620698935229279,
        0.7072268149234144,
        0.7125589811533908,
        0.6793106930737663,
        0.6735523958910125,
        0.7043614994314515,
        0.6963710545850474,
        0.6963710545850474,
        0.7307093224680219
    ]
}