{
    "train_loss": [
        0.9778418911827935,
        0.5263000660472446,
        0.4063423294160101,
        0.35291762426495554,
        0.35532320439815523,
        0.3293659341832002,
        0.3179852185563909,
        0.283051165441672,
        0.2788787697545356,
        0.2749845171968142,
        0.262753980482618,
        0.26453093530403243,
        0.2596713625722461,
        0.23332564988070065,
        0.21937439921829435,
        0.18857507478031849,
        0.19621505012942686,
        0.185745209414098,
        0.18427134646723667,
        0.1819342498977979,
        0.1685278850297133,
        0.1690592103327314,
        0.1463356535674797,
        0.15848131717907057,
        0.14219402552892765,
        0.14102146231258908,
        0.16778507534828452,
        0.14821531035833888,
        0.145068003796041,
        0.1466959482886725,
        0.14381838316718737,
        0.13649948181377516,
        0.1368091946053836,
        0.13392214422217674,
        0.13334578882075018,
        0.13783783276254932
    ],
    "train_acc": [
        0.8615384615384616,
        0.8566433566433567,
        0.8979020979020979,
        0.9195804195804196,
        0.9279720279720279,
        0.9363636363636364,
        0.9314685314685315,
        0.9398601398601398,
        0.951048951048951,
        0.9461538461538461,
        0.9426573426573427,
        0.9370629370629371,
        0.9475524475524476,
        0.955944055944056,
        0.9503496503496504,
        0.9594405594405594,
        0.9615384615384616,
        0.9587412587412587,
        0.9615384615384616,
        0.9615384615384616,
        0.965034965034965,
        0.9678321678321679,
        0.9713286713286713,
        0.9699300699300699,
        0.9699300699300699,
        0.972027972027972,
        0.9699300699300699,
        0.9755244755244755,
        0.9755244755244755,
        0.9734265734265735,
        0.9755244755244755,
        0.9755244755244755,
        0.9755244755244755,
        0.9748251748251748,
        0.9755244755244755,
        0.9748251748251748
    ],
    "train_f1": [
        0.37735849056603776,
        0.5875251509054326,
        0.6651376146788991,
        0.7117794486215538,
        0.7365728900255755,
        0.762402088772846,
        0.7487179487179487,
        0.7675675675675676,
        0.8097826086956522,
        0.7913279132791328,
        0.7875647668393783,
        0.765625,
        0.7989276139410187,
        0.8264462809917356,
        0.8106666666666666,
        0.8406593406593407,
        0.8476454293628809,
        0.837465564738292,
        0.8467966573816156,
        0.8476454293628809,
        0.8603351955307262,
        0.8693181818181818,
        0.8825214899713467,
        0.8767908309455588,
        0.8774928774928775,
        0.8850574712643678,
        0.8767908309455588,
        0.8979591836734694,
        0.8979591836734694,
        0.8895348837209303,
        0.8979591836734694,
        0.8979591836734694,
        0.8979591836734694,
        0.8953488372093024,
        0.8979591836734694,
        0.8947368421052632
    ],
    "train_mcc": [
        0.2996425578052137,
        0.5744277045968053,
        0.6484351138714752,
        0.6909664921797501,
        0.7175967268105864,
        0.7452614652949221,
        0.7316191449150028,
        0.7470386888159417,
        0.7955164299137626,
        0.7743808904907326,
        0.7760178139472028,
        0.7494109011983828,
        0.7845693633148718,
        0.8132108305183557,
        0.798992522999062,
        0.8300081213717508,
        0.8370879378745824,
        0.8259716281441787,
        0.8354571515209649,
        0.8370879378745824,
        0.8507603139561887,
        0.8592329576150693,
        0.8735047841447041,
        0.8669356974167161,
        0.868322727113354,
        0.8761243547340728,
        0.8669356974167161,
        0.8895176473770146,
        0.8895176473770146,
        0.8801567437654055,
        0.8895176473770146,
        0.8895176473770146,
        0.8895176473770146,
        0.8867987350769679,
        0.8895176473770146,
        0.8855851791471947
    ],
    "val_loss": [
        1.0613738248745601,
        0.49450600643952686,
        0.3824138715863228,
        0.5041416982809702,
        0.46139992276827496,
        0.6152325943112373,
        0.3785265864183505,
        0.4063661489635706,
        0.8015341743205985,
        0.527938814368099,
        0.5322657433571294,
        0.5961540242036184,
        0.728103925784429,
        0.5902622472494841,
        0.6421759057945261,
        0.9179378482125079,
        0.9772933491816124,
        0.8588293874248242,
        0.9451373321159432,
        0.9147869305064281,
        0.996815857787927,
        0.9836129999797171,
        1.002797772292979,
        0.9172949452574054,
        1.0185186439193785,
        1.6100195884549369,
        1.5067872523795813,
        1.0929785586583118,
        1.0928366916098942,
        1.058958600430439,
        1.0703149010660127,
        1.0678205819179614,
        1.0629901536740363,
        1.0173728840891272,
        1.0821413068721693,
        0.968053522791403
    ],
    "val_acc": [
        0.5223463687150838,
        0.8547486033519553,
        0.9078212290502793,
        0.835195530726257,
        0.9217877094972067,
        0.946927374301676,
        0.9134078212290503,
        0.9329608938547486,
        0.9217877094972067,
        0.9329608938547486,
        0.9357541899441341,
        0.9273743016759777,
        0.946927374301676,
        0.9329608938547486,
        0.9329608938547486,
        0.9497206703910615,
        0.9497206703910615,
        0.9329608938547486,
        0.9497206703910615,
        0.9357541899441341,
        0.952513966480447,
        0.9497206703910615,
        0.952513966480447,
        0.9497206703910615,
        0.9497206703910615,
        0.9497206703910615,
        0.952513966480447,
        0.952513966480447,
        0.952513966480447,
        0.9497206703910615,
        0.9497206703910615,
        0.9497206703910615,
        0.9497206703910615,
        0.9497206703910615,
        0.9497206703910615,
        0.946927374301676
    ],
    "val_f1": [
        0.3132530120481928,
        0.59375,
        0.6915887850467289,
        0.562962962962963,
        0.7142857142857143,
        0.7466666666666667,
        0.693069306930693,
        0.7446808510638298,
        0.7083333333333334,
        0.7391304347826086,
        0.7294117647058823,
        0.717391304347826,
        0.759493670886076,
        0.7333333333333333,
        0.7209302325581395,
        0.7692307692307693,
        0.7692307692307693,
        0.7209302325581395,
        0.775,
        0.735632183908046,
        0.7848101265822784,
        0.7692307692307693,
        0.7848101265822784,
        0.775,
        0.7692307692307693,
        0.7631578947368421,
        0.7792207792207793,
        0.7792207792207793,
        0.7792207792207793,
        0.7692307692307693,
        0.7692307692307693,
        0.7692307692307693,
        0.7692307692307693,
        0.7692307692307693,
        0.7692307692307693,
        0.759493670886076
    ],