{
    "train_loss": [
        1.0222292317284478,
        0.48337229821417066,
        0.3698409424887763,
        0.3606330720914735,
        0.34158753289116756,
        0.322869718571504,
        0.3420190256502893,
        0.31856742435031465,
        0.298452208770646,
        0.2776748422119353,
        0.23642995489968194,
        0.2575368134925763,
        0.24625040118892988,
        0.23980864443712765,
        0.22809691317379474,
        0.21325454927153056,
        0.19749422685967552,
        0.18315797365891437,
        0.18370103761553763,
        0.16935910565985574,
        0.1773544416245487,
        0.17504731503625712,
        0.15711504738363954,
        0.16047165288279455,
        0.15631738814214866,
        0.14665674701746967,
        0.1649003961433967,
        0.1458968345903688,
        0.14219383257958623,
        0.13251548219058248,
        0.1417231767748793,
        0.1389049857440922
    ],
    "train_acc": [
        0.8895104895104895,
        0.8713286713286713,
        0.9230769230769231,
        0.9153846153846154,
        0.9195804195804196,
        0.9286713286713286,
        0.9237762237762238,
        0.9286713286713286,
        0.9335664335664335,
        0.9426573426573427,
        0.9461538461538461,
        0.9433566433566434,
        0.9475524475524476,
        0.9475524475524476,
        0.958041958041958,
        0.955944055944056,
        0.9601398601398602,
        0.9699300699300699,
        0.9671328671328672,
        0.9664335664335665,
        0.9629370629370629,
        0.965034965034965,
        0.9734265734265735,
        0.9734265734265735,
        0.9727272727272728,
        0.9762237762237762,
        0.9699300699300699,
        0.9727272727272728,
        0.9734265734265735,
        0.9776223776223776,
        0.9776223776223776,
        0.9769230769230769
    ],
    "train_f1": [
        0.31896551724137934,
        0.6085106382978723,
        0.717948717948718,
        0.7027027027027027,
        0.7103274559193955,
        0.7411167512690355,
        0.7268170426065163,
        0.7371134020618557,
        0.7557840616966581,
        0.7807486631016043,
        0.7935656836461126,
        0.7862796833773087,
        0.7967479674796748,
        0.7989276139410187,
        0.8324022346368715,
        0.8245125348189415,
        0.8403361344537815,
        0.873900293255132,
        0.863768115942029,
        0.8628571428571429,
        0.8490028490028491,
        0.8579545454545454,
        0.888235294117647,
        0.8875739644970414,
        0.8856304985337243,
        0.8994082840236687,
        0.8760806916426513,
        0.8849557522123894,
        0.8888888888888888,
        0.9047619047619048,
        0.9053254437869822,
        0.9020771513353115
    ],
    "train_mcc": [
        0.2855641993882235,
        0.5908501143701321,
        0.695198430323777,
        0.6829995423184687,
        0.6885328471039797,
        0.7240741477121829,
        0.7089055278336543,
        0.7171857164918182,
        0.7396137998983169,
        0.7636833241361835,
        0.7783113635963296,
        0.7718883907008002,
        0.7806867083450788,
        0.7845693633148718,
        0.8185336908479969,
        0.8097286336642839,
        0.8273817802107918,
        0.8615814127938177,
        0.8509644131757359,
        0.8512397021301313,
        0.8356188317337686,
        0.8461793534144951,
        0.87769159907521,
        0.8764927548643453,
        0.8749559397184287,
        0.8899602342686058,
        0.8655675289685806,
        0.8737302445018725,
        0.878913137809082,
        0.8956135113522911,
        0.896693973970736,
        0.8927758163015767
    ],
    "val_loss": [
        0.7656512459119161,
        0.31978217558935285,
        0.3744615490237872,
        0.31472564411039156,
        0.3475264410177867,
        0.36470938318719465,
        0.33736548262337845,
        0.36426792417963344,
        0.36774657915035885,
        0.3981313829620679,
        0.3788121559967597,
        0.3637958026180665,
        0.41113656712695956,
        0.4370299441119035,
        0.3993858724522094,
        0.43548269633902237,
        0.49964642090102035,
        0.4802255940934022,
        0.45653069516023,
        0.48798501087973517,
        0.5276680787404379,
        0.5504274268945059,
        0.5394085717077056,
        0.5373529242351651,
        0.5825028002727777,
        0.5292050652205944,
        0.6211360480325917,
        0.5861611254513264,
        0.5941311886757225,
        0.766063607026202,
        0.656948488826553,
        0.965502756065689
    ],
    "val_acc": [
        0.6759776536312849,
        0.9413407821229051,
        0.9497206703910615,
        0.9413407821229051,
        0.9441340782122905,
        0.888268156424581,
        0.9301675977653632,
        0.8994413407821229,
        0.9329608938547486,
        0.946927374301676,
        0.8966480446927374,
        0.9245810055865922,
        0.9413407821229051,
        0.946927374301676,
        0.9217877094972067,
        0.9329608938547486,
        0.952513966480447,
        0.9329608938547486,
        0.9329608938547486,
        0.946927374301676,
        0.952513966480447,
        0.946927374301676,
        0.9497206703910615,
        0.946927374301676,
        0.946927374301676,
        0.946927374301676,
        0.946927374301676,
        0.946927374301676,
        0.9497206703910615,
        0.946927374301676,
        0.946927374301676,
        0.9385474860335196
    ],
    "val_f1": [
        0.4020618556701031,
        0.7741935483870968,
        0.7857142857142857,
        0.7835051546391752,
        0.7777777777777778,
        0.6551724137931034,
        0.7474747474747475,
        0.6785714285714286,
        0.7391304347826086,
        0.7816091954022989,
        0.6666666666666666,
        0.7216494845360825,
        0.7640449438202247,
        0.7816091954022989,
        0.72,
        0.7446808510638298,
        0.8,
        0.7446808510638298,
        0.7391304347826086,
        0.7816091954022989,
        0.7951807228915663,
        0.7710843373493976,
        0.7804878048780488,
        0.7710843373493976,
        0.7710843373493976,
        0.7816091954022989,
        0.7654320987654321,
        0.7710843373493976,
        0.7804878048780488,
        0.7654320987654321,
        0.7710843373493976,
        0.7027027027027027
    ],
    "val_mcc": [
        0.4001466007012754,
        0.754463112146822,
        0.7598865148037459,
        0.7708810569319741,
        0.7552659271499687,
        0.6461311321999292,
        0.7312301520245316,
        0.6686204623229415,
        0.7125589811533908,
        0.7570213258318875,
        0.65213931460588,
        0.6978845611512529,
        0.7384955303758126,
        0.7570213258318875,
        0.6999880160039387,
        0.7212340083639891,
        0.7766579792416362,
        0.7212340083639891,
        0.7125589811533908,
        0.7570213258318875,
        0.7702231345750297,
        0.7429167489365012,
        0.7533161816196975,
        0.7429167489365012,
        0.7429167489365012,
        0.7570213258318875,
        0.7361991384188377,
        0.7429167489365012,
        0.7533161816196975,
        0.7361991384188377,
        0.7429167489365012,
        0.669763743663689
    ]
}