{
    "train_loss": [
        0.8492665363682641,
        0.49538536568482716,
        0.57401521967517,
        0.4881376753250758,
        0.41831936604446834,
        0.3763677486942874,
        0.3826550510194566,
        0.3891456478999721,
        0.35020891196197934,
        0.304756213641829,
        0.30568640919195283,
        0.3591442495584488,
        0.2577874850067827,
        0.2414512592057387,
        0.24231725202666388,
        0.21179461884829734,
        0.19439860462314554,
        0.19401890844520595,
        0.18166963590515983,
        0.17738557933933205,
        0.17722903419699934,
        0.14636762231174444,
        0.11810126571605603,
        0.1436079713826378
    ],
    "train_acc": [
        0.893006993006993,
        0.8867132867132868,
        0.8615384615384616,
        0.9104895104895104,
        0.9174825174825175,
        0.9300699300699301,
        0.9111888111888112,
        0.9342657342657342,
        0.9321678321678322,
        0.9405594405594405,
        0.9391608391608391,
        0.9300699300699301,
        0.9517482517482517,
        0.9503496503496504,
        0.9517482517482517,
        0.958041958041958,
        0.955944055944056,
        0.9657342657342657,
        0.9615384615384616,
        0.9657342657342657,
        0.9657342657342657,
        0.9699300699300699,
        0.9783216783216783,
        0.9713286713286713
    ],
    "train_f1": [
        0.49836065573770494,
        0.6383928571428571,
        0.5892116182572614,
        0.6831683168316832,
        0.700507614213198,
        0.7409326424870466,
        0.6894865525672371,
        0.7513227513227513,
        0.7454068241469817,
        0.77088948787062,
        0.7692307692307693,
        0.7368421052631579,
        0.8119891008174387,
        0.8033240997229917,
        0.8067226890756303,
        0.8305084745762712,
        0.8264462809917356,
        0.8587896253602305,
        0.84593837535014,
        0.8611898016997167,
        0.8595988538681948,
        0.8753623188405797,
        0.9080118694362018,
        0.880466472303207
    ],
    "train_mcc": [
        0.4385699290285564,
        0.6199646798567655,
        0.5707305822878227,
        0.6584980471604415,
        0.6758404839288692,
        0.7210077659424632,
        0.6678362841805776,
        0.7305669307458462,
        0.724600155475073,
        0.7512151649936754,
        0.7512155320942913,
        0.7142213156486334,
        0.7977491875792223,
        0.7858394844373287,
        0.7886300160631385,
        0.8151944152276701,
        0.8132108305183557,
        0.8457739005076254,
        0.833840407568734,
        0.8501893040702401,
        0.847228437232752,
        0.8642187330846924,
        0.8995253241911418,
        0.8695467937699003
    ],
    "val_loss": [
        0.3799648756782214,
        0.42929743230342865,
        0.5819483002026876,
        0.3266971620420615,
        0.3294079415500164,
        0.38323187083005905,
        0.382293488830328,
        0.3176947332297762,
        0.3045387448122104,
        0.3362947851419449,
        0.4835449730356534,
        0.40760117520888645,
        0.3889825385995209,
        0.3917016452178359,
        0.531308638145371,
        0.482126222923398,
        0.4411753723397851,
        0.5282906591892242,
        0.49751577836771804,
        0.6119171059690416,
        0.6733474310021847,
        0.6137500304030254,
        0.6886354319552387,
        0.6707428450075289
    ],
    "val_acc": [
        0.946927374301676,
        0.888268156424581,
        0.8128491620111732,
        0.9441340782122905,
        0.9301675977653632,
        0.88268156424581,
        0.8994413407821229,
        0.9301675977653632,
        0.9497206703910615,
        0.9273743016759777,
        0.9413407821229051,
        0.9385474860335196,
        0.9329608938547486,
        0.9217877094972067,
        0.9441340782122905,
        0.9273743016759777,
        0.9329608938547486,
        0.9385474860335196,
        0.9329608938547486,
        0.9441340782122905,
        0.9385474860335196,
        0.9385474860335196,
        0.946927374301676,
        0.9385474860335196
    ],
    "val_f1": [
        0.7865168539325843,
        0.6551724137931034,
        0.5314685314685315,
        0.782608695652174,
        0.7524752475247525,
        0.6440677966101694,
        0.6785714285714286,
        0.7474747474747475,
        0.7906976744186046,
        0.7346938775510204,
        0.7692307692307693,
        0.7441860465116279,
        0.7446808510638298,
        0.7083333333333334,
        0.7368421052631579,
        0.7346938775510204,
        0.7272727272727273,
        0.7441860465116279,
        0.7272727272727273,
        0.75,
        0.7105263157894737,
        0.7317073170731707,
        0.759493670886076,
        0.7317073170731707
    ],
    "val_mcc": [
        0.764359490449628,
        0.6461311321999292,
        0.5266853486814023,
        0.7630480687838538,
        0.7402961140073003,
        0.6354717930001768,
        0.6686204623229415,
        0.7312301520245316,
        0.7666934743389934,
        0.7146339890642386,
        0.746417793583961,
        0.7135981529707064,
        0.7212340083639891,
        0.6809749087945803,
        0.7059222630559473,
        0.7146339890642386,
        0.6954581612422468,
        0.7135981529707064,
        0.6954581612422468,
        0.7188603076779352,
        0.6764711303005541,
        0.6981597866877307,
        0.7297455922927691,
        0.6981597866877307
    ]
}