{
    "train_loss": [
        1.0220971769756741,
        0.48234014842245315,
        0.3709817833370633,
        0.3603729248046875,
        0.3393676289253765,
        0.3257387528816859,
        0.35149838262134125,
        0.3254028466012743,
        0.30036965558926265,
        0.27944736952582994,
        0.24340403709146713,
        0.2600931314130624,
        0.24768024914794498,
        0.248305524720086,
        0.22883515080644024,
        0.21813291509946187,
        0.20534731526341704,
        0.18888163529336452,
        0.1906951270169682,
        0.17769356672134665,
        0.1831307257215182,
        0.18148834328684543,
        0.1629711532758342,
        0.16887519189880953,
        0.1634933636420303,
        0.15508120111707185,
        0.17308158800005913,
        0.15536052278346485,
        0.15315697002742026,
        0.1433789535322123,
        0.15188567265868186,
        0.1528166783352693
    ],
    "train_acc": [
        0.8895104895104895,
        0.8713286713286713,
        0.9230769230769231,
        0.9181818181818182,
        0.9195804195804196,
        0.9300699300699301,
        0.9223776223776223,
        0.9300699300699301,
        0.9286713286713286,
        0.941958041958042,
        0.9433566433566434,
        0.9426573426573427,
        0.9454545454545454,
        0.9440559440559441,
        0.9573426573426573,
        0.9524475524475524,
        0.9573426573426573,
        0.9692307692307692,
        0.9601398601398602,
        0.965034965034965,
        0.9629370629370629,
        0.9636363636363636,
        0.9706293706293706,
        0.9671328671328672,
        0.9685314685314685,
        0.972027972027972,
        0.9636363636363636,
        0.9706293706293706,
        0.9699300699300699,
        0.9748251748251748,
        0.9741258741258741,
        0.9713286713286713
    ],
    "train_f1": [
        0.31896551724137934,
        0.6085106382978723,
        0.7208121827411168,
        0.7096774193548387,
        0.7103274559193955,
        0.7435897435897436,
        0.7231920199501247,
        0.7435897435897436,
        0.7424242424242424,
        0.7786666666666666,
        0.7851458885941645,
        0.7842105263157895,
        0.7903225806451613,
        0.7872340425531915,
        0.83008356545961,
        0.8121546961325967,
        0.8319559228650137,
        0.872093023255814,
        0.8385269121813032,
        0.8579545454545454,
        0.8481375358166189,
        0.8539325842696629,
        0.877906976744186,
        0.8645533141210374,
        0.8710601719197708,
        0.8837209302325582,
        0.8539325842696629,
        0.8771929824561403,
        0.8760806916426513,
        0.893491124260355,
        0.892128279883382,
        0.881159420289855
    ],
    "train_mcc": [
        0.2855641993882235,
        0.5908501143701321,
        0.699957315820526,
        0.689895575625857,
        0.6885328471039797,
        0.7255490258164652,
        0.7053218606202949,
        0.7255490258164652,
        0.7263761171560342,
        0.7615847097974252,
        0.7698504033368292,
        0.7698210636141433,
        0.7741907999399874,
        0.7719455421374986,
        0.8161607631284541,
        0.7963528426219828,
        0.8195912293312672,
        0.8602307698307181,
        0.8241375398913052,
        0.8461793534144951,
        0.8340902637767759,
        0.8427454703240466,
        0.8668727611422806,
        0.8523717766612771,
        0.860366610688728,
        0.873514752453843,
        0.8427454703240466,
        0.8655690551328565,
        0.8655675289685806,
        0.8832264945664755,
        0.8828606961746431,
        0.8708458930391707
    ],
    "val_loss": [
        0.7627978374560674,
        0.32146302858988446,
        0.37529330390195054,
        0.31409798314174014,
        0.3495087989916404,
        0.389730713951091,
        0.3321462782720725,
        0.3628123092154662,
        0.3711932071795066,
        0.38665037664274376,
        0.375958826392889,
        0.35718766413629055,
        0.4085061182267964,
        0.4087374458710353,
        0.3945034534359972,
        0.4193471103790216,
        0.4737423211336136,
        0.46835091213385266,
        0.45323639425138634,
        0.4766955957747996,
        0.4922834464038412,
        0.500569756453236,
        0.5143615333363414,
        0.5147211947478354,
        0.561101199593395,
        0.5089129684492946,
        0.559270420887818,
        0.5296415264407793,
        0.5690131162603697,
        0.6996233856771141,
        0.612311405595392,
        0.8079860755630458
    ],
    "val_acc": [
        0.6787709497206704,
        0.9413407821229051,
        0.952513966480447,
        0.9413407821229051,
        0.9441340782122905,
        0.8798882681564246,
        0.9385474860335196,
        0.8966480446927374,
        0.9385474860335196,
        0.9441340782122905,
        0.8966480446927374,
        0.9273743016759777,
        0.9413407821229051,
        0.9385474860335196,
        0.9273743016759777,
        0.9357541899441341,
        0.952513966480447,
        0.9329608938547486,
        0.9329608938547486,
        0.946927374301676,
        0.946927374301676,
        0.9497206703910615,
        0.9441340782122905,
        0.9497206703910615,
        0.9441340782122905,
        0.9441340782122905,
        0.9441340782122905,
        0.946927374301676,
        0.9441340782122905,
        0.9441340782122905,
        0.946927374301676,
        0.9413407821229051
    ],
    "val_f1": [
        0.40414507772020725,
        0.7692307692307693,
        0.7951807228915663,
        0.7835051546391752,
        0.7777777777777778,
        0.6386554621848739,
        0.7659574468085106,
        0.672566371681416,
        0.7555555555555555,
        0.7727272727272727,
        0.6666666666666666,
        0.7346938775510204,
        0.7640449438202247,
        0.7555555555555555,
        0.7291666666666666,
        0.7472527472527473,
        0.8,
        0.7446808510638298,
        0.7391304347826086,
        0.7816091954022989,
        0.7816091954022989,
        0.7906976744186046,
        0.7619047619047619,
        0.7906976744186046,
        0.7560975609756098,
        0.7727272727272727,
        0.7560975609756098,
        0.7764705882352941,
        0.7560975609756098,
        0.75,
        0.7710843373493976,
        0.7341772151898734
    ],
    "val_mcc": [
        0.40243123855239415,
        0.746417793583961,
        0.7702231345750297,
        0.7708810569319741,
        0.7552659271499687,
        0.630277749710344,
        0.7460969621429306,
        0.6628436158918152,
        0.7296151158493626,
        0.7476266309593185,
        0.65213931460588,
        0.7146339890642386,
        0.7384955303758126,
        0.7296151158493626,
        0.7054787802739713,
        0.720973347754304,
        0.7766579792416362,
        0.7212340083639891,
        0.7125589811533908,
        0.7570213258318875,
        0.7570213258318875,
        0.7666934743389934,
        0.7328421393887204,
        0.7666934743389934,
        0.7257379841537142,
        0.7476266309593185,
        0.7257379841537142,
        0.7498663472731928,
        0.7257379841537142,
        0.7188603076779352,
        0.7429167489365012,
        0.7012871040530293
    ]
}