{
    "accuracy": 0.9524545013536141,
    "precision": 0.7402445386044703,
    "recall": 0.88110661268556,
    "f1": 0.8020668034655722,
    "auc": 0.9638432427871869,
    "mcc": 0.7808250903520534
}