{
    "train_loss": [
        1.7463825815253788,
        1.180955077542199,
        1.0606593370437623,
        1.0481868889596728,
        1.0185308343834347,
        1.0608391576343112,
        1.07002445658048,
        1.0591432399219938,
        1.045411119858424,
        1.073795070913103,
        0.965201257997089,
        0.902326026890013,
        0.8179975383811526,
        0.8211361156569587,
        0.818973958492279,
        0.8605847855408987,
        0.7953978697458903,
        0.7356535063849555,
        0.7779700636863709,
        0.7350945227675968,
        0.751040185822381,
        0.7303779694769118,
        0.716152106722196,
        0.6939244945844014,
        0.6912711762719684
    ],
    "train_acc": [
        0.9686411149825784,
        0.7560975609756098,
        0.805574912891986,
        0.7547038327526132,
        0.8473867595818816,
        0.7804878048780488,
        0.6369337979094076,
        0.6919860627177701,
        0.6627177700348432,
        0.8167247386759582,
        0.8668989547038327,
        0.9094076655052264,
        0.8585365853658536,
        0.9094076655052264,
        0.8885017421602788,
        0.8773519163763066,
        0.8961672473867596,
        0.910801393728223,
        0.9094076655052264,
        0.90801393728223,
        0.9087108013937282,
        0.9310104529616725,
        0.9170731707317074,
        0.9073170731707317,
        0.926829268292683
    ],
    "train_f1": [
        0.0,
        0.10714285714285714,
        0.15709969788519637,
        0.16587677725118483,
        0.1797752808988764,
        0.16886543535620052,
        0.10634648370497427,
        0.11952191235059761,
        0.12318840579710146,
        0.1755485893416928,
        0.2450592885375494,
        0.29347826086956524,
        0.24535315985130113,
        0.3010752688172043,
        0.2523364485981308,
        0.2727272727272727,
        0.3004694835680751,
        0.3333333333333333,
        0.3434343434343434,
        0.32653061224489793,
        0.3282051282051282,
        0.37735849056603776,
        0.36363636363636365,
        0.3383084577114428,
        0.4
    ],
    "train_mcc": [
        -0.006566085185658127,
        0.10043845980347318,
        0.17726410098086298,
        0.219206208291013,
        0.1946891849852829,
        0.2116908136879887,
        0.12502680814392267,
        0.142368223760684,
        0.16017048170315154,
        0.2046069799800288,
        0.28572349417449033,
        0.31273615024590695,
        0.29430238636591854,
        0.32360974409925514,
        0.27599012813441215,
        0.31975674895428335,
        0.3403111924242972,
        0.36895426969099554,
        0.38655850638142736,
        0.36307957760518794,
        0.36452796840947965,
        0.39772818386580133,
        0.4038229495739049,
        0.382146678788663,
        0.4390610795597282
    ],
    "val_loss": [
        0.9335061510403951,
        0.8597979048887888,
        0.7175146366159121,
        0.8965187693635622,
        0.6731128990650177,
        0.8798175503810247,
        0.9271283249060313,
        0.9696401506662369,
        0.8114055842161179,
        0.8491646846135458,
        0.7467802291115125,
        0.7297470097740492,
        0.7581363096833229,
        0.678099874407053,
        0.6279793853561083,
        0.6855355774362882,
        0.6863013828794161,
        0.7060104509194692,
        0.6777816365162531,
        0.7733186930418015,
        0.7321659500400225,
        0.7544082353512446,
        0.7306358392039934,
        0.805943738669157,
        0.9197682191928228
    ],
    "val_acc": [
        0.9720670391061452,
        0.7821229050279329,
        0.8240223463687151,
        0.7458100558659218,
        0.88268156424581,
        0.7374301675977654,
        0.5027932960893855,
        0.8324022346368715,
        0.7988826815642458,
        0.9553072625698324,
        0.8715083798882681,
        0.8463687150837989,
        0.9245810055865922,
        0.8072625698324022,
        0.888268156424581,
        0.8324022346368715,
        0.8659217877094972,
        0.8966480446927374,
        0.8575418994413407,
        0.8966480446927374,
        0.8966480446927374,
        0.8770949720670391,
        0.8798882681564246,
        0.8994413407821229,
        0.9162011173184358
    ],
    "val_f1": [
        0.0,
        0.1875,
        0.2222222222222222,
        0.1651376146788991,
        0.27586206896551724,
        0.16071428571428573,
        0.10101010101010101,
        0.21052631578947367,
        0.18181818181818182,
        0.42857142857142855,
        0.25806451612903225,
        0.22535211267605634,
        0.34146341463414637,
        0.18823529411764706,
        0.2857142857142857,
        0.21052631578947367,
        0.25,
        0.3018867924528302,
        0.23880597014925373,
        0.27450980392156865,
        0.24489795918367346,
        0.26666666666666666,
        0.24561403508771928,
        0.21739130434782608,
        0.16666666666666666
    ],
    "val_mcc": [
        0.0,
        0.26179213423365844,
        0.2983045587344222,
        0.23628550958054662,
        0.3312952151626515,
        0.2309976831917572,
        0.16119661364745294,
        0.26912780834447003,
        0.2390461621953154,
        0.4264417933437219,
        0.314996407194196,
        0.28387107837454695,
        0.3697328092228713,
        0.24597530714584295,
        0.3401642183333428,
        0.26912780834447003,
        0.30747713802130355,
        0.35452057681002364,
        0.29688148655406454,
        0.3116593042916789,
        0.267178559322324,
        0.32292189309052693,
        0.2854690489747938,
        0.22514755198077194,
        0.14851799140274788
    ]
}