{
    "train_loss": [
        1.3391275227069854,
        0.9555614948272705,
        1.1318108783827887,
        0.9470366014374627,
        0.93466427259975,
        0.9266785091824001,
        0.8816159115897284,
        0.9095074097315471,
        0.895242342684004,
        0.8776746087604099,
        0.9179145680533515,
        0.8984282361136542,
        0.7939726849397023,
        0.8527059899436102,
        0.8596337808503045,
        0.8489657031165229,
        0.8348095251454247,
        0.7976324386066861,
        0.7891586873266432,
        0.9085031224621667,
        0.7890398806995815
    ],
    "train_acc": [
        0.9498257839721255,
        0.8411149825783972,
        0.8383275261324041,
        0.8578397212543554,
        0.8703832752613241,
        0.8543554006968641,
        0.8710801393728222,
        0.8494773519163763,
        0.8480836236933798,
        0.8655052264808363,
        0.8529616724738676,
        0.8557491289198607,
        0.8717770034843205,
        0.8543554006968641,
        0.8641114982578397,
        0.8397212543554007,
        0.8557491289198607,
        0.8696864111498258,
        0.8655052264808363,
        0.8613240418118467,
        0.8773519163763066
    ],
    "train_f1": [
        0.12195121951219512,
        0.22448979591836735,
        0.2,
        0.22137404580152673,
        0.225,
        0.23443223443223443,
        0.2570281124497992,
        0.2116788321167883,
        0.22695035460992907,
        0.23107569721115537,
        0.22140221402214022,
        0.23048327137546468,
        0.2698412698412698,
        0.20532319391634982,
        0.24124513618677043,
        0.22297297297297297,
        0.23048327137546468,
        0.26666666666666666,
        0.23715415019762845,
        0.24334600760456274,
        0.2845528455284553
    ],
    "train_mcc": [
        0.09631099672838564,
        0.2741343054213269,
        0.23386599929875454,
        0.2550270256079968,
        0.2505662225386723,
        0.2797389724204071,
        0.30106859418201476,
        0.24554975819633687,
        0.2724933228753939,
        0.26433497716493104,
        0.2590386073602178,
        0.2718604316705341,
        0.32139830573489525,
        0.23152180708209247,
        0.2821284875106857,
        0.27263672909047065,
        0.2718604316705341,
        0.3184718015081914,
        0.27415916716446653,
        0.2882460333349186,
        0.33915561900224744
    ],
    "val_loss": [
        0.707905632754167,
        0.6943526044487953,
        0.7531161804993948,
        0.6768922085563341,
        0.6501333266496658,
        0.7500830516219139,
        0.6660783290863037,
        0.6702716300884882,
        0.688858243326346,
        0.7390434369444847,
        0.6800023367007574,
        0.7438948129614195,
        0.6930726493398348,
        0.715778519709905,
        0.6662525832653046,
        0.681743842860063,
        1.013331597050031,
        0.6582184707125028,
        0.7145698517560959,
        0.7507014920314153,
        0.711793564260006
    ],
    "val_acc": [
        0.8910614525139665,
        0.88268156424581,
        0.7932960893854749,
        0.888268156424581,
        0.8715083798882681,
        0.9189944134078212,
        0.888268156424581,
        0.8715083798882681,
        0.888268156424581,
        0.8770949720670391,
        0.8687150837988827,
        0.8770949720670391,
        0.9134078212290503,
        0.8603351955307262,
        0.8770949720670391,
        0.8938547486033519,
        0.8770949720670391,
        0.8659217877094972,
        0.8631284916201117,
        0.88268156424581,
        0.8715083798882681
    ],
    "val_f1": [
        0.2909090909090909,
        0.27586206896551724,
        0.1956521739130435,
        0.2857142857142857,
        0.25806451612903225,
        0.32558139534883723,
        0.2857142857142857,
        0.25806451612903225,
        0.2857142857142857,
        0.26666666666666666,
        0.27692307692307694,
        0.2903225806451613,
        0.3111111111111111,
        0.2647058823529412,
        0.2903225806451613,
        0.2962962962962963,
        0.2903225806451613,
        0.2727272727272727,
        0.26865671641791045,
        0.27586206896551724,
        0.28125
    ],
    "val_mcc": [
        0.3448015568826026,
        0.3312952151626515,
        0.27065865160196506,
        0.3401642183333428,
        0.314996407194196,
        0.35618089316796897,
        0.3401642183333428,
        0.314996407194196,
        0.3401642183333428,
        0.32292189309052693,
        0.3508683324564088,
        0.36310592672300246,
        0.34373507582990137,
        0.339522505549106,
        0.36310592672300246,
        0.3495842285336775,
        0.36310592672300246,
        0.34699318413716,
        0.34321259910260643,
        0.3312952151626515,
        0.3548423770108159
    ]
}