{
    "train_loss": [
        1.1896893289354113,
        1.1869050012694464,
        0.9606010788016849,
        0.9850226607587602,
        0.9374899652269152,
        0.899720518456565,
        0.9364580651124318,
        0.8673826290501488,
        0.9365765578216977,
        0.9543765405813853,
        0.9221569418907165,
        0.8293232361475626,
        0.8913865360948775,
        0.9010515610376993,
        0.8877642605039808,
        0.8444520109229617
    ],
    "train_acc": [
        0.9554006968641114,
        0.8146341463414634,
        0.8557491289198607,
        0.8766550522648083,
        0.8682926829268293,
        0.8717770034843205,
        0.8445993031358885,
        0.8480836236933798,
        0.8439024390243902,
        0.8369337979094077,
        0.8473867595818816,
        0.8689895470383275,
        0.8515679442508711,
        0.8543554006968641,
        0.824390243902439,
        0.8508710801393728
    ],
    "train_f1": [
        0.030303030303030304,
        0.17901234567901234,
        0.2247191011235955,
        0.22707423580786026,
        0.24096385542168675,
        0.25806451612903225,
        0.19494584837545126,
        0.22142857142857142,
        0.2112676056338028,
        0.23026315789473684,
        0.2206405693950178,
        0.2713178294573643,
        0.19622641509433963,
        0.23443223443223443,
        0.20754716981132076,
        0.2302158273381295
    ],
    "train_mcc": [
        0.010115788647702895,
        0.2119741731880943,
        0.26225907706538953,
        0.2485729779441887,
        0.2777545025166329,
        0.3020293195726093,
        0.22115221580330152,
        0.26306417965703555,
        0.24906375585230836,
        0.2879908770374701,
        0.2622912824850349,
        0.3270536221466749,
        0.2186861619890248,
        0.2797389724204071,
        0.2571260158634476,
        0.27566812726859674
    ],
    "val_loss": [
        0.7120756134390831,
        0.7477058470249176,
        0.6818057969212532,
        0.6732670093576113,
        0.8231924970944723,
        0.6925642018516859,
        0.6903720647096634,
        0.6470904797315598,
        0.7458793967962265,
        0.7175699025392532,
        0.7757947370409966,
        0.7366636047760645,
        0.7691086878379186,
        0.7413802742958069,
        0.7486215680837631,
        1.0745194256305695
    ],
    "val_acc": [
        0.9162011173184358,
        0.7905027932960894,
        0.8798882681564246,
        0.8743016759776536,
        0.9217877094972067,
        0.8938547486033519,
        0.8687150837988827,
        0.8715083798882681,
        0.8547486033519553,
        0.8575418994413407,
        0.8687150837988827,
        0.9106145251396648,
        0.8268156424581006,
        0.8575418994413407,
        0.8770949720670391,
        0.8687150837988827
    ],
    "val_f1": [
        0.3181818181818182,
        0.1935483870967742,
        0.2711864406779661,
        0.2857142857142857,
        0.2631578947368421,
        0.2962962962962963,
        0.27692307692307694,
        0.25806451612903225,
        0.2571428571428571,
        0.2608695652173913,
        0.27692307692307694,
        0.30434782608695654,
        0.225,
        0.2608695652173913,
        0.2903225806451613,
        0.27692307692307694
    ],
    "val_mcc": [
        0.34982985228578867,
        0.2683898948870957,
        0.3270497435458324,
        0.3589199339059188,
        0.2662878429552634,
        0.3495842285336775,
        0.3508683324564088,
        0.314996407194196,
        0.3323986935297883,
        0.33591907286844314,
        0.3508683324564088,
        0.3378787738117039,
        0.3010996123467666,
        0.33591907286844314,
        0.36310592672300246,
        0.3508683324564088
    ]
}