{
    "train_loss": [
        1.2664704177114698,
        1.1435213552580938,
        1.0187646508216859,
        0.952605394522349,
        1.0111683368682862,
        0.9453150100178189,
        1.0338470237122641,
        0.9749234954516093,
        0.9359113474686941,
        1.0421191765202416,
        1.0011739876535204,
        0.9421995116604699,
        1.004190143611696,
        0.8981470710701412,
        0.9104352553685506,
        0.8619317207071516,
        0.8537943873140547,
        0.8068435847759247,
        0.7946102576123344,
        0.8444793078634474,
        0.779461031821039,
        0.8554020315408707,
        0.7604352480835385,
        0.7127514905399747,
        0.6485102481312222,
        0.7104330188698239,
        0.6338242335451973,
        0.6251669983069102,
        0.5489982114897833,
        0.5281143840816286,
        0.5135325544410282,
        0.4735573775238461,
        0.3904493894841936,
        0.47474447521898483,
        0.4426297111643685,
        0.3430613115429878,
        0.3869738360246023,
        0.3985285585125287,
        0.38855187760459053,
        0.33926788883076775,
        0.29974849339988496,
        0.2795352639423476
    ],
    "train_acc": [
        0.9170731707317074,
        0.7609756097560976,
        0.8313588850174216,
        0.8306620209059233,
        0.8501742160278746,
        0.8306620209059233,
        0.7700348432055749,
        0.8083623693379791,
        0.8564459930313589,
        0.8264808362369338,
        0.8090592334494774,
        0.8668989547038327,
        0.8229965156794425,
        0.8306620209059233,
        0.8738675958188153,
        0.8536585365853658,
        0.864808362369338,
        0.8599303135888502,
        0.8696864111498258,
        0.8766550522648083,
        0.8717770034843205,
        0.8933797909407666,
        0.8794425087108014,
        0.8710801393728222,
        0.9003484320557491,
        0.8926829268292683,
        0.9003484320557491,
        0.8982578397212544,
        0.9094076655052264,
        0.8731707317073171,
        0.9128919860627178,
        0.9142857142857143,
        0.9275261324041811,
        0.9010452961672474,
        0.9212543554006969,
        0.9233449477351916,
        0.9282229965156794,
        0.910801393728223,
        0.9073170731707317,
        0.9317073170731708,
        0.926829268292683,
        0.9407665505226481
    ],
    "train_f1": [
        0.07751937984496124,
        0.13602015113350127,
        0.21428571428571427,
        0.19269102990033224,
        0.23487544483985764,
        0.21864951768488747,
        0.1708542713567839,
        0.18397626112759644,
        0.2426470588235294,
        0.18360655737704917,
        0.18452380952380953,
        0.22672064777327935,
        0.20625,
        0.21864951768488747,
        0.24267782426778242,
        0.2553191489361702,
        0.2421875,
        0.25830258302583026,
        0.2549800796812749,
        0.25316455696202533,
        0.2755905511811024,
        0.29493087557603687,
        0.2880658436213992,
        0.2801556420233463,
        0.33488372093023255,
        0.28703703703703703,
        0.33488372093023255,
        0.3177570093457944,
        0.3434343434343434,
        0.3053435114503817,
        0.34554973821989526,
        0.39408866995073893,
        0.4222222222222222,
        0.36036036036036034,
        0.39572192513368987,
        0.4148936170212766,
        0.4245810055865922,
        0.3786407766990291,
        0.3813953488372093,
        0.449438202247191,
        0.4444444444444444,
        0.4970414201183432
    ],
    "train_mcc": [
        0.041724932694187145,
        0.1554262558461163,
        0.2639672024763749,
        0.22638457329669648,
        0.2842695015365093,
        0.27236801716044023,
        0.2213038079383667,
        0.22472099234708715,
        0.29172837093535037,
        0.21318403576760106,
        0.22530941201414453,
        0.2561782925114473,
        0.2557965709089982,
        0.27236801716044023,
        0.2752646620257191,
        0.31637603963057054,
        0.283018753910642,
        0.31494313746337493,
        0.29916593050872303,
        0.28912722480114333,
        0.33098260132121904,
        0.33540904462020726,
        0.34233548966541083,
        0.3395009302703481,
        0.3881779954869632,
        0.32406695464154983,
        0.3881779954869632,
        0.36430310077426215,
        0.38655850638142736,
        0.38005347443159543,
        0.3838968395164472,
        0.4571875683609572,
        0.4714473101254594,
        0.4284571772722661,
        0.44463373406884976,
        0.46998690495064166,
        0.47341338950206513,
        0.4394553164219407,
        0.4510999437433106,
        0.5034023179573239,
        0.5087128209067717,
        0.5520564979383964
    ],
    "val_loss": [
        0.9185656507809957,
        0.8342197959621748,
        0.7944014569123586,
        0.7171605775753657,
        0.7911692609389623,
        0.6813687483469645,
        0.7700335855285326,
        0.8077927480141321,
        0.6989783123135567,
        0.7418729687730471,
        0.6884221161405245,
        0.7259682317574819,
        1.157158188521862,
        0.7791911885142326,
        0.7486258670687675,
        0.7184624249736468,
        0.7000107765197754,
        0.6277206527690092,
        0.6898702730735143,
        0.6878510390718778,
        0.7918825695912043,
        0.7258075426022211,
        0.7259787445267042,
        0.6537000983953476,
        0.6302282611529032,
        0.7289149736364683,
        0.9326774403452873,
        0.7683438410361608,
        0.8588983242710432,
        1.0376896510521572,
        0.9923253804445267,
        2.0532077749570212,
        2.4024223436911902,
        0.984113889435927,
        0.9090243180592855,
        2.3733254969120026,
        0.9913300250967344,
        0.8030947223305702,
        0.9162062481045723,
        1.7492910667012136,
        1.5431864311297734,
        3.5995545933643975
    ],
    "val_acc": [
        0.7737430167597765,
        0.8631284916201117,
        0.9106145251396648,
        0.88268156424581,
        0.9022346368715084,
        0.8519553072625698,
        0.8491620111731844,
        0.8491620111731844,
        0.8798882681564246,
        0.8938547486033519,
        0.8240223463687151,
        0.7932960893854749,
        0.8631284916201117,
        0.9022346368715084,
        0.8463687150837989,
        0.9189944134078212,
        0.888268156424581,
        0.8798882681564246,
        0.9217877094972067,
        0.8938547486033519,
        0.9301675977653632,
        0.8994413407821229,
        0.9273743016759777,
        0.888268156424581,
        0.8854748603351955,
        0.8770949720670391,
        0.9441340782122905,
        0.9050279329608939,
        0.8603351955307262,
        0.8519553072625698,
        0.8296089385474861,
        0.34916201117318435,
        0.6759776536312849,
        0.8324022346368715,
        0.8910614525139665,
        0.30446927374301674,
        0.9162011173184358,
        0.8938547486033519,
        0.9189944134078212,
        0.9273743016759777,
        0.7430167597765364,
        0.5446927374301676
    ],