{
    "train_loss": [
        0.7675254065163282,
        0.48483290660138034,
        0.4262218856993987,
        0.41326808032332635,
        0.40427012604718304,
        0.39522579221092924,
        0.3798108915893399,
        0.4733781620708047,
        0.5002314804159865,
        0.3928636391552127,
        0.382913421003186,
        0.3320170142212693,
        0.36953525359229167,
        0.35309601316646655,
        0.34254014948192907,
        0.3410956994915495,
        0.30239372746068605
    ],
    "train_acc": [
        0.8741077222582738,
        0.8877352368591823,
        0.9130434782608695,
        0.9286177806619078,
        0.9240752757949383,
        0.9286177806619078,
        0.9227774172615185,
        0.9117456197274497,
        0.9065541855937703,
        0.9097988319273199,
        0.9201817001946788,
        0.9390006489292667,
        0.9214795587280986,
        0.9331602855288773,
        0.9312134977287476,
        0.9305645684620376,
        0.9370538611291369
    ],
    "train_f1": [
        0.529126213592233,
        0.6476578411405295,
        0.7035398230088495,
        0.7429906542056075,
        0.7297921478060047,
        0.7393364928909952,
        0.711864406779661,
        0.7043478260869566,
        0.6883116883116883,
        0.6997840172786177,
        0.7210884353741497,
        0.7793427230046949,
        0.7256235827664399,
        0.7610208816705336,
        0.7546296296296297,
        0.7551487414187643,
        0.7749419953596288
    ],
    "train_mcc": [
        0.4637224814344109,
        0.6199159400691893,
        0.6762098747985746,
        0.7165796582317544,
        0.7022789701027555,
        0.7108271792418163,
        0.676856170778671,
        0.6795634029484825,
        0.6607865226201126,
        0.6749720746896876,
        0.6940861456856307,
        0.7588568583905145,
        0.6994825118242324,
        0.7386512977090898,
        0.7313782090865911,
        0.7334182533751479,
        0.7550930375584284
    ],
    "val_loss": [
        0.48692145026647127,
        0.39422911176314723,
        0.39404043841820496,
        0.369583931661999,
        0.3879695557630979,
        0.38017279826677763,
        0.38091478025084,
        0.5168402745173528,
        0.39677828321090114,
        0.3536644142407637,
        0.3806262268469884,
        0.35906049093374837,
        0.39547493480719054,
        0.3573041523878391,
        0.38601539857112444,
        0.3798354182105798,
        0.3922093854500697
    ],
    "val_acc": [
        0.8415584415584415,
        0.9194805194805195,
        0.8805194805194805,
        0.9168831168831169,
        0.922077922077922,
        0.9116883116883117,
        0.8753246753246753,
        0.8701298701298701,
        0.922077922077922,
        0.9064935064935065,
        0.9194805194805195,
        0.9038961038961039,
        0.922077922077922,
        0.9038961038961039,
        0.8831168831168831,
        0.9168831168831169,
        0.922077922077922
    ],
    "val_f1": [
        0.5850340136054422,
        0.7207207207207207,
        0.6349206349206349,
        0.6981132075471698,
        0.7,
        0.6964285714285714,
        0.625,
        0.6212121212121212,
        0.7,
        0.6842105263157895,
        0.7047619047619048,
        0.6782608695652174,
        0.7058823529411765,
        0.6782608695652174,
        0.64,
        0.7037037037037037,
        0.7058823529411765
    ],
    "val_mcc": [
        0.5759252942329963,
        0.6964414690433766,
        0.6107390684580748,
        0.664413936053848,
        0.6622641899128368,
        0.6685366670857251,
        0.6009078736113731,
        0.6015864604853243,
        0.6622641899128368,
        0.6561673228343176,
        0.6713584366097304,
        0.6501609075583878,
        0.6703388638530652,
        0.6501609075583878,
        0.6157751057854405,
        0.6729006310521822,
        0.6703388638530652
    ]
}