{
    "train_loss": [
        0.7256303897925785,
        0.4893462785652706,
        0.48176049205417537,
        0.4561628693220567,
        0.43191281766915807,
        0.4025876205794665,
        0.4147157617369477,
        0.4062323588497785,
        0.41727795953653296,
        0.3739916166784812,
        0.3525077610903857,
        0.3524242029810438,
        0.316201157297711,
        0.32053322957030367,
        0.3033136160169937,
        0.32904705861393285,
        0.29033844978833684,
        0.32061453239650145
    ],
    "train_acc": [
        0.8870863075924724,
        0.8929266709928618,
        0.90914990266061,
        0.8981181051265412,
        0.9117456197274497,
        0.9214795587280986,
        0.9227774172615185,
        0.9260220635950681,
        0.9344581440622972,
        0.936404931862427,
        0.9286177806619078,
        0.9279688513951979,
        0.9351070733290071,
        0.9338092147955873,
        0.9344581440622972,
        0.9422452952628163,
        0.9312134977287476,
        0.9422452952628163
    ],
    "train_f1": [
        0.5515463917525774,
        0.6540880503144654,
        0.6956521739130435,
        0.6666666666666666,
        0.7017543859649122,
        0.724373576309795,
        0.7289293849658315,
        0.7361111111111112,
        0.7600950118764845,
        0.7666666666666667,
        0.7441860465116279,
        0.7459954233409611,
        0.7641509433962265,
        0.7616822429906542,
        0.765661252900232,
        0.7855421686746988,
        0.7601809954751131,
        0.784503631961259
    ],
    "train_mcc": [
        0.4896406023841773,
        0.623578596764601,
        0.6690622426951446,
        0.6371743367508903,
        0.675230011153785,
        0.6974463146966565,
        0.7028590834223758,
        0.7094905876213861,
        0.7349398285192242,
        0.7423977260373356,
        0.7185050959232259,
        0.722559478968062,
        0.7404554661002257,
        0.7386074810981189,
        0.7441318776588693,
        0.7632541149505218,
        0.7409133453779272,
        0.7615653451970371
    ],
    "val_loss": [
        0.37936346462139714,
        0.37320418655872345,
        0.3749592536343978,
        0.38193888331835085,
        0.41372036590025973,
        0.4420425800176767,
        0.42934657862553227,
        0.5700643956661224,
        0.40352975175930905,
        0.4007120361694923,
        0.3743746465098901,
        0.4017107349175673,
        0.42073977108185107,
        0.42416023577635104,
        2.195464625238226,
        0.8284805600459759,
        0.397700330385795,
        0.4099633051798894
    ],
    "val_acc": [
        0.9194805194805195,
        0.8909090909090909,
        0.9272727272727272,
        0.9194805194805195,
        0.9090909090909091,
        0.9116883116883117,
        0.9064935064935065,
        0.9012987012987013,
        0.9064935064935065,
        0.9142857142857143,
        0.8987012987012987,
        0.9116883116883117,
        0.9168831168831169,
        0.9168831168831169,
        0.9116883116883117,
        0.9090909090909091,
        0.9090909090909091,
        0.9090909090909091
    ],
    "val_f1": [
        0.7155963302752294,
        0.671875,
        0.7254901960784313,
        0.7207207207207207,
        0.6902654867256637,
        0.6666666666666666,
        0.6538461538461539,
        0.6545454545454545,
        0.6666666666666666,
        0.6857142857142857,
        0.6666666666666666,
        0.6964285714285714,
        0.6923076923076923,
        0.6923076923076923,
        0.6909090909090909,
        0.6902654867256637,
        0.6846846846846847,
        0.6846846846846847
    ],
    "val_mcc": [
        0.6880496336654041,
        0.6602079927177587,
        0.6931616850931988,
        0.6964414690433766,
        0.6622911481080823,
        0.6246932213727981,
        0.6109356341291615,
        0.6164263380480205,
        0.6290430480227104,
        0.6490011147435644,
        0.6384841965919121,
        0.6685366670857251,
        0.6559519440123629,
        0.6559519440123629,
        0.6597494742562147,
        0.6622911481080823,
        0.6533753004629557,
        0.6533753004629557
    ]
}