{
    "train_loss": [
        0.8700095933614945,
        0.4759739537020119,
        0.427003165897058,
        0.4068466047851407,
        0.38636212233377965,
        0.3625073312800758,
        0.38482606715085554,
        0.3679434704233189,
        0.3641404839498656,
        0.35615910194358047,
        0.33855048688698786,
        0.3230617677374762,
        0.328695109152064,
        0.3207215175640826,
        0.30870119831999954,
        0.30240802995252364,
        0.30699109529354135,
        0.28670433707231163,
        0.26762143788593157,
        0.2510236551871105,
        0.2721258342570188,
        0.2838016145539527,
        0.2605872495594073,
        0.25108812939451663,
        0.2558442817582768,
        0.23131449208879956,
        0.24735281608846724
    ],
    "train_acc": [
        0.8825438027255029,
        0.881245944192083,
        0.9123945489941596,
        0.9149902660609993,
        0.9162881245944192,
        0.9266709928617781,
        0.9402985074626866,
        0.9234263465282284,
        0.9390006489292667,
        0.936404931862427,
        0.9351070733290071,
        0.9435431537962362,
        0.9487345879299156,
        0.9409474367293965,
        0.9448410123296561,
        0.9422452952628163,
        0.945489941596366,
        0.945489941596366,
        0.9552238805970149,
        0.954574951330305,
        0.9532770927968851,
        0.9519792342634653,
        0.9565217391304348,
        0.9623621025308241,
        0.9656067488643738,
        0.9604153147306943,
        0.9578195976638546
    ],
    "train_f1": [
        0.47230320699708456,
        0.6376237623762376,
        0.7084233261339092,
        0.7120879120879121,
        0.7126948775055679,
        0.7390300230946882,
        0.775609756097561,
        0.7318181818181818,
        0.7718446601941747,
        0.7666666666666667,
        0.7652582159624414,
        0.7893462469733656,
        0.8039702233250621,
        0.7828162291169452,
        0.7951807228915663,
        0.7865707434052758,
        0.7951219512195122,
        0.7961165048543689,
        0.8287841191066998,
        0.8241206030150754,
        0.8208955223880597,
        0.8203883495145631,
        0.8329177057356608,
        0.8535353535353535,
        0.8630490956072352,
        0.8439897698209718,
        0.8379052369077307
    ],
    "train_mcc": [
        0.4066973705572006,
        0.6118886267617298,
        0.6854302870358185,
        0.6873653689961808,
        0.6863196897331562,
        0.713205547108211,
        0.7505304522385723,
        0.7065709228806253,
        0.7465808234985936,
        0.7423977260373356,
        0.742282342150758,
        0.7672126234915949,
        0.7819834633454648,
        0.7610639924956043,
        0.7745095357569329,
        0.7649501755193208,
        0.7732390796768024,
        0.7748666577050118,
        0.8107306606863786,
        0.804280183239957,
        0.8013749737736416,
        0.8031524919114301,
        0.8150731592878611,
        0.8378237179505197,
        0.8470823670823379,
        0.8258708520922728,
        0.8208439400189449
    ],
    "val_loss": [
        0.5019430449375739,
        0.35900132071513396,
        0.39040896411125475,
        0.36248921201779294,
        0.36408984661102295,
        0.4252648823536359,
        0.3680461381490414,
        0.3622051477432251,
        0.3642018185212062,
        0.39819535383811366,
        0.3750044262179962,
        0.34995577885554385,
        0.38398592517926144,
        0.37909647134634167,
        0.37442624970124316,
        0.3990093675943521,
        0.4757861208457213,
        0.4345206583921726,
        0.41981855722574085,
        0.42758463552364934,
        0.4219454973936081,
        0.4645706369326665,
        0.4979608429410011,
        0.4528860329435422,
        0.44983798838578737,
        0.40981821142710173,
        0.44605261316666234
    ],
    "val_acc": [
        0.8935064935064935,
        0.8727272727272727,
        0.8805194805194805,
        0.9038961038961039,
        0.9090909090909091,
        0.9272727272727272,
        0.9116883116883117,
        0.922077922077922,
        0.9168831168831169,
        0.9038961038961039,
        0.9064935064935065,
        0.9246753246753247,
        0.9090909090909091,
        0.9142857142857143,
        0.9272727272727272,
        0.9038961038961039,
        0.9012987012987013,
        0.9246753246753247,
        0.9168831168831169,
        0.9168831168831169,
        0.8987012987012987,
        0.9194805194805195,
        0.9142857142857143,
        0.9194805194805195,
        0.9168831168831169,
        0.9168831168831169,
        0.9168831168831169
    ],
    "val_f1": [
        0.6771653543307087,
        0.631578947368421,
        0.640625,
        0.672566371681416,
        0.6788990825688074,
        0.7021276595744681,
        0.7017543859649122,
        0.7222222222222222,
        0.7090909090909091,
        0.6837606837606838,
        0.6896551724137931,
        0.7289719626168224,
        0.6846846846846847,
        0.7027027027027027,
        0.7254901960784313,
        0.6837606837606838,
        0.6779661016949152,
        0.7128712871287128,
        0.6923076923076923,
        0.6981132075471698,
        0.6722689075630253,
        0.7047619047619048,
        0.6796116504854369,
        0.6990291262135923,
        0.6923076923076923,
        0.7090909090909091,
        0.6923076923076923
    ],
    "val_mcc": [
        0.6653415595948365,
        0.6163586416827964,
        0.6206745799801683,
        0.6410053903635617,
        0.6444627790440662,
        0.66265140528802,
        0.6773340106676826,
        0.6948294225669182,
        0.6814110423603118,
        0.6593108013269698,
        0.665205034846857,
        0.7017559622653983,
        0.6533753004629557,
        0.6749083847531661,
        0.6931616850931988,
        0.6593108013269698,
        0.6535249558513496,
        0.6777889824090843,
        0.6559519440123629,
        0.664413936053848,
        0.6478438852211642,
        0.6713584366097304,
        0.6403989971622795,
        0.6630622579314198,
        0.6559519440123629,
        0.6814110423603118,
        0.6559519440123629
    ]
}