{
    "train_loss": [
        0.8050484471783346,
        0.45656041527281,
        0.4589696809345362,
        0.42048945065055576,
        0.40067384346407287,
        0.38629779630169575,
        0.3801140855161511,
        0.39653754492803495,
        0.3411794600590151,
        0.35645826723502605,
        0.3529258054129931,
        0.3495722493650962,
        0.33089191101643506,
        0.3303278439811298,
        0.30584947323920775,
        0.31493496149778366,
        0.30819680435316904,
        0.3230861776641437
    ],
    "train_acc": [
        0.9059052563270603,
        0.8955223880597015,
        0.8987670343932511,
        0.9110966904607398,
        0.9201817001946788,
        0.9266709928617781,
        0.9201817001946788,
        0.9312134977287476,
        0.9338092147955873,
        0.9344581440622972,
        0.9351070733290071,
        0.9292667099286178,
        0.9312134977287476,
        0.9461388708630759,
        0.9441920830629461,
        0.9422452952628163,
        0.9396495781959766,
        0.9506813757300454
    ],
    "train_f1": [
        0.5938375350140056,
        0.6694045174537988,
        0.675,
        0.702819956616052,
        0.7248322147651006,
        0.7414187643020596,
        0.7248322147651006,
        0.7534883720930232,
        0.7594339622641509,
        0.7634660421545667,
        0.7652582159624414,
        0.7517084282460137,
        0.7546296296296297,
        0.8,
        0.7932692307692307,
        0.784503631961259,
        0.7822014051522248,
        0.8137254901960784
    ],
    "train_mcc": [
        0.5406297111456991,
        0.6455270138819924,
        0.6501391876625372,
        0.6780256044335385,
        0.7002569768323623,
        0.7171300917645191,
        0.7002569768323623,
        0.7294837215609692,
        0.7349124993701139,
        0.7404398094109162,
        0.742282342150758,
        0.7299229270509723,
        0.7313782090865911,
        0.7801372461601385,
        0.7725282873591263,
        0.7615653451970371,
        0.7625032770786201,
        0.7944096408211307
    ],
    "val_loss": [
        0.3778398380829738,
        0.34233743983965653,
        0.3653389989183499,
        0.3672819584608078,
        0.3677514046430588,
        0.38954045050419295,
        0.4497833721912824,
        0.37821478797839236,
        0.3810737499823937,
        0.370876737512075,
        0.3948076906112524,
        0.4106485442473338,
        0.3846193471668252,
        0.4095147785085898,
        0.3806760752430329,
        0.38705193308683544,
        0.3854697724947563,
        0.3770484591905887
    ],
    "val_acc": [
        0.8987012987012987,
        0.9142857142857143,
        0.9194805194805195,
        0.9142857142857143,
        0.9116883116883117,
        0.8831168831168831,
        0.8883116883116883,
        0.9142857142857143,
        0.9116883116883117,
        0.9116883116883117,
        0.8961038961038961,
        0.9168831168831169,
        0.9116883116883117,
        0.9194805194805195,
        0.9142857142857143,
        0.9142857142857143,
        0.9064935064935065,
        0.9116883116883117
    ],
    "val_f1": [
        0.6829268292682927,
        0.7027027027027027,
        0.7102803738317757,
        0.7027027027027027,
        0.6909090909090909,
        0.6456692913385826,
        0.6504065040650406,
        0.6915887850467289,
        0.6909090909090909,
        0.6909090909090909,
        0.6666666666666666,
        0.6981132075471698,
        0.6964285714285714,
        0.6990291262135923,
        0.6915887850467289,
        0.7079646017699115,
        0.6896551724137931,
        0.7017543859649122
    ],
    "val_mcc": [
        0.6665315438048179,
        0.6749083847531661,
        0.6796881647098826,
        0.6749083847531661,
        0.6597494742562147,
        0.6256366071893475,
        0.6261006875948203,
        0.6576203671543669,
        0.6597494742562147,
        0.6597494742562147,
        0.642264141926234,
        0.664413936053848,
        0.6685366670857251,
        0.6630622579314198,
        0.6576203671543669,
        0.6835769058526029,
        0.665205034846857,
        0.6773340106676826
    ]
}