{
    "0.3": {
        "threshold": 0.3,
        "precision": 0.7537924250690209,
        "recall": 0.8658569500674764,
        "f1": 0.8049183205421592,
        "mcc": 0.7825098346225652,
        "auc": 0.9660151040351705
    },
    "0.4": {
        "threshold": 0.4,
        "precision": 0.7573277786043743,
        "recall": 0.8658569500674764,
        "f1": 0.8069263526706733,
        "mcc": 0.7846819626662231,
        "auc": 0.9660151040351705
    },
    "0.5": {
        "threshold": 0.5,
        "precision": 0.7573277786043743,
        "recall": 0.8658569500674764,
        "f1": 0.8069263526706733,
        "mcc": 0.7846819626662231,
        "auc": 0.9660151040351705
    }
}