{
    "0.3": {
        "threshold": 0.3,
        "precision": 0.7213262108262107,
        "recall": 0.8867746288798919,
        "f1": 0.7913562840755201,
        "mcc": 0.7711890453637521,
        "auc": 0.9776291198062934
    },
    "0.4": {
        "threshold": 0.4,
        "precision": 0.7393999145551939,
        "recall": 0.8867746288798919,
        "f1": 0.8025767650933892,
        "mcc": 0.7828852168124809,
        "auc": 0.9776291198062934
    },
    "0.5": {
        "threshold": 0.5,
        "precision": 0.7473470875908471,
        "recall": 0.8816464237516868,
        "f1": 0.805478952420129,
        "mcc": 0.7854475484230498,
        "auc": 0.9776291198062934
    }
}