{
    "0.3": {
        "threshold": 0.3,
        "precision": 0.7186885500748285,
        "recall": 0.8966261808367072,
        "f1": 0.7964737641350774,
        "mcc": 0.7755791111861479,
        "auc": 0.9770318325535255
    },
    "0.4": {
        "threshold": 0.4,
        "precision": 0.7186885500748285,
        "recall": 0.8966261808367072,
        "f1": 0.7964737641350774,
        "mcc": 0.7755791111861479,
        "auc": 0.9770318325535255
    },
    "0.5": {
        "threshold": 0.5,
        "precision": 0.7361375769820122,
        "recall": 0.8966261808367072,
        "f1": 0.8073499917803716,
        "mcc": 0.7869510703714605,
        "auc": 0.9770318325535255
    }
}