{
    "train_loss": [
        1.596002997457981,
        1.738058541715145,
        1.307371187210083,
        1.2875373095273972,
        1.2065770879387856,
        1.1106099501252173,
        0.9192718401551246,
        1.0325302354991437,
        0.7785223230719567,
        0.6532182559370995,
        0.7643920477479696,
        0.6501832265406847,
        0.5453978814184666,
        0.5662855863571167,
        0.42653641672804954,
        0.3468412403482944,
        0.270741579728201,
        0.21296346068847924,
        0.18992570710834117,
        0.3274981246329844,
        0.18603567113168537,
        0.1386584461084567,
        0.1335812036151765,
        0.12889607065590097,
        0.14568707167636602,
        0.10447715136688203,
        0.12028699341462926
    ],
    "train_acc": [
        0.9659270998415214,
        0.9659270998415214,
        0.96513470681458,
        0.9659270998415214,
        0.9500792393026941,
        0.8652931854199684,
        0.8478605388272583,
        0.8605388272583201,
        0.873217115689382,
        0.9033280507131537,
        0.8827258320126783,
        0.8906497622820919,
        0.8874801901743264,
        0.8898573692551506,
        0.9374009508716323,
        0.9374009508716323,
        0.9429477020602218,
        0.9698890649762282,
        0.9690966719492868,
        0.927892234548336,
        0.9548335974643423,
        0.9754358161648178,
        0.9746434231378764,
        0.9825673534072901,
        0.9881141045958796,
        0.971473851030111,
        0.9809825673534073
    ],
    "train_f1": [
        0.0,
        0.0,
        0.0,
        0.0,
        0.18181818181818182,
        0.16666666666666666,
        0.21951219512195122,
        0.21428571428571427,
        0.26605504587155965,
        0.35789473684210527,
        0.29523809523809524,
        0.31683168316831684,
        0.3364485981308411,
        0.3285024154589372,
        0.45517241379310347,
        0.46258503401360546,
        0.5068493150684932,
        0.6545454545454545,
        0.6486486486486487,
        0.4484848484848485,
        0.5714285714285714,
        0.7155963302752294,
        0.7037037037037037,
        0.78,
        0.8275862068965517,
        0.6842105263157895,
        0.76
    ],
    "train_mcc": [
        -0.010069519565745734,
        -0.010069519565745734,
        -0.011262542383016631,
        -0.010069519565745734,
        0.15609085486662513,
        0.16164050528437962,
        0.2547611007656282,
        0.23668177531328957,
        0.30800288857758085,
        0.41384112667601786,
        0.34403203728791326,
        0.36811666654074743,
        0.4053094476850818,
        0.3882998840467156,
        0.49067376497199644,
        0.5018867845545103,
        0.5538281886675435,
        0.6717703075920071,
        0.6667590854313297,
        0.5056481997475305,
        0.6120329446322201,
        0.7368993656903035,
        0.72239083174235,
        0.7923656885014039,
        0.8262517208252812,
        0.7104177481890117,
        0.7710166951648942
    ],
    "val_loss": [
        1.4665972292423248,
        1.3361971199512481,
        1.3995482504367829,
        1.2634749054908752,
        1.227516621351242,
        1.0733565509319305,
        1.6694048821926117,
        0.9712458848953247,
        0.9870496094226837,
        1.5564289763569832,
        1.1440376788377762,
        1.7533479183912277,
        1.369222381711006,
        1.5146897792816163,
        2.376492910832167,
        2.4232497781515123,
        3.3614576667547227,
        4.5031917267944666,
        3.956834112107754,
        4.076101540774107,
        3.676802498847246,
        5.051413909718394,
        4.432185424724594,
        4.653930873423815,
        3.954004903137684,
        4.897337973490357,
        4.6335927654057745
    ],
    "val_acc": [
        0.9682539682539683,
        0.9682539682539683,
        0.9682539682539683,
        0.9682539682539683,
        0.8253968253968254,
        0.8063492063492064,
        0.9555555555555556,
        0.8253968253968254,
        0.7904761904761904,
        0.9174603174603174,
        0.8539682539682539,
        0.9523809523809523,
        0.7904761904761904,
        0.8666666666666667,
        0.9428571428571428,
        0.8984126984126984,
        0.9587301587301588,
        0.9365079365079365,
        0.946031746031746,
        0.9523809523809523,
        0.9428571428571428,
        0.9492063492063492,
        0.9428571428571428,
        0.9523809523809523,
        0.9238095238095239,
        0.9396825396825397,
        0.9396825396825397
    ],
    "val_f1": [
        0.0,
        0.0,
        0.0,
        0.0,
        0.12698412698412698,
        0.14084507042253522,
        0.2222222222222222,
        0.1791044776119403,
        0.15384615384615385,
        0.13333333333333333,
        0.17857142857142858,
        0.34782608695652173,
        0.175,
        0.19230769230769232,
        0.25,
        0.2,
        0.23529411764705882,
        0.09090909090909091,
        0.2608695652173913,
        0.21052631578947367,
        0.18181818181818182,
        0.1111111111111111,
        0.18181818181818182,
        0.2857142857142857,
        0.14285714285714285,
        0.09523809523809523,
        0.09523809523809523
    ],
    "val_mcc": [
        0.0,
        0.0,
        0.0,
        0.0,
        0.11217197331313057,
        0.14037689042402457,
        0.20095489457448293,
        0.19709550996040412,
        0.16905675076047066,
        0.10136605156616253,
        0.18149718428987485,
        0.326552773113863,
        0.20809158495320573,
        0.19531072666281962,
        0.22454257310556094,
        0.18799151854273494,
        0.21838043617304562,
        0.05855618233121331,
        0.23552257529893658,
        0.18632102821336105,
        0.15314693840471175,
        0.08586254586364271,
        0.15314693840471175,
        0.26145889501910347,
        0.11144179967299829,
        0.06419050716037869,
        0.06419050716037869
    ]
}