{
    "train_loss": [
        1.2021452327107274,
        1.1750994061314783,
        1.0642818018447522,
        0.9588770547578501,
        0.86797058305075,
        0.7648523262766904,
        0.7684983645760736,
        0.7232365240884382,
        0.6486197865979616,
        0.6366277766782183,
        0.6473753171604734,
        0.6225678456384082,
        0.5821376262709151,
        0.5001333546499873,
        0.48820672288190486,
        0.444316845993663,
        0.43190722098184187,
        0.4267339540082355,
        0.40216966597146764,
        0.38058480724345806,
        0.3894554153084755,
        0.3677009439399076,
        0.3364567053179408,
        0.28873439709287746,
        0.2788057097255491,
        0.31777396416941356,
        0.2758201481991036,
        0.2642274422701015,
        0.2689838403359402,
        0.2338273508777452,
        0.211157874745685,
        0.2281069330178028,
        0.22899368916486584,
        0.20801381290305493,
        0.22323226173365013,
        0.21167172352934993,
        0.19889160072387652,
        0.19751551959576996,
        0.18770454018268473,
        0.1903811500429414,
        0.19586015475350757,
        0.18841408591630848,
        0.17829695496664838,
        0.19083160907030106,
        0.18265716592932857,
        0.1864775901790275,
        0.1828821510249792,
        0.18164904827122078,
        0.16756585508931515,
        0.17433154227775197
    ],
    "train_acc": [
        0.8655834564254062,
        0.8655834564254062,
        0.8020679468242246,
        0.8663220088626292,
        0.8426883308714919,
        0.8508124076809453,
        0.8485967503692762,
        0.8641063515509602,
        0.8478581979320532,
        0.8722304283604135,
        0.8589364844903988,
        0.8833087149187593,
        0.8692762186115214,
        0.8980797636632201,
        0.8870014771048744,
        0.8995568685376661,
        0.9017725258493353,
        0.9025110782865583,
        0.9165435745937962,
        0.912850812407681,
        0.9091580502215657,
        0.9150664697193501,
        0.9202363367799113,
        0.9320531757754801,
        0.9335302806499262,
        0.9246676514032496,
        0.9342688330871491,
        0.9394387001477105,
        0.9423929098966026,
        0.947562776957164,
        0.9512555391432792,
        0.9453471196454948,
        0.9512555391432792,
        0.948301329394387,
        0.9438700147710487,
        0.9534711964549483,
        0.9512555391432792,
        0.9542097488921714,
        0.9579025110782866,
        0.9542097488921714,
        0.9497784342688331,
        0.9542097488921714,
        0.9601181683899557,
        0.9601181683899557,
        0.9571639586410635,
        0.9571639586410635,
        0.9593796159527327,
        0.9586410635155096,
        0.9623338257016248,
        0.96602658788774
    ],
    "train_f1": [
        0.0,
        0.010869565217391304,
        0.3431372549019608,
        0.47230320699708456,
        0.5571725571725572,
        0.5665236051502146,
        0.5755693581780539,
        0.5779816513761468,
        0.5846774193548387,
        0.6263498920086393,
        0.6094069529652352,
        0.6565217391304348,
        0.6226012793176973,
        0.6933333333333334,
        0.6695464362850972,
        0.6991150442477876,
        0.7089715536105032,
        0.7092511013215859,
        0.7460674157303371,
        0.7389380530973452,
        0.7272727272727273,
        0.7483588621444202,
        0.76,
        0.7889908256880734,
        0.7935779816513762,
        0.7702702702702703,
        0.7963386727688787,
        0.8119266055045872,
        0.8186046511627907,
        0.8329411764705882,
        0.8450704225352113,
        0.8287037037037037,
        0.8413461538461539,
        0.8364485981308412,
        0.8232558139534883,
        0.8496420047732697,
        0.8436018957345972,
        0.8516746411483254,
        0.8633093525179856,
        0.8523809523809524,
        0.8403755868544601,
        0.8523809523809524,
        0.8695652173913043,
        0.8695652173913043,
        0.861244019138756,
        0.8605769230769231,
        0.86810551558753,
        0.8647342995169082,
        0.8753056234718827,
        0.8872549019607843
    ],
    "train_mcc": [
        -0.01067926548338422,
        0.027646761043524423,
        0.23038515410661692,
        0.3968375526036987,
        0.4906810851859017,
        0.4999112134846439,
        0.5141913252053374,
        0.510192630694647,
        0.5285018782838342,
        0.5734816222386178,
        0.5582354502237126,
        0.6100973952297696,
        0.5701209138326004,
        0.6529314576215409,
        0.6269267874629368,
        0.6605161571390321,
        0.6739701789233333,
        0.6734822617223521,
        0.7160126329995214,
        0.7093334853387413,
        0.6947490553737666,
        0.7224553529596499,
        0.7345202717495348,
        0.7655328729640537,
        0.7710837477959973,
        0.745206079031558,
        0.7747282446609784,
        0.7932872471237719,
        0.7994967183100027,
        0.8152461128587677,
        0.8301060739761479,
        0.8122879242830184,
        0.8227966253266424,
        0.8203629030733419,
        0.8050988015588537,
        0.8335113767697815,
        0.8271474787045131,
        0.8356574815570786,
        0.8492577196769735,
        0.8370701420877884,
        0.8244686388706246,
        0.8370701420877884,
        0.8558689635801494,
        0.8558689635801494,
        0.8470799405332116,
        0.8457180384005776,
        0.854978476241234,
        0.8501192050787203,
        0.8613563091650911,
        0.8752644931508105
    ],
    "val_loss": [
        1.1733731085603887,
        1.1416238058697095,
        1.0221012234687805,
        0.8276300809600137,
        0.8337036723440344,
        0.8668476451526989,
        0.7657184492457997,
        0.7663602124560963,
        0.8830028338865801,
        0.7800330167466943,
        0.7687430842356249,
        0.7781629941680215,
        0.8316591598770835,
        0.7377062345092947,
        0.7102823203260248,
        0.702587986534292,
        0.6380819136446173,
        0.8020643199032004,
        0.8151333846829154,
        0.8886847821148959,
        0.7697072110392831,
        0.9778965603221547,
        1.0954866924069144,
        0.883679059418765,
        0.8635405004024506,
        0.828486979007721,
        1.0355072549798272,
        1.0117128559134223,
        1.0732001161033458,
        1.1419207643378864,
        1.4966490539637478,
        1.6137391989204017,
        1.1801338222893802,
        1.3208674172108823,
        1.794721026312221,
        1.2365356263789264,
        1.2130803899331526,
        1.19562067091465,
        1.4112238626588474,
        1.2492259302261202,
        1.650473410432989,
        1.3207673051140525,
        1.5261970785531132,
        1.3611595752564343,
        1.5416783338243312,
        1.3657426834106445,
        1.6253838403658434,
        1.480779149315574,
        1.5839650563218377,
        1.6120554439046166
    ],