{
    "train_loss": [
        1.2021844650423803,
        1.1777242976565694,
        1.0577938979448274,
        0.9408480767593828,
        0.8717064767382866,
        0.8026799656624017,
        0.7359999355881713,
        0.7058453247990719,
        0.6564808730469194,
        0.6878203694210496,
        0.6657491873863132,
        0.6221803357434827,
        0.5915677415770154,
        0.5888301186090292,
        0.5050639063119888,
        0.4612803386394368,
        0.4790110917285431,
        0.44657051840493844,
        0.4224123980763347,
        0.42353031836276833,
        0.3806779512832331,
        0.3721816693974096,
        0.34366940810929897,
        0.3252804340838,
        0.3395044224033522,
        0.33811159501242083,
        0.3089659993731698,
        0.3026598788971125,
        0.29715192369943444,
        0.2790186268299125,
        0.26276064412884936,
        0.28758608038688815,
        0.29206157371748326,
        0.2693730960058611,
        0.25444514533981333,
        0.26162902456383375,
        0.2536268043656682,
        0.26187414173469986,
        0.2396114054460858,
        0.23677110020071268,
        0.25035714167495104,
        0.24316458560006562,
        0.24191171316386656,
        0.24614914610635402,
        0.23927897821332134,
        0.24014995307769887,
        0.24463575987448527,
        0.23861097397152767
    ],
    "train_acc": [
        0.8655834564254062,
        0.8655834564254062,
        0.8161004431314623,
        0.8345642540620384,
        0.845642540620384,
        0.8596750369276218,
        0.843426883308715,
        0.8537666174298375,
        0.8530280649926145,
        0.8751846381093058,
        0.8589364844903988,
        0.8655834564254062,
        0.8589364844903988,
        0.8729689807976366,
        0.8818316100443131,
        0.8980797636632201,
        0.8906942392909897,
        0.9076809453471196,
        0.9039881831610044,
        0.9091580502215657,
        0.9135893648449039,
        0.9209748892171344,
        0.914327917282127,
        0.9217134416543574,
        0.9194977843426884,
        0.9165435745937962,
        0.9298375184638109,
        0.9350073855243722,
        0.9342688330871491,
        0.9350073855243722,
        0.9387001477104875,
        0.9342688330871491,
        0.9364844903988183,
        0.9409158050221565,
        0.9438700147710487,
        0.9446085672082718,
        0.94903988183161,
        0.9438700147710487,
        0.9512555391432792,
        0.946824224519941,
        0.9460856720827179,
        0.9512555391432792,
        0.9512555391432792,
        0.94903988183161,
        0.9497784342688331,
        0.9505169867060561,
        0.9512555391432792,
        0.947562776957164
    ],
    "train_f1": [
        0.0,
        0.010869565217391304,
        0.3288409703504043,
        0.48148148148148145,
        0.5543710021321961,
        0.5796460176991151,
        0.5619834710743802,
        0.5732758620689655,
        0.5995975855130785,
        0.6202247191011236,
        0.59958071278826,
        0.6224066390041494,
        0.6172344689378757,
        0.6386554621848739,
        0.6595744680851063,
        0.6986899563318777,
        0.6851063829787234,
        0.7276688453159041,
        0.7098214285714286,
        0.7296703296703296,
        0.7428571428571429,
        0.7584650112866818,
        0.7456140350877193,
        0.7665198237885462,
        0.7583148558758315,
        0.7569892473118279,
        0.7884187082405345,
        0.7981651376146789,
        0.7981859410430839,
        0.7990867579908676,
        0.8091954022988506,
        0.8008948545861297,
        0.8,
        0.8148148148148148,
        0.822429906542056,
        0.8259860788863109,
        0.836104513064133,
        0.8232558139534883,
        0.8450704225352113,
        0.8309859154929577,
        0.8290398126463701,
        0.8443396226415094,
        0.8436018957345972,
        0.836104513064133,
        0.8411214953271028,
        0.8423529411764706,
        0.8428571428571429,
        0.8329411764705882
    ],
    "train_mcc": [
        -0.01067926548338422,
        0.027646761043524423,
        0.22245465274429477,
        0.39342972888382316,
        0.4852662910257807,
        0.5140641725399047,
        0.4972684641190811,
        0.5079705214634163,
        0.5477565562424993,
        0.5626310591364981,
        0.5431174118819619,
        0.572912908891994,
        0.5707874322822303,
        0.5917996854700553,
        0.616363212066244,
        0.6615855838265564,
        0.6481435049993058,
        0.6975928869262958,
        0.6725911346726453,
        0.6988504953339412,
        0.7150560711291485,
        0.7305380942859976,
        0.7187588535174093,
        0.7438023735430012,
        0.73277078661551,
        0.7358172230625212,
        0.7689599116438655,
        0.7766346226279409,
        0.7782232297108187,
        0.778366328089706,
        0.7896698145043732,
        0.7835205477731509,
        0.7770883853145982,
        0.7955335964670506,
        0.8035039990402145,
        0.8086964912420288,
        0.8178903862094931,
        0.8050988015588537,
        0.8301060739761479,
        0.813193768659578,
        0.8111529811115163,
        0.8286211109808799,
        0.8271474787045131,
        0.8178903862094931,
        0.825982537751051,
        0.82653897337429,
        0.8256853793985122,
        0.8152461128587677
    ],
    "val_loss": [
        1.1735437404025684,
        1.1571659608320757,
        1.036739712411707,
        0.8295064568519592,
        0.8135500658642162,
        0.8159416859800165,
        0.7701109078797427,
        0.7560144120996649,
        0.7796691737391732,
        0.8150111653588035,
        0.9359470768408342,
        0.7935492721470919,
        0.9494924653660167,
        0.8317253535444086,
        0.8071916536851362,
        0.9421430907466195,
        0.8931578722867098,
        1.0805014927278866,
        0.9087278599088843,
        0.9887824586846612,
        0.9741572873158888,
        1.0315331437370994,
        1.1101091747934169,
        1.0454009554602883,
        1.1044217185540632,
        1.0777823572809047,
        1.2210268865932117,
        1.220143662257628,
        1.2012854889035225,
        1.2607036978006363,
        1.4653668376532467,
        1.729362721808932,
        1.3410572504455394,
        1.2642368132417852,
        1.3429355160756544,
        1.2750666398893704,
        1.2754301821643657,
        1.3132748874751003,
        1.5189074630087072,
        1.3797966932708567,
        1.6280823295766658,
        1.35604059018872,
        1.495890278707851,
        1.5268449634313583,
        1.4889033111658962,
        1.4208559691905975,
        1.493451441553506,
        1.4110665578733792
    ],