{
    "train_loss": [
        1.198134325271429,
        1.2007769803668178,
        1.2016944885253906,
        1.1763675004936929,
        1.0850975776827612,
        1.013858785462934,
        0.932356326385986,
        0.9191439761671909,
        0.9090864686078803,
        0.8817399518434391,
        0.8815570196440053,
        0.7902114218057588,
        0.7781682284765465,
        0.7457187134166097,
        0.7436319478722506,
        0.7213004075510557,
        0.6798822713452716,
        0.6185975788637649,
        0.6536840349435806,
        0.7103864938713783,
        0.6291165351867676,
        0.5945022466570832,
        0.5449419783991437,
        0.5730939075177492,
        0.5090135876522508,
        0.49383441584054816,
        0.4794299373793047,
        0.46744523336027943,
        0.4632299136976863,
        0.42851255348948547,
        0.4192074447177177,
        0.4374740496277809,
        0.4228446991291157,
        0.42183567722176396,
        0.42833599933358124
    ],
    "train_acc": [
        0.8663220088626292,
        0.8648449039881831,
        0.8648449039881831,
        0.8626292466765141,
        0.8153618906942393,
        0.7887740029542097,
        0.7983751846381093,
        0.7843426883308715,
        0.7887740029542097,
        0.8412112259970458,
        0.8234859675036927,
        0.8360413589364845,
        0.8389955686853766,
        0.8360413589364845,
        0.810192023633678,
        0.8596750369276218,
        0.8500738552437223,
        0.8485967503692762,
        0.8205317577548006,
        0.8234859675036927,
        0.8677991137370753,
        0.8567208271787297,
        0.8611521418020679,
        0.8493353028064993,
        0.8899556868537666,
        0.8914327917282127,
        0.896602658788774,
        0.896602658788774,
        0.8914327917282127,
        0.8988183161004432,
        0.9032496307237814,
        0.9032496307237814,
        0.9084194977843427,
        0.9069423929098966,
        0.9010339734121122
    ],
    "train_f1": [
        0.0,
        0.010810810810810811,
        0.010810810810810811,
        0.05102040816326531,
        0.40476190476190477,
        0.44787644787644787,
        0.4990825688073395,
        0.49480968858131485,
        0.4742647058823529,
        0.5124716553287982,
        0.5210420841683366,
        0.5236051502145923,
        0.5477178423236515,
        0.562992125984252,
        0.5123339658444023,
        0.5957446808510638,
        0.5831622176591376,
        0.5924453280318092,
        0.5557586837294333,
        0.5412667946257198,
        0.6183368869936035,
        0.6196078431372549,
        0.6313725490196078,
        0.6046511627906976,
        0.6902286902286903,
        0.6878980891719745,
        0.7021276595744681,
        0.7008547008547008,
        0.6943866943866944,
        0.7127882599580713,
        0.7182795698924731,
        0.720682302771855,
        0.7327586206896551,
        0.7341772151898734,
        0.7161016949152542
    ],
    "train_mcc": [
        0.0,
        0.018606101082681875,
        0.018606101082681875,
        0.06209643203745063,
        0.3019862956918036,
        0.356131597878599,
        0.4275444685703124,
        0.42872909513711766,
        0.39427625119245874,
        0.4311064681873604,
        0.44791677687182907,
        0.4466735375561061,
        0.47896103587767097,
        0.5034599865751718,
        0.4415885130766742,
        0.5369124797335892,
        0.5245859975483375,
        0.5401157696697695,
        0.503685995646327,
        0.47818976501364324,
        0.5648174999071742,
        0.5769674340174521,
        0.592148132131745,
        0.5593652210811594,
        0.6579053966235334,
        0.6519119278836826,
        0.6693303669546805,
        0.6671382478163063,
        0.6631311563559594,
        0.6848943019293804,
        0.6878414676840306,
        0.6920994341174038,
        0.7054600812479421,
        0.7106127053107745,
        0.6873747179725431
    ],
    "val_loss": [
        1.1963659524917603,
        1.1806824153119868,
        1.1850061795928262,
        1.0733202424916355,
        0.9792574860832908,
        0.9326338768005371,
        0.8942866054448214,
        0.8511021895842119,
        0.9518711404366926,
        0.8452460034327074,
        0.8634698959914121,
        0.8767630782994357,
        0.8141695613210852,
        0.8567521572113037,
        0.8321004618297924,
        0.7570404193618081,
        0.6870875521139665,
        0.7077300927855752,
        0.7779297557744113,
        0.7437295453114943,
        0.7411402599378065,
        0.723967348987406,
        0.895940208976919,
        0.762846209786155,
        0.7758020447059111,
        0.8229730318893086,
        0.8282880512150851,
        0.8598803823644464,
        0.9469331665472551,
        0.9551848037676378,
        1.0026060234416614,
        0.9967159723693674,
        0.9577207294377413,
        1.075305543162606,
        0.9489827291531996
    ],
    "val_acc": [
        0.8672566371681416,
        0.8672566371681416,
        0.8702064896755162,
        0.8613569321533924,
        0.8348082595870207,
        0.8377581120943953,
        0.8525073746312685,
        0.8171091445427728,
        0.7109144542772862,
        0.8436578171091446,
        0.887905604719764,
        0.8702064896755162,
        0.8112094395280236,
        0.6991150442477876,
        0.8466076696165191,
        0.8613569321533924,
        0.799410029498525,
        0.8112094395280236,
        0.855457227138643,
        0.8938053097345132,
        0.8377581120943953,
        0.8348082595870207,
        0.8790560471976401,
        0.8495575221238938,
        0.8466076696165191,
        0.8436578171091446,
        0.8672566371681416,
        0.8436578171091446,
        0.8584070796460177,
        0.8672566371681416,
        0.8377581120943953,
        0.8584070796460177,
        0.8495575221238938,
        0.8053097345132744,
        0.8466076696165191
    ],
    "val_f1": [
        0.0,
        0.0,
        0.043478260869565216,
        0.3561643835616438,
        0.5172413793103449,
        0.4954128440366973,
        0.5535714285714286,
        0.515625,
        0.40963855421686746,
        0.5391304347826087,
        0.5581395348837209,
        0.5769230769230769,
        0.5294117647058824,
        0.45161290322580644,
        0.5737704918032787,
        0.6115702479338843,
        0.5405405405405406,
        0.5616438356164384,
        0.5739130434782609,
        0.6666666666666666,
        0.5801526717557252,
        0.5942028985507246,
        0.6019417475728155,
        0.5785123966942148,
        0.5873015873015873,
        0.5826771653543307,
        0.6017699115044248,
        0.5826771653543307,
        0.6,
        0.6086956521739131,
        0.5736434108527132,
        0.6065573770491803,
        0.592,
        0.5285714285714286,
        0.5806451612903226
    ],
    "val_mcc": [
        0.0,
        0.0,
        0.13903017140231752,
        0.293195709431236,
        0.43961015743214893,
        0.4110920058712893,
        0.4826273322201884,
        0.4444612417597336,
        0.32551735602707543,
        0.4662444990147489,
        0.4948114066937693,
        0.5083280104523129,
        0.46928950480052056,
        0.41069558033206827,
        0.5141660009961929,
        0.561013203300673,
        0.49768401143695173,
        0.5245275189399756,
        0.5092005759724877,
        0.6177155029960418,
        0.5311678428303062,
        0.5583533796462264,
        0.5379290954604867,
        0.5193200155512642,
        0.5351310081665144,
        0.5301967414559667,
        0.5421996591818821,
        0.5301967414559667,
        0.5455053315874672,
        0.5521566529302265,
        0.5205508456663607,
        0.5556665425051713,
        0.5401426031415422,
        0.47213242741079864,
        0.5246694236312572
    ]
}