{
    "train_loss": [
        1.1950768731361212,
        1.1710599231165508,
        1.0811787081319233,
        0.9213745095009027,
        0.7812533115231713,
        0.7212211260961932,
        0.8066721357578455,
        0.6907616167567497,
        0.6317358561033426,
        0.6121520174797191,
        0.6469179863153502,
        0.5811825848596041,
        0.5546709607506908,
        0.5167016771643661,
        0.5039358873699986,
        0.4909588493580042,
        0.47466480974541153,
        0.4502251044262287,
        0.43824127420436504,
        0.42011891998523887,
        0.43291558914406353,
        0.39405062378839006
    ],
    "train_acc": [
        0.8655834564254062,
        0.8567208271787297,
        0.8611521418020679,
        0.8301329394387001,
        0.8412112259970458,
        0.8559822747415067,
        0.8604135893648449,
        0.8611521418020679,
        0.8722304283604135,
        0.8840472673559823,
        0.8522895125553914,
        0.8714918759231906,
        0.8744460856720827,
        0.8877400295420975,
        0.8921713441654358,
        0.8892171344165436,
        0.8892171344165436,
        0.896602658788774,
        0.896602658788774,
        0.9113737075332349,
        0.8980797636632201,
        0.9039881831610044
    ],
    "train_f1": [
        0.0,
        0.09345794392523364,
        0.32857142857142857,
        0.5021645021645021,
        0.5674044265593562,
        0.5842217484008528,
        0.5987261146496815,
        0.5982905982905983,
        0.6373165618448637,
        0.654945054945055,
        0.609375,
        0.634453781512605,
        0.6443514644351465,
        0.6820083682008368,
        0.6798245614035088,
        0.6861924686192469,
        0.6848739495798319,
        0.6995708154506438,
        0.7071129707112971,
        0.7345132743362832,
        0.7100840336134454,
        0.7245762711864406
    ],
    "train_mcc": [
        -0.01067926548338422,
        0.07865513154651822,
        0.27315725020739856,
        0.4197546059676996,
        0.5067098663966414,
        0.5223901885037644,
        0.5408206780937737,
        0.539694523492263,
        0.5903763752311014,
        0.6070188991610995,
        0.5643338937096883,
        0.5865422810877097,
        0.5994485347709148,
        0.6466501827831038,
        0.6378409614693032,
        0.6518948103400137,
        0.6496311336758581,
        0.664948008863111,
        0.6781179481245632,
        0.7039093377609958,
        0.6811755599699323,
        0.6979416092686724
    ],
    "val_loss": [
        1.1915164427323774,
        1.131946780464866,
        0.9629788344556635,
        0.8089760325171731,
        0.7717140073126013,
        0.7324764051220634,
        0.7158093587918715,
        0.7257410016926852,
        0.7246963679790497,
        0.7219759252938357,
        0.678849846124649,
        0.7062207352031361,
        0.737768146124753,
        0.7377781244841489,
        0.7674741148948669,
        0.7114678594199094,
        0.8160496801137924,
        0.7855013121258129,
        0.8816513039849021,
        0.8744036853313446,
        0.9104617427695881,
        1.0008003169840032
    ],
    "val_acc": [
        0.8584070796460177,
        0.8466076696165191,
        0.8495575221238938,
        0.7905604719764012,
        0.8466076696165191,
        0.8230088495575221,
        0.8672566371681416,
        0.831858407079646,
        0.8702064896755162,
        0.8495575221238938,
        0.8230088495575221,
        0.8082595870206489,
        0.8436578171091446,
        0.8436578171091446,
        0.8141592920353983,
        0.8171091445427728,
        0.8407079646017699,
        0.8348082595870207,
        0.8407079646017699,
        0.8377581120943953,
        0.8407079646017699,
        0.8466076696165191
    ],
    "val_f1": [
        0.14285714285714285,
        0.13333333333333333,
        0.5565217391304348,
        0.5170068027210885,
        0.5272727272727272,
        0.5652173913043478,
        0.628099173553719,
        0.5777777777777777,
        0.6206896551724138,
        0.592,
        0.5652173913043478,
        0.5454545454545454,
        0.5826771653543307,
        0.5691056910569106,
        0.5531914893617021,
        0.5373134328358209,
        0.5714285714285714,
        0.5555555555555556,
        0.55,
        0.5528455284552846,
        0.55,
        0.5517241379310345
    ],
    "val_mcc": [
        0.12462063645441324,
        0.08492763985679698,
        0.4877225374936183,
        0.4636658522453541,
        0.449898652276447,
        0.5193824519748097,
        0.5818597971753774,
        0.5326180044261641,
        0.5678061517284917,
        0.5401426031415422,
        0.5193824519748097,
        0.498452432813302,
        0.5301967414559667,
        0.509095170467495,
        0.5066640911903618,
        0.4778768107721805,
        0.5147433466955716,
        0.4943556852246289,
        0.4826693453801443,
        0.4884388852743794,
        0.4826693453801443,
        0.48234215553092985
    ]
}