{
    "train_loss": [
        0.8425086289644241,
        0.6801550423815137,
        0.657358202905882,
        0.6405445535977682,
        0.6386484205722809,
        0.6304183297214054,
        0.6058836753169695,
        0.5966587840091615,
        0.589198364388375,
        0.5824691475856871,
        0.5648854034287589,
        0.5510601046539488,
        0.5361177857433047,
        0.5168145174781481,
        0.5051717279212815,
        0.4800356477499008,
        0.48004577841077534
    ],
    "train_acc": [
        0.836213373403456,
        0.8039068369646882,
        0.8399699474079639,
        0.8317054845980466,
        0.8392186326070623,
        0.845229151014275,
        0.879038317054846,
        0.8827948910593538,
        0.8677685950413223,
        0.8752817430503381,
        0.8722764838467317,
        0.8858001502629602,
        0.8760330578512396,
        0.8895567242674681,
        0.8933132982719759,
        0.8933132982719759,
        0.8925619834710744
    ],
    "train_f1": [
        0.4494949494949495,
        0.48520710059171596,
        0.5170068027210885,
        0.5254237288135594,
        0.5180180180180181,
        0.5401785714285714,
        0.6044226044226044,
        0.5894736842105263,
        0.5707317073170731,
        0.5786802030456852,
        0.5833333333333334,
        0.6020942408376964,
        0.5925925925925926,
        0.610079575596817,
        0.6302083333333334,
        0.634020618556701,
        0.6323907455012854
    ],
    "train_mcc": [
        0.3800822581069793,
        0.4528476158676206,
        0.47406991915270513,
        0.4950480185840133,
        0.4762603498096012,
        0.5060250468860636,
        0.572860518446788,
        0.5464129164798461,
        0.5322032618041956,
        0.5371890112670034,
        0.5471541341319996,
        0.5621361815876907,
        0.5576006426460273,
        0.570329801835777,
        0.5966184987162012,
        0.6025385489929285,
        0.600900154816958
    ],
    "val_loss": [
        0.7335369397293438,
        0.8070905235680667,
        0.8312209871682253,
        0.7623468474908308,
        0.7687651379541918,
        0.8226681785150007,
        0.7573007291013544,
        0.7360295070843264,
        0.7992027076807889,
        0.7854681231758811,
        0.7524616691199216,
        0.7781669687141072,
        0.7675020762465217,
        1.0632079541683197,
        0.8367768173868005,
        0.8543633330952037,
        0.9273714396086606
    ],
    "val_acc": [
        0.7177177177177178,
        0.8438438438438438,
        0.8168168168168168,
        0.8078078078078078,
        0.8018018018018018,
        0.8318318318318318,
        0.8678678678678678,
        0.8138138138138138,
        0.8438438438438438,
        0.8498498498498499,
        0.8438438438438438,
        0.8408408408408409,
        0.8468468468468469,
        0.8528528528528528,
        0.8348348348348348,
        0.8588588588588588,
        0.8438438438438438
    ],
    "val_f1": [
        0.4050632911392405,
        0.5272727272727272,
        0.5040650406504065,
        0.4838709677419355,
        0.484375,
        0.48148148148148145,
        0.45,
        0.46551724137931033,
        0.49019607843137253,
        0.5,
        0.5094339622641509,
        0.4536082474226804,
        0.48484848484848486,
        0.5148514851485149,
        0.47619047619047616,
        0.4835164835164835,
        0.4583333333333333
    ],
    "val_mcc": [
        0.36864713412196165,
        0.4824638206651254,
        0.4681818929724421,
        0.4422612778063779,
        0.4479035211448196,
        0.4225350992724648,
        0.37676342927084394,
        0.4093251697463278,
        0.4285987635479255,
        0.4391550328268399,
        0.4558035947599003,
        0.38122128787578263,
        0.4200444368033196,
        0.4580762769066785,
        0.4135016678331261,
        0.4147806778921701,
        0.38651692833579726
    ]
}