{
    "train_loss": [
        0.9077051757347017,
        0.7312489230008352,
        0.6726967983302616,
        0.6581237848315921,
        0.6646665597245807,
        0.6393619243587766,
        0.6020667034955252,
        0.6274844769920621,
        0.6048743245857102,
        0.5586054699406737,
        0.5690359533542678,
        0.5333310408251626,
        0.5627662340799967,
        0.5172583875911576,
        0.5092521416289466,
        0.4771304222799483,
        0.4439648443034717,
        0.42196089845328105,
        0.42103407354581923
    ],
    "train_acc": [
        0.850488354620586,
        0.7941397445529677,
        0.8099173553719008,
        0.8084147257700977,
        0.8279489105935387,
        0.836213373403456,
        0.8399699474079639,
        0.8422238918106687,
        0.8264462809917356,
        0.8632607062359129,
        0.8482344102178813,
        0.8602554470323065,
        0.8474830954169797,
        0.8685199098422239,
        0.864763335837716,
        0.8775356874530428,
        0.8910593538692713,
        0.8873027798647634,
        0.8933132982719759
    ],
    "train_f1": [
        0.38769230769230767,
        0.47509578544061304,
        0.4888888888888889,
        0.4869215291750503,
        0.511727078891258,
        0.540084388185654,
        0.5277161862527716,
        0.53125,
        0.5237113402061856,
        0.5707547169811321,
        0.5550660792951542,
        0.573394495412844,
        0.5577342047930284,
        0.5939675174013921,
        0.5982142857142857,
        0.6182669789227166,
        0.6401985111662531,
        0.6394230769230769,
        0.6467661691542289
    ],
    "train_mcc": [
        0.30596678896669793,
        0.4438285618396073,
        0.4539254975908177,
        0.45190494032721207,
        0.4759534119434862,
        0.5151757674834166,
        0.49093979412516375,
        0.494523299261395,
        0.4974228612953688,
        0.5367803212755832,
        0.5273808833942166,
        0.5443298435996167,
        0.5327152827652442,
        0.568563101371408,
        0.5807864064464103,
        0.5976648184058684,
        0.6154664448204091,
        0.619666926671493,
        0.6231502534152124
    ],
    "val_loss": [
        0.7985454147512262,
        0.7990430593490601,
        0.6858223487030376,
        0.708036024462093,
        0.7339696017178622,
        0.7353897338563745,
        0.7123746465552937,
        0.705142771655863,
        0.7434243559837341,
        0.7087678015232086,
        0.8101855082945391,
        0.7485626529563557,
        0.7567775628783486,
        1.0371600822968916,
        0.8555487231774763,
        1.0977429395372218,
        1.2608790424737064,
        1.0768902166323229,
        1.1943973871794613
    ],
    "val_acc": [
        0.7327327327327328,
        0.8048048048048048,
        0.7507507507507507,
        0.8258258258258259,
        0.8048048048048048,
        0.7837837837837838,
        0.8678678678678678,
        0.7807807807807807,
        0.8318318318318318,
        0.7987987987987988,
        0.8138138138138138,
        0.8078078078078078,
        0.7867867867867868,
        0.8318318318318318,
        0.8078078078078078,
        0.8228228228228228,
        0.8288288288288288,
        0.8108108108108109,
        0.8168168168168168
    ],
    "val_f1": [
        0.41830065359477125,
        0.49612403100775193,
        0.43537414965986393,
        0.5245901639344263,
        0.49612403100775193,
        0.45454545454545453,
        0.5217391304347826,
        0.46715328467153283,
        0.4909090909090909,
        0.47244094488188976,
        0.4745762711864407,
        0.4838709677419355,
        0.4580152671755725,
        0.5,
        0.4666666666666667,
        0.45871559633027525,
        0.4672897196261682,
        0.45217391304347826,
        0.45045045045045046
    ],
    "val_mcc": [
        0.38328744339187304,
        0.465380994026721,
        0.4018150828213334,
        0.49432860376570237,
        0.465380994026721,
        0.4114743558362245,
        0.46033833208513014,
        0.4354465913353547,
        0.43627047613335806,
        0.4303314829119352,
        0.42316363302800525,
        0.4422612778063779,
        0.4151497655945751,
        0.4498707824811838,
        0.4147941861543745,
        0.3946025936262352,
        0.403886940257533,
        0.39107694443752145,
        0.3856259150296846
    ]
}