{
    "train_loss": [
        0.9523521973973229,
        0.737358597772462,
        0.7088585801067806,
        0.6847262566997891,
        0.7041048137914567,
        0.631760298496201,
        0.6097676136663982,
        0.5806805977509135,
        0.6790131907023135,
        0.5765936931683904,
        0.5430920283709254,
        0.5400197974273137,
        0.4936069161409423,
        0.46066752608333317,
        0.46937937360434306,
        0.4483587929890269,
        0.44906688517048243,
        0.45721166935705004,
        0.4260874323192097,
        0.4308229507434936,
        0.42170041480234693,
        0.4340380873708498,
        0.4095778078550384,
        0.40441189387014936
    ],
    "train_acc": [
        0.8279489105935387,
        0.8001502629601803,
        0.821938392186326,
        0.8114199849737039,
        0.8076634109691961,
        0.8459804658151766,
        0.816679188580015,
        0.8422238918106687,
        0.8226897069872277,
        0.8655146506386175,
        0.8617580766341096,
        0.8429752066115702,
        0.8534936138241923,
        0.859504132231405,
        0.8617580766341096,
        0.8549962434259955,
        0.8640120210368144,
        0.8662659654395192,
        0.8752817430503381,
        0.8692712246431255,
        0.8752817430503381,
        0.8752817430503381,
        0.8767843726521413,
        0.8827948910593538
    ],
    "train_f1": [
        0.44282238442822386,
        0.49236641221374045,
        0.4989429175475687,
        0.499001996007984,
        0.4859437751004016,
        0.5243619489559165,
        0.5139442231075697,
        0.5333333333333333,
        0.4801762114537445,
        0.5665859564164649,
        0.568075117370892,
        0.5562632696390658,
        0.5733041575492341,
        0.6012793176972282,
        0.5929203539823009,
        0.579520697167756,
        0.6004415011037527,
        0.6061946902654868,
        0.6244343891402715,
        0.6167400881057269,
        0.6244343891402715,
        0.6278026905829597,
        0.6306306306306306,
        0.6438356164383562
    ],
    "train_mcc": [
        0.3740075512339019,
        0.4686732264998702,
        0.46035456361848126,
        0.46969719307808344,
        0.45089995015376877,
        0.4804984120908904,
        0.4904586362778146,
        0.49786688136086066,
        0.43028608962882053,
        0.5279970801209362,
        0.5340883836838679,
        0.5354225034750077,
        0.5522123894021219,
        0.5939538893005235,
        0.5756217180345027,
        0.5611138489614561,
        0.5857802593663297,
        0.592795019688817,
        0.6118720769204659,
        0.6073413017892486,
        0.6118720769204659,
        0.6179887227509608,
        0.6207099272402318,
        0.634842374924168
    ],
    "val_loss": [
        0.8172889622774991,
        0.7805025414987043,
        0.7334002635695718,
        0.6976854367689653,
        0.6925433278083801,
        0.6705429635264657,
        0.6969218145717274,
        0.7662640376524492,
        0.7646407701752402,
        0.7822793776338751,
        0.7605835036797957,
        1.0284152058037845,
        0.7806977467103438,
        0.7936310144987974,
        0.856791000474583,
        0.8168028918179598,
        0.8312115811488845,
        0.9015804176980798,
        0.8634770593859933,
        0.847359925000505,
        0.8322221609679136,
        0.9305420504374937,
        0.9733347838575189,
        1.0245683762160214
    ],
    "val_acc": [
        0.7717717717717718,
        0.8048048048048048,
        0.7867867867867868,
        0.8048048048048048,
        0.8348348348348348,
        0.8108108108108109,
        0.8438438438438438,
        0.8348348348348348,
        0.8648648648648649,
        0.8528528528528528,
        0.7897897897897898,
        0.7567567567567568,
        0.8168168168168168,
        0.8018018018018018,
        0.8258258258258259,
        0.8258258258258259,
        0.8288288288288288,
        0.8258258258258259,
        0.8168168168168168,
        0.8078078078078078,
        0.8078078078078078,
        0.8228228228228228,
        0.8198198198198198,
        0.8168168168168168
    ],
    "val_f1": [
        0.45714285714285713,
        0.4881889763779528,
        0.4740740740740741,
        0.49612403100775193,
        0.5045045045045045,
        0.496,
        0.5185185185185185,
        0.5132743362831859,
        0.5360824742268041,
        0.5148514851485149,
        0.4852941176470588,
        0.4489795918367347,
        0.49586776859504134,
        0.484375,
        0.48214285714285715,
        0.5084745762711864,
        0.5128205128205128,
        0.4727272727272727,
        0.48739495798319327,
        0.47540983606557374,
        0.47540983606557374,
        0.4778761061946903,
        0.47368421052631576,
        0.46956521739130436
    ],
    "val_mcc": [
        0.4249562339345245,
        0.45184805705753195,
        0.4426511924291215,
        0.465380994026721,
        0.45457889321380035,
        0.45990062046599733,
        0.46919541698353456,
        0.46800810803550746,
        0.480670319495552,
        0.4580762769066785,
        0.45993310550389993,
        0.42213157577297383,
        0.4547038528578646,
        0.4479035211448196,
        0.4269959969312931,
        0.46770717334674267,
        0.47217539616447934,
        0.41317380386747443,
        0.44112761975630677,
        0.42858046434858926,
        0.42858046434858926,
        0.4224721840104311,
        0.418020662588166,
        0.41363907584737847
    ]
}