{
    "train_loss": [
        1.2048350558724514,
        1.1426232082899226,
        0.983396414407464,
        0.9701580211173656,
        0.9153951434201972,
        0.8459056872268056,
        0.7707193798797075,
        0.717315494667652,
        0.7103648788707201,
        0.695654631354088,
        0.6568266395912614,
        0.6531928514325341,
        0.655539412138074,
        0.5359062808890676,
        0.5217690003472705,
        0.5506406686333722,
        0.44114311992429023,
        0.45861716395200686,
        0.41391818433306937,
        0.5001051599203155,
        0.45477543736613074,
        0.4365171015609142,
        0.3827435289357984,
        0.2995895590893058,
        0.3199851896700471,
        0.26141371040843253,
        0.2521388601771621,
        0.1773986252847799,
        0.1695178775333388,
        0.1445800075848955,
        0.1720264166766821,
        0.1530446806532699,
        0.11166848220624202,
        0.10771757994540208
    ],
    "train_acc": [
        0.8663220088626292,
        0.7821270310192023,
        0.8286558345642541,
        0.793205317577548,
        0.7983751846381093,
        0.844903988183161,
        0.8537666174298375,
        0.8382570162481536,
        0.8744460856720827,
        0.8714918759231906,
        0.8810930576070901,
        0.8906942392909897,
        0.8921713441654358,
        0.8936484490398818,
        0.8936484490398818,
        0.895864106351551,
        0.9224519940915805,
        0.9062038404726735,
        0.9194977843426884,
        0.9150664697193501,
        0.9069423929098966,
        0.912850812407681,
        0.9327917282127031,
        0.9446085672082718,
        0.9320531757754801,
        0.9512555391432792,
        0.94903988183161,
        0.965288035450517,
        0.9645494830132939,
        0.9667651403249631,
        0.9675036927621861,
        0.9667651403249631,
        0.9778434268833087,
        0.9800590841949779
    ],
    "train_f1": [
        0.0,
        0.25692695214105793,
        0.3763440860215054,
        0.43548387096774194,
        0.46990291262135925,
        0.5374449339207048,
        0.5560538116591929,
        0.5575757575757576,
        0.6238938053097345,
        0.6063348416289592,
        0.6349206349206349,
        0.6476190476190476,
        0.6604651162790698,
        0.6756756756756757,
        0.6828193832599119,
        0.6788154897494305,
        0.7494033412887828,
        0.7146067415730337,
        0.7470997679814385,
        0.7306791569086651,
        0.7224669603524229,
        0.7330316742081447,
        0.7838479809976246,
        0.8201438848920863,
        0.7850467289719626,
        0.8413461538461539,
        0.8337349397590361,
        0.8833746898263027,
        0.88,
        0.8883374689826302,
        0.8888888888888888,
        0.8888888888888888,
        0.9226804123711341,
        0.9302325581395349
    ],
    "train_mcc": [
        -0.010645187266383556,
        0.13135723156922924,
        0.2773427208111553,
        0.3393843085795155,
        0.3854811949875176,
        0.4633466746305595,
        0.48530367618203163,
        0.49490004632845563,
        0.5692188207477503,
        0.5460923963206803,
        0.5807082215431866,
        0.5929636560134663,
        0.609794561564906,
        0.6309112241529531,
        0.6420263455996161,
        0.6336615444098775,
        0.7145154106611716,
        0.6786260980021204,
        0.7144700111846766,
        0.6937607337057805,
        0.6907571649548134,
        0.7002782145555818,
        0.7561683175131381,
        0.7985481674836552,
        0.7594138354889591,
        0.8235792762758194,
        0.8142368255406455,
        0.8700923868761312,
        0.8654030889815905,
        0.8759573411347151,
        0.8750021403842937,
        0.87711778272363,
        0.9130672920436869,
        0.9217194251848306
    ],
    "val_loss": [
        1.1537138277834111,
        1.085919970815832,
        0.8651556372642517,
        0.8169287280602888,
        0.8892964829098094,
        0.7369417981667952,
        0.8734526065262881,
        0.7472127215428785,
        0.6324029293927279,
        0.6743753118948503,
        0.7610953084447167,
        0.9520000422542746,
        0.6808203729716215,
        0.7850501591509039,
        0.6051392934539102,
        0.6094251789829948,
        0.8164958947084167,
        1.1619828892025081,
        0.7206754169680856,
        0.7855639918283983,
        1.059107013724067,
        0.955344330180775,
        0.743721953169866,
        0.8659070337360556,
        0.8447438773106445,
        1.4883508262309162,
        1.2835306973958558,
        1.4286801706660877,
        1.4376052807677875,
        1.5906925960020586,
        1.644429087638855,
        1.6559812074357814,
        1.7161462507634,
        1.7828644134781577
    ],
    "val_acc": [
        0.8698224852071006,
        0.8846153846153846,
        0.8727810650887574,
        0.8550295857988166,
        0.8757396449704142,
        0.9023668639053254,
        0.8224852071005917,
        0.9171597633136095,
        0.9023668639053254,
        0.8609467455621301,
        0.9023668639053254,
        0.9171597633136095,
        0.8579881656804734,
        0.8698224852071006,
        0.8994082840236687,
        0.8994082840236687,
        0.9053254437869822,
        0.908284023668639,
        0.9171597633136095,
        0.908284023668639,
        0.9201183431952663,
        0.8994082840236687,
        0.8964497041420119,
        0.8579881656804734,
        0.9023668639053254,
        0.893491124260355,
        0.8875739644970414,
        0.8875739644970414,
        0.8727810650887574,
        0.9023668639053254,
        0.893491124260355,
        0.8875739644970414,
        0.893491124260355,
        0.893491124260355
    ],
    "val_f1": [
        0.043478260869565216,
        0.417910447761194,
        0.5825242718446602,
        0.5333333333333333,
        0.5116279069767442,
        0.6373626373626373,
        0.5,
        0.7021276595744681,
        0.6796116504854369,
        0.6115702479338843,
        0.6732673267326733,
        0.6,
        0.6065573770491803,
        0.5849056603773585,
        0.6730769230769231,
        0.6851851851851852,
        0.6521739130434783,
        0.6075949367088608,
        0.7083333333333334,
        0.6436781609195402,
        0.6493506493506493,
        0.6458333333333334,
        0.6464646464646465,
        0.5789473684210527,
        0.6666666666666666,
        0.6170212765957447,
        0.6122448979591837,
        0.6122448979591837,
        0.5904761904761905,
        0.6451612903225806,
        0.625,
        0.6041666666666666,
        0.6170212765957447,
        0.6326530612244898
    ],
    "val_mcc": [
        0.13899929670328995,
        0.39084884632331846,
        0.5145906568409541,
        0.45610570946492673,
        0.4412444665894078,
        0.5810070961949393,
        0.41948769684489745,
        0.6549188335154826,
        0.6300831150164139,
        0.5607576713837427,
        0.621771240404998,
        0.588044611322388,
        0.5554062798682805,
        0.5180875321752793,
        0.6227846479747966,
        0.6398743399683868,
        0.5975985713356885,
        0.5638214064267866,
        0.6620336783272895,
        0.5915817026332142,
        0.6169390331304094,
        0.5890422517943036,
        0.589737495467892,
        0.5145187133785485,
        0.6135070248583222,
        0.55597478804527,
        0.5495173009748932,
        0.5495173009748932,
        0.5244811070695151,
        0.5890378559145781,
        0.5647117762833083,
        0.540381300772313,
        0.55597478804527,
        0.5734678938478156
    ]
}