{
    "train_loss": [
        1.1996878149897554,
        1.1841148609338805,
        1.0465699974880662,
        0.9250969034294749,
        0.8057670260584632,
        0.7158633962620137,
        0.668578578289165,
        0.6547377497650856,
        0.587276817407719,
        0.5607748773208884,
        0.5564776478811752,
        0.5472468816956808,
        0.5144792185273281,
        0.48107115058011785,
        0.5003567225364751,
        0.43309198285258094,
        0.4390400762474814,
        0.4124924963296846,
        0.40363382461459135,
        0.41978107947249743
    ],
    "train_acc": [
        0.8655834564254062,
        0.8604135893648449,
        0.8567208271787297,
        0.8389955686853766,
        0.8493353028064993,
        0.8567208271787297,
        0.8700147710487445,
        0.8670605612998523,
        0.8648449039881831,
        0.879615952732644,
        0.8714918759231906,
        0.8744460856720827,
        0.880354505169867,
        0.8788774002954209,
        0.8884785819793205,
        0.895864106351551,
        0.9017725258493353,
        0.8995568685376661,
        0.9025110782865583,
        0.9017725258493353
    ],
    "train_f1": [
        0.0,
        0.05970149253731343,
        0.27611940298507465,
        0.5281385281385281,
        0.5526315789473685,
        0.5907172995780591,
        0.6190476190476191,
        0.620253164556962,
        0.6211180124223602,
        0.6568421052631579,
        0.640495867768595,
        0.6473029045643154,
        0.6625,
        0.6680161943319838,
        0.6766595289079229,
        0.7044025157232704,
        0.7114967462039046,
        0.7106382978723405,
        0.7167381974248928,
        0.718816067653277
    ],
    "train_mcc": [
        -0.01506013469483262,
        0.05648001371451648,
        0.22327161567674692,
        0.452730818982485,
        0.4822567134646662,
        0.5324526029848899,
        0.5652290546149175,
        0.569386046859969,
        0.5726759137619899,
        0.6154156029372143,
        0.5973791183427266,
        0.6053989213639671,
        0.6239437480925636,
        0.6352995094127216,
        0.6378963685471646,
        0.6756055044118038,
        0.6793287929227121,
        0.6810898662633673,
        0.6873846112009643,
        0.6922926578012308
    ],
    "val_loss": [
        1.1573727889494463,
        1.075822732665322,
        0.7933500138196078,
        0.7081213024529543,
        0.6273387562144886,
        0.5727506334131415,
        0.5799480649557981,
        0.5872830152511597,
        0.5606412806294181,
        0.6424942124973644,
        0.6557022265412591,
        0.7039288553324613,
        0.6786863858049567,
        0.8343430825255134,
        0.7557339600541375,
        0.7913824333385988,
        0.7958165000785481,
        0.8531877249479294,
        0.9437687464735725,
        0.8837459304115989
    ],
    "val_acc": [
        0.8727810650887574,
        0.8757396449704142,
        0.8905325443786982,
        0.908284023668639,
        0.8994082840236687,
        0.8757396449704142,
        0.8609467455621301,
        0.8757396449704142,
        0.8668639053254438,
        0.8994082840236687,
        0.8727810650887574,
        0.8816568047337278,
        0.8579881656804734,
        0.893491124260355,
        0.8846153846153846,
        0.8905325443786982,
        0.8816568047337278,
        0.8816568047337278,
        0.8816568047337278,
        0.8757396449704142
    ],
    "val_f1": [
        0.0851063829787234,
        0.25,
        0.6605504587155964,
        0.651685393258427,
        0.6666666666666666,
        0.625,
        0.6299212598425197,
        0.631578947368421,
        0.6153846153846154,
        0.66,
        0.6324786324786325,
        0.6363636363636364,
        0.6065573770491803,
        0.64,
        0.6422018348623854,
        0.6605504587155964,
        0.6428571428571429,
        0.6428571428571429,
        0.6491228070175439,
        0.6379310344827587
    ],
    "val_mcc": [
        0.19686699509215289,
        0.27168364892917174,
        0.610825095079479,
        0.5989323085349376,
        0.6142920289033791,
        0.5697183433812436,
        0.5908626554173949,
        0.579336948608496,
        0.5618327458271379,
        0.605835975411745,
        0.5831028475396797,
        0.5821780872546202,
        0.5554062798682805,
        0.5822419484859276,
        0.5885965332645712,
        0.610825095079479,
        0.5915634710117439,
        0.5915634710117439,
        0.6009430270184786,
        0.5889405458684875
    ]
}