{
    "train_loss": [
        1.2005521363990252,
        1.1626846416051997,
        1.054437324751255,
        0.858270337415296,
        0.7059827100398929,
        0.8273225232612255,
        0.6045209439687951,
        0.5882128373134968,
        0.49738955982895783,
        0.4313142143709715,
        0.37496137216167397,
        0.3842550710190174,
        0.2826404043928135,
        0.2240471854632677,
        0.2185483569669169,
        0.17604345154710288,
        0.17736063881602604,
        0.13558934790185154,
        0.10818470566825221,
        0.09130441820855405,
        0.09444807674519198,
        0.08597651329757862,
        0.09017450687865358,
        0.07804659218527377,
        0.07416678525962282,
        0.061510576020356346,
        0.05247743178538152,
        0.054559419202336736,
        0.05733946602802377,
        0.04687930560984844,
        0.04285892692860216,
        0.039909478062750275,
        0.03956153669643627,
        0.04260538186374402,
        0.03783421888358642,
        0.03368007903910163
    ],
    "train_acc": [
        0.8670605612998523,
        0.8670605612998523,
        0.7887740029542097,
        0.8094534711964549,
        0.8707533234859675,
        0.8404726735598228,
        0.8870014771048744,
        0.8663220088626292,
        0.8980797636632201,
        0.9069423929098966,
        0.9121122599704579,
        0.9084194977843427,
        0.9261447562776958,
        0.948301329394387,
        0.948301329394387,
        0.9601181683899557,
        0.9615952732644018,
        0.9667651403249631,
        0.982274741506647,
        0.98301329394387,
        0.98301329394387,
        0.9807976366322009,
        0.9874446085672083,
        0.9844903988183161,
        0.9867060561299852,
        0.9889217134416544,
        0.9889217134416544,
        0.9896602658788775,
        0.9859675036927622,
        0.9903988183161004,
        0.9896602658788775,
        0.9911373707533235,
        0.9918759231905465,
        0.9903988183161004,
        0.9918759231905465,
        0.9926144756277696
    ],
    "train_f1": [
        0.0,
        0.01098901098901099,
        0.3940677966101695,
        0.4860557768924303,
        0.6136865342163356,
        0.5384615384615384,
        0.6530612244897959,
        0.6205450733752621,
        0.6905829596412556,
        0.71875,
        0.7337807606263982,
        0.7268722466960352,
        0.7747747747747747,
        0.8317307692307693,
        0.8333333333333334,
        0.8676470588235294,
        0.8719211822660099,
        0.8877805486284289,
        0.9368421052631579,
        0.9396325459317585,
        0.9393139841688655,
        0.9322916666666666,
        0.9546666666666667,
        0.9448818897637795,
        0.9521276595744681,
        0.96,
        0.96,
        0.9625668449197861,
        0.9496021220159151,
        0.9651474530831099,
        0.9625668449197861,
        0.967741935483871,
        0.9701897018970189,
        0.9651474530831099,
        0.9703504043126685,
        0.972972972972973
    ],
    "train_mcc": [
        0.0,
        0.04158270524073229,
        0.2865808572743203,
        0.4046412188470592,
        0.5568734230832311,
        0.4662723570550969,
        0.6027668253296777,
        0.5704667952453575,
        0.6495570701171246,
        0.6844904699920558,
        0.7025844939136335,
        0.6961717004387242,
        0.7517081359993869,
        0.8121109126199603,
        0.8151230868473232,
        0.8527302796547155,
        0.8572865120547987,
        0.8748138513030951,
        0.9283058326402862,
        0.9317002028639467,
        0.9310491184255153,
        0.923604332810415,
        0.9484157148006712,
        0.9378185720775586,
        0.9455796631191036,
        0.9546113999484529,
        0.9546113999484529,
        0.9574813726860318,
        0.9427640018915974,
        0.9603723757231245,
        0.9574813726860318,
        0.963284680917656,
        0.9658751687979961,
        0.9603723757231245,
        0.9662185650822959,
        0.9691743101014032
    ],
    "val_loss": [
        1.1773363893682307,
        1.0445026321844622,
        0.8267300779169257,
        0.7685628154061057,
        0.722802378914573,
        0.6484886299480092,
        0.7813062722032721,
        1.2494007901034572,
        0.7286660075187683,
        0.8200030800971118,
        0.9555374817414717,
        0.8361709659749811,
        1.8557312353090807,
        1.5716366605325178,
        2.250709688460285,
        2.364004210992293,
        1.7263196178457954,
        2.9334507422013716,
        2.402045015584339,
        2.1489708529446614,
        1.9116597846150398,
        2.650137194178321,
        2.1939268362793056,
        2.6653553805822,
        2.346826870333065,
        2.901925655928525,
        3.289636664769866,
        2.9738870324058966,
        3.129426816393706,
        3.062451735138893,
        3.0302299484610558,
        3.2130056375806983,
        2.733075938441537,
        3.4539724297144194,
        3.142166477712718,
        3.678747655993158
    ],
    "val_acc": [
        0.8668639053254438,
        0.8757396449704142,
        0.8816568047337278,
        0.7840236686390533,
        0.878698224852071,
        0.8668639053254438,
        0.8106508875739645,
        0.9201183431952663,
        0.8698224852071006,
        0.8017751479289941,
        0.878698224852071,
        0.8431952662721893,
        0.9171597633136095,
        0.893491124260355,
        0.9201183431952663,
        0.9112426035502958,
        0.908284023668639,
        0.9053254437869822,
        0.8964497041420119,
        0.9053254437869822,
        0.9142011834319527,
        0.908284023668639,
        0.9053254437869822,
        0.9142011834319527,
        0.908284023668639,
        0.908284023668639,
        0.908284023668639,
        0.9112426035502958,
        0.9112426035502958,
        0.908284023668639,
        0.9112426035502958,
        0.9171597633136095,
        0.908284023668639,
        0.9142011834319527,
        0.908284023668639,
        0.908284023668639
    ],
    "val_f1": [
        0.0,
        0.19230769230769232,
        0.6153846153846154,
        0.5165562913907285,
        0.6019417475728155,
        0.628099173553719,
        0.5492957746478874,
        0.6582278481012658,
        0.6271186440677966,
        0.54421768707483,
        0.616822429906542,
        0.5826771653543307,
        0.65,
        0.6086956521739131,
        0.6666666666666666,
        0.6428571428571429,
        0.6593406593406593,
        0.6097560975609756,
        0.5977011494252874,
        0.6521739130434783,
        0.6881720430107527,
        0.6436781609195402,
        0.6595744680851063,
        0.6666666666666666,
        0.6593406593406593,
        0.6436781609195402,
        0.6436781609195402,
        0.6511627906976745,
        0.6428571428571429,
        0.6436781609195402,
        0.6511627906976745,
        0.6744186046511628,
        0.6593406593406593,
        0.6588235294117647,
        0.6352941176470588,
        0.6265060240963856
    ],