{
    "train_loss": [
        0.8702057615957326,
        0.49284687141577405,
        0.36776142600509854,
        0.3390378251671791,
        0.36852023204167683,
        0.35589016824960706,
        0.32470796555280684,
        0.2611020861400498,
        0.24949710915486017,
        0.24640180977682272,
        0.2696357174879975,
        0.21355236143701606,
        0.22354095139437252,
        0.17831408306956292,
        0.16258861422538756,
        0.17185186139411396
    ],
    "train_acc": [
        0.9062937062937063,
        0.8993006993006993,
        0.9146853146853147,
        0.9251748251748252,
        0.9188811188811189,
        0.9195804195804196,
        0.9321678321678322,
        0.9503496503496504,
        0.9496503496503497,
        0.9475524475524476,
        0.9475524475524476,
        0.9587412587412587,
        0.9587412587412587,
        0.9671328671328672,
        0.9706293706293706,
        0.9685314685314685
    ],
    "train_f1": [
        0.48854961832061067,
        0.6666666666666666,
        0.7009803921568627,
        0.731829573934837,
        0.7128712871287128,
        0.713216957605985,
        0.7506426735218509,
        0.8054794520547945,
        0.8032786885245902,
        0.7956403269754768,
        0.7978436657681941,
        0.8365650969529086,
        0.834733893557423,
        0.8653295128939829,
        0.877906976744186,
        0.8688046647230321
    ],
    "train_mcc": [
        0.44801438555662465,
        0.6487422118240554,
        0.6812989699804453,
        0.7148852063849558,
        0.6940891728314017,
        0.693401162585937,
        0.733533267911111,
        0.7895491195850539,
        0.7873114525995222,
        0.7787583212859264,
        0.7826237868854056,
        0.8242758245152689,
        0.8209231528528496,
        0.8537975239607399,
        0.8668727611422806,
        0.8562328913651575
    ],
    "val_loss": [
        0.19900061993394047,
        0.22984209284186363,
        0.2508145583172639,
        0.22549005163212618,
        0.20251778357972702,
        0.25823115805784863,
        0.2900857912997405,
        0.3087637573480606,
        0.3420525669741134,
        0.2834448938568433,
        0.2686789544920127,
        0.43883445020765066,
        0.4149199922879537,
        0.4959511896595359,
        0.7394180465489626,
        0.5370896819804329
    ],
    "val_acc": [
        0.9608938547486033,
        0.946927374301676,
        0.9245810055865922,
        0.9357541899441341,
        0.9413407821229051,
        0.946927374301676,
        0.9385474860335196,
        0.952513966480447,
        0.9441340782122905,
        0.9162011173184358,
        0.9385474860335196,
        0.9413407821229051,
        0.9413407821229051,
        0.946927374301676,
        0.9553072625698324,
        0.9329608938547486
    ],
    "val_f1": [
        0.8409090909090909,
        0.8,
        0.7428571428571429,
        0.7722772277227723,
        0.7835051546391752,
        0.7865168539325843,
        0.7708333333333334,
        0.8,
        0.7727272727272727,
        0.7115384615384616,
        0.7708333333333334,
        0.7469879518072289,
        0.7529411764705882,
        0.759493670886076,
        0.7837837837837838,
        0.7073170731707317
    ],
    "val_mcc": [
        0.8258793355349259,
        0.7873013096663426,
        0.7354555335540557,
        0.7639887663240009,
        0.7708810569319741,
        0.764359490449628,
        0.754486523232753,
        0.7766579792416362,
        0.7476266309593185,
        0.6958439982968828,
        0.754486523232753,
        0.7156103632979727,
        0.7230747153047493,
        0.7297455922927691,
        0.7603247735887553,
        0.6705815892217473
    ]
}