{
    "train_loss": [
        0.7498186230659485,
        0.49606971939404804,
        0.3923893948396047,
        0.45444753931628334,
        0.40509965154859756,
        0.3676934609810511,
        0.31972589741150537,
        0.36073141776853135,
        0.3055284760892391,
        0.32897006745139756,
        0.28071740451786253,
        0.2963900628189246,
        0.3301481717162662,
        0.2699016043709384,
        0.25622140218814216,
        0.2466279346909788
    ],
    "train_acc": [
        0.9265734265734266,
        0.8993006993006993,
        0.9146853146853147,
        0.9006993006993007,
        0.9258741258741259,
        0.9244755244755245,
        0.9335664335664335,
        0.9251748251748252,
        0.9328671328671329,
        0.9349650349650349,
        0.9433566433566434,
        0.9391608391608391,
        0.9377622377622378,
        0.9475524475524476,
        0.9601398601398602,
        0.9601398601398602
    ],
    "train_f1": [
        0.6884272997032641,
        0.6538461538461539,
        0.7009803921568627,
        0.6635071090047393,
        0.7268041237113402,
        0.7313432835820896,
        0.7532467532467533,
        0.7249357326478149,
        0.7563451776649747,
        0.7546174142480211,
        0.7874015748031497,
        0.7740259740259741,
        0.7651715039577837,
        0.7978436657681941,
        0.8385269121813032,
        0.8376068376068376
    ],
    "train_mcc": [
        0.64979353227723,
        0.6272530283484252,
        0.6812989699804453,
        0.6410989851690734,
        0.7050036755168124,
        0.7154466304232796,
        0.7351819107887975,
        0.7031306079750814,
        0.7421617716309256,
        0.7347546514677592,
        0.7739331661198081,
        0.7596737018762286,
        0.7471325645454395,
        0.7826237868854056,
        0.8241375398913052,
        0.8225372735819345
    ],
    "val_loss": [
        0.3237968124449253,
        0.26799184953173,
        0.25547118795414764,
        0.3408040801684062,
        0.24068831466138363,
        0.2714515901170671,
        0.2329697166569531,
        0.35202330847581226,
        0.31753796711564064,
        0.2650033434232076,
        0.5396780978577832,
        0.45476268775140244,
        0.363553736358881,
        0.47497146351573366,
        0.5230343888203303,
        0.40818564252307016
    ],
    "val_acc": [
        0.9636871508379888,
        0.9413407821229051,
        0.946927374301676,
        0.9497206703910615,
        0.9329608938547486,
        0.9357541899441341,
        0.9413407821229051,
        0.9441340782122905,
        0.946927374301676,
        0.9413407821229051,
        0.9441340782122905,
        0.9441340782122905,
        0.9441340782122905,
        0.9413407821229051,
        0.952513966480447,
        0.946927374301676
    ],
    "val_f1": [
        0.8433734939759037,
        0.7835051546391752,
        0.7956989247311828,
        0.7906976744186046,
        0.7647058823529411,
        0.7628865979381443,
        0.7789473684210526,
        0.75,
        0.7764705882352941,
        0.7789473684210526,
        0.75,
        0.7560975609756098,
        0.782608695652174,
        0.7469879518072289,
        0.8,
        0.7816091954022989
    ],
    "val_mcc": [
        0.8248359058520865,
        0.7708810569319741,
        0.7795139185045072,
        0.7666934743389934,
        0.7566197879437111,
        0.7465488916717337,
        0.7626205855979932,
        0.7188603076779352,
        0.7498663472731928,
        0.7626205855979932,
        0.7188603076779352,
        0.7257379841537142,
        0.7630480687838538,
        0.7156103632979727,
        0.7766579792416362,
        0.7570213258318875
    ]
}