{
    "train_loss": [
        0.7865170627832413,
        0.41214834749698637,
        0.4104034655623966,
        0.38991251819663575,
        0.368693345785141,
        0.3764744851324293,
        0.3367753490805626,
        0.32963012009859083,
        0.29886869771613017,
        0.30808572752608193,
        0.29465109010537466,
        0.2598764407965872,
        0.24774024033298095,
        0.2590305760916736,
        0.22906366735696793,
        0.2212296410981152,
        0.2133105485803551
    ],
    "train_acc": [
        0.8958041958041958,
        0.9153846153846154,
        0.920979020979021,
        0.9272727272727272,
        0.9216783216783216,
        0.9307692307692308,
        0.9272727272727272,
        0.9286713286713286,
        0.9335664335664335,
        0.9349650349650349,
        0.9363636363636364,
        0.9517482517482517,
        0.9552447552447553,
        0.951048951048951,
        0.9601398601398602,
        0.9608391608391609,
        0.958041958041958
    ],
    "train_f1": [
        0.5016722408026756,
        0.6997518610421837,
        0.7153652392947103,
        0.7346938775510204,
        0.7213930348258707,
        0.7441860465116279,
        0.7333333333333333,
        0.7437185929648241,
        0.759493670886076,
        0.7596899224806202,
        0.7672634271099744,
        0.8130081300813008,
        0.8260869565217391,
        0.8108108108108109,
        0.8421052631578947,
        0.8426966292134831,
        0.8333333333333334
    ],
    "train_mcc": [
        0.4439544896158826,
        0.6780130020257971,
        0.6945321279433575,
        0.7157255474442527,
        0.7035450607678451,
        0.7251926261338711,
        0.7134087876193899,
        0.7286809358454652,
        0.7462918391999567,
        0.7434973823477703,
        0.7539554129806278,
        0.7996041619081176,
        0.8144704466549252,
        0.7973884846745116,
        0.8306818811949257,
        0.8298013923179416,
        0.8202232095755698
    ],
    "val_loss": [
        0.25235812676449615,
        0.2292773680140575,
        0.2524199136532843,
        0.3179742122689883,
        0.3186318837106228,
        0.23716752727826437,
        0.2346919753278295,
        0.301898505538702,
        0.22499955150609216,
        0.26079952095945674,
        0.2436026887347301,
        0.18859574027980366,
        0.30859886575490236,
        0.30144163717826206,
        0.35184592474251986,
        0.2975241541086386,
        0.26980180252576247
    ],
    "val_acc": [
        0.9162011173184358,
        0.9608938547486033,
        0.9608938547486033,
        0.9636871508379888,
        0.9217877094972067,
        0.9608938547486033,
        0.9441340782122905,
        0.8938547486033519,
        0.9497206703910615,
        0.9217877094972067,
        0.9581005586592178,
        0.9441340782122905,
        0.952513966480447,
        0.952513966480447,
        0.9581005586592178,
        0.9581005586592178,
        0.9413407821229051
    ],
    "val_f1": [
        0.7222222222222222,
        0.8444444444444444,
        0.825,
        0.8311688311688312,
        0.7358490566037735,
        0.8409090909090909,
        0.7916666666666666,
        0.6724137931034483,
        0.8,
        0.7358490566037735,
        0.8235294117647058,
        0.7916666666666666,
        0.8045977011494253,
        0.8045977011494253,
        0.8192771084337349,
        0.8235294117647058,
        0.7835051546391752
    ],
    "val_mcc": [
        0.7155851806338714,
        0.8322183610517869,
        0.803321085540981,
        0.8109142483845053,
        0.7286954455434561,
        0.8258793355349259,
        0.7789903947121438,
        0.6679512383528936,
        0.7809167384505747,
        0.7286954455434561,
        0.8034496112100796,
        0.7789903947121438,
        0.7833333291957532,
        0.7833333291957532,
        0.797529520213558,
        0.8034496112100796,
        0.7708810569319741
    ]
}