{
    "train_loss": [
        1.050318885681241,
        0.8109699321347613,
        0.7719900705093561,
        0.76024034203485,
        0.7625388454559238,
        0.7278924466565598,
        0.7303819372210392,
        0.6661744984083398,
        0.6696770936250687,
        0.6667576057966366,
        0.6175766691218975,
        0.5842226341713307,
        0.5919614094634389,
        0.5768869959337767,
        0.555300971103269,
        0.5729998502620431,
        0.5772362985583239,
        0.5370247689790504,
        0.5282421597214633,
        0.5292088694350664,
        0.502694483586522,
        0.5203330728203751,
        0.508442458718322
    ],
    "train_acc": [
        0.8488372093023255,
        0.8204941860465116,
        0.8117732558139535,
        0.8335755813953488,
        0.8350290697674418,
        0.840843023255814,
        0.84375,
        0.8357558139534884,
        0.8481104651162791,
        0.846656976744186,
        0.8670058139534884,
        0.8619186046511628,
        0.8481104651162791,
        0.8691860465116279,
        0.8633720930232558,
        0.8822674418604651,
        0.8713662790697675,
        0.8800872093023255,
        0.8808139534883721,
        0.8873546511627907,
        0.8793604651162791,
        0.8866279069767442,
        0.8757267441860465
    ],
    "train_f1": [
        0.3246753246753247,
        0.44988864142538976,
        0.46153846153846156,
        0.4989059080962801,
        0.48291571753986334,
        0.47980997624703087,
        0.5146726862302483,
        0.5129310344827587,
        0.5173210161662818,
        0.5362637362637362,
        0.5673758865248227,
        0.5642201834862385,
        0.5406593406593406,
        0.5774647887323944,
        0.57847533632287,
        0.6161137440758294,
        0.585480093676815,
        0.611764705882353,
        0.6095238095238096,
        0.6282973621103117,
        0.6121495327102804,
        0.6267942583732058,
        0.6068965517241379
    ],
    "train_mcc": [
        0.24023854124775318,
        0.39207942565062137,
        0.41488656427439335,
        0.4570116423123059,
        0.4318062870655041,
        0.4238207615918411,
        0.4731355529892886,
        0.47727849814812506,
        0.47363925628849934,
        0.5044979097097354,
        0.533239254579669,
        0.5336372098052004,
        0.5101528497035492,
        0.5468188768186054,
        0.5553268262896943,
        0.5935170850941881,
        0.5571804735185174,
        0.5892558671779756,
        0.5845741947098688,
        0.6066922700554023,
        0.5909013382523163,
        0.6052214858608099,
        0.5870680803946661
    ],
    "val_loss": [
        0.8467348217964172,
        0.8653908182274211,
        1.1519001478498632,
        0.9305641136386178,
        0.9435316649350253,
        1.1561309532685713,
        1.1213812367482618,
        1.6965530379252,
        1.6552621559663252,
        1.8785916783592918,
        2.2486623471433465,
        2.7888935099948537,
        3.1989348205653103,
        2.688140709291805,
        3.16617366400632,
        4.075840798291293,
        3.1989274241707544,
        3.5905969468030063,
        4.050479097799822,
        4.161206383596767,
        4.3148845488374885,
        4.396094576878981,
        5.951013459400698
    ],
    "val_acc": [
        0.8052325581395349,
        0.8197674418604651,
        0.8430232558139535,
        0.8662790697674418,
        0.8488372093023255,
        0.8255813953488372,
        0.8168604651162791,
        0.8343023255813954,
        0.7761627906976745,
        0.7936046511627907,
        0.7965116279069767,
        0.811046511627907,
        0.8343023255813954,
        0.8081395348837209,
        0.8197674418604651,
        0.8226744186046512,
        0.8081395348837209,
        0.8255813953488372,
        0.8226744186046512,
        0.8168604651162791,
        0.8168604651162791,
        0.8168604651162791,
        0.8197674418604651
    ],
    "val_f1": [
        0.40707964601769914,
        0.41509433962264153,
        0.4375,
        0.46511627906976744,
        0.44680851063829785,
        0.4827586206896552,
        0.47058823529411764,
        0.4864864864864865,
        0.42962962962962964,
        0.4409448818897638,
        0.4444444444444444,
        0.4628099173553719,
        0.4672897196261682,
        0.45901639344262296,
        0.44642857142857145,
        0.45045045045045046,
        0.45,
        0.4444444444444444,
        0.44036697247706424,
        0.4424778761061947,
        0.45217391304347826,
        0.46153846153846156,
        0.46551724137931033
    ],
    "val_mcc": [
        0.34043602980532656,
        0.3461532680679748,
        0.3684107491546321,
        0.3979041202851937,
        0.37870530867130703,
        0.4412237364279901,
        0.4286903577181187,
        0.4404739309328195,
        0.390990554207738,
        0.397810574413141,
        0.40148751501047336,
        0.4206410000088326,
        0.41227533111135917,
        0.416702740141187,
        0.39020529631660245,
        0.3944742247273277,
        0.4025305284280195,
        0.3843668599554346,
        0.379998082056337,
        0.38600412095436637,
        0.4003748083296245,
        0.4145995007681904,
        0.418744328055474
    ]
}