{
    "train_loss": [
        1.0503189341966497,
        0.8109648844530416,
        0.7719753301420877,
        0.7594580158244731,
        0.7565666901510816,
        0.7307145879712216,
        0.7306489875150282,
        0.6678996585136237,
        0.6815316143424012,
        0.663194456765818,
        0.6273220777511597,
        0.5927627959916758,
        0.607008978377941,
        0.5927470846231594,
        0.5711246354635372,
        0.58724453213603,
        0.5953975534716318,
        0.5593929665033207,
        0.5481821315926175,
        0.5569670529559602,
        0.5222430593052576,
        0.5417092539543329,
        0.5287828726130862,
        0.5373770809450815,
        0.5305120265761087,
        0.502404865483905,
        0.49000354873579605,
        0.4985683400963628,
        0.49237707603809444,
        0.5099257702051208
    ],
    "train_acc": [
        0.8488372093023255,
        0.8204941860465116,
        0.8117732558139535,
        0.8321220930232558,
        0.840843023255814,
        0.840843023255814,
        0.8459302325581395,
        0.8372093023255814,
        0.8444767441860465,
        0.8343023255813954,
        0.8633720930232558,
        0.8626453488372093,
        0.8495639534883721,
        0.8597383720930233,
        0.8575581395348837,
        0.8670058139534884,
        0.8684593023255814,
        0.8684593023255814,
        0.8677325581395349,
        0.8684593023255814,
        0.8699127906976745,
        0.873546511627907,
        0.8713662790697675,
        0.8684593023255814,
        0.8728197674418605,
        0.8837209302325582,
        0.8786337209302325,
        0.8793604651162791,
        0.8844476744186046,
        0.8800872093023255
    ],
    "train_f1": [
        0.3246753246753247,
        0.44988864142538976,
        0.46153846153846156,
        0.49673202614379086,
        0.4918793503480278,
        0.47980997624703087,
        0.5225225225225225,
        0.5213675213675214,
        0.5091743119266054,
        0.5230125523012552,
        0.5586854460093896,
        0.5635103926096998,
        0.5369127516778524,
        0.5662921348314607,
        0.5644444444444444,
        0.5812356979405034,
        0.578088578088578,
        0.5839080459770115,
        0.5787037037037037,
        0.5895691609977324,
        0.592255125284738,
        0.5972222222222222,
        0.5949656750572082,
        0.5876993166287016,
        0.5939675174013921,
        0.6208530805687204,
        0.6160919540229886,
        0.6139534883720931,
        0.624113475177305,
        0.6099290780141844
    ],
    "train_mcc": [
        0.24023854124775318,
        0.39207942565062137,
        0.41488656427439335,
        0.4547829709138389,
        0.44115947461241395,
        0.4238207615918411,
        0.4834100200749605,
        0.489559367500291,
        0.46420567193285606,
        0.49512759907827825,
        0.52337307180482,
        0.5317203200665026,
        0.5026815908312299,
        0.539437589987206,
        0.538899567302964,
        0.5554665008501821,
        0.5486386447049866,
        0.558101597849626,
        0.5504685057257286,
        0.5675170460819926,
        0.5701478422378126,
        0.5737308337831777,
        0.5728025185380955,
        0.5643836107722997,
        0.5692677916266591,
        0.599410113936548,
        0.5986546734126821,
        0.5939493396129518,
        0.6038599460538625,
        0.5862047731853142
    ],
    "val_loss": [
        0.8467321287501942,
        0.8654238039797003,
        1.1541094942526384,
        0.9248008998957548,
        0.9723454876379534,
        1.067760256203738,
        1.197897277095101,
        1.6702314398505471,
        1.6090995398434726,
        1.874605493112044,
        1.9148761873895472,
        2.2411324110898105,
        2.3256378011270002,
        2.067402896555987,
        2.4337900795719842,
        3.0373101749203424,
        2.6045921851288187,
        2.961008047515696,
        3.074880540370941,
        2.983148309317502,
        3.2449603460051795,
        3.352227121591568,
        4.519668717275966,
        3.7962605492635206,
        3.9685350195928053,
        4.0446141768585555,
        4.110276604240591,
        4.1711249134757304,
        4.2832240855151955,
        4.292385626922954
    ],
    "val_acc": [
        0.8052325581395349,
        0.8197674418604651,
        0.8430232558139535,
        0.8604651162790697,
        0.8517441860465116,
        0.8255813953488372,
        0.8226744186046512,
        0.8226744186046512,
        0.7558139534883721,
        0.7906976744186046,
        0.8023255813953488,
        0.8023255813953488,
        0.8197674418604651,
        0.7965116279069767,
        0.8313953488372093,
        0.8226744186046512,
        0.8023255813953488,
        0.8255813953488372,
        0.8226744186046512,
        0.813953488372093,
        0.8197674418604651,
        0.8081395348837209,
        0.813953488372093,
        0.8052325581395349,
        0.8226744186046512,
        0.8226744186046512,
        0.8226744186046512,
        0.8168604651162791,
        0.8197674418604651,
        0.8168604651162791
    ],
    "val_f1": [
        0.40707964601769914,
        0.41509433962264153,
        0.4375,
        0.45454545454545453,
        0.43956043956043955,
        0.47368421052631576,
        0.46956521739130436,
        0.46956521739130436,
        0.4084507042253521,
        0.4375,
        0.45161290322580644,
        0.45161290322580644,
        0.46551724137931033,
        0.4444444444444444,
        0.48214285714285715,
        0.46956521739130436,
        0.45161290322580644,
        0.4642857142857143,
        0.46956521739130436,
        0.4576271186440678,
        0.45614035087719296,
        0.45901639344262296,
        0.4666666666666667,
        0.4462809917355372,
        0.46956521739130436,
        0.46956521739130436,
        0.46956521739130436,
        0.46153846153846156,
        0.46551724137931033,
        0.46153846153846156
    ],
    "val_mcc": [
        0.34043602980532656,
        0.3461532680679748,
        0.3684107491546321,
        0.38596205851164467,
        0.3690958866461436,
        0.4272285602281507,
        0.42295332211083614,
        0.42295332211083614,
        0.36830930612016777,
        0.39418154336105227,
        0.4089906883811343,
        0.4089906883811343,
        0.418744328055474,
        0.40148751501047336,
        0.43598654527052855,
        0.42295332211083614,
        0.4089906883811343,
        0.4130959207935655,
        0.42295332211083614,
        0.4105168502856291,
        0.4045485255493723,
        0.416702740141187,
        0.4246362918027383,
        0.39862327268031184,
        0.42295332211083614,
        0.42295332211083614,
        0.42295332211083614,
        0.4145995007681904,
        0.418744328055474,
        0.4145995007681904
    ]
}