{
    "train_loss": [
        0.9448348741198695,
        0.8407409828762675,
        0.7804059358530266,
        0.7457305899886197,
        0.7589370088521824,
        0.7248255658981412,
        0.7131344821563986,
        0.7662200712880423,
        0.7066682992979537,
        0.759770565947821,
        0.6968488866506621,
        0.6931319617947866,
        0.7086679713670597,
        0.6455925772356432,
        0.6697013364281765,
        0.6308644722367442,
        0.5811919310065203,
        0.5839499692584194,
        0.5777121408041134,
        0.5614788393641628,
        0.5718145734348963
    ],
    "train_acc": [
        0.7906976744186046,
        0.782703488372093,
        0.8277616279069767,
        0.8488372093023255,
        0.8430232558139535,
        0.8517441860465116,
        0.8524709302325582,
        0.8633720930232558,
        0.8444767441860465,
        0.8343023255813954,
        0.84375,
        0.8488372093023255,
        0.8270348837209303,
        0.8401162790697675,
        0.8372093023255814,
        0.8495639534883721,
        0.8553779069767442,
        0.8546511627906976,
        0.8531976744186046,
        0.8568313953488372,
        0.8561046511627907
    ],
    "train_f1": [
        0.39748953974895396,
        0.43263757115749524,
        0.46258503401360546,
        0.4926829268292683,
        0.5068493150684932,
        0.5072463768115942,
        0.5223529411764706,
        0.5369458128078818,
        0.5,
        0.5043478260869565,
        0.5080091533180778,
        0.5336322869955157,
        0.4978902953586498,
        0.5217391304347826,
        0.5234042553191489,
        0.5389755011135857,
        0.5607064017660044,
        0.5535714285714286,
        0.5627705627705628,
        0.567032967032967,
        0.5638766519823789
    ],
    "train_mcc": [
        0.32966821100471333,
        0.38800787943082715,
        0.40651787995691335,
        0.4374100635004587,
        0.46181501223048976,
        0.4562223149188729,
        0.4777397509567242,
        0.4907534042686815,
        0.4505981704224833,
        0.46492117486367895,
        0.4630077398479774,
        0.49817597717713075,
        0.46076881049929397,
        0.4874128788545527,
        0.4928912154321527,
        0.5059727503345403,
        0.5352077758174644,
        0.5242830012798777,
        0.5412394482306763,
        0.544082489666432,
        0.539649078486411
    ],
    "val_loss": [
        0.8455051400444724,
        0.8640278361060403,
        0.8161411041563208,
        0.8234861601482738,
        0.8271509950811212,
        0.948291765017943,
        0.9757207604971799,
        0.8994885899803855,
        0.8075663501566107,
        0.834623862396587,
        0.8742069602012634,
        1.0077199692075902,
        0.8471301685680043,
        0.8909807801246643,
        0.8715897690166127,
        0.9147492809729143,
        0.9294779950922186,
        1.0008538500829176,
        1.1187999898737127,
        1.1382983408190988,
        1.0797318897464059
    ],
    "val_acc": [
        0.7209302325581395,
        0.7848837209302325,
        0.813953488372093,
        0.7761627906976745,
        0.8546511627906976,
        0.872093023255814,
        0.8255813953488372,
        0.872093023255814,
        0.8604651162790697,
        0.8255813953488372,
        0.813953488372093,
        0.8575581395348837,
        0.8197674418604651,
        0.747093023255814,
        0.813953488372093,
        0.7965116279069767,
        0.7994186046511628,
        0.7994186046511628,
        0.7587209302325582,
        0.813953488372093,
        0.8081395348837209
    ],
    "val_f1": [
        0.3684210526315789,
        0.4393939393939394,
        0.43859649122807015,
        0.42105263157894735,
        0.46808510638297873,
        0.5,
        0.45454545454545453,
        0.5,
        0.4666666666666667,
        0.4339622641509434,
        0.4576271186440678,
        0.449438202247191,
        0.44642857142857145,
        0.40816326530612246,
        0.4482758620689655,
        0.4444444444444444,
        0.43902439024390244,
        0.43902439024390244,
        0.41134751773049644,
        0.4576271186440678,
        0.4406779661016949
    ],
    "val_mcc": [
        0.31860408138270124,
        0.40129110211335994,
        0.381868490870594,
        0.37671023400246273,
        0.40407030598106747,
        0.4389856000963115,
        0.39881321602249276,
        0.4389856000963115,
        0.40069270434244747,
        0.36974215955279716,
        0.4105168502856291,
        0.3802069769171801,
        0.39020529631660245,
        0.3734442722002377,
        0.39626491968295796,
        0.40148751501047336,
        0.3909721428155302,
        0.3909721428155302,
        0.3714421636620828,
        0.4105168502856291,
        0.38822868795951543
    ]
}