{
    "train_loss": [
        0.9408512531324874,
        0.8238062796204589,
        0.7773046860861224,
        0.8057189375855202,
        0.7473434591016104,
        0.7172033204588779,
        0.7313694496487462,
        0.6942909508943558,
        0.6944465082745219,
        0.687196598496548,
        0.6214032963264821,
        0.6549687499916831,
        0.6306933829950732,
        0.6153486984413724,
        0.5973073996083681,
        0.5315229268961175,
        0.5694892143094262,
        0.5333722864472589,
        0.5358553657005,
        0.5096905418606692,
        0.4871085622282915,
        0.47552611557550206,
        0.4733698763126551,
        0.48163047536861064
    ],
    "train_acc": [
        0.7957848837209303,
        0.7303779069767442,
        0.8335755813953488,
        0.8132267441860465,
        0.8088662790697675,
        0.8168604651162791,
        0.8284883720930233,
        0.8219476744186046,
        0.8335755813953488,
        0.8372093023255814,
        0.846656976744186,
        0.8212209302325582,
        0.8328488372093024,
        0.8299418604651163,
        0.8292151162790697,
        0.8546511627906976,
        0.8444767441860465,
        0.840843023255814,
        0.8561046511627907,
        0.8539244186046512,
        0.8619186046511628,
        0.8648255813953488,
        0.8619186046511628,
        0.8713662790697675
    ],
    "train_f1": [
        0.3510392609699769,
        0.3826955074875208,
        0.4735632183908046,
        0.4543524416135881,
        0.44863731656184486,
        0.4661016949152542,
        0.48695652173913045,
        0.47761194029850745,
        0.48769574944071586,
        0.4954954954954955,
        0.5127020785219399,
        0.5099601593625498,
        0.5085470085470085,
        0.5042372881355932,
        0.5271629778672032,
        0.5708154506437768,
        0.5578512396694215,
        0.5484536082474227,
        0.5822784810126582,
        0.5658747300215983,
        0.594017094017094,
        0.5991379310344828,
        0.5905172413793104,
        0.609271523178808
    ],
    "train_mcc": [
        0.26454742668768744,
        0.334676709459805,
        0.4190624816334334,
        0.4028841504091813,
        0.3968455480153251,
        0.4185181258386498,
        0.4424294708728052,
        0.4327654696504359,
        0.43989098757622885,
        0.4490365649664505,
        0.467831149910699,
        0.4861828684852106,
        0.4728383591514477,
        0.4684673227700117,
        0.5075500801494054,
        0.5532503362137392,
        0.5434587253730955,
        0.5313841501961959,
        0.5715336398576147,
        0.545649710752305,
        0.5843117481437363,
        0.589238539992685,
        0.5780425358082291,
        0.5975560009754197
    ],
    "val_loss": [
        0.9051768481731415,
        0.904588910666379,
        0.8586184897206046,
        0.8235365612940355,
        0.8517060442404314,
        0.8569294918667186,
        0.8311790498820218,
        0.83301687782461,
        0.8152467716823925,
        0.824804809960452,
        0.8470006828958337,
        0.8897551677443765,
        0.9015331647612832,
        1.0010618675838818,
        0.9393140131776984,
        1.1654994216832248,
        0.9924225861375983,
        1.22021331299435,
        1.1001886183565313,
        1.340792254968123,
        1.5896349847316742,
        1.910782965746793,
        1.6877632303671404,
        1.7060809352181174
    ],
    "val_acc": [
        0.8459302325581395,
        0.875,
        0.8662790697674418,
        0.7906976744186046,
        0.8488372093023255,
        0.8052325581395349,
        0.7703488372093024,
        0.7209302325581395,
        0.8197674418604651,
        0.7936046511627907,
        0.7906976744186046,
        0.7936046511627907,
        0.7994186046511628,
        0.8052325581395349,
        0.7558139534883721,
        0.8168604651162791,
        0.7645348837209303,
        0.813953488372093,
        0.7645348837209303,
        0.7994186046511628,
        0.7877906976744186,
        0.811046511627907,
        0.8052325581395349,
        0.8023255813953488
    ],
    "val_f1": [
        0.4421052631578947,
        0.4691358024691358,
        0.4523809523809524,
        0.4461538461538462,
        0.48,
        0.47244094488188976,
        0.44755244755244755,
        0.4,
        0.48333333333333334,
        0.4580152671755725,
        0.47058823529411764,
        0.4580152671755725,
        0.46511627906976744,
        0.4806201550387597,
        0.4246575342465753,
        0.47058823529411764,
        0.425531914893617,
        0.4576271186440678,
        0.4,
        0.43902439024390244,
        0.4251968503937008,
        0.4444444444444444,
        0.4462809917355372,
        0.4426229508196721
    ],
    "val_mcc": [
        0.3735038920096691,
        0.4024791753956567,
        0.3830640324907221,
        0.40837265996455646,
        0.4222477180944766,
        0.4408712533301078,
        0.4267540598725068,
        0.3762655862939951,
        0.44674205517745713,
        0.4260504279870623,
        0.450380368449935,
        0.4260504279870623,
        0.43336360444997285,
        0.4547458591732647,
        0.39682874699642345,
        0.4286903577181187,
        0.3920645174870919,
        0.4105168502856291,
        0.34903773117359516,
        0.3909721428155302,
        0.37628023495465757,
        0.3922168535201902,
        0.39862327268031184,
        0.39477101697586137
    ]
}