{
    "train_loss": [
        0.7540010201687716,
        0.4830135161779365,
        0.3884203835409515,
        0.408605513980194,
        0.3575176961567937,
        0.3821849017118921,
        0.35086790396242723,
        0.3953567086433878,
        0.34217499485429453,
        0.3315030898974866,
        0.34270153787671304,
        0.34864017063257646,
        0.31147145966486056,
        0.3087066179331468,
        0.27379151874659013,
        0.28590196918468086,
        0.2578061079340322,
        0.2548442580262009,
        0.267130943347833,
        0.24136000896366883,
        0.2707136658077337,
        0.22833656641293545,
        0.21890770944253524,
        0.22445109212885098,
        0.2286891020378288,
        0.22444994753340677,
        0.21799567858783567,
        0.2045759427152118,
        0.21137919341575126,
        0.1951916921807795,
        0.2607866001068329,
        0.21377826839381334,
        0.20020095518866213,
        0.20248709117271463,
        0.20127827573415577
    ],
    "train_acc": [
        0.8877352368591823,
        0.881245944192083,
        0.8987670343932511,
        0.9065541855937703,
        0.90914990266061,
        0.8929266709928618,
        0.9123945489941596,
        0.9214795587280986,
        0.9208306294613887,
        0.9227774172615185,
        0.9325113562621674,
        0.9169370538611291,
        0.9318624269954575,
        0.9279688513951979,
        0.9331602855288773,
        0.9208306294613887,
        0.9227774172615185,
        0.9338092147955873,
        0.9390006489292667,
        0.9415963659961064,
        0.9370538611291369,
        0.9461388708630759,
        0.9448410123296561,
        0.9480856586632057,
        0.9474367293964958,
        0.9500324464633355,
        0.9500324464633355,
        0.9487345879299156,
        0.9532770927968851,
        0.9558728098637248,
        0.9539260220635951,
        0.9474367293964958,
        0.9597663854639844,
        0.9539260220635951,
        0.9552238805970149
    ],
    "train_f1": [
        0.5435356200527705,
        0.6432748538011696,
        0.6776859504132231,
        0.6896551724137931,
        0.696969696969697,
        0.6639511201629328,
        0.7058823529411765,
        0.7305122494432071,
        0.7276785714285714,
        0.7251732101616628,
        0.755868544600939,
        0.7241379310344828,
        0.7575057736720554,
        0.7459954233409611,
        0.7632183908045977,
        0.7300884955752213,
        0.7361419068736141,
        0.7681818181818182,
        0.7783018867924528,
        0.7906976744186046,
        0.7717647058823529,
        0.801909307875895,
        0.7971360381861575,
        0.8113207547169812,
        0.8094117647058824,
        0.8162291169451074,
        0.8135593220338984,
        0.8141176470588235,
        0.8260869565217391,
        0.8357487922705314,
        0.8289156626506025,
        0.8120649651972158,
        0.845,
        0.8289156626506025,
        0.8329297820823245
    ],
    "train_mcc": [
        0.481211336202468,
        0.623040625295122,
        0.6559764465192688,
        0.6641140065944626,
        0.6723554571713879,
        0.6413558023622873,
        0.6821937175867577,
        0.7086863907399951,
        0.7049812629417187,
        0.6977074668284706,
        0.7320909254915312,
        0.7059364200133588,
        0.735984239592253,
        0.7235090764336127,
        0.7433472317015883,
        0.70912854627876,
        0.7160752356985027,
        0.7508081786625025,
        0.7579447722776722,
        0.7743295181153086,
        0.7505330269058463,
        0.7842530824462538,
        0.7786594160478086,
        0.7967769052014003,
        0.7948401655831083,
        0.8010340816415894,
        0.7962267308279803,
        0.8003785579177661,
        0.8111263121967311,
        0.822409344910781,
        0.8147159500149531,
        0.7999005183944203,
        0.8294797254361335,
        0.8147159500149531,
        0.8188318892171532
    ],
    "val_loss": [
        0.5039336119706814,
        0.4482608666786781,
        0.4964894342880983,
        0.49696013503349745,
        0.5142683444114832,
        0.5102074375519385,
        0.5623484179377556,
        0.44701922512971437,
        0.5140117157537204,
        0.5957371982244345,
        3.2259035053161473,
        0.45573022904304356,
        0.5363605389228234,
        0.6059275286702009,
        0.5766548451322776,
        0.5835437195805403,
        0.6710759103298187,
        0.6773459183482023,
        0.5326687719386357,
        0.6316120529977175,
        0.5893904159848506,
        0.5885101293142025,
        0.6011446622701792,
        0.6205183855043008,
        0.61222906725911,
        0.6282340101897717,
        0.6337185949087143,
        0.6384551750066189,
        0.6281339223854817,
        0.6261569657004796,
        0.6735990849466851,
        0.6191888778971938,
        0.62138699224362,
        0.7982086344407155,
        0.6568832056453595
    ],
    "val_acc": [
        0.8935064935064935,
        0.9324675324675324,
        0.9272727272727272,
        0.935064935064935,
        0.8883116883116883,
        0.922077922077922,
        0.9194805194805195,
        0.9402597402597402,
        0.9402597402597402,
        0.9376623376623376,
        0.9194805194805195,
        0.935064935064935,
        0.9324675324675324,
        0.9090909090909091,
        0.9194805194805195,
        0.9168831168831169,
        0.922077922077922,
        0.9168831168831169,
        0.9298701298701298,
        0.948051948051948,
        0.9324675324675324,
        0.9324675324675324,
        0.9116883116883117,
        0.9246753246753247,
        0.9324675324675324,
        0.9402597402597402,
        0.922077922077922,
        0.9402597402597402,
        0.9402597402597402,
        0.9324675324675324,
        0.9402597402597402,
        0.9324675324675324,
        0.9272727272727272,
        0.9402597402597402,
        0.9402597402597402
    ],
    "val_f1": [
        0.672,
        0.7636363636363637,
        0.75,
        0.7619047619047619,
        0.6614173228346457,
        0.7321428571428571,
        0.7256637168141593,
        0.780952380952381,
        0.780952380952381,
        0.7735849056603774,
        0.7256637168141593,
        0.7663551401869159,
        0.7592592592592593,
        0.7008547008547008,
        0.7256637168141593,
        0.7192982456140351,
        0.7321428571428571,
        0.7192982456140351,
        0.7428571428571429,
        0.7959183673469388,
        0.7547169811320755,
        0.7547169811320755,
        0.711864406779661,
        0.7387387387387387,
        0.7592592592592593,
        0.7766990291262136,
        0.7321428571428571,
        0.7766990291262136,
        0.7766990291262136,
        0.7592592592592593,
        0.7766990291262136,
        0.7547169811320755,
        0.7407407407407407,
        0.7766990291262136,
        0.7766990291262136
    ],
    "val_mcc": [
        0.6505709235116524,
        0.7424625963734299,
        0.7286084030696572,
        0.7352595936255676,
        0.6400893915061123,
        0.7072846299657561,
        0.7006933376411294,
        0.7575489592590986,
        0.7575489592590986,
        0.7498846320685889,
        0.7006933376411294,
        0.742392306371677,
        0.7350651659591557,
        0.6755951656808614,
        0.7006933376411294,
        0.6942333159873194,
        0.7072846299657561,
        0.6942333159873194,
        0.7129702279920366,
        0.7697517031488064,
        0.7277446333457049,
        0.7277446333457049,
        0.6902397727030466,
        0.7140121233551285,
        0.7350651659591557,
        0.7508219420230933,
        0.7072846299657561,
        0.7508219420230933,
        0.7508219420230933,
        0.7350651659591557,
        0.7508219420230933,
        0.7277446333457049,
        0.7132118772414511,
        0.7508219420230933,
        0.7508219420230933
    ]
}