{
    "train_loss": [
        0.6843945598419832,
        0.4284768505972259,
        0.4561842153875195,
        0.38589426981551306,
        0.43902423308820143,
        0.3637404679035654,
        0.4477264741245581,
        0.3930031718039999,
        0.3317753710612959,
        0.3494858543331526,
        0.3439311385154724,
        0.33121357082712405,
        0.320424197830868,
        0.33829593126262936,
        0.28949135640750123,
        0.3038603518994487,
        0.2899085702944775,
        0.2993988467722523,
        0.27250524321380926,
        0.27922379719663637,
        0.2653143174794255,
        0.2772646924214704,
        0.26400052018615666,
        0.2882749322725802,
        0.25438565995107043,
        0.26193997085008924,
        0.24385463111862846,
        0.23554572333790819,
        0.25258255742338237,
        0.25142834839002437
    ],
    "train_acc": [
        0.8851395197923426,
        0.9059052563270603,
        0.9110966904607398,
        0.8942245295262816,
        0.918234912394549,
        0.8786502271252433,
        0.9046073977936405,
        0.9169370538611291,
        0.9201817001946788,
        0.9201817001946788,
        0.9240752757949383,
        0.9227774172615185,
        0.9234263465282284,
        0.918234912394549,
        0.9279688513951979,
        0.9253731343283582,
        0.927319922128488,
        0.9240752757949383,
        0.927319922128488,
        0.9221284879948086,
        0.9338092147955873,
        0.9260220635950681,
        0.9318624269954575,
        0.9312134977287476,
        0.9318624269954575,
        0.9357560025957171,
        0.9422452952628163,
        0.9390006489292667,
        0.9422452952628163,
        0.9428942245295263
    ],
    "train_f1": [
        0.562962962962963,
        0.6881720430107527,
        0.6935123042505593,
        0.6693711967545639,
        0.7149321266968326,
        0.6396917148362236,
        0.6852248394004282,
        0.7117117117117117,
        0.7248322147651006,
        0.7210884353741497,
        0.7334851936218679,
        0.7301587301587301,
        0.7342342342342343,
        0.7236842105263158,
        0.7482993197278912,
        0.7415730337078652,
        0.7511111111111111,
        0.7439824945295405,
        0.7522123893805309,
        0.7345132743362832,
        0.7681818181818182,
        0.7432432432432432,
        0.7608200455580866,
        0.7612612612612613,
        0.7629796839729119,
        0.7734553775743707,
        0.7935034802784223,
        0.783410138248848,
        0.7925407925407926,
        0.794392523364486
    ],
    "train_mcc": [
        0.503340603395699,
        0.6626248610579053,
        0.6637929918920921,
        0.6487682339695866,
        0.6879894414749848,
        0.6206167768103558,
        0.6596674909287265,
        0.6847103537585557,
        0.7012689032496928,
        0.6950431580864375,
        0.7092254208633705,
        0.7058460841558123,
        0.7115971143460098,
        0.7027133552718451,
        0.7274519362945618,
        0.7206692886884416,
        0.7337063542961555,
        0.7275194049402931,
        0.7357049140450805,
        0.7144438198320241,
        0.7508081786625025,
        0.7223518185809915,
        0.7417322158947878,
        0.7438612270509548,
        0.7455843977755638,
        0.7561151746126469,
        0.7779592020036568,
        0.766967380422975,
        0.7761954026024588,
        0.7780716276819442
    ],
    "val_loss": [
        0.5216433623662362,
        0.43433872896891373,
        0.4602173005159085,
        0.4625834753880134,
        0.4525658121475807,
        0.6054084106133535,
        0.5148925288365438,
        0.4789245908076947,
        0.5237333992352853,
        0.5125242040420954,
        0.47978487911705786,
        0.6138116556864518,
        0.6646344592938056,
        0.5006698662271867,
        0.5024076127088987,
        0.4905192210124089,
        0.5099969632350482,
        0.4955674283779584,
        0.5090520937855427,
        0.5633226598684604,
        0.5897726267576218,
        0.5903109403756949,
        0.6492781948584777,
        0.5652645585628656,
        0.5972501079623516,
        0.6097065519828063,
        0.6565738486555907,
        0.6868241566878098,
        0.5735986046493053,
        0.6460423704523307
    ],
    "val_acc": [
        0.8779220779220779,
        0.9142857142857143,
        0.9194805194805195,
        0.9194805194805195,
        0.9168831168831169,
        0.9142857142857143,
        0.922077922077922,
        0.9324675324675324,
        0.9272727272727272,
        0.922077922077922,
        0.9272727272727272,
        0.9090909090909091,
        0.922077922077922,
        0.9376623376623376,
        0.9402597402597402,
        0.922077922077922,
        0.9168831168831169,
        0.9272727272727272,
        0.9324675324675324,
        0.9272727272727272,
        0.9402597402597402,
        0.9298701298701298,
        0.9298701298701298,
        0.9298701298701298,
        0.9324675324675324,
        0.9298701298701298,
        0.9402597402597402,
        0.9402597402597402,
        0.9246753246753247,
        0.9402597402597402
    ],
    "val_f1": [
        0.6412213740458015,
        0.717948717948718,
        0.7304347826086957,
        0.7256637168141593,
        0.7241379310344828,
        0.7130434782608696,
        0.7321428571428571,
        0.7592592592592593,
        0.7454545454545455,
        0.7321428571428571,
        0.7407407407407407,
        0.7008547008547008,
        0.7321428571428571,
        0.7735849056603774,
        0.780952380952381,
        0.7272727272727273,
        0.7192982456140351,
        0.7454545454545455,
        0.7592592592592593,
        0.7454545454545455,
        0.780952380952381,
        0.7476635514018691,
        0.7476635514018691,
        0.7428571428571429,
        0.75,
        0.7428571428571429,
        0.7722772277227723,
        0.7722772277227723,
        0.7339449541284404,
        0.7722772277227723
    ],
    "val_mcc": [
        0.6201183406430328,
        0.6963288555004814,
        0.7088608185890365,
        0.7006933376411294,
        0.7025344940487357,
        0.6878998804049521,
        0.7072846299657561,
        0.7350651659591557,
        0.7208810108993816,
        0.7072846299657561,
        0.7132118772414511,
        0.6755951656808614,
        0.7072846299657561,
        0.7498846320685889,
        0.7575489592590986,
        0.6992994254253332,
        0.6942333159873194,
        0.7208810108993816,
        0.7350651659591557,
        0.7208810108993816,
        0.7575489592590986,
        0.720397613185598,
        0.720397613185598,
        0.7129702279920366,
        0.7205065769181225,
        0.7129702279920366,
        0.7442152799954616,
        0.7442152799954616,
        0.7061811328527017,
        0.7442152799954616
    ]
}