{
    "train_loss": [
        0.7049998455509847,
        0.478985390492848,
        0.4648844551066963,
        0.46905949164410027,
        0.429117316798288,
        0.47470795773729985,
        0.4318859125582539,
        0.378287743853063,
        0.35797773757759405,
        0.3595403210849178,
        0.3373974693977103,
        0.34725245825794276,
        0.3946381656795132,
        0.32160343898802385,
        0.309231840226115,
        0.31684007039483714,
        0.2969411213179024,
        0.2607163334531443,
        0.26043526425349467,
        0.25876212971551077,
        0.24185439229619746
    ],
    "train_acc": [
        0.899415963659961,
        0.8754055807916937,
        0.8676184295911745,
        0.9065541855937703,
        0.9039584685269305,
        0.9208306294613887,
        0.9007138221933809,
        0.9169370538611291,
        0.9260220635950681,
        0.917585983127839,
        0.9227774172615185,
        0.9331602855288773,
        0.9007138221933809,
        0.9266709928617781,
        0.9279688513951979,
        0.9227774172615185,
        0.9234263465282284,
        0.9331602855288773,
        0.9441920830629461,
        0.9390006489292667,
        0.9474367293964958
    ],
    "train_f1": [
        0.6055979643765903,
        0.6264591439688716,
        0.6179775280898876,
        0.6756756756756757,
        0.6851063829787234,
        0.7252252252252253,
        0.681912681912682,
        0.7180616740088106,
        0.7373271889400922,
        0.7171492204899778,
        0.7289293849658315,
        0.7587822014051522,
        0.6832298136645962,
        0.7483296213808464,
        0.7516778523489933,
        0.7373068432671082,
        0.7400881057268722,
        0.7674943566591422,
        0.7962085308056872,
        0.783410138248848,
        0.8085106382978723
    ],
    "train_mcc": [
        0.5521784215004418,
        0.60211401852404,
        0.5981393350262891,
        0.641691536818629,
        0.6604692673133457,
        0.7008424101110282,
        0.6601676782014991,
        0.6953045946280116,
        0.7123715159715078,
        0.6926718380740893,
        0.7038076216914676,
        0.7357945726069857,
        0.6624690441447694,
        0.7300391276278694,
        0.7333911129847792,
        0.7181282678849524,
        0.7218057863017299,
        0.7509697350757,
        0.7784204957460703,
        0.766967380422975,
        0.7931680728591636
    ],
    "val_loss": [
        0.5883118510246277,
        0.48056499660015106,
        0.48515277298597187,
        0.4505045580176207,
        0.4704278845053453,
        0.5797771077889663,
        0.425908156312429,
        0.423493650670235,
        0.4247367505270701,
        0.4362908790890987,
        0.5055533968485318,
        0.4207261095826442,
        0.4442847640468524,
        0.5085600196168973,
        0.4563817772737261,
        0.49611621579298604,
        0.49699776648328853,
        0.5330183729529381,
        0.53120812945641,
        0.5475061816664842,
        0.6912167788698123
    ],
    "val_acc": [
        0.9116883116883117,
        0.8727272727272727,
        0.9194805194805195,
        0.935064935064935,
        0.9272727272727272,
        0.9506493506493506,
        0.922077922077922,
        0.9298701298701298,
        0.9428571428571428,
        0.9402597402597402,
        0.922077922077922,
        0.9142857142857143,
        0.9272727272727272,
        0.9454545454545454,
        0.9298701298701298,
        0.922077922077922,
        0.9402597402597402,
        0.935064935064935,
        0.9454545454545454,
        0.922077922077922,
        0.9272727272727272
    ],
    "val_f1": [
        0.711864406779661,
        0.631578947368421,
        0.7304347826086957,
        0.7619047619047619,
        0.75,
        0.8118811881188119,
        0.7368421052631579,
        0.7567567567567568,
        0.7924528301886793,
        0.7850467289719626,
        0.7368421052631579,
        0.717948717948718,
        0.75,
        0.7920792079207921,
        0.7567567567567568,
        0.7368421052631579,
        0.7766990291262136,
        0.7619047619047619,
        0.7920792079207921,
        0.7272727272727273,
        0.7407407407407407
    ],
    "val_mcc": [
        0.6902397727030466,
        0.6105909848356158,
        0.7088608185890365,
        0.7352595936255676,
        0.7286084030696572,
        0.7900772860456021,
        0.7153121666698997,
        0.7354631313529222,
        0.7720246307914729,
        0.7643869995577558,
        0.7153121666698997,
        0.6963288555004814,
        0.7286084030696572,
        0.7671462830205319,
        0.7354631313529222,
        0.7153121666698997,
        0.7508219420230933,
        0.7352595936255676,
        0.7671462830205319,
        0.6992994254253332,
        0.7132118772414511
    ]
}