{
    "train_loss": [
        0.7538322243763476,
        0.4830415513442487,
        0.388705101548409,
        0.40891034657857855,
        0.3580713711526929,
        0.3839608915910429,
        0.3507729093639218,
        0.39527113370749417,
        0.34342693522268414,
        0.3313933788817756,
        0.3484142191556035,
        0.3456708531902761,
        0.30924929914121724,
        0.3098080033550457,
        0.2748021208206002,
        0.2806706749358956,
        0.25451625997618754,
        0.254062789131184,
        0.26914011030362883,
        0.24322251323610544,
        0.2703257019118387,
        0.22668401478808753,
        0.21742964737421397,
        0.2227811619487344,
        0.22746909158874531,
        0.22500904822455986,
        0.21749842596449415,
        0.20534526062559108,
        0.21180647573604874,
        0.19569057416246863,
        0.25961885548063685,
        0.21153039454805608,
        0.19882735150999256,
        0.20374887752137621,
        0.20083122190126046,
        0.20035522469148345,
        0.19273950437045828,
        0.24374929536134005,
        0.1870581268579984,
        0.20166429371706077,
        0.18648415370559207,
        0.1976003813918452,
        0.17652711149053268,
        0.1967849982712342,
        0.18153008119184144,
        0.17242213532480657,
        0.18778951148673587,
        0.18015010472463103,
        0.17480583986913673,
        0.18940292296893135
    ],
    "train_acc": [
        0.8877352368591823,
        0.881245944192083,
        0.8981181051265412,
        0.9065541855937703,
        0.9097988319273199,
        0.8935756002595717,
        0.9130434782608695,
        0.917585983127839,
        0.9195327709279688,
        0.9227774172615185,
        0.9331602855288773,
        0.9201817001946788,
        0.9357560025957171,
        0.927319922128488,
        0.9325113562621674,
        0.9214795587280986,
        0.9240752757949383,
        0.9370538611291369,
        0.9428942245295263,
        0.9390006489292667,
        0.9383517196625568,
        0.9487345879299156,
        0.9480856586632057,
        0.9487345879299156,
        0.9467878001297858,
        0.9480856586632057,
        0.9506813757300454,
        0.9513303049967553,
        0.9513303049967553,
        0.9565217391304348,
        0.9558728098637248,
        0.9487345879299156,
        0.9610642439974043,
        0.9558728098637248,
        0.9558728098637248,
        0.9630110317975341,
        0.9552238805970149,
        0.9617131732641142,
        0.9578195976638546,
        0.954574951330305,
        0.9617131732641142,
        0.9617131732641142,
        0.9604153147306943,
        0.9591174561972745,
        0.9610642439974043,
        0.9610642439974043,
        0.9571706683971447,
        0.9623621025308241,
        0.9604153147306943,
        0.9617131732641142
    ],
    "train_f1": [
        0.5435356200527705,
        0.6432748538011696,
        0.6762886597938145,
        0.6896551724137931,
        0.6997840172786177,
        0.6666666666666666,
        0.7074235807860262,
        0.7196467991169978,
        0.7244444444444444,
        0.7251732101616628,
        0.7587822014051522,
        0.7320261437908496,
        0.7692307692307693,
        0.7431192660550459,
        0.7614678899082569,
        0.7317073170731707,
        0.7394209354120267,
        0.7770114942528735,
        0.7904761904761904,
        0.783410138248848,
        0.7754137115839244,
        0.8096385542168675,
        0.8086124401913876,
        0.8132387706855791,
        0.8056872037914692,
        0.8095238095238095,
        0.8155339805825242,
        0.8226950354609929,
        0.8201438848920863,
        0.837772397094431,
        0.8341463414634146,
        0.8149882903981265,
        0.8492462311557789,
        0.8349514563106796,
        0.8357487922705314,
        0.85785536159601,
        0.8337349397590361,
        0.8528678304239401,
        0.8418491484184915,
        0.8309178743961353,
        0.8535980148883374,
        0.8528678304239401,
        0.8501228501228502,
        0.8452088452088452,
        0.8529411764705882,
        0.8522167487684729,
        0.8382352941176471,
        0.8564356435643564,
        0.8478802992518704,
        0.8535980148883374
    ],
    "train_mcc": [
        0.481211336202468,
        0.623040625295122,
        0.6545916550096981,
        0.6641140065944626,
        0.6760798994220039,
        0.6450651056952753,
        0.6837406585343098,
        0.6968973383986682,
        0.7017233600110637,
        0.6977074668284706,
        0.7357945726069857,
        0.7137744829917443,
        0.7486815063304938,
        0.7198041325606552,
        0.741574959076506,
        0.71075237339598,
        0.7193627591839322,
        0.7597005878077863,
        0.7711291452663794,
        0.766967380422975,
        0.754272119329658,
        0.7921887027854143,
        0.7918228384207647,
        0.7987246376490929,
        0.7895519850436831,
        0.7934663244830996,
        0.7982637316978891,
        0.8098377672289516,
        0.8050356279178573,
        0.8244831788144464,
        0.8194174318290911,
        0.8020401578130715,
        0.8339270133391512,
        0.8209082607079621,
        0.822409344910781,
        0.8445996628811799,
        0.8203477618223379,
        0.8388254615338219,
        0.8286681187007248,
        0.8167678285537561,
        0.8401718046526883,
        0.8388254615338219,
        0.8371908341042397,
        0.8314794212252066,
        0.8407419205549951,
        0.83935415810041,
        0.8236382848690422,
        0.8437209787888406,
        0.8330512601864638,
        0.8401718046526883
    ],
    "val_loss": [
        0.5041943834378169,
        0.44854140969423145,
        0.4972289617245014,
        0.497882604598999,
        0.512629566857448,
        0.5051110856808149,
        0.5654303775383875,
        0.44728226501208085,
        0.5164214788148036,
        0.6079761791401185,
        3.2228318252242527,
        0.45685307738872677,
        0.538744058746558,
        0.6081473219853181,
        0.5721492747274729,
        0.5888518232565659,
        0.6668101680966524,
        0.6674830814680228,
        0.5259039413470489,
        0.6257707293216999,
        0.5839991877571895,
        0.5838059619642221,
        0.5931276082992554,
        0.6141632527399522,
        0.6063087674287649,
        0.6165001048491552,
        0.619657905629048,
        0.6310276079636353,
        0.6195823100323861,
        0.6151978906530601,
        0.6624280034492795,
        0.611294423444913,
        0.6146501211019663,
        0.7934624936718208,
        0.6462589992353549,
        0.6766042136229001,
        0.6755382170757422,
        0.8678752304269717,
        0.6124009146140172,
        0.6163249949996288,
        0.6394447773121871,
        0.6226337844362626,
        0.6509912197406476,
        0.6991568700625346,
        0.6626904830336571,
        0.800358812396343,
        0.65641539142682,
        0.655904269275757,
        0.6545613554234688,
        0.6844689889022937
    ],