{
    "train_loss": [
        1.262322896056705,
        1.3426322950257195,
        1.0583057290977902,
        1.0216707507769267,
        0.9568609681394366,
        0.9556233313348558,
        0.9428424616654714,
        0.8943035523096721,
        0.9944963693618775,
        0.9252558244599236,
        0.8910770773887634,
        0.9123437543710072,
        0.9027834408813052,
        0.8376877665519714,
        0.8595588127772014,
        0.8605847941504584,
        0.9187103092670441
    ],
    "train_acc": [
        0.9630404463040446,
        0.8403068340306834,
        0.8305439330543933,
        0.8423988842398884,
        0.8856345885634589,
        0.8186889818688982,
        0.8437935843793585,
        0.8591352859135286,
        0.8612273361227336,
        0.808228730822873,
        0.8695955369595537,
        0.8661087866108786,
        0.8786610878661087,
        0.8479776847977685,
        0.8584379358437936,
        0.8695955369595537,
        0.8821478382147838
    ],
    "train_f1": [
        0.03636363636363636,
        0.16117216117216118,
        0.20327868852459016,
        0.2152777777777778,
        0.2336448598130841,
        0.1875,
        0.2112676056338028,
        0.2230769230769231,
        0.2196078431372549,
        0.1887905604719764,
        0.2549800796812749,
        0.21951219512195122,
        0.22321428571428573,
        0.2323943661971831,
        0.2397003745318352,
        0.24899598393574296,
        0.2555066079295154
    ],
    "train_mcc": [
        0.02702091105070024,
        0.17139133550077051,
        0.24897164705885802,
        0.2610444365992974,
        0.2541104370806476,
        0.2286698152130159,
        0.25300238565226957,
        0.2604999543717649,
        0.25307322974644436,
        0.23780761012072346,
        0.3033231127292955,
        0.24892895399819964,
        0.2443764661413517,
        0.28612925024552693,
        0.28893879628079594,
        0.2934578917654781,
        0.29094499364758813
    ],
    "val_loss": [
        0.7635110368331274,
        0.7968885575731596,
        0.6673507566253344,
        0.7880145286520323,
        0.7479461282491684,
        0.7990710784991583,
        0.7767711778481802,
        0.7418779817720255,
        0.8884307891130447,
        0.8217127819856008,
        0.7387825970848402,
        1.002523976067702,
        0.7460392018159231,
        0.7920845324794451,
        0.7429496571421623,
        0.7408588814238707,
        0.8078364357352257
    ],
    "val_acc": [
        0.9415041782729805,
        0.8690807799442897,
        0.8607242339832869,
        0.8885793871866295,
        0.871866295264624,
        0.8997214484679665,
        0.8802228412256268,
        0.9052924791086351,
        0.8774373259052924,
        0.871866295264624,
        0.8802228412256268,
        0.9025069637883009,
        0.8774373259052924,
        0.8802228412256268,
        0.8802228412256268,
        0.8690807799442897,
        0.8913649025069638
    ],
    "val_f1": [
        0.27586206896551724,
        0.29850746268656714,
        0.2857142857142857,
        0.2857142857142857,
        0.25806451612903225,
        0.28,
        0.2711864406779661,
        0.2916666666666667,
        0.26666666666666666,
        0.28125,
        0.2711864406779661,
        0.2222222222222222,
        0.26666666666666666,
        0.2711864406779661,
        0.2711864406779661,
        0.27692307692307694,
        0.2909090909090909
    ],
    "val_mcc": [
        0.2554002029797354,
        0.36901130543025207,
        0.35729128803865495,
        0.32320058356064796,
        0.29802557504488253,
        0.3015118999695019,
        0.310077911043551,
        0.311848460501136,
        0.3059495982921009,
        0.3360728029706562,
        0.310077911043551,
        0.21848769066509238,
        0.3059495982921009,
        0.310077911043551,
        0.310077911043551,
        0.3321064923130791,
        0.32784362473240275
    ]
}