{
    "train_loss": [
        1.262326125966178,
        1.3424460156096352,
        1.0584563785129124,
        1.0217497719658746,
        0.9594033684995439,
        0.9562508920828502,
        0.9423388779163361,
        0.8934730013211568,
        1.0012646589014265,
        0.9281414786974589,
        0.8942656695842743,
        0.9099362982643975,
        0.9070605119069417,
        0.8365534941355387,
        0.8596522331237793,
        0.8551135917504629,
        0.9182883785830603
    ],
    "train_acc": [
        0.9630404463040446,
        0.8403068340306834,
        0.8291492329149233,
        0.8423988842398884,
        0.8856345885634589,
        0.8193863319386332,
        0.8437935843793585,
        0.8605299860529986,
        0.8619246861924686,
        0.8075313807531381,
        0.8695955369595537,
        0.8633193863319386,
        0.8786610878661087,
        0.8444909344490934,
        0.8584379358437936,
        0.8737796373779637,
        0.8821478382147838
    ],
    "train_f1": [
        0.03636363636363636,
        0.16117216117216118,
        0.20195439739413681,
        0.2152777777777778,
        0.2336448598130841,
        0.18808777429467086,
        0.2112676056338028,
        0.2248062015503876,
        0.2204724409448819,
        0.18823529411764706,
        0.2608695652173913,
        0.216,
        0.22321428571428573,
        0.22837370242214533,
        0.2397003745318352,
        0.2551440329218107,
        0.24888888888888888
    ],
    "train_mcc": [
        0.02702091105070024,
        0.17139133550077051,
        0.24761826165585268,
        0.2610444365992974,
        0.2541104370806476,
        0.22929001544922287,
        0.25300238565226957,
        0.2621655478413999,
        0.2539068570676525,
        0.23721419527884655,
        0.3131198216176708,
        0.2455497150103024,
        0.2443764661413517,
        0.28221028413904237,
        0.28893879628079594,
        0.29917369935457755,
        0.2806275610272522
    ],
    "val_loss": [
        0.7634499569733938,
        0.7968070978919665,
        0.6670389523108801,
        0.7868217304348946,
        0.7513067970673243,
        0.8006456047296524,
        0.774836520353953,
        0.7378226853907108,
        0.8906217316786448,
        0.8259937341014544,
        0.7415346453587214,
        0.9995358660817146,
        0.7414808670679728,
        0.7900498434901237,
        0.7429727365573248,
        0.7372740209102631,
        0.7933163270354271
    ],
    "val_acc": [
        0.9415041782729805,
        0.8690807799442897,
        0.8607242339832869,
        0.8885793871866295,
        0.8746518105849582,
        0.8997214484679665,
        0.8802228412256268,
        0.9052924791086351,
        0.8774373259052924,
        0.871866295264624,
        0.8774373259052924,
        0.9025069637883009,
        0.8746518105849582,
        0.8802228412256268,
        0.883008356545961,
        0.8802228412256268,
        0.8913649025069638
    ],
    "val_f1": [
        0.27586206896551724,
        0.29850746268656714,
        0.2857142857142857,
        0.2857142857142857,
        0.26229508196721313,
        0.28,
        0.2711864406779661,
        0.2916666666666667,
        0.26666666666666666,
        0.28125,
        0.26666666666666666,
        0.2222222222222222,
        0.26229508196721313,
        0.2711864406779661,
        0.27586206896551724,
        0.2711864406779661,
        0.2909090909090909
    ],
    "val_mcc": [
        0.2554002029797354,
        0.36901130543025207,
        0.35729128803865495,
        0.32320058356064796,
        0.301933991952283,
        0.3015118999695019,
        0.310077911043551,
        0.311848460501136,
        0.3059495982921009,
        0.3360728029706562,
        0.3059495982921009,
        0.21848769066509238,
        0.301933991952283,
        0.310077911043551,
        0.31432485286677053,
        0.310077911043551,
        0.32784362473240275
    ]
}