{
    "train_loss": [
        1.1789149032698738,
        1.1034510175387064,
        1.0557659930653043,
        0.9773430274592505,
        0.9157039324442545,
        0.9363232904010349,
        0.986413076851103,
        0.9115747491518656,
        0.8926824463738335,
        0.8942620131704543,
        0.8774431460433536,
        0.7971793115139008,
        0.8027316808700562,
        0.7724836130936941,
        0.7364748881922828,
        0.7567281577322218,
        0.8424298571215736,
        0.6872272703382704,
        0.7084118843078613,
        0.6992816785971324,
        0.6535196400350994,
        0.6809373120466868,
        0.6435633222262065,
        0.6218159569634332,
        0.6799372921387354,
        0.6195396347178354,
        0.6124663912587696,
        0.7157651844951841,
        0.6021462798118591,
        0.7180665165185929,
        0.650963133904669,
        0.5844323774178822,
        0.5808985617425707,
        0.5985538234313329,
        0.61023617916637,
        0.58311295012633,
        0.6699955999851227,
        0.5927637577056885,
        0.5966402921411726,
        0.6468411379390293,
        0.6004634724722968,
        0.6024665147066116,
        0.5965601371394263,
        0.6025438312027189,
        0.5847578148047129,
        0.6046426388952467
    ],
    "train_acc": [
        0.9553695955369595,
        0.8152022315202232,
        0.7887029288702929,
        0.8249651324965133,
        0.8214783821478382,
        0.8340306834030683,
        0.8528591352859135,
        0.8521617852161785,
        0.8451882845188284,
        0.8507670850767085,
        0.8340306834030683,
        0.8877266387726639,
        0.8940027894002789,
        0.9079497907949791,
        0.8807531380753139,
        0.904463040446304,
        0.9093444909344491,
        0.898186889818689,
        0.8940027894002789,
        0.9205020920502092,
        0.9198047419804742,
        0.9239888423988842,
        0.9198047419804742,
        0.9295676429567643,
        0.9281729428172942,
        0.9351464435146444,
        0.9281729428172942,
        0.9344490934449093,
        0.9330543933054394,
        0.9365411436541143,
        0.9442119944211994,
        0.9372384937238494,
        0.9379358437935844,
        0.9365411436541143,
        0.9323570432357043,
        0.9421199442119944,
        0.9337517433751743,
        0.9393305439330544,
        0.9400278940027894,
        0.9351464435146444,
        0.9316596931659693,
        0.9372384937238494,
        0.9351464435146444,
        0.9337517433751743,
        0.9365411436541143,
        0.9372384937238494
    ],
    "train_f1": [
        0.1111111111111111,
        0.17445482866043613,
        0.1652892561983471,
        0.17704918032786884,
        0.2,
        0.18493150684931506,
        0.2037735849056604,
        0.23741007194244604,
        0.22377622377622378,
        0.2074074074074074,
        0.2222222222222222,
        0.28444444444444444,
        0.2830188679245283,
        0.31958762886597936,
        0.27848101265822783,
        0.33170731707317075,
        0.3229166666666667,
        0.3177570093457944,
        0.2962962962962963,
        0.3595505617977528,
        0.36464088397790057,
        0.3699421965317919,
        0.3575418994413408,
        0.39520958083832336,
        0.3905325443786982,
        0.41509433962264153,
        0.39766081871345027,
        0.4125,
        0.4074074074074074,
        0.4129032258064516,
        0.4444444444444444,
        0.4230769230769231,
        0.4258064516129032,
        0.42038216560509556,
        0.4049079754601227,
        0.4429530201342282,
        0.40993788819875776,
        0.43137254901960786,
        0.4342105263157895,
        0.41509433962264153,
        0.4024390243902439,
        0.4230769230769231,
        0.41509433962264153,
        0.4025157232704403,
        0.42038216560509556,
        0.4230769230769231
    ],
    "train_mcc": [
        0.09019898152440624,
        0.2071574719683192,
        0.20437921415891527,
        0.20622435995607996,
        0.249593278396749,
        0.21450435343862362,
        0.2335978992371034,
        0.29097724984396023,
        0.273542642908439,
        0.24115447728975023,
        0.28030665226601015,
        0.3302080356792672,
        0.32011805821835193,
        0.3566751129252808,
        0.3292568531633825,
        0.38080866383056067,
        0.35955693620605195,
        0.36867584268963377,
        0.3407674181186876,
        0.39547190154696094,
        0.4043841067147114,
        0.4042767096846247,
        0.3937657261092817,
        0.4301540984839904,
        0.42622730829433875,
        0.4468046764992751,
        0.43684210526083844,
        0.4446356194140771,
        0.4403753013811472,
        0.4404032411092284,
        0.46680836151859706,
        0.4534741888449855,
        0.4557534488713847,
        0.45122337753434866,
        0.4382829725505867,
        0.4700631222163859,
        0.4424926749632604,
        0.46039985352709634,
        0.46276831754492875,
        0.4468046764992751,
        0.436215177425671,
        0.4534741888449855,
        0.4468046764992751,
        0.4316962557744128,
        0.45122337753434866,
        0.4534741888449855
    ],
    "val_loss": [
        0.6804999808470408,
        0.8650832821925482,
        0.7794841627279917,
        0.7536308616399765,
        1.3384398942192395,
        0.8429227372010549,
        0.8308257733782133,
        0.8805064782500267,
        0.7628670409321785,
        0.705290712416172,
        0.7924739494919777,
        0.7921805828809738,
        0.8058992400765419,
        0.720825120806694,
        0.7986215551694235,
        0.7674415012200674,
        0.8976543297370275,
        1.0057225016256173,
        0.9224312081933022,
        0.7860242798924446,
        1.1133716243008773,
        0.9358058435221513,
        1.005629909535249,
        1.1578361615538597,
        1.0209241807460785,
        0.9680501433710257,
        1.0500199869275093,
        1.001440029591322,
        0.9512958986063799,
        1.0233785671492417,
        1.0657409702738125,
        1.02810080225269,
        1.0224217747648556,
        1.0937794720133145,
        1.0524653693040211,
        1.0273452550172806,
        1.0538454713920753,
        1.5288780704140663,
        1.122860498726368,
        1.0302066852649052,
        1.0597297176718712,
        2.1082232408225536,
        1.0639534257352352,
        1.0894580073654652,
        1.0674249057968457,
        1.0319085040440161
    ],
    "val_acc": [
        0.8802228412256268,
        0.8662952646239555,
        0.841225626740947,
        0.8495821727019499,
        0.9415041782729805,
        0.8969359331476323,
        0.9025069637883009,
        0.8913649025069638,
        0.8662952646239555,
        0.8579387186629527,
        0.8941504178272981,
        0.9108635097493036,
        0.9136490250696379,
        0.8969359331476323,
        0.9025069637883009,
        0.8997214484679665,
        0.9387186629526463,
        0.9442896935933147,
        0.9303621169916435,
        0.9080779944289693,
        0.9331476323119777,
        0.9415041782729805,
        0.9442896935933147,
        0.9498607242339833,
        0.9387186629526463,
        0.9387186629526463,
        0.9415041782729805,
        0.9387186629526463,
        0.9387186629526463,
        0.9415041782729805,
        0.9526462395543176,
        0.9415041782729805,
        0.9526462395543176,
        0.9526462395543176,
        0.935933147632312,
        0.935933147632312,
        0.9387186629526463,
        0.9387186629526463,
        0.9498607242339833,
        0.9387186629526463,
        0.9387186629526463,
        0.9415041782729805,
        0.9387186629526463,
        0.935933147632312,
        0.935933147632312,
        0.935933147632312
    ],