{
    "train_loss": [
        1.3706544786691666,
        1.1036959853437212,
        1.0099780155552758,
        0.9722409149010977,
        1.041077744298511,
        1.1253328177664015,
        1.1376609994305504,
        1.1562627633412679,
        0.9707851032416026,
        1.1547004848718643,
        0.9969516244199541,
        0.8804785814550188,
        0.9482386747996012,
        0.9753237393167283,
        0.8439005672931671,
        0.8589323149787055,
        0.8818702777226766,
        0.8142810689078437,
        0.8536841829617818,
        0.77722088098526,
        0.8077724993228912,
        0.755424380964703,
        0.8215965840551588,
        0.7235813094509973,
        0.7719573259353638,
        0.796720274289449,
        0.8007986267407735,
        0.7377063082324133,
        0.760297296444575,
        0.7517081326908536,
        0.7300992455747393,
        0.73312801917394,
        0.7358895228968726,
        0.7112605505519443,
        0.7254049142201742,
        0.7297452880276574,
        0.691625365946028
    ],
    "train_acc": [
        0.9456066945606695,
        0.797768479776848,
        0.8772663877266388,
        0.7377963737796374,
        0.8263598326359832,
        0.7726638772663877,
        0.7419804741980475,
        0.7168758716875872,
        0.8263598326359832,
        0.8898186889818689,
        0.8186889818688982,
        0.8654114365411436,
        0.8647140864714087,
        0.8396094839609484,
        0.8458856345885635,
        0.8758716875871687,
        0.8612273361227336,
        0.8654114365411436,
        0.8793584379358438,
        0.8793584379358438,
        0.8842398884239888,
        0.8919107391910739,
        0.8926080892608089,
        0.8870292887029289,
        0.9086471408647141,
        0.8926080892608089,
        0.9016736401673641,
        0.900976290097629,
        0.900278940027894,
        0.9058577405857741,
        0.9142259414225942,
        0.9065550906555091,
        0.9121338912133892,
        0.9107391910739191,
        0.9093444909344491,
        0.9037656903765691,
        0.9100418410041841
    ],
    "train_f1": [
        0.11363636363636363,
        0.14201183431952663,
        0.2,
        0.16071428571428573,
        0.1941747572815534,
        0.13756613756613756,
        0.12322274881516587,
        0.125,
        0.17275747508305647,
        0.1595744680851064,
        0.17721518987341772,
        0.2490272373540856,
        0.2421875,
        0.19014084507042253,
        0.22456140350877193,
        0.2457627118644068,
        0.22568093385214008,
        0.23107569721115537,
        0.26382978723404255,
        0.270042194092827,
        0.25892857142857145,
        0.27906976744186046,
        0.2803738317757009,
        0.2831858407079646,
        0.2994652406417112,
        0.29357798165137616,
        0.3054187192118227,
        0.3106796116504854,
        0.3024390243902439,
        0.3147208121827411,
        0.32044198895027626,
        0.3163265306122449,
        0.32978723404255317,
        0.3191489361702128,
        0.3157894736842105,
        0.29591836734693877,
        0.32460732984293195
    ],
    "train_mcc": [
        0.08573291341143631,
        0.156655434676272,
        0.2105538035011643,
        0.22132000297176738,
        0.23565341244784735,
        0.15777872718227737,
        0.13935171157648144,
        0.151013612519471,
        0.19796551350227704,
        0.14666322628173414,
        0.21012858025520645,
        0.29776004409434226,
        0.2870655948332196,
        0.21987552105901223,
        0.2743126960050037,
        0.28195793618835774,
        0.2630060229946119,
        0.2681601908494402,
        0.30716498791695473,
        0.3171911696451291,
        0.2940731055013033,
        0.31659188459808046,
        0.3177578846411955,
        0.32907901233436837,
        0.3258482718049455,
        0.3383566281181674,
        0.34433231290213523,
        0.35342442466469615,
        0.34171921329849025,
        0.3524501725178881,
        0.348469844924248,
        0.353845727279974,
        0.3654849887871385,
        0.3518086286305507,
        0.34889875297150824,
        0.32712984390612665,
        0.36101805640556184
    ],
    "val_loss": [
        1.128229334950447,
        0.7441749225060145,
        0.8859893331925074,
        0.7300310271481673,
        0.891858883202076,
        0.8974224875370661,
        0.9257449681560198,
        0.894303847104311,
        0.7562082161506017,
        0.9619853645563126,
        0.9351235379775366,
        0.8130826602379481,
        0.8821736325820287,
        0.8092737048864365,
        0.7926967342694601,
        0.9982489421963692,
        0.8516128088037173,
        0.7557429646452268,
        0.7373555637896061,
        0.7874931842088699,
        0.7709064980347952,
        0.738310852398475,
        0.7387334903081259,
        0.738910493751367,
        0.7490268821517626,
        0.8026516909400622,
        0.834480901559194,
        0.7674666941165924,
        0.7577888431648413,
        0.7681824589769045,
        0.7667968596021334,
        0.791189581155777,
        0.7651507606108984,
        0.7762902863323689,
        0.7834728583693504,
        0.7477680097023646,
        0.7587821160753568
    ],
    "val_acc": [
        0.8189415041782729,
        0.7910863509749304,
        0.6908077994428969,
        0.8523676880222841,
        0.8662952646239555,
        0.8495821727019499,
        0.8997214484679665,
        0.9387186629526463,
        0.8022284122562674,
        0.8913649025069638,
        0.9220055710306406,
        0.8941504178272981,
        0.8523676880222841,
        0.8607242339832869,
        0.8746518105849582,
        0.8913649025069638,
        0.9136490250696379,
        0.883008356545961,
        0.8913649025069638,
        0.8941504178272981,
        0.9080779944289693,
        0.9136490250696379,
        0.8857938718662952,
        0.8969359331476323,
        0.8885793871866295,
        0.8913649025069638,
        0.9025069637883009,
        0.8941504178272981,
        0.9025069637883009,
        0.9025069637883009,
        0.9025069637883009,
        0.9080779944289693,
        0.9052924791086351,
        0.9052924791086351,
        0.9025069637883009,
        0.9025069637883009,
        0.9136490250696379
    ],
    "val_f1": [
        0.25287356321839083,
        0.2268041237113402,
        0.16541353383458646,
        0.273972602739726,
        0.25,
        0.2702702702702703,
        0.21739130434782608,
        0.15384615384615385,
        0.23655913978494625,
        0.2641509433962264,
        0.2631578947368421,
        0.2962962962962963,
        0.273972602739726,
        0.2647058823529412,
        0.26229508196721313,
        0.2909090909090909,
        0.3111111111111111,
        0.27586206896551724,
        0.2909090909090909,
        0.2962962962962963,
        0.2978723404255319,
        0.3404255319148936,
        0.2545454545454545,
        0.27450980392156865,
        0.25925925925925924,
        0.2641509433962264,
        0.2857142857142857,
        0.2692307692307692,
        0.2857142857142857,
        0.2857142857142857,
        0.2857142857142857,
        0.26666666666666666,
        0.32,
        0.32,
        0.3137254901960784,
        0.3137254901960784,
        0.3404255319148936
    ],