{
    "train_loss": [
        0.8000814113352034,
        0.4458512932062149,
        0.4129416760471132,
        0.3203100573685434,
        0.3644393473863602,
        0.3069284470544921,
        0.3229120158486896,
        0.3031740059455236,
        0.2779017192622026,
        0.3000664880706204,
        0.2708211108421286,
        0.221558775463038,
        0.20118499400301113,
        0.22596686519682407,
        0.2138011556946569,
        0.17820877741194432,
        0.1352436986648374,
        0.17545772549799746,
        0.15395048264827993,
        0.139443346278535,
        0.14489923137136632
    ],
    "train_acc": [
        0.8937062937062937,
        0.906993006993007,
        0.906993006993007,
        0.9286713286713286,
        0.9153846153846154,
        0.9321678321678322,
        0.9349650349650349,
        0.9454545454545454,
        0.9440559440559441,
        0.9314685314685315,
        0.9349650349650349,
        0.9531468531468531,
        0.9531468531468531,
        0.9391608391608391,
        0.9426573426573427,
        0.958041958041958,
        0.972027972027972,
        0.9552447552447553,
        0.9615384615384616,
        0.9713286713286713,
        0.9608391608391609
    ],
    "train_f1": [
        0.5846994535519126,
        0.671604938271605,
        0.6870588235294117,
        0.7384615384615385,
        0.7055961070559611,
        0.7454068241469817,
        0.7609254498714653,
        0.7845303867403315,
        0.7802197802197802,
        0.7537688442211056,
        0.7633587786259542,
        0.8184281842818428,
        0.8194070080862533,
        0.7740259740259741,
        0.7853403141361257,
        0.8342541436464088,
        0.8857142857142857,
        0.827027027027027,
        0.8467966573816156,
        0.8825214899713467,
        0.8461538461538461
    ],
    "train_mcc": [
        0.5336047114446665,
        0.644971217361701,
        0.6709691850692356,
        0.7194789067179276,
        0.6879872530542656,
        0.724600155475073,
        0.7456943318855227,
        0.7643869600970863,
        0.7599631751597943,
        0.7406598263556997,
        0.7501012109351494,
        0.8059099797624638,
        0.8077506843987897,
        0.7596737018762286,
        0.7718802641657115,
        0.8219255486418999,
        0.8774591959304294,
        0.8162696581214753,
        0.8354571515209649,
        0.8735047841447041,
        0.8363758437546559
    ],
    "val_loss": [
        0.39553533494472504,
        0.4040269690255324,
        0.30454823436836403,
        0.3447711765766144,
        0.3876828945552309,
        0.40235508295396966,
        0.444765521834294,
        0.3693103951712449,
        0.9915704041874657,
        0.47595482350637514,
        0.37272607038418454,
        0.4520606053993106,
        0.42582956216453266,
        0.4505291022360325,
        0.476445697247982,
        0.4801186392530023,
        0.6131491014190639,
        0.5062600844539702,
        0.7258320273831487,
        0.7595293736085296,
        0.6559122792556688
    ],
    "val_acc": [
        0.9357541899441341,
        0.9022346368715084,
        0.9413407821229051,
        0.9357541899441341,
        0.9357541899441341,
        0.9581005586592178,
        0.8910614525139665,
        0.9413407821229051,
        0.9050279329608939,
        0.9134078212290503,
        0.9413407821229051,
        0.946927374301676,
        0.9441340782122905,
        0.8966480446927374,
        0.9385474860335196,
        0.9497206703910615,
        0.9581005586592178,
        0.9189944134078212,
        0.9413407821229051,
        0.9385474860335196,
        0.9497206703910615
    ],
    "val_f1": [
        0.7676767676767676,
        0.6846846846846847,
        0.7835051546391752,
        0.7676767676767676,
        0.7628865979381443,
        0.8275862068965517,
        0.6548672566371682,
        0.7789473684210526,
        0.6851851851851852,
        0.7047619047619048,
        0.7789473684210526,
        0.7912087912087912,
        0.782608695652174,
        0.6666666666666666,
        0.7608695652173914,
        0.8,
        0.8235294117647058,
        0.7184466019417476,
        0.7586206896551724,
        0.7555555555555555,
        0.7906976744186046
    ],
    "val_mcc": [
        0.7552334891256486,
        0.6745062311252233,
        0.7708810569319741,
        0.7552334891256486,
        0.7465488916717337,
        0.8096453325596187,
        0.6407034764544883,
        0.7626205855979932,
        0.6701270146030088,
        0.6892150908051354,
        0.7626205855979932,
        0.771862239413618,
        0.7630480687838538,
        0.65213931460588,
        0.7378035249686222,
        0.7809167384505747,
        0.8034496112100796,
        0.7026145951909891,
        0.7307093224680219,
        0.7296151158493626,
        0.7666934743389934
    ]
}