{
    "train_loss": [
        0.7489803064200613,
        0.43115537414948146,
        0.36753855562872356,
        0.36719587081008487,
        0.3455275940398375,
        0.2977159577111403,
        0.3094663545489311,
        0.3825343683362007,
        0.30468654019965064,
        0.2688218194577429,
        0.2382858865790897,
        0.24133736416697502,
        0.20522541080911955,
        0.20572103851785262,
        0.1782304011285305,
        0.15484853614535596,
        0.1973527109871308,
        0.15467255326608817
    ],
    "train_acc": [
        0.9097902097902097,
        0.9167832167832168,
        0.9216783216783216,
        0.9223776223776223,
        0.9258741258741259,
        0.9405594405594405,
        0.9174825174825175,
        0.9216783216783216,
        0.9384615384615385,
        0.9482517482517483,
        0.9545454545454546,
        0.951048951048951,
        0.958041958041958,
        0.9573426573426573,
        0.9671328671328672,
        0.9643356643356643,
        0.958041958041958,
        0.9706293706293706
    ],
    "train_f1": [
        0.5656565656565656,
        0.7061728395061728,
        0.72,
        0.7146529562982005,
        0.7309644670050761,
        0.7780678851174935,
        0.7177033492822966,
        0.7213930348258707,
        0.7696335078534031,
        0.8031914893617021,
        0.8209366391184573,
        0.8087431693989071,
        0.8342541436464088,
        0.8310249307479224,
        0.8660968660968661,
        0.8538681948424068,
        0.8333333333333334,
        0.8793103448275862
    ],
    "train_mcc": [
        0.5160481560219373,
        0.6864286236789849,
        0.7011386690369349,
        0.6909695440006697,
        0.7120157317663545,
        0.7636953426364536,
        0.7054286189810445,
        0.7035450607678451,
        0.7534135082709403,
        0.7906148003936638,
        0.8068304317054442,
        0.7936541211283936,
        0.8219255486418999,
        0.8178697678356123,
        0.8552411689615199,
        0.8406593505047639,
        0.8202232095755698,
        0.8695409342917843
    ],
    "val_loss": [
        0.3145435443148017,
        0.34365320454041165,
        0.303537976462394,
        0.3177669557432334,
        0.32537914750476676,
        0.386458648989598,
        0.9364929889949659,
        0.3361215628683567,
        0.34399809362366796,
        0.3057935703545809,
        0.5512065372119347,
        0.37123815234129626,
        0.3699406464584172,
        0.3709040967126687,
        0.49605758049680543,
        0.45262885466217995,
        0.5129855705114702,
        0.6690780793627104
    ],
    "val_acc": [
        0.9385474860335196,
        0.9581005586592178,
        0.9608938547486033,
        0.9357541899441341,
        0.9301675977653632,
        0.9050279329608939,
        0.9553072625698324,
        0.9245810055865922,
        0.9413407821229051,
        0.9497206703910615,
        0.946927374301676,
        0.9553072625698324,
        0.9413407821229051,
        0.9329608938547486,
        0.9329608938547486,
        0.9329608938547486,
        0.9385474860335196,
        0.9385474860335196
    ],
    "val_f1": [
        0.7708333333333334,
        0.8314606741573034,
        0.8409090909090909,
        0.7676767676767676,
        0.7524752475247525,
        0.6909090909090909,
        0.7647058823529411,
        0.7378640776699029,
        0.7835051546391752,
        0.8085106382978723,
        0.7816091954022989,
        0.813953488372093,
        0.7586206896551724,
        0.7333333333333333,
        0.7,
        0.7446808510638298,
        0.725,
        0.725
    ],
    "val_mcc": [
        0.754486523232753,
        0.8160874105972588,
        0.8258793355349259,
        0.7552334891256486,
        0.7402961140073003,
        0.6805047294937228,
        0.7505323301630327,
        0.7260132951982797,
        0.7708810569319741,
        0.7958228697008137,
        0.7570213258318875,
        0.7932411350231369,
        0.7307093224680219,
        0.7039643045487565,
        0.6625531224359046,
        0.7212340083639891,
        0.6907067150569198,
        0.6907067150569198
    ]
}