{
    "train_loss": [
        0.9279232402642568,
        0.44820479022132026,
        0.3661656129691336,
        0.35211365222930907,
        0.32631652454535165,
        0.3494262903100914,
        0.3360339096850819,
        0.27962155929870075,
        0.2530310810854038,
        0.2693201353566514,
        0.211226374655962,
        0.21573548089298938,
        0.19260060017307598,
        0.1849371525976393,
        0.1829394787756933,
        0.17046166045798194,
        0.14304062467482354,
        0.13012804851556817,
        0.15519636416186888,
        0.11066212273823718
    ],
    "train_acc": [
        0.9062937062937063,
        0.9076923076923077,
        0.9251748251748252,
        0.9195804195804196,
        0.9174825174825175,
        0.9216783216783216,
        0.9251748251748252,
        0.9321678321678322,
        0.9468531468531468,
        0.9328671328671329,
        0.9531468531468531,
        0.9545454545454546,
        0.9608391608391609,
        0.9629370629370629,
        0.965034965034965,
        0.9664335664335665,
        0.9748251748251748,
        0.9776223776223776,
        0.9713286713286713,
        0.9790209790209791
    ],
    "train_f1": [
        0.4596774193548387,
        0.6826923076923077,
        0.7263427109974424,
        0.7160493827160493,
        0.7093596059113301,
        0.7213930348258707,
        0.731829573934837,
        0.7493540051679587,
        0.7956989247311828,
        0.7551020408163265,
        0.8154269972451791,
        0.8228882833787466,
        0.8418079096045198,
        0.8498583569405099,
        0.8571428571428571,
        0.8636363636363636,
        0.8947368421052632,
        0.9041916167664671,
        0.880466472303207,
        0.9107142857142857
    ],
    "train_mcc": [
        0.42801800443489907,
        0.6621943104989169,
        0.7054771647539059,
        0.6982735969124947,
        0.6906225793015455,
        0.7035450607678451,
        0.7148852063849558,
        0.7312942115385042,
        0.7804606164140874,
        0.7399236154253451,
        0.8004500328925327,
        0.8104097651080863,
        0.8281928041416229,
        0.8371634219807726,
        0.8446848286800569,
        0.8527061555147822,
        0.8855851791471947,
        0.894558798433971,
        0.8695467937699003,
        0.9023789286483676
    ],
    "val_loss": [
        0.27682986327757436,
        0.30071569979190826,
        0.31629922427237034,
        0.2906999579863623,
        0.331352765361468,
        0.33633426499242586,
        0.3251156496504943,
        0.3159676231443882,
        0.3275124526893099,
        0.3497978759308656,
        0.3359720096923411,
        0.35446976121359813,
        0.3746344019503643,
        0.4034220310859382,
        0.38745842647040263,
        0.45059017398549867,
        0.5779657863701383,
        0.487642436598738,
        0.6025114989218613,
        0.6432995715100939
    ],
    "val_acc": [
        0.9329608938547486,
        0.9385474860335196,
        0.9553072625698324,
        0.9497206703910615,
        0.9636871508379888,
        0.9162011173184358,
        0.9357541899441341,
        0.946927374301676,
        0.9441340782122905,
        0.9553072625698324,
        0.9329608938547486,
        0.9497206703910615,
        0.9357541899441341,
        0.9441340782122905,
        0.9217877094972067,
        0.952513966480447,
        0.9581005586592178,
        0.9301675977653632,
        0.9497206703910615,
        0.952513966480447
    ],
    "val_f1": [
        0.76,
        0.7755102040816326,
        0.8222222222222222,
        0.8043478260869565,
        0.8470588235294118,
        0.7169811320754716,
        0.7676767676767676,
        0.8,
        0.782608695652174,
        0.8181818181818182,
        0.7551020408163265,
        0.8,
        0.7628865979381443,
        0.7777777777777778,
        0.7254901960784313,
        0.8,
        0.8148148148148148,
        0.7368421052631579,
        0.7804878048780488,
        0.7901234567901234
    ],
    "val_mcc": [
        0.7476796535963661,
        0.7629647660709444,
        0.8065675497511808,
        0.7882926125990852,
        0.830241243178523,
        0.705709017708003,
        0.7552334891256486,
        0.7873013096663426,
        0.7630480687838538,
        0.7997951006763901,
        0.7387993775675915,
        0.7809167384505747,
        0.7465488916717337,
        0.7552659271499687,
        0.7095324547696392,
        0.7766579792416362,
        0.791919918874217,
        0.7132591374612942,
        0.7533161816196975,
        0.7640595286465273
    ]
}