{
    "train_loss": [
        1.204242092641917,
        1.236624922264706,
        1.137654954736883,
        1.0899436324834824,
        1.033182213252241,
        0.9330008741129528,
        0.9264722622253678,
        0.8474474461241202,
        0.7603678777813911,
        0.7641043642705138,
        0.7221169580112804,
        0.6782943667335943,
        0.689714487303387,
        0.6374428461898457,
        0.6244518706067042,
        0.5846848521720279,
        0.5669530267742547,
        0.5468144410035827,
        0.5405414226380262,
        0.5393831933086569,
        0.5349578721956774,
        0.48894003033638
    ],
    "train_acc": [
        0.8675832127351665,
        0.8675832127351665,
        0.869753979739508,
        0.8342981186685963,
        0.7858176555716353,
        0.821273516642547,
        0.8422575976845152,
        0.8393632416787264,
        0.8335745296671491,
        0.8437047756874095,
        0.8408104196816208,
        0.8422575976845152,
        0.8675832127351665,
        0.8661360347322721,
        0.8516642547033285,
        0.8798842257597684,
        0.8733719247467439,
        0.8791606367583212,
        0.8748191027496383,
        0.886396526772793,
        0.8712011577424024,
        0.8929088277858177
    ],
    "train_f1": [
        0.0,
        0.010810810810810811,
        0.1262135922330097,
        0.38605898123324395,
        0.36752136752136755,
        0.4886128364389234,
        0.538135593220339,
        0.5413223140495868,
        0.54,
        0.568,
        0.5769230769230769,
        0.5758754863813229,
        0.6163522012578616,
        0.6232179226069247,
        0.6003898635477583,
        0.6452991452991453,
        0.6421267893660532,
        0.6542443064182195,
        0.6560636182902585,
        0.6722338204592901,
        0.6509803921568628,
        0.6864406779661016
    ],
    "train_mcc": [
        -0.01047968507061823,
        0.02781231887121715,
        0.16117334300253128,
        0.2904605999399724,
        0.2553064881921616,
        0.40623934522191524,
        0.46668974012678216,
        0.4723866815819585,
        0.4734210982918426,
        0.5090084271873255,
        0.5251398136014477,
        0.5222881074181602,
        0.5647867554743251,
        0.5767779975849471,
        0.5535705994333853,
        0.5986325635559623,
        0.6000615556154418,
        0.6136091995431839,
        0.621884607924588,
        0.6349601182227838,
        0.6176454452425035,
        0.6506141842900331
    ],
    "val_loss": [
        1.1963960474187678,
        1.1759172027761287,
        1.1080740744417363,
        1.0887777480212124,
        1.0365403673865579,
        1.0168077024546536,
        1.0890112085775896,
        0.9301533861593767,
        0.8834327919916674,
        0.9582159248265353,
        0.8965813707221638,
        1.0568675073710354,
        0.9666110439734026,
        0.9073716347867792,
        1.0716359561139888,
        0.9844383272257718,
        1.061687101017345,
        1.0220898281444202,
        1.0623067671602422,
        0.991393585096706,
        1.0635919841853054,
        1.091517379338091
    ],
    "val_acc": [
        0.8695652173913043,
        0.8695652173913043,
        0.881159420289855,
        0.8463768115942029,
        0.881159420289855,
        0.8144927536231884,
        0.8898550724637682,
        0.8608695652173913,
        0.8144927536231884,
        0.8434782608695652,
        0.8115942028985508,
        0.7942028985507247,
        0.7942028985507247,
        0.7855072463768116,
        0.8492753623188406,
        0.808695652173913,
        0.8347826086956521,
        0.8376811594202899,
        0.8144927536231884,
        0.7942028985507247,
        0.8318840579710145,
        0.8376811594202899
    ],
    "val_f1": [
        0.0,
        0.0,
        0.32786885245901637,
        0.4536082474226804,
        0.5176470588235295,
        0.4838709677419355,
        0.525,
        0.5102040816326531,
        0.4666666666666667,
        0.5,
        0.48,
        0.46616541353383456,
        0.4580152671755725,
        0.463768115942029,
        0.5,
        0.47619047619047616,
        0.47706422018348627,
        0.4909090909090909,
        0.4666666666666667,
        0.46616541353383456,
        0.49122807017543857,
        0.48148148148148145
    ],
    "val_mcc": [
        0.0,
        0.0,
        0.32384546704380884,
        0.3660639293689737,
        0.45116122183475793,
        0.40343002101939884,
        0.46849105751096465,
        0.4317062586854993,
        0.38012451934301916,
        0.418420826252644,
        0.39899638244919866,
        0.38544535652005196,
        0.3736878813473732,
        0.3853885701507566,
        0.418405561175441,
        0.39462757165998125,
        0.39084743074024614,
        0.4076601687518823,
        0.38012451934301916,
        0.38544535652005196,
        0.4088149087663384,
        0.39614379152160045
    ]
}