{
    "train_loss": [
        1.2289926938035272,
        1.1959091248837384,
        1.239933187311346,
        1.07693873481317,
        0.9416435103524815,
        0.8318849388848651,
        0.7896603840318593,
        0.7419771972027692,
        0.7166933979500424,
        0.6513576846231114,
        0.6139169734987345,
        0.6306726444851268,
        0.5485898666083813,
        0.5488954626701095,
        0.5148701444268227,
        0.517062839797952,
        0.4924095022407445,
        0.49562632461840456,
        0.4799053496257825,
        0.48893640291961754,
        0.47041663696820085,
        0.45865279707041656,
        0.44600708376277576,
        0.4700639422305606,
        0.43516273999756033,
        0.4293355176394636,
        0.43766886673190375,
        0.4314714541489428,
        0.4364367461001331,
        0.4200643026693301,
        0.4207347353751009,
        0.41538419608365407,
        0.41097523881630466,
        0.4183919301087206,
        0.40008449148048053,
        0.41235758838328446,
        0.39260946451262996,
        0.3996977646919814,
        0.39819760383530095,
        0.4072643852030689
    ],
    "train_acc": [
        0.8683068017366136,
        0.8675832127351665,
        0.8299565846599132,
        0.8545586107091172,
        0.8350217076700435,
        0.8625180897250362,
        0.8668596237337193,
        0.8675832127351665,
        0.8567293777134588,
        0.8719247467438495,
        0.8784370477568741,
        0.8646888567293777,
        0.8690303907380608,
        0.8827785817655571,
        0.8885672937771346,
        0.8842257597684515,
        0.8900144717800289,
        0.8929088277858177,
        0.8892908827785818,
        0.894356005788712,
        0.8958031837916064,
        0.8979739507959479,
        0.9030390738060782,
        0.9008683068017366,
        0.8979739507959479,
        0.902315484804631,
        0.9030390738060782,
        0.9015918958031838,
        0.9015918958031838,
        0.9052098408104197,
        0.9073806078147613,
        0.9081041968162084,
        0.9044862518089725,
        0.9095513748191028,
        0.9066570188133141,
        0.91027496382055,
        0.9073806078147613,
        0.91027496382055,
        0.9073806078147613,
        0.9095513748191028
    ],
    "train_f1": [
        0.0,
        0.0,
        0.12639405204460966,
        0.3044982698961938,
        0.4794520547945205,
        0.5662100456621004,
        0.5947136563876652,
        0.5995623632385121,
        0.5959183673469388,
        0.6242038216560509,
        0.6410256410256411,
        0.6222222222222222,
        0.6415841584158416,
        0.6639004149377593,
        0.6652173913043479,
        0.6666666666666666,
        0.6779661016949152,
        0.6864406779661016,
        0.6845360824742268,
        0.690677966101695,
        0.6949152542372882,
        0.6993603411513859,
        0.7136752136752137,
        0.7078891257995735,
        0.709278350515464,
        0.7071583514099783,
        0.7148936170212766,
        0.7081545064377682,
        0.7068965517241379,
        0.7170626349892009,
        0.7264957264957265,
        0.7257019438444925,
        0.717948717948718,
        0.7264770240700219,
        0.7225806451612903,
        0.7316017316017316,
        0.7217391304347827,
        0.7339055793991416,
        0.7241379310344828,
        0.7300215982721382
    ],
    "train_mcc": [
        0.0,
        -0.01047968507061823,
        0.04883238568809694,
        0.23946063889474667,
        0.39264501837386545,
        0.4972966849978424,
        0.5337740797892324,
        0.5401753426833359,
        0.54212998064495,
        0.5732086671029215,
        0.5933506239349807,
        0.5765711481841618,
        0.6040407720847464,
        0.6254114491834916,
        0.6212806299631236,
        0.6282979034674948,
        0.6401042160521331,
        0.6506141842900331,
        0.6521602270037017,
        0.6558691684089832,
        0.6611241525279332,
        0.6657436263537361,
        0.683143597491667,
        0.6762938997448729,
        0.6831915963030182,
        0.6730531944912312,
        0.6852701861677906,
        0.6757236277400914,
        0.6735877132849831,
        0.685812075977604,
        0.6989894163546116,
        0.6964452984940235,
        0.6884255371126485,
        0.6956070317794469,
        0.693214540340525,
        0.7033959872939951,
        0.690674026282163,
        0.7074976822547325,
        0.6948260655872315,
        0.7017619097522332
    ],
    "val_loss": [
        1.2117223414507778,
        1.188486099243164,
        1.1313520453192971,
        1.0532292615283618,
        1.05598646402359,
        1.0013304190202192,
        1.0649712573398242,
        1.0904975912787698,
        1.0027496327053418,
        1.1779098023067822,
        1.483380371874029,
        1.2524604472247036,
        1.5250951512293383,
        1.8409653360193425,
        1.5919049260291187,
        1.7875088940967212,
        1.931172083724629,
        2.0138103772293436,
        2.1427569037133996,
        2.1751261353492737,
        2.427472122690894,
        2.2845086428252133,
        2.2006427401846107,
        2.311117547479543,
        2.3729252192107113,
        2.4763535288247196,
        2.507975497029044,
        2.489118844270706,
        2.5629121281883935,
        2.582133878361095,
        2.6511305448683826,
        2.5546685687520285,
        2.774413190104745,
        2.715125173330307,
        2.642778231339021,
        2.811055385253646,
        2.701378424059261,
        2.65992054885084,
        2.7075596533038397,
        2.7558490484952927
    ],
    "val_acc": [
        0.8695652173913043,
        0.8695652173913043,
        0.8724637681159421,
        0.855072463768116,
        0.8,
        0.8,
        0.8347826086956521,
        0.8202898550724638,
        0.8115942028985508,
        0.8,
        0.8434782608695652,
        0.7971014492753623,
        0.8231884057971014,
        0.8579710144927536,
        0.8289855072463768,
        0.8318840579710145,
        0.8202898550724638,
        0.8347826086956521,
        0.8173913043478261,
        0.8376811594202899,
        0.8347826086956521,
        0.8376811594202899,
        0.8318840579710145,
        0.8318840579710145,
        0.8434782608695652,
        0.8347826086956521,
        0.8434782608695652,
        0.8376811594202899,
        0.8376811594202899,
        0.8347826086956521,
        0.8376811594202899,
        0.8376811594202899,
        0.8376811594202899,
        0.8405797101449275,
        0.8405797101449275,
        0.8376811594202899,
        0.8376811594202899,
        0.8405797101449275,
        0.8405797101449275,
        0.8376811594202899
    ],
    "val_f1": [
        0.0,
        0.0,
        0.08333333333333333,
        0.4318181818181818,
        0.4566929133858268,
        0.4732824427480916,
        0.4864864864864865,
        0.4745762711864407,
        0.4628099173553719,
        0.4732824427480916,
        0.4807692307692308,
        0.47761194029850745,
        0.46956521739130436,
        0.4948453608247423,
        0.4778761061946903,
        0.49122807017543857,
        0.4745762711864407,
        0.4864864864864865,
        0.4793388429752066,
        0.5,
        0.5043478260869565,
        0.5,
        0.5,
        0.49122807017543857,
        0.5178571428571429,
        0.5043478260869565,
        0.5,
        0.5087719298245614,
        0.5,
        0.49557522123893805,
        0.5,
        0.5087719298245614,
        0.5,
        0.5045045045045045,
        0.5045045045045045,
        0.5,
        0.5,
        0.5045045045045045,
        0.5045045045045045,
        0.5
    ],