{
    "train_loss": [
        1.193672547286207,
        1.1772670962593772,
        1.1338114210150458,
        1.0597505393353375,
        0.9844179668209769,
        0.880457956682552,
        0.8672521385279569,
        0.840396795083176,
        0.7855018011548303,
        0.725225108590993,
        0.6984263482418928,
        0.666673681275411,
        0.6232272481376474,
        0.628449709577994,
        0.5906179845333099,
        0.555844855579463,
        0.5480220609090545,
        0.5155605375766754,
        0.5139922641895034,
        0.47875339503992687,
        0.4536676596511494,
        0.4545283957638524,
        0.4195963862267407,
        0.4130521740087054,
        0.4115531539375132,
        0.4079384956170212,
        0.4060329669578509,
        0.40399588068777864
    ],
    "train_acc": [
        0.8683068017366136,
        0.8683068017366136,
        0.8516642547033285,
        0.8234442836468886,
        0.8060781476121563,
        0.8306801736613604,
        0.8364688856729378,
        0.8364688856729378,
        0.8596237337192475,
        0.8581765557163531,
        0.8632416787264834,
        0.8596237337192475,
        0.8726483357452967,
        0.8675832127351665,
        0.8704775687409552,
        0.8762662807525325,
        0.886396526772793,
        0.8885672937771346,
        0.8929088277858177,
        0.8965267727930536,
        0.902315484804631,
        0.9008683068017366,
        0.9095513748191028,
        0.91027496382055,
        0.9138929088277858,
        0.9175108538350217,
        0.9182344428364689,
        0.9124457308248914
    ],
    "train_f1": [
        0.010869565217391304,
        0.052083333333333336,
        0.1700404858299595,
        0.39,
        0.4530612244897959,
        0.4935064935064935,
        0.5170940170940171,
        0.5252100840336135,
        0.5610859728506787,
        0.5864978902953587,
        0.591792656587473,
        0.5889830508474576,
        0.625531914893617,
        0.6179540709812108,
        0.6369168356997972,
        0.64,
        0.6735966735966736,
        0.6818181818181818,
        0.6824034334763949,
        0.6937901498929336,
        0.7084233261339092,
        0.7103594080338267,
        0.7264770240700219,
        0.7316017316017316,
        0.7418655097613883,
        0.748898678414097,
        0.7516483516483516,
        0.7363834422657952
    ],
    "train_mcc": [
        0.04146359176501149,
        0.09298532420563044,
        0.12573335948176897,
        0.2893633910726048,
        0.3621715192282474,
        0.4105936072338818,
        0.44017437492651584,
        0.45114362181462375,
        0.49145114038780785,
        0.5270357330542934,
        0.5316303494895218,
        0.5297495495541825,
        0.5746342752701402,
        0.5672377737367077,
        0.594603277006448,
        0.5937453668518002,
        0.637245003861638,
        0.6484404371473471,
        0.6439495732254503,
        0.6582816275259642,
        0.6751788534611846,
        0.6805918535784522,
        0.6956070317794469,
        0.7033959872939951,
        0.7156995433421267,
        0.7221406494666518,
        0.7258084239316336,
        0.708345851417511
    ],
    "val_loss": [
        1.1883768114176663,
        1.1430500799959356,
        1.1423402374440974,
        1.141612009568648,
        1.1471364281394265,
        1.1197071075439453,
        1.1432881084355442,
        1.1520808393304998,
        1.0804813314567914,
        1.0010839917443015,
        1.2619558356025002,
        1.2789072340184993,
        1.5265424034812234,
        1.4926777129823512,
        1.6795003224502911,
        1.8938954716378993,
        1.8143725232644514,
        1.9804513237693093,
        1.6901621249589054,
        2.1110646670514885,
        2.168960216370496,
        2.3817585598338735,
        2.39326931942593,
        2.5919602540406315,
        2.6249406771226362,
        2.653254270553589,
        2.676785930991173,
        2.638833766633814
    ],
    "val_acc": [
        0.8695652173913043,
        0.8724637681159421,
        0.6869565217391305,
        0.7333333333333333,
        0.7884057971014493,
        0.7217391304347827,
        0.8376811594202899,
        0.8695652173913043,
        0.7884057971014493,
        0.8318840579710145,
        0.8492753623188406,
        0.8376811594202899,
        0.8608695652173913,
        0.8231884057971014,
        0.8463768115942029,
        0.8376811594202899,
        0.8289855072463768,
        0.855072463768116,
        0.8115942028985508,
        0.8376811594202899,
        0.8231884057971014,
        0.8521739130434782,
        0.8405797101449275,
        0.855072463768116,
        0.8405797101449275,
        0.8492753623188406,
        0.8463768115942029,
        0.8347826086956521
    ],
    "val_f1": [
        0.0,
        0.15384615384615385,
        0.3793103448275862,
        0.39473684210526316,
        0.3652173913043478,
        0.4146341463414634,
        0.5,
        0.5161290322580645,
        0.44274809160305345,
        0.4727272727272727,
        0.5,
        0.4716981132075472,
        0.5294117647058824,
        0.48739495798319327,
        0.49523809523809526,
        0.4716981132075472,
        0.48695652173913045,
        0.5098039215686274,
        0.4715447154471545,
        0.48148148148148145,
        0.46956521739130436,
        0.5048543689320388,
        0.48598130841121495,
        0.5098039215686274,
        0.48598130841121495,
        0.49019607843137253,
        0.5225225225225225,
        0.49557522123893805
    ],
    "val_mcc": [
        0.0,
        0.18844097966656598,
        0.2877037906346807,
        0.29851789710766685,
        0.2540221894387826,
        0.33456892782704867,
        0.4190523705015281,
        0.44114940169152966,
        0.353792461738601,
        0.38565034743429244,
        0.418405561175441,
        0.38449115565915476,
        0.4534226563187573,
        0.4056802643041063,
        0.41266971817216763,
        0.38449115565915476,
        0.40383014731293637,
        0.43024772055135413,
        0.3873551542105174,
        0.39614379152160045,
        0.38242901047377154,
        0.4242631247313021,
        0.4015434336037055,
        0.43024772055135413,
        0.4015434336037055,
        0.407072784783951,
        0.44619340628138593,
        0.41388788132903287
    ]
}