{
    "train_loss": [
        1.2038741626522758,
        1.1691684438423677,
        1.0741889625787735,
        0.9787703190337528,
        0.8705365413969214,
        0.832408453930508,
        0.7724227945912968,
        0.7387618524107066,
        0.6882288794625889,
        0.6536743464795026,
        0.6386369053613056,
        0.5965246818959713,
        0.5408086495643313,
        0.5468892976641655,
        0.5137061469934203,
        0.5031897114081816,
        0.5181277021765709,
        0.486385526643558,
        0.4522814193147827,
        0.45829740970988164,
        0.4572975554249503,
        0.4699173373254863,
        0.4519155536862937,
        0.4627417458051985,
        0.4458304819735614,
        0.4263393324376507,
        0.42805684273215855,
        0.44139106097546493,
        0.41583898426456883,
        0.4137020844288848,
        0.43179403380914166,
        0.4133671482638668,
        0.43879435008222406,
        0.4276769435541196,
        0.4194906173189255,
        0.41278691725297406,
        0.4060124900530685
    ],
    "train_acc": [
        0.8683068017366136,
        0.8668596237337193,
        0.8502170767004341,
        0.8017366136034733,
        0.821273516642547,
        0.8241678726483358,
        0.8451519536903039,
        0.8422575976845152,
        0.8400868306801736,
        0.8545586107091172,
        0.8545586107091172,
        0.8610709117221418,
        0.8545586107091172,
        0.8646888567293777,
        0.8683068017366136,
        0.8733719247467439,
        0.8610709117221418,
        0.8755426917510853,
        0.8784370477568741,
        0.8798842257597684,
        0.8784370477568741,
        0.8827785817655571,
        0.88205499276411,
        0.8849493487698987,
        0.874095513748191,
        0.8907380607814761,
        0.8921852387843705,
        0.8856729377713459,
        0.8885672937771346,
        0.8900144717800289,
        0.8907380607814761,
        0.8892908827785818,
        0.8929088277858177,
        0.8885672937771346,
        0.8929088277858177,
        0.8950795947901592,
        0.8929088277858177
    ],
    "train_f1": [
        0.0,
        0.05154639175257732,
        0.24175824175824176,
        0.41702127659574467,
        0.5050100200400801,
        0.5244618395303327,
        0.5466101694915254,
        0.5674603174603174,
        0.5725338491295938,
        0.6035502958579881,
        0.6035502958579881,
        0.6033057851239669,
        0.6142034548944337,
        0.626746506986028,
        0.636,
        0.6520874751491054,
        0.632183908045977,
        0.6546184738955824,
        0.6692913385826772,
        0.6639676113360324,
        0.6666666666666666,
        0.6720647773279352,
        0.6746506986027944,
        0.6787878787878788,
        0.6640926640926641,
        0.6937119675456389,
        0.6927835051546392,
        0.6814516129032258,
        0.6895161290322581,
        0.696,
        0.6924643584521385,
        0.6858316221765913,
        0.7004048582995951,
        0.6882591093117408,
        0.6967213114754098,
        0.6997929606625258,
        0.6929460580912863
    ],
    "train_mcc": [
        0.0,
        0.0788708449851774,
        0.18132024356758,
        0.31648381650895624,
        0.4288090920597003,
        0.45556177707888335,
        0.47719970836468223,
        0.5091858737238074,
        0.5187158743356253,
        0.556010516167106,
        0.556010516167106,
        0.5500574560961006,
        0.5736935046844441,
        0.5839549367240578,
        0.59543479736207,
        0.6168173674161698,
        0.5973112721359862,
        0.618478239155445,
        0.6404381887340789,
        0.6290799504046442,
        0.6357296720949829,
        0.6393162393353089,
        0.6448947330355166,
        0.6481440689414161,
        0.6372514666538649,
        0.6663388929713343,
        0.6625040167701405,
        0.6518481428970927,
        0.6620613296040115,
        0.671693359280962,
        0.6640854963946782,
        0.6544224463207019,
        0.6751432505926356,
        0.6597888171966384,
        0.6684380332398234,
        0.6706359094815328,
        0.6617448046927462
    ],
    "val_loss": [
        1.176976117220792,
        1.1432654099030928,
        1.1568080511960117,
        1.0771457878026096,
        1.130316745151173,
        1.0740618759935552,
        1.2166107242757624,
        1.076757712797685,
        1.2981039664962075,
        1.1884861019524662,
        1.2217350060289556,
        1.3660844266414642,
        1.8943587920882485,
        1.8669811703942039,
        2.1352310424501244,
        1.9367237226529554,
        2.299757957458496,
        2.7794425054029985,
        2.8581031994386152,
        2.5405523614449934,
        3.2039534883065657,
        2.672042348168113,
        2.783107581463727,
        2.690283116969195,
        2.846230626106262,
        3.0085734887556597,
        3.0955824675885113,
        3.000645022500645,
        3.0262174389579077,
        3.123601818626577,
        3.1093060807748274,
        3.0717770511453804,
        3.022733225063844,
        3.110503764315085,
        3.107817389748313,
        3.244667120955207,
        3.173131739551371
    ],
    "val_acc": [
        0.8695652173913043,
        0.8753623188405797,
        0.8260869565217391,
        0.7971014492753623,
        0.7478260869565218,
        0.808695652173913,
        0.7913043478260869,
        0.8144927536231884,
        0.808695652173913,
        0.7652173913043478,
        0.808695652173913,
        0.8144927536231884,
        0.8376811594202899,
        0.8434782608695652,
        0.8376811594202899,
        0.8231884057971014,
        0.8173913043478261,
        0.8347826086956521,
        0.8260869565217391,
        0.8260869565217391,
        0.8492753623188406,
        0.8376811594202899,
        0.8318840579710145,
        0.8318840579710145,
        0.8405797101449275,
        0.8376811594202899,
        0.8405797101449275,
        0.8376811594202899,
        0.8376811594202899,
        0.8405797101449275,
        0.8376811594202899,
        0.8405797101449275,
        0.8318840579710145,
        0.8376811594202899,
        0.8376811594202899,
        0.8347826086956521,
        0.8376811594202899
    ],
    "val_f1": [
        0.0,
        0.21818181818181817,
        0.5081967213114754,
        0.4696969696969697,
        0.43137254901960786,
        0.47619047619047616,
        0.4626865671641791,
        0.4838709677419355,
        0.484375,
        0.4413793103448276,
        0.5074626865671642,
        0.5223880597014925,
        0.5,
        0.5,
        0.5254237288135594,
        0.5271317829457365,
        0.5190839694656488,
        0.49557522123893805,
        0.4827586206896552,
        0.5238095238095238,
        0.5185185185185185,
        0.5333333333333333,
        0.5,
        0.5245901639344263,
        0.5217391304347826,
        0.5172413793103449,
        0.5299145299145299,
        0.5087719298245614,
        0.5333333333333333,
        0.5132743362831859,
        0.5087719298245614,
        0.5217391304347826,
        0.5084745762711864,
        0.5087719298245614,
        0.5172413793103449,
        0.5128205128205128,
        0.5172413793103449
    ],