{
    "train_loss": [
        1.1878533058388288,
        1.1459772864053415,
        1.0723703669947247,
        0.9613479022369829,
        0.8751736955587254,
        0.7687873930432075,
        0.6909463523432265,
        0.664110698672228,
        0.6373972802661186,
        0.6390535408674285,
        0.5594297079152839,
        0.5945027321577072,
        0.5213189728038256,
        0.48483338016410205,
        0.4696683239105136,
        0.47718577086925507,
        0.4608367199814597,
        0.45914151363594585,
        0.43953492301841113,
        0.41385353131349695,
        0.40813709795475006,
        0.3981800252615019,
        0.3729708777783915,
        0.3974638917418413,
        0.38640075973993127,
        0.39136343917181327,
        0.3776097748168679,
        0.3614986807454464,
        0.3736154002159141,
        0.37812860466020054,
        0.37048666629680366,
        0.3620089607010054,
        0.35742234663907874
    ],
    "train_acc": [
        0.8670605612998523,
        0.8626292466765141,
        0.8478581979320532,
        0.8367799113737076,
        0.8500738552437223,
        0.8574593796159528,
        0.8648449039881831,
        0.8567208271787297,
        0.8737075332348597,
        0.8677991137370753,
        0.8788774002954209,
        0.8677991137370753,
        0.8936484490398818,
        0.9017725258493353,
        0.9032496307237814,
        0.9039881831610044,
        0.9091580502215657,
        0.8980797636632201,
        0.912850812407681,
        0.9209748892171344,
        0.9202363367799113,
        0.9268833087149188,
        0.9283604135893648,
        0.9276218611521418,
        0.9254062038404727,
        0.9239290989660266,
        0.9217134416543574,
        0.930576070901034,
        0.9298375184638109,
        0.9254062038404727,
        0.930576070901034,
        0.9327917282127031,
        0.9335302806499262
    ],
    "train_f1": [
        0.01098901098901099,
        0.07920792079207921,
        0.3522012578616352,
        0.4896073903002309,
        0.5311778290993071,
        0.5831533477321814,
        0.5978021978021978,
        0.5991735537190083,
        0.6241758241758242,
        0.6100217864923747,
        0.652542372881356,
        0.6278586278586279,
        0.68,
        0.7114967462039046,
        0.7095343680709535,
        0.7161572052401747,
        0.7260579064587973,
        0.7012987012987013,
        0.7318181818181818,
        0.7562642369020501,
        0.7534246575342466,
        0.7670588235294118,
        0.7738927738927739,
        0.7731481481481481,
        0.7645687645687645,
        0.7664399092970522,
        0.759090909090909,
        0.7783018867924528,
        0.7764705882352941,
        0.7709750566893424,
        0.780373831775701,
        0.7888631090487239,
        0.7887323943661971
    ],
    "train_mcc": [
        0.04158270524073229,
        0.08732717215647737,
        0.2707430230287406,
        0.4038600954662917,
        0.4540870623522346,
        0.5209809939153086,
        0.5376995028114363,
        0.5452456135901613,
        0.5701426176983982,
        0.5534764815025004,
        0.6092255415211403,
        0.5806522486459356,
        0.6375764847088953,
        0.6793287929227121,
        0.6740281644381545,
        0.684179425264763,
        0.6937110217824062,
        0.6670131725680706,
        0.6982692278811792,
        0.7276858951262407,
        0.723959413992829,
        0.7370152960942712,
        0.7462532863310861,
        0.7461672074789015,
        0.7350228263024962,
        0.740633098995247,
        0.7314055481219978,
        0.7502630426656351,
        0.7483166257611112,
        0.7461477499418697,
        0.7537898400546148,
        0.7648509499760735,
        0.7633061637221582
    ],
    "val_loss": [
        1.2146332697434858,
        1.0907815180041573,
        1.050511587749828,
        0.9521228833632036,
        0.9144005125219171,
        0.8534703308885748,
        0.8030017560178583,
        0.933929055929184,
        1.166617138819261,
        0.8067701242186807,
        1.0788025612180883,
        0.8030302443287589,
        0.9959308884360574,
        0.9998088912530378,
        1.0849390653046695,
        0.9911595366217874,
        0.9639830833131616,
        0.9642094109546054,
        0.9606015980243683,
        0.9925260408358141,
        1.0934627543796192,
        1.019654322754253,
        1.160989069125869,
        1.2083156163042241,
        1.012354664504528,
        1.182407090609724,
        1.2093854925849221,
        1.1572918187488208,
        1.0892762325026772,
        1.0725714686242016,
        1.1014506058259443,
        1.124990931966088,
        1.1712693761695514
    ],
    "val_acc": [
        0.863905325443787,
        0.8668639053254438,
        0.8431952662721893,
        0.8284023668639053,
        0.8431952662721893,
        0.8372781065088757,
        0.7751479289940828,
        0.8313609467455622,
        0.7544378698224852,
        0.8461538461538461,
        0.8520710059171598,
        0.8313609467455622,
        0.8372781065088757,
        0.849112426035503,
        0.8402366863905325,
        0.8520710059171598,
        0.8431952662721893,
        0.8757396449704142,
        0.8579881656804734,
        0.8520710059171598,
        0.8668639053254438,
        0.8668639053254438,
        0.8550295857988166,
        0.8727810650887574,
        0.8461538461538461,
        0.863905325443787,
        0.8579881656804734,
        0.8609467455621301,
        0.8579881656804734,
        0.8579881656804734,
        0.8579881656804734,
        0.8579881656804734,
        0.8579881656804734
    ],
    "val_f1": [
        0.0,
        0.1509433962264151,
        0.345679012345679,
        0.40816326530612246,
        0.4854368932038835,
        0.5217391304347826,
        0.4722222222222222,
        0.5210084033613446,
        0.4779874213836478,
        0.5666666666666667,
        0.5689655172413793,
        0.5365853658536586,
        0.5378151260504201,
        0.5565217391304348,
        0.5263157894736842,
        0.5689655172413793,
        0.5619834710743802,
        0.6181818181818182,
        0.5789473684210527,
        0.5614035087719298,
        0.5794392523364486,
        0.5794392523364486,
        0.5663716814159292,
        0.5742574257425742,
        0.5517241379310345,
        0.5660377358490566,
        0.5471698113207547,
        0.5688073394495413,
        0.5636363636363636,
        0.5555555555555556,
        0.5555555555555556,
        0.5555555555555556,
        0.5555555555555556
    ],
    "val_mcc": [
        -0.02134801485204112,
        0.16813945742923425,
        0.25992305293698215,
        0.31001137224566827,
        0.39909819866549423,
        0.4444477292434201,
        0.39841064730717424,
        0.4453758389833037,
        0.42040041166809544,
        0.5033232276851489,
        0.5034236714173872,
        0.467462347835538,
        0.46643586046852425,
        0.48743008474678945,
        0.44970047814860087,
        0.5034236714173872,
        0.4981769671373069,
        0.5600808167894813,
        0.5145187133785485,
        0.4929126349685659,
        0.5118266814086961,
        0.5118266814086961,
        0.49849567526299304,
        0.5046520477740967,
        0.48204445280461217,
        0.49544255792528,
        0.47279758367528074,
        0.49968228600493986,
        0.49378900539406473,
        0.48332975426213065,
        0.48332975426213065,
        0.48332975426213065,
        0.48332975426213065
    ]
}