{
    "train_loss": [
        1.2074723202128743,
        1.1723622388617938,
        0.9204739470814549,
        0.893176333155743,
        0.7835803042317546,
        0.6871780843235725,
        0.6721466370793276,
        0.8484804072352343,
        0.6976509669492411,
        0.6035135721051416,
        0.5818336165921633,
        0.5441712452921756,
        0.48350549523913583,
        0.43810925719349886,
        0.3965740472424862,
        0.4159587389507959,
        0.38409857677165854,
        0.3849514383216237,
        0.3962424370611823,
        0.2890353373923274,
        0.2586216700458249,
        0.25801626813792905
    ],
    "train_acc": [
        0.8677991137370753,
        0.8545051698670606,
        0.7976366322008862,
        0.8116691285081241,
        0.8308714918759232,
        0.8641063515509602,
        0.8419497784342689,
        0.8072378138847858,
        0.8545051698670606,
        0.8744460856720827,
        0.8766617429837519,
        0.8722304283604135,
        0.8921713441654358,
        0.8995568685376661,
        0.9158050221565731,
        0.9180206794682423,
        0.914327917282127,
        0.9098966026587888,
        0.9054652880354506,
        0.9409158050221565,
        0.948301329394387,
        0.948301329394387
    ],
    "train_f1": [
        0.011049723756906077,
        0.08372093023255814,
        0.47307692307692306,
        0.5067698259187621,
        0.5354969574036511,
        0.6017316017316018,
        0.5685483870967742,
        0.5157699443413729,
        0.5852631578947368,
        0.6443514644351465,
        0.649895178197065,
        0.6403326403326404,
        0.6893617021276596,
        0.7068965517241379,
        0.7443946188340808,
        0.7459954233409611,
        0.7444933920704846,
        0.7252252252252253,
        0.7192982456140351,
        0.812206572769953,
        0.8325358851674641,
        0.8333333333333334
    ],
    "train_mcc": [
        0.06943027694852386,
        0.059592765056487425,
        0.3902768782485711,
        0.43368782018561314,
        0.4664133829652516,
        0.5438008192563589,
        0.5090992525757317,
        0.4498215009432079,
        0.5258299843821006,
        0.600583963076146,
        0.6072653434536137,
        0.5963476412887067,
        0.6545774960969499,
        0.6745469409715439,
        0.7152584276911619,
        0.7146787692106512,
        0.7178298423743675,
        0.69130968007617,
        0.6874523108744773,
        0.7915147248405422,
        0.8136114064656202,
        0.8151230868473232
    ],
    "val_loss": [
        1.20907723903656,
        1.067760630087419,
        1.0739565681327472,
        1.1281200538982044,
        0.9375181739980524,
        1.0105645656585693,
        1.055036794055592,
        1.029505881396207,
        0.9937855032357302,
        0.8787738138979132,
        0.9687212407588959,
        1.0044936510649594,
        0.8695540130138397,
        0.9422196772965518,
        1.2432154715061188,
        0.8852974271232431,
        1.1794557666236705,
        1.2379934313622387,
        1.4174090163274244,
        1.117618591439995,
        1.2608983652158217,
        1.230963797731833
    ],
    "val_acc": [
        0.8668639053254438,
        0.8520710059171598,
        0.878698224852071,
        0.5384615384615384,
        0.8668639053254438,
        0.8579881656804734,
        0.893491124260355,
        0.8402366863905325,
        0.8461538461538461,
        0.8461538461538461,
        0.8757396449704142,
        0.8431952662721893,
        0.8254437869822485,
        0.8727810650887574,
        0.893491124260355,
        0.834319526627219,
        0.863905325443787,
        0.8846153846153846,
        0.8609467455621301,
        0.849112426035503,
        0.8698224852071006,
        0.8520710059171598
    ],
    "val_f1": [
        0.0,
        0.4186046511627907,
        0.5176470588235295,
        0.3275862068965517,
        0.5360824742268041,
        0.48936170212765956,
        0.6,
        0.4,
        0.5185185185185185,
        0.5517241379310345,
        0.5625,
        0.5225225225225225,
        0.5426356589147286,
        0.5825242718446602,
        0.5384615384615384,
        0.5483870967741935,
        0.5660377358490566,
        0.5617977528089888,
        0.5346534653465347,
        0.5565217391304348,
        0.5849056603773585,
        0.5535714285714286
    ],
    "val_mcc": [
        0.0,
        0.33454396241683054,
        0.4495653073781186,
        0.22953892126194328,
        0.460468868203356,
        0.4075587198399512,
        0.5385665529010238,
        0.3078498293515358,
        0.4386027297746289,
        0.48204445280461217,
        0.49172034975032236,
        0.44406993482492463,
        0.479953664557306,
        0.5145906568409541,
        0.4872457790231945,
        0.48322888413139536,
        0.49544255792528,
        0.49540936285106707,
        0.4578043707217362,
        0.48743008474678945,
        0.5180875321752793,
        0.4823378328592423
    ]
}