{
    "train_loss": [
        1.216850600963415,
        1.1121516692083935,
        0.8622137197228366,
        0.7927155598651531,
        0.6393225186092909,
        0.5760923069576884,
        0.4963367044232612,
        0.5569211029729177,
        0.43270869154569713,
        0.33573369248661883,
        0.25648931743100634,
        0.2521289314988048,
        0.18833628916289918,
        0.18718353502972182,
        0.19274487381064614,
        0.21779676775318071,
        0.21859744266975065,
        0.1787643512321073,
        0.1488571495120955,
        0.12397126108407974,
        0.11894335402284077,
        0.10268347875518334,
        0.08787813861746081,
        0.08536721538579048,
        0.08544896358927322,
        0.07295194468840004,
        0.07107384686986375,
        0.07377054799093627
    ],
    "train_acc": [
        0.8670605612998523,
        0.8530280649926145,
        0.8212703101920237,
        0.8463810930576071,
        0.9010339734121122,
        0.9025110782865583,
        0.9062038404726735,
        0.8810930576070901,
        0.9261447562776958,
        0.9268833087149188,
        0.9431314623338257,
        0.94903988183161,
        0.965288035450517,
        0.9564254062038404,
        0.948301329394387,
        0.9711964549483013,
        0.9571639586410635,
        0.9593796159527327,
        0.9682422451994092,
        0.9734121122599705,
        0.9771048744460856,
        0.9778434268833087,
        0.982274741506647,
        0.9859675036927622,
        0.9874446085672083,
        0.9867060561299852,
        0.9874446085672083,
        0.9859675036927622
    ],
    "train_f1": [
        0.0,
        0.1459227467811159,
        0.5040983606557377,
        0.5720164609053497,
        0.6778846153846154,
        0.6842105263157895,
        0.7146067415730337,
        0.652267818574514,
        0.7536945812807881,
        0.7670588235294118,
        0.8144578313253013,
        0.8304668304668305,
        0.8810126582278481,
        0.855036855036855,
        0.8325358851674641,
        0.9007633587786259,
        0.8578431372549019,
        0.8648648648648649,
        0.8911392405063291,
        0.9090909090909091,
        0.9194805194805195,
        0.9222797927461139,
        0.9375,
        0.9498680738786279,
        0.9549071618037135,
        0.9523809523809523,
        0.9549071618037135,
        0.9498680738786279
    ],
    "train_mcc": [
        0.0,
        0.11165510079436468,
        0.4258046260654794,
        0.5113888179643771,
        0.6286170941262147,
        0.6364416935903378,
        0.6786260980021204,
        0.6065823003406499,
        0.7172791620174441,
        0.7370152960942712,
        0.791261621327247,
        0.8084145322893119,
        0.8655367260902271,
        0.8375313214086135,
        0.8136114064656202,
        0.8883409499658614,
        0.8411039738953937,
        0.8491780370563341,
        0.8774408452914925,
        0.8987656372167779,
        0.9088050943305774,
        0.9122429657741247,
        0.9296854638152744,
        0.9433365419736863,
        0.94893348203505,
        0.9461250169098875,
        0.94893348203505,
        0.9433365419736863
    ],
    "val_loss": [
        1.2035414576530457,
        1.6773584634065628,
        0.9994691393592141,
        0.8825606161897833,
        0.9100631963122975,
        1.0396568842909553,
        0.9464077190919356,
        1.751082718372345,
        1.0493520687926898,
        1.5587561509825967,
        2.2410214536569337,
        1.6227829185399143,
        2.1610573909499426,
        2.2567617161707445,
        3.177195814184167,
        3.585609330372377,
        2.5628454603932123,
        2.4775768613273446,
        2.7194932265715166,
        3.4301422346721995,
        3.1692928867414594,
        3.54059013588862,
        3.914952715689486,
        3.940480424599214,
        3.8328831526027485,
        4.04984859038483,
        3.8466964945070106,
        4.649397725112397
    ],
    "val_acc": [
        0.8668639053254438,
        0.8816568047337278,
        0.893491124260355,
        0.8461538461538461,
        0.8964497041420119,
        0.8757396449704142,
        0.849112426035503,
        0.8994082840236687,
        0.8195266272189349,
        0.8964497041420119,
        0.9023668639053254,
        0.8579881656804734,
        0.8994082840236687,
        0.8698224852071006,
        0.9023668639053254,
        0.8994082840236687,
        0.8698224852071006,
        0.8905325443786982,
        0.8816568047337278,
        0.908284023668639,
        0.8994082840236687,
        0.8994082840236687,
        0.908284023668639,
        0.9112426035502958,
        0.8964497041420119,
        0.9053254437869822,
        0.8994082840236687,
        0.9112426035502958
    ],
    "val_f1": [
        0.0,
        0.25925925925925924,
        0.5263157894736842,
        0.5272727272727272,
        0.6153846153846154,
        0.58,
        0.5321100917431193,
        0.5277777777777778,
        0.5271317829457365,
        0.6153846153846154,
        0.6292134831460674,
        0.5714285714285714,
        0.6382978723404256,
        0.56,
        0.6206896551724138,
        0.5952380952380952,
        0.56,
        0.6021505376344086,
        0.5833333333333334,
        0.6265060240963856,
        0.6222222222222222,
        0.6136363636363636,
        0.6172839506172839,
        0.6341463414634146,
        0.5783132530120482,
        0.6190476190476191,
        0.575,
        0.6052631578947368
    ],
    "val_mcc": [
        0.0,
        0.31384724659675467,
        0.4789383620338913,
        0.449594464463787,
        0.555608700111922,
        0.5114598677084752,
        0.45522516237512417,
        0.4948635132102525,
        0.4598015728032228,
        0.555608700111922,
        0.57305157211397,
        0.5041829604897426,
        0.5807107994128232,
        0.48786584078265777,
        0.5651815685574251,
        0.539936412477582,
        0.48786584078265777,
        0.5391394109774534,
        0.5160508252613176,
        0.5773219443034152,
        0.5642017444065226,
        0.5560373769238268,
        0.5704609420178625,
        0.5878124326219359,
        0.5221835387723176,
        0.5671953381560618,
        0.5242352656412508,
        0.5694590515217507
    ]
}