{
    "train_loss": [
        1.155013010236952,
        0.6106016669008467,
        0.46805921494960784,
        0.34936052246226207,
        0.3853213465048207,
        0.3142879998518361,
        0.3571681323978636,
        0.3645768132474687,
        0.262091866052813,
        0.2762827090919018,
        0.21016537803742621,
        0.19889463037252425,
        0.19756413822372754,
        0.18420772494541274,
        0.26054311328464086,
        0.15477650740908253,
        0.11900985797660218,
        0.15911885275919405,
        0.1287817248246736,
        0.08499087925172515,
        0.09864458441216913,
        0.08560797012307578,
        0.08807657056669187,
        0.07904104522895068,
        0.06309914383131804,
        0.0763668354988719,
        0.0776160059755461,
        0.0521986385002189,
        0.04789963083781509,
        0.0450585112751772,
        0.045949194314501556,
        0.04127120899954914,
        0.039533368565349114,
        0.039059005592652185,
        0.02858491739300209
    ],
    "train_acc": [
        0.8993006993006993,
        0.9181818181818182,
        0.9188811188811189,
        0.9426573426573427,
        0.9181818181818182,
        0.9433566433566434,
        0.9335664335664335,
        0.9265734265734266,
        0.9454545454545454,
        0.9440559440559441,
        0.9552447552447553,
        0.9594405594405594,
        0.9608391608391609,
        0.9552447552447553,
        0.9412587412587412,
        0.9671328671328672,
        0.9769230769230769,
        0.965034965034965,
        0.9734265734265735,
        0.9832167832167832,
        0.9846153846153847,
        0.9839160839160839,
        0.986013986013986,
        0.9874125874125874,
        0.9881118881118881,
        0.9853146853146854,
        0.986013986013986,
        0.9937062937062937,
        0.993006993006993,
        0.9937062937062937,
        0.9937062937062937,
        0.9944055944055944,
        0.9944055944055944,
        0.9944055944055944,
        0.9951048951048951
    ],
    "train_f1": [
        0.16279069767441862,
        0.6846361185983828,
        0.7085427135678392,
        0.770949720670391,
        0.7139364303178484,
        0.7828418230563002,
        0.7532467532467533,
        0.7341772151898734,
        0.7903225806451613,
        0.786096256684492,
        0.825136612021858,
        0.8352272727272727,
        0.8444444444444444,
        0.825136612021858,
        0.7801047120418848,
        0.8653295128939829,
        0.9032258064516129,
        0.8571428571428571,
        0.8895348837209303,
        0.9281437125748503,
        0.9333333333333333,
        0.9305135951661632,
        0.9390243902439024,
        0.9447852760736196,
        0.9480122324159022,
        0.9361702127659575,
        0.9390243902439024,
        0.9717868338557993,
        0.96875,
        0.9717868338557993,
        0.9717868338557993,
        0.9748427672955975,
        0.9748427672955975,
        0.9748427672955975,
        0.9779179810725552
    ],
    "train_mcc": [
        0.252323797339385,
        0.6507075749401388,
        0.6867548190596449,
        0.7476351200099749,
        0.6972645439605057,
        0.7657953641592449,
        0.7351819107887975,
        0.7161960318097723,
        0.7741907999399874,
        0.7699295972137408,
        0.8126821267150078,
        0.8200721450133467,
        0.8330612907324237,
        0.8126821267150078,
        0.7657246788674544,
        0.8537975239607399,
        0.895017730105345,
        0.8446848286800569,
        0.8801567437654055,
        0.9217494689286562,
        0.926849456465936,
        0.9238388690918559,
        0.9329450517957883,
        0.9391422720757249,
        0.942946067822389,
        0.929884732627677,
        0.9329450517957883,
        0.9687365494044707,
        0.965415011169212,
        0.9687365494044707,
        0.9687365494044707,
        0.9720872836305755,
        0.9720872836305755,
        0.9720872836305755,
        0.9754676612133822
    ],
    "val_loss": [
        0.7889373153448105,
        0.399580217897892,
        0.39945882993439835,
        0.41788242012262344,
        0.37546022484699887,
        0.4051405644665162,
        0.4459380929668744,
        0.3893675282597542,
        0.3705572721858819,
        0.3716479192177455,
        0.5796664931500951,
        0.5321893378471335,
        0.520461303104336,
        0.9573881619411017,
        0.41720873427887756,
        0.6780590961376826,
        0.5660550848503286,
        0.43048946807781857,
        0.5147110139175007,
        0.7917898296242735,
        0.6895618508763922,
        0.8769605260652801,
        0.7899644823952107,
        0.7595476782104621,
        1.2244243615617354,
        0.6244907818363572,
        0.7664922050874642,
        0.7588899682741612,
        0.8253322520516425,
        0.8882479125944277,
        1.030980483260161,
        1.245326535931478,
        0.8903776567118863,
        1.0138483779107144,
        1.3895895113237202
    ],
    "val_acc": [
        0.9385474860335196,
        0.9217877094972067,
        0.9273743016759777,
        0.9301675977653632,
        0.9245810055865922,
        0.9385474860335196,
        0.9385474860335196,
        0.9413407821229051,
        0.9106145251396648,
        0.9189944134078212,
        0.9553072625698324,
        0.8687150837988827,
        0.946927374301676,
        0.9497206703910615,
        0.946927374301676,
        0.9497206703910615,
        0.9636871508379888,
        0.8910614525139665,
        0.952513966480447,
        0.9664804469273743,
        0.9608938547486033,
        0.952513966480447,
        0.9553072625698324,
        0.9553072625698324,
        0.9608938547486033,
        0.9273743016759777,
        0.9608938547486033,
        0.9608938547486033,
        0.9608938547486033,
        0.9553072625698324,
        0.9553072625698324,
        0.952513966480447,
        0.9497206703910615,
        0.952513966480447,
        0.952513966480447
    ],
    "val_f1": [
        0.75,
        0.72,
        0.7111111111111111,
        0.7191011235955056,
        0.7157894736842105,
        0.75,
        0.7555555555555555,
        0.7529411764705882,
        0.6981132075471698,
        0.7184466019417476,
        0.8,
        0.6115702479338843,
        0.7912087912087912,
        0.7567567567567568,
        0.7816091954022989,
        0.8,
        0.8395061728395061,
        0.6548672566371682,
        0.8089887640449438,
        0.85,
        0.8292682926829268,
        0.7792207792207793,
        0.8,
        0.813953488372093,
        0.8333333333333334,
        0.7346938775510204,
        0.825,
        0.825,
        0.825,
        0.7948717948717948,
        0.7948717948717948,
        0.7848101265822784,
        0.7804878048780488,
        0.7848101265822784,
        0.7848101265822784
    ],
    "val_mcc": [
        0.7215423961007826,
        0.6999880160039387,
        0.6783134932481504,
        0.6867676102281818,
        0.6885784133929448,
        0.7215423961007826,
        0.7296151158493626,
        0.7230747153047493,
        0.6827225898725499,
        0.7026145951909891,
        0.7751674929199658,
        0.5988120265377532,
        0.771862239413618,
        0.7301377636137332,
        0.7570213258318875,
        0.7809167384505747,
        0.8197803091019066,
        0.6407034764544883,
        0.7902234505234433,
        0.8314746781619963,
        0.8084725765516644,
        0.7527014348850762,
        0.7751674929199658,
        0.7932411350231369,
        0.8139752656337969,
        0.7146339890642386,
        0.803321085540981,
        0.803321085540981,
        0.803321085540981,
        0.7697934249658388,
        0.7697934249658388,
        0.7582040805325089,
        0.7533161816196975,
        0.7582040805325089,
        0.7582040805325089
    ]
}