{
    "train_loss": [
        1.404970996081829,
        1.3213873296976089,
        1.1538271829485893,
        0.9998953767120838,
        0.8285596575587988,
        0.7843828268349171,
        0.8337084196507931,
        0.6938784703612327,
        0.629898103699088,
        0.4806207587942481,
        0.5269708421081305,
        0.5375931575894356,
        0.40572755262255666,
        0.39273827662691474,
        0.311621417850256,
        0.40773186050355437,
        0.3178281983360648,
        0.20921436888165773,
        0.2079982220660895,
        0.18725398005917668,
        0.132373531232588,
        0.11059862561523914,
        0.12221575776056852,
        0.14019296769329231,
        0.12051079481316265,
        0.09246946056373417
    ],
    "train_acc": [
        0.9667194928684627,
        0.9635499207606973,
        0.936608557844691,
        0.8652931854199684,
        0.8462757527733756,
        0.849445324881141,
        0.786053882725832,
        0.8898573692551506,
        0.8779714738510301,
        0.884310618066561,
        0.8779714738510301,
        0.8922345483359746,
        0.9223454833597464,
        0.9128367670364501,
        0.927892234548336,
        0.9342313787638669,
        0.9136291600633915,
        0.9556259904912837,
        0.9683042789223455,
        0.9548335974643423,
        0.9754358161648178,
        0.9778129952456418,
        0.9801901743264659,
        0.9683042789223455,
        0.973851030110935,
        0.9809825673534073
    ],
    "train_f1": [
        0.0,
        0.0,
        0.1111111111111111,
        0.16666666666666666,
        0.21774193548387097,
        0.24,
        0.19161676646706588,
        0.30845771144278605,
        0.3063063063063063,
        0.34234234234234234,
        0.3063063063063063,
        0.32673267326732675,
        0.4024390243902439,
        0.40217391304347827,
        0.4484848484848485,
        0.4713375796178344,
        0.41081081081081083,
        0.582089552238806,
        0.6551724137931034,
        0.5777777777777777,
        0.7155963302752294,
        0.7358490566037735,
        0.7572815533980582,
        0.6610169491525424,
        0.6972477064220184,
        0.7647058823529411
    ],
    "train_mcc": [
        -0.008716995811358867,
        -0.013336633975163287,
        0.07961255733451239,
        0.16164050528437962,
        0.2530185713385763,
        0.28810990602293485,
        0.24757818436436607,
        0.3558175961643372,
        0.3685948661891623,
        0.4206109374346654,
        0.3685948661891623,
        0.3817694491302917,
        0.4466061198689557,
        0.4669180359613803,
        0.5056481997475305,
        0.5245658498084265,
        0.4793977467656194,
        0.6258823439954165,
        0.6814101690382044,
        0.6223471910157284,
        0.7368993656903035,
        0.7541637026351381,
        0.7726049690925872,
        0.691031590610344,
        0.7168949129390308,
        0.7790375507698464
    ],
    "val_loss": [
        1.312022876739502,
        1.350061583518982,
        1.3197247207164764,
        1.1643645465373993,
        1.2370261132717133,
        1.1431602001190186,
        1.2009289428591727,
        1.5273107171058655,
        1.6720288574695588,
        2.3953544035553933,
        2.187700279057026,
        1.6703518465161324,
        1.606245043873787,
        2.6223838180303574,
        3.105746102333069,
        2.582435292005539,
        3.9939601331949235,
        4.955137188732624,
        3.789657112210989,
        6.504773383642896,
        6.243826156761497,
        8.092089739255607,
        7.528057872876525,
        7.689407999441028,
        6.373514739423991,
        7.417224486172199
    ],
    "val_acc": [
        0.9682539682539683,
        0.9555555555555556,
        0.8634920634920635,
        0.8634920634920635,
        0.8285714285714286,
        0.6793650793650794,
        0.8984126984126984,
        0.8825396825396825,
        0.8952380952380953,
        0.8920634920634921,
        0.9301587301587302,
        0.8603174603174604,
        0.819047619047619,
        0.8539682539682539,
        0.9174603174603174,
        0.8380952380952381,
        0.926984126984127,
        0.9492063492063492,
        0.9142857142857143,
        0.9523809523809523,
        0.9492063492063492,
        0.9492063492063492,
        0.946031746031746,
        0.9523809523809523,
        0.9492063492063492,
        0.946031746031746
    ],
    "val_f1": [
        0.0,
        0.0,
        0.12244897959183673,
        0.24561403508771928,
        0.22857142857142856,
        0.13675213675213677,
        0.2727272727272727,
        0.2127659574468085,
        0.1951219512195122,
        0.15,
        0.3125,
        0.18518518518518517,
        0.2191780821917808,
        0.17857142857142858,
        0.23529411764705882,
        0.19047619047619047,
        0.20689655172413793,
        0.1111111111111111,
        0.22857142857142856,
        0.0,
        0.2,
        0.0,
        0.0,
        0.21052631578947367,
        0.2,
        0.0
    ],
    "val_mcc": [
        0.0,
        -0.020535244660319613,
        0.09686262155422003,
        0.27991955139846186,
        0.2810642400582776,
        0.1759926481893755,
        0.2871370009590179,
        0.21513638523407655,
        0.1833300549766209,
        0.12630680152090004,
        0.3055935791104855,
        0.1882066472560681,
        0.2716072381275556,
        0.18149718428987485,
        0.22100298356041725,
        0.2089779228847364,
        0.18229484007162927,
        0.08586254586364271,
        0.21478425948666136,
        -0.022996102490913696,
        0.1737704918032787,
        -0.025231697296537733,
        -0.027297554521630702,
        0.18632102821336105,
        0.1737704918032787,
        -0.027297554521630702
    ]
}