{
    "train_loss": [
        1.1655933883455065,
        0.5269325421916113,
        0.4303158498472638,
        0.37482940107584,
        0.35125354536705544,
        0.32269426211714747,
        0.3043498508632183,
        0.26145980813437036,
        0.26721994053158493,
        0.27111085645026634,
        0.23902581872211562,
        0.2380973156541586,
        0.18097316246065828,
        0.15521752730839783,
        0.23191057168361212,
        0.15801386936671205,
        0.13127455935916968,
        0.1270945798812641,
        0.12018268327746126,
        0.10173925817426709
    ],
    "train_acc": [
        0.893006993006993,
        0.9216783216783216,
        0.9006993006993007,
        0.9265734265734266,
        0.9216783216783216,
        0.9398601398601398,
        0.9349650349650349,
        0.9475524475524476,
        0.9482517482517483,
        0.9440559440559441,
        0.951048951048951,
        0.9440559440559441,
        0.9594405594405594,
        0.965034965034965,
        0.9496503496503497,
        0.9664335664335665,
        0.9762237762237762,
        0.9769230769230769,
        0.9755244755244755,
        0.9825174825174825
    ],
    "train_f1": [
        0.07272727272727272,
        0.6972972972972973,
        0.6697674418604651,
        0.7244094488188977,
        0.7185929648241206,
        0.7712765957446809,
        0.7559055118110236,
        0.7933884297520661,
        0.7967032967032966,
        0.7849462365591398,
        0.8097826086956522,
        0.786096256684492,
        0.8379888268156425,
        0.8595505617977528,
        0.8064516129032258,
        0.864406779661017,
        0.8994082840236687,
        0.9026548672566371,
        0.8979591836734694,
        0.924924924924925
    ],
    "train_mcc": [
        0.13270589378881156,
        0.6652202705457655,
        0.6517703600740187,
        0.6999336501527055,
        0.6987337095698792,
        0.7532762838813333,
        0.7369334081362567,
        0.7749284376408867,
        0.7790663423085097,
        0.7679209834658876,
        0.7955164299137626,
        0.7699295972137408,
        0.8249790154696353,
        0.849217509327099,
        0.7930002493622871,
        0.8541895819695284,
        0.8899602342686058,
        0.8938845769511307,
        0.8895176473770146,
        0.917890378605502
    ],
    "val_loss": [
        0.7959247703353564,
        0.3899346062292655,
        0.5077845645137131,
        0.38053646869957447,
        0.3518989986429612,
        0.5819815397262573,
        0.3542775710423787,
        0.3581594286176066,
        0.31984392181038857,
        0.34641770645976067,
        0.54255244632562,
        0.40238155983388424,
        0.4354956560418941,
        0.4231800911948085,
        0.4162401594221592,
        0.4586100385834773,
        1.2663736428755026,
        0.5530220574388901,
        0.883941920629392,
        0.7043624492362142
    ],
    "val_acc": [
        0.9636871508379888,
        0.888268156424581,
        0.9497206703910615,
        0.9608938547486033,
        0.9636871508379888,
        0.9497206703910615,
        0.9329608938547486,
        0.952513966480447,
        0.9385474860335196,
        0.9301675977653632,
        0.7905027932960894,
        0.9441340782122905,
        0.9497206703910615,
        0.946927374301676,
        0.946927374301676,
        0.952513966480447,
        0.946927374301676,
        0.946927374301676,
        0.9441340782122905,
        0.9441340782122905
    ],
    "val_f1": [
        0.8169014084507042,
        0.6491228070175439,
        0.7428571428571429,
        0.8409090909090909,
        0.8470588235294118,
        0.75,
        0.7551020408163265,
        0.8089887640449438,
        0.7708333333333334,
        0.7422680412371134,
        0.5033112582781457,
        0.7777777777777778,
        0.7804878048780488,
        0.7816091954022989,
        0.7764705882352941,
        0.8,
        0.7323943661971831,
        0.7816091954022989,
        0.7222222222222222,
        0.7435897435897436
    ],
    "val_mcc": [
        0.8017695770605185,
        0.6351411975372054,
        0.7211888948701382,
        0.8258793355349259,
        0.830241243178523,
        0.7253805308090991,
        0.7387993775675915,
        0.7902234505234433,
        0.754486523232753,
        0.7222167264114933,
        0.4988611853530851,
        0.7552659271499687,
        0.7533161816196975,
        0.7570213258318875,
        0.7498663472731928,
        0.7766579792416362,
        0.7074953789257477,
        0.7570213258318875,
        0.6943880221529758,
        0.7122417812072984
    ]
}