{
    "train_loss": [
        1.279155406024721,
        1.1284588512447145,
        1.0853098962042067,
        1.031708929936091,
        0.990463012125757,
        0.9824327309926351,
        1.0137835290696886,
        0.9929162151283688,
        1.0315679265393152,
        0.9279903974797991,
        0.9911820083856583,
        1.053652016984092,
        1.0742687821388244,
        0.9019874076048533,
        0.9752576496866014,
        0.9406619807084401,
        0.9524573995007409,
        0.9707359658347235,
        0.7964349567890168
    ],
    "train_acc": [
        0.9623430962343096,
        0.8591352859135286,
        0.799860529986053,
        0.897489539748954,
        0.799860529986053,
        0.8744769874476988,
        0.8235704323570432,
        0.8479776847977685,
        0.8298465829846583,
        0.8312412831241283,
        0.8591352859135286,
        0.8926080892608089,
        0.8451882845188284,
        0.8737796373779637,
        0.8919107391910739,
        0.8472803347280334,
        0.8458856345885635,
        0.8396094839609484,
        0.8967921896792189
    ],
    "train_f1": [
        0.0,
        0.1721311475409836,
        0.17765042979942694,
        0.25380710659898476,
        0.17765042979942694,
        0.25,
        0.19682539682539682,
        0.21014492753623187,
        0.19205298013245034,
        0.22435897435897437,
        0.22900763358778625,
        0.24509803921568626,
        0.1897810218978102,
        0.2612244897959184,
        0.27230046948356806,
        0.2206405693950178,
        0.22456140350877193,
        0.2013888888888889,
        0.308411214953271
    ],
    "train_mcc": [
        -0.015956801862534918,
        0.17932102720273835,
        0.22190218874386655,
        0.2725302567382152,
        0.22190218874386655,
        0.2901305366559473,
        0.2423339658337748,
        0.24786221693808655,
        0.2295578486765251,
        0.28660805246974375,
        0.2703302827258876,
        0.26463117629778593,
        0.21568674022852305,
        0.30910697700437473,
        0.30617162956170274,
        0.26633805697108515,
        0.2743126960050037,
        0.2391033005531458,
        0.3559463531775242
    ],
    "val_loss": [
        0.9682734658320745,
        0.9699334775408109,
        0.9929033915201823,
        0.8134988471865654,
        0.825856477022171,
        0.8906147927045822,
        0.7483252510428429,
        0.7665103524923325,
        0.7896361698706945,
        0.7742852891484896,
        0.7522975777586302,
        1.3196648408969243,
        0.8142624944448471,
        1.0359675933917363,
        0.9494256575902303,
        0.7938331092397372,
        0.8088049441576004,
        0.8255491765836874,
        0.7984989521404108
    ],
    "val_acc": [
        0.9665738161559888,
        0.7966573816155988,
        0.935933147632312,
        0.9108635097493036,
        0.8050139275766016,
        0.9025069637883009,
        0.8746518105849582,
        0.8969359331476323,
        0.8579387186629527,
        0.9052924791086351,
        0.8857938718662952,
        0.9693593314763231,
        0.8523676880222841,
        0.9415041782729805,
        0.9387186629526463,
        0.8969359331476323,
        0.8941504178272981,
        0.924791086350975,
        0.9303621169916435
    ],
    "val_f1": [
        0.0,
        0.21505376344086022,
        0.30303030303030304,
        0.36,
        0.2222222222222222,
        0.3137254901960784,
        0.2857142857142857,
        0.32727272727272727,
        0.28169014084507044,
        0.34615384615384615,
        0.3050847457627119,
        0.26666666666666666,
        0.273972602739726,
        0.3225806451612903,
        0.35294117647058826,
        0.32727272727272727,
        0.32142857142857145,
        0.34146341463414637,
        0.358974358974359
    ],
    "val_mcc": [
        -0.009396480293485571,
        0.2882680359239218,
        0.29151385479911157,
        0.4053917196326988,
        0.29569910899881025,
        0.34797838554142213,
        0.34014298075857385,
        0.3771299988023075,
        0.3535659521293508,
        0.3935077979804695,
        0.3575685126069617,
        0.28908779714072796,
        0.346365293406861,
        0.3091574714678532,
        0.34951240591982985,
        0.3771299988023075,
        0.37201379748503693,
        0.3551478540438885,
        0.37019420554949894
    ]
}