{
    "train_loss": [
        1.1760691669252183,
        1.099242494503657,
        0.8772448168860542,
        1.0046626508235932,
        0.9413880672719743,
        1.000545977221595,
        0.9801684962378607,
        0.8934295571512646,
        0.8693294756942325,
        0.9045830839210086,
        0.9371237615744273,
        1.1180641657776302,
        0.9332598401440515,
        0.9111344397068024,
        0.8570314718617333,
        0.9168788227770064,
        0.8954132689370049,
        0.9158504943052928,
        0.8391043523947398,
        0.7861791110701031,
        0.8035300718413458,
        0.8952096501986185,
        0.7738252745734321,
        0.717325230439504,
        0.7230024831162558
    ],
    "train_acc": [
        0.9037656903765691,
        0.8737796373779637,
        0.8772663877266388,
        0.8479776847977685,
        0.8716875871687587,
        0.8423988842398884,
        0.8361227336122734,
        0.8905160390516039,
        0.8158995815899581,
        0.8765690376569037,
        0.8333333333333334,
        0.8354253835425384,
        0.8737796373779637,
        0.8661087866108786,
        0.8514644351464435,
        0.806136680613668,
        0.8612273361227336,
        0.8444909344490934,
        0.795676429567643,
        0.8214783821478382,
        0.8019525801952581,
        0.810320781032078,
        0.8465829846582985,
        0.8514644351464435,
        0.8723849372384938
    ],
    "train_f1": [
        0.18823529411764706,
        0.2026431718061674,
        0.2542372881355932,
        0.1925925925925926,
        0.20689655172413793,
        0.18705035971223022,
        0.19795221843003413,
        0.26976744186046514,
        0.2,
        0.24680851063829787,
        0.19528619528619529,
        0.20270270270270271,
        0.2297872340425532,
        0.22580645161290322,
        0.20817843866171004,
        0.1871345029239766,
        0.23166023166023167,
        0.20640569395017794,
        0.17464788732394365,
        0.1949685534591195,
        0.18857142857142858,
        0.1952662721893491,
        0.2198581560283688,
        0.23104693140794225,
        0.2530612244897959
    ],
    "train_mcc": [
        0.1777057525377886,
        0.2169181801467646,
        0.2940497981566006,
        0.21853441446704602,
        0.22488707183508824,
        0.2129010767904004,
        0.23561567452638682,
        0.303894207065115,
        0.2535890607985245,
        0.2829284636144945,
        0.23288942931060533,
        0.24439876619294984,
        0.25869193931203416,
        0.2590201182849341,
        0.2419167794383728,
        0.23603493425714628,
        0.2728708469060497,
        0.24414321889016138,
        0.2185929178615168,
        0.24040356727854234,
        0.24148649189268168,
        0.2486220940618236,
        0.2655693958202052,
        0.28062852152651735,
        0.2972430670149664
    ],
    "val_loss": [
        0.828305646777153,
        0.9023429354031881,
        0.9962697873512903,
        0.9101904084285101,
        0.8406800900896391,
        0.8946572716037432,
        0.7689846158027649,
        0.7380826299389204,
        0.7744185626506805,
        0.8593497599164645,
        0.7585529610514641,
        0.6768684561053911,
        0.9110353291034698,
        0.8217854599157969,
        0.7776983802517256,
        0.6544371657073498,
        0.6991277150809765,
        0.8023449579874674,
        0.6566237881779671,
        0.6055423816045126,
        0.635086419681708,
        0.9249846984942754,
        0.6419861676792303,
        0.6231258300443491,
        0.8106375945111116
    ],
    "val_acc": [
        0.9303621169916435,
        0.9052924791086351,
        0.958217270194986,
        0.9164345403899722,
        0.9052924791086351,
        0.9080779944289693,
        0.9108635097493036,
        0.9192200557103064,
        0.9025069637883009,
        0.9275766016713092,
        0.883008356545961,
        0.8551532033426184,
        0.9498607242339833,
        0.9331476323119777,
        0.7799442896935933,
        0.8885793871866295,
        0.924791086350975,
        0.8579387186629527,
        0.8356545961002786,
        0.8774373259052924,
        0.8161559888579387,
        0.8746518105849582,
        0.924791086350975,
        0.8969359331476323,
        0.9275766016713092
    ],
    "val_f1": [
        0.3902439024390244,
        0.34615384615384615,
        0.21052631578947367,
        0.375,
        0.34615384615384615,
        0.35294117647058826,
        0.36,
        0.3829787234042553,
        0.33962264150943394,
        0.4090909090909091,
        0.3,
        0.2777777777777778,
        0.3076923076923077,
        0.29411764705882354,
        0.20202020202020202,
        0.3103448275862069,
        0.4,
        0.28169014084507044,
        0.25316455696202533,
        0.2903225806451613,
        0.23255813953488372,
        0.2857142857142857,
        0.4,
        0.32727272727272727,
        0.3157894736842105
    ],
    "val_mcc": [
        0.4135528378284767,
        0.3935077979804695,
        0.19215692184758212,
        0.4181671664079811,
        0.3935077979804695,
        0.39934526070974885,
        0.4053917196326988,
        0.42492725434136247,
        0.3878668962191886,
        0.446917553262486,
        0.3530288549517083,
        0.34992508832239755,
        0.2859793898173258,
        0.2835076959118241,
        0.2744231475735682,
        0.36224104062862644,
        0.4392817257073673,
        0.3535659521293508,
        0.32654057878643994,
        0.34432206203800797,
        0.3062099999142228,
        0.34014298075857385,
        0.4392817257073673,
        0.3771299988023075,
        0.3170114986578442
    ]
}