{
    "train_loss": [
        1.193884280655119,
        1.020935489734014,
        1.021497408548991,
        1.0909881591796875,
        0.9498441206084357,
        0.8922623727056715,
        0.9159231603145599,
        0.9445919480588701,
        0.8947805186112722,
        0.8709400720066495,
        0.8661987046400706,
        0.8948059135013157,
        0.886673821343316,
        0.8105403833919101,
        0.7689826587835947,
        0.7485462066200045
    ],
    "train_acc": [
        0.9637377963737797,
        0.8465829846582985,
        0.8131101813110181,
        0.8382147838214784,
        0.8347280334728033,
        0.8410041841004184,
        0.8410041841004184,
        0.8389121338912134,
        0.8633193863319386,
        0.8500697350069735,
        0.8458856345885635,
        0.8403068340306834,
        0.8668061366806137,
        0.8451882845188284,
        0.8612273361227336,
        0.8465829846582985
    ],
    "train_f1": [
        0.13333333333333333,
        0.19708029197080293,
        0.17791411042944785,
        0.21621621621621623,
        0.20202020202020202,
        0.21379310344827587,
        0.18571428571428572,
        0.2222222222222222,
        0.24031007751937986,
        0.22939068100358423,
        0.21352313167259787,
        0.21305841924398625,
        0.23904382470119523,
        0.21830985915492956,
        0.2490566037735849,
        0.23076923076923078
    ],
    "train_mcc": [
        0.12900816582626579,
        0.22691748770447448,
        0.21462954643909632,
        0.2660646805550103,
        0.2437057086742343,
        0.2595682601959016,
        0.2115306847240709,
        0.27615454676512124,
        0.2852906875107465,
        0.2790230312058364,
        0.2552406379306233,
        0.258836017468119,
        0.27988116480939196,
        0.26404467385002206,
        0.3020728353585274,
        0.284548819954755
    ],
    "val_loss": [
        0.936638779938221,
        0.7953075716892878,
        0.9217984353502592,
        0.8988147228956223,
        0.764164557059606,
        0.7886120304465294,
        0.7755754888057709,
        0.8378538116812706,
        0.7278940776983897,
        0.7623846257726351,
        0.697089359164238,
        0.7843641427656015,
        0.9306930104891459,
        0.782575527826945,
        0.7104637026786804,
        0.7768523742755254
    ],
    "val_acc": [
        0.9387186629526463,
        0.8746518105849582,
        0.8941504178272981,
        0.8746518105849582,
        0.8885793871866295,
        0.8551532033426184,
        0.8551532033426184,
        0.9415041782729805,
        0.8802228412256268,
        0.9192200557103064,
        0.8913649025069638,
        0.9052924791086351,
        0.8440111420612814,
        0.8802228412256268,
        0.8802228412256268,
        0.8356545961002786
    ],
    "val_f1": [
        0.42105263157894735,
        0.2857142857142857,
        0.32142857142857145,
        0.2857142857142857,
        0.3103448275862069,
        0.2777777777777778,
        0.2777777777777778,
        0.3225806451612903,
        0.31746031746031744,
        0.35555555555555557,
        0.3157894736842105,
        0.32,
        0.2631578947368421,
        0.2711864406779661,
        0.2711864406779661,
        0.23376623376623376
    ],
    "val_mcc": [
        0.4395824496736397,
        0.34014298075857385,
        0.37201379748503693,
        0.34014298075857385,
        0.36224104062862644,
        0.34992508832239755,
        0.34992508832239755,
        0.3091574714678532,
        0.38606676040969384,
        0.3840832169467986,
        0.3670535742481321,
        0.35345180980110036,
        0.3361410411823499,
        0.310077911043551,
        0.310077911043551,
        0.2911494591631169
    ]
}