{
    "train_loss": [
        1.193884382976426,
        1.0209391547573938,
        1.0214910394615597,
        1.091728327009413,
        0.9495847311284807,
        0.8920987566312154,
        0.9147101528114743,
        0.9348595778147379,
        0.8831774837440914,
        0.8877535608079699,
        0.8478458497259352,
        0.8977783057424757,
        0.8849041455321842,
        0.8230828755431705,
        0.7826498773362901,
        0.7918819854656856
    ],
    "train_acc": [
        0.9637377963737797,
        0.8465829846582985,
        0.8131101813110181,
        0.8382147838214784,
        0.8354253835425384,
        0.8423988842398884,
        0.8417015341701534,
        0.8403068340306834,
        0.8626220362622036,
        0.8514644351464435,
        0.8500697350069735,
        0.8361227336122734,
        0.8682008368200836,
        0.8389121338912134,
        0.8779637377963738,
        0.8263598326359832
    ],
    "train_f1": [
        0.13333333333333333,
        0.19708029197080293,
        0.17791411042944785,
        0.21621621621621623,
        0.20270270270270271,
        0.2152777777777778,
        0.1863799283154122,
        0.22372881355932203,
        0.23938223938223938,
        0.23104693140794225,
        0.21818181818181817,
        0.21926910299003322,
        0.2222222222222222,
        0.21694915254237288,
        0.2616033755274262,
        0.20447284345047922
    ],
    "train_mcc": [
        0.12900816582626579,
        0.22691748770447448,
        0.21462954643909632,
        0.2660646805550103,
        0.24439876619294984,
        0.2610444365992974,
        0.21221404360370424,
        0.2776446151749074,
        0.2844114826184096,
        0.28062852152651735,
        0.2598297577919197,
        0.2732202974353171,
        0.25152124074361853,
        0.2667948664785695,
        0.3051254861268758,
        0.25420017918069726
    ],
    "val_loss": [
        0.936672787492474,
        0.7952970390518507,
        0.921697735786438,
        0.89999820291996,
        0.7638282602032026,
        0.7866932526230812,
        0.7754543895522753,
        0.83213542898496,
        0.7252345780531565,
        0.7650430500507355,
        0.6932755708694458,
        0.8096422925591469,
        0.8725603198011717,
        0.7607845788200697,
        0.6457186043262482,
        0.7083659494916598
    ],
    "val_acc": [
        0.9387186629526463,
        0.8746518105849582,
        0.8941504178272981,
        0.871866295264624,
        0.8885793871866295,
        0.8551532033426184,
        0.8551532033426184,
        0.9415041782729805,
        0.8774373259052924,
        0.9275766016713092,
        0.8941504178272981,
        0.9220055710306406,
        0.83008356545961,
        0.883008356545961,
        0.8913649025069638,
        0.8356545961002786
    ],
    "val_f1": [
        0.42105263157894735,
        0.2857142857142857,
        0.32142857142857145,
        0.28125,
        0.3103448275862069,
        0.2777777777777778,
        0.2777777777777778,
        0.3225806451612903,
        0.3125,
        0.38095238095238093,
        0.3448275862068966,
        0.3,
        0.24691358024691357,
        0.3,
        0.3157894736842105,
        0.25316455696202533
    ],
    "val_mcc": [
        0.4395824496736397,
        0.34014298075857385,
        0.37201379748503693,
        0.3360728029706562,
        0.36224104062862644,
        0.34992508832239755,
        0.34992508832239755,
        0.3091574714678532,
        0.3816355432525541,
        0.40568449711731236,
        0.4101572283904823,
        0.30317552280088694,
        0.32045363507619345,
        0.3530288549517083,
        0.3670535742481321,
        0.32654057878643994
    ]
}