{
    "train_loss": [
        2.895381609147245,
        1.147010082209652,
        1.61878021129153,
        0.9865875186567957,
        1.111066122624007,
        0.9423234591429884,
        0.8228419914164327,
        0.881921308284456,
        0.8072552938352932,
        0.6792817810042338,
        0.7052448811856183,
        0.5784952909770337,
        0.5295564259656451,
        0.9919894776222381,
        0.5976695398038084,
        0.4625843358649449,
        0.35665874513374135,
        0.35644777076826856,
        0.297132202424109,
        0.2413559223271229,
        0.2953385260294784,
        0.2286785385063426,
        0.19657595218582588,
        0.19178931977049532,
        0.20243016063151034,
        0.1348502429054034,
        0.15461256628358652,
        0.12565914778546852,
        0.13918637139299375,
        0.1225018728450364,
        0.13681273140933958
    ],
    "train_acc": [
        0.9564596716630978,
        0.8665239114917915,
        0.8615274803711634,
        0.8836545324768023,
        0.8722341184867951,
        0.8586723768736617,
        0.8758029978586723,
        0.8551034975017845,
        0.8451106352605282,
        0.8529621698786581,
        0.8344039971448965,
        0.8936473947180585,
        0.8522483940042827,
        0.8351177730192719,
        0.887937187723055,
        0.8779443254817987,
        0.9143468950749465,
        0.9093504639543183,
        0.92790863668808,
        0.9478943611705924,
        0.9236259814418273,
        0.9486081370449678,
        0.9557458957887224,
        0.9578872234118487,
        0.9550321199143469,
        0.9657387580299786,
        0.961456102783726,
        0.9728765167737331,
        0.9650249821556032,
        0.9685938615274804,
        0.9700214132762313
    ],
    "train_f1": [
        0.06153846153846154,
        0.23045267489711935,
        0.23015873015873015,
        0.26244343891402716,
        0.2510460251046025,
        0.23255813953488372,
        0.2564102564102564,
        0.2339622641509434,
        0.21660649819494585,
        0.2536231884057971,
        0.22666666666666666,
        0.3004694835680751,
        0.26334519572953735,
        0.22742474916387959,
        0.33191489361702126,
        0.3132530120481928,
        0.3939393939393939,
        0.3804878048780488,
        0.4419889502762431,
        0.5228758169934641,
        0.42162162162162165,
        0.5263157894736842,
        0.5633802816901409,
        0.5755395683453237,
        0.5594405594405595,
        0.625,
        0.5970149253731343,
        0.6779661016949152,
        0.6201550387596899,
        0.6451612903225806,
        0.6557377049180327
    ],
    "train_mcc": [
        0.04164055478758199,
        0.27035636836597965,
        0.274441353562907,
        0.30452654209399443,
        0.2985618432212763,
        0.28112207859902305,
        0.3035292481527655,
        0.28687695213418934,
        0.26560807327921215,
        0.3236400986427698,
        0.29298888158625436,
        0.35252944921829893,
        0.3420463825142649,
        0.29374062095426307,
        0.4139592549073003,
        0.39738698304037073,
        0.4672989138346207,
        0.45591480213320335,
        0.5124796790011812,
        0.5787881659368351,
        0.49048856160676735,
        0.5815919415900764,
        0.6117942948017803,
        0.62171139571315,
        0.6085827901111568,
        0.6622042443927938,
        0.6392559809910938,
        0.7060469053266476,
        0.658222687287882,
        0.6788192936730585,
        0.6875691851616043
    ],
    "val_loss": [
        3.9311389218677175,
        6.663365897807208,
        2.4860938895832407,
        1.3530992296609012,
        0.9305083616213365,
        0.9129088439724662,
        0.9876462112773549,
        0.9027837839993563,
        1.0522203201597387,
        1.956179296428507,
        2.792082819071683,
        2.2027962397445333,
        1.10615535215898,
        1.644579833204096,
        2.029105502773415,
        2.3414747593077747,
        3.617794792760502,
        4.074682862921194,
        4.674213172021237,
        6.727717921307141,
        5.078355670991269,
        5.361669632521543,
        6.23306323283098,
        6.9917931560088284,
        6.936128894036466,
        7.089260870760137,
        7.343696286055175,
        6.845275478606874,
        8.04284423521974,
        7.975611723112789,
        7.668041655963117
    ],
    "val_acc": [
        0.8888888888888888,
        0.9259259259259259,
        0.9088319088319088,
        0.8547008547008547,
        0.8433048433048433,
        0.8490028490028491,
        0.8176638176638177,
        0.7834757834757835,
        0.8062678062678063,
        0.8945868945868946,
        0.9601139601139601,
        0.7521367521367521,
        0.8205128205128205,
        0.9401709401709402,
        0.8717948717948718,
        0.8831908831908832,
        0.8945868945868946,
        0.9002849002849003,
        0.9230769230769231,
        0.9487179487179487,
        0.9173789173789174,
        0.905982905982906,
        0.9287749287749287,
        0.9373219373219374,
        0.9373219373219374,
        0.9344729344729344,
        0.9344729344729344,
        0.9173789173789174,
        0.9401709401709402,
        0.9344729344729344,
        0.9230769230769231
    ],
    "val_f1": [
        0.20408163265306123,
        0.1875,
        0.23809523809523808,
        0.16393442622950818,
        0.2028985507246377,
        0.15873015873015872,
        0.21951219512195122,
        0.19148936170212766,
        0.20930232558139536,
        0.2127659574468085,
        0.2222222222222222,
        0.1553398058252427,
        0.2222222222222222,
        0.16,
        0.21052631578947367,
        0.2545454545454545,
        0.24489795918367346,
        0.2222222222222222,
        0.22857142857142856,
        0.18181818181818182,
        0.21621621621621623,
        0.23255813953488372,
        0.1935483870967742,
        0.21428571428571427,
        0.21428571428571427,
        0.20689655172413793,
        0.20689655172413793,
        0.21621621621621623,
        0.2222222222222222,
        0.20689655172413793,
        0.22857142857142856
    ],
    "val_mcc": [
        0.20046180618276624,
        0.16146165477572094,
        0.23214416512909505,
        0.16061385123936822,
        0.22816503447172096,
        0.1551356742463026,
        0.27578323340423944,
        0.2462450491615829,
        0.2652649550848867,
        0.20867822229060023,
        0.20826484859876587,
        0.19025090683333487,
        0.27853396961499516,
        0.1304565199442621,
        0.220879467201763,
        0.2775848491206957,
        0.2530886528320938,
        0.21751478776472577,
        0.21042122910124453,
        0.1553475935828877,
        0.1988738347270385,
        0.22706570185509284,
        0.167409540971026,
        0.18792492985894108,
        0.18792492985894108,
        0.1805809545297978,
        0.1805809545297978,
        0.1988738347270385,
        0.19587607701017457,
        0.1805809545297978,
        0.21042122910124453
    ]
}