{
    "train_loss": [
        1.3217195624654943,
        1.179594448344274,
        0.9299470253966071,
        1.182743351906538,
        0.9478515799749981,
        0.9408740516413342,
        0.9475624839013274,
        1.0595919645645402,
        0.9961055943911726,
        0.8484613468701189,
        0.8004707247018814,
        0.9471870213747025,
        0.8864809322086248,
        0.9005928926847198,
        0.7392390309409662,
        0.7162572992118922,
        0.6864894709803842,
        0.6742736622691154
    ],
    "train_acc": [
        0.9379014989293362,
        0.8501070663811563,
        0.7915774446823698,
        0.8693790149892934,
        0.907209136331192,
        0.9100642398286938,
        0.8301213418986438,
        0.8515346181299072,
        0.7037830121341898,
        0.7380442541042113,
        0.8558172733761599,
        0.7209136331192005,
        0.8600999286224126,
        0.7987152034261242,
        0.820842255531763,
        0.8315488936473947,
        0.8344039971448965,
        0.8222698072805139
    ],
    "train_f1": [
        0.1553398058252427,
        0.18604651162790697,
        0.1797752808988764,
        0.2077922077922078,
        0.3010752688172043,
        0.3076923076923077,
        0.20134228187919462,
        0.18110236220472442,
        0.11889596602972399,
        0.13238770685579196,
        0.24060150375939848,
        0.15913978494623657,
        0.24615384615384617,
        0.19428571428571428,
        0.21806853582554517,
        0.2080536912751678,
        0.22666666666666666,
        0.21451104100946372
    ],
    "train_mcc": [
        0.12825149093831162,
        0.21017905269979195,
        0.23562994960860453,
        0.2316528141891992,
        0.33429744378712967,
        0.3400560758157992,
        0.2502673618407027,
        0.20122340762814572,
        0.14574785363554135,
        0.16410088110482013,
        0.29768280932828,
        0.231826093192236,
        0.3029653918969013,
        0.2596627603298559,
        0.28874410080486096,
        0.26132458586904783,
        0.29298888158625436,
        0.28077136223085386
    ],
    "val_loss": [
        1.4931601069190286,
        0.9686552611264315,
        1.7428713684732264,
        1.0352714332667263,
        1.1414540762251073,
        1.2986868078058416,
        0.8501775589856234,
        0.820395214991136,
        0.9250259020111777,
        0.85480996966362,
        0.9357709396969188,
        0.948912422765385,
        1.4133025028488853,
        1.0693052871660753,
        1.1763141507452184,
        1.076757314530286,
        1.1090994802388279,
        1.0966335399584337
    ],
    "val_acc": [
        0.8974358974358975,
        0.6809116809116809,
        0.9088319088319088,
        0.8547008547008547,
        0.8290598290598291,
        0.9287749287749287,
        0.717948717948718,
        0.7378917378917379,
        0.6410256410256411,
        0.8262108262108262,
        0.811965811965812,
        0.8518518518518519,
        0.9145299145299145,
        0.8205128205128205,
        0.8205128205128205,
        0.8347578347578347,
        0.8376068376068376,
        0.8034188034188035
    ],
    "val_f1": [
        0.21739130434782608,
        0.16417910447761194,
        0.23809523809523808,
        0.19047619047619047,
        0.1891891891891892,
        0.1935483870967742,
        0.18181818181818182,
        0.19298245614035087,
        0.14864864864864866,
        0.1643835616438356,
        0.23255813953488372,
        0.1875,
        0.16666666666666666,
        0.16,
        0.16,
        0.14705882352941177,
        0.17391304347826086,
        0.1686746987951807
    ],
    "val_mcc": [
        0.21301353644217927,
        0.24489039506564747,
        0.23214416512909505,
        0.2011649402314693,
        0.214139242020845,
        0.167409540971026,
        0.2662373995913731,
        0.27910274775347665,
        0.22480371668364132,
        0.1739519982748108,
        0.3051569856053645,
        0.19816093164412643,
        0.1409175200222835,
        0.1691536125051005,
        0.1691536125051005,
        0.14248272271449494,
        0.18413758691835425,
        0.19209235764546348
    ]
}