{
    "train_loss": [
        1.2216663895682855,
        0.9451218081468885,
        0.8584594374353235,
        0.8278064802289009,
        0.8841584467075088,
        0.8808571398258209,
        0.7953393340788104,
        0.9644458541138605,
        0.8333159698681398,
        0.7618764879351313,
        0.7659845260733907,
        0.8899284411560405,
        0.7493568381125276,
        0.722593368454413,
        0.6467075808481737,
        0.6073687741194259,
        0.7632546355439858,
        0.6572197577492758
    ],
    "train_acc": [
        0.9179157744468237,
        0.8836545324768023,
        0.8907922912205567,
        0.8865096359743041,
        0.8394004282655246,
        0.8558172733761599,
        0.8315488936473947,
        0.8179871520342612,
        0.8436830835117773,
        0.8665239114917915,
        0.8251249107780158,
        0.8515346181299072,
        0.8172733761598858,
        0.8650963597430407,
        0.8551034975017845,
        0.8772305496074233,
        0.7787294789436117,
        0.8508208422555318
    ],
    "train_f1": [
        0.10852713178294573,
        0.26905829596412556,
        0.28837209302325584,
        0.28054298642533937,
        0.21602787456445993,
        0.23484848484848486,
        0.2080536912751678,
        0.19047619047619047,
        0.23157894736842105,
        0.2549800796812749,
        0.20195439739413681,
        0.22388059701492538,
        0.20496894409937888,
        0.23481781376518218,
        0.25092250922509224,
        0.3008130081300813,
        0.19270833333333334,
        0.24548736462093862
    ],
    "train_mcc": [
        0.07835207941096416,
        0.3150985222274472,
        0.33709147912291143,
        0.3300823649981656,
        0.2693363868131802,
        0.2877283025297551,
        0.26132458586904783,
        0.23899409747250003,
        0.293409327723278,
        0.3112663386508289,
        0.2550958238063892,
        0.27274223465066266,
        0.26667714763600464,
        0.2788781350712401,
        0.3165230788269047,
        0.37659971281592,
        0.2706368629743069,
        0.3113367258953936
    ],
    "val_loss": [
        1.2537295845421879,
        1.1199407956816934,
        1.2577440413561733,
        1.0376393063501879,
        0.9878731397065249,
        1.2167347209020094,
        1.7961585277860814,
        0.9010638269511136,
        0.9241936125538566,
        1.0126633942127228,
        0.9510253369808197,
        0.8630422191186384,
        1.2030424150553616,
        1.1355361450802197,
        1.381109814752232,
        1.1844999952749773,
        0.9017907218499617,
        1.4778629812327297
    ],
    "val_acc": [
        0.886039886039886,
        0.8575498575498576,
        0.9145299145299145,
        0.8547008547008547,
        0.8603988603988604,
        0.9088319088319088,
        0.9202279202279202,
        0.8461538461538461,
        0.8547008547008547,
        0.8518518518518519,
        0.9088319088319088,
        0.8062678062678063,
        0.9088319088319088,
        0.7521367521367521,
        0.8262108262108262,
        0.8091168091168092,
        0.7948717948717948,
        0.8490028490028491
    ],
    "val_f1": [
        0.2,
        0.16666666666666666,
        0.25,
        0.16393442622950818,
        0.1694915254237288,
        0.23809523809523808,
        0.125,
        0.15625,
        0.16393442622950818,
        0.16129032258064516,
        0.2,
        0.19047619047619047,
        0.23809523809523808,
        0.1553398058252427,
        0.1643835616438356,
        0.1728395061728395,
        0.16279069767441862,
        0.208955223880597
    ],
    "val_mcc": [
        0.1965613482767241,
        0.16345426698185314,
        0.2429918480407874,
        0.16061385123936822,
        0.16636686339082046,
        0.23214416512909505,
        0.09251634963426346,
        0.15249153768018134,
        0.16061385123936822,
        0.15784208544727668,
        0.18359760106145845,
        0.2301413984968366,
        0.23214416512909505,
        0.19025090683333487,
        0.1739519982748108,
        0.19668765455860063,
        0.18548089404393103,
        0.234214061862696
    ]
}