{
    "train_loss": [
        1.2003118700759356,
        1.1947694711906964,
        1.1765026117480077,
        1.1241111450417096,
        1.0388719120690988,
        0.9541696795197421,
        0.9125994984493699,
        0.9221781561541003,
        0.8074917536835338,
        0.7466386667517728,
        0.7137695017249085,
        0.6566104535446611,
        0.7550896627958431,
        0.6518253420674524,
        0.55648729846228,
        0.4870674015824185,
        0.5338922127388245,
        0.43225116230720695,
        0.396772445634354,
        0.3482716814723126,
        0.3291130036462185,
        0.36218462667839474,
        0.2684880630221478,
        0.25014505617667077
    ],
    "train_acc": [
        0.8655834564254062,
        0.8633677991137371,
        0.8478581979320532,
        0.8375184638109305,
        0.810930576070901,
        0.8478581979320532,
        0.844903988183161,
        0.8685376661742984,
        0.8707533234859675,
        0.8375184638109305,
        0.8397341211225997,
        0.8641063515509602,
        0.844903988183161,
        0.8707533234859675,
        0.8892171344165436,
        0.9135893648449039,
        0.9113737075332349,
        0.9239290989660266,
        0.9276218611521418,
        0.9379615952732644,
        0.94903988183161,
        0.9431314623338257,
        0.9601181683899557,
        0.9638109305760709
    ],
    "train_f1": [
        0.0,
        0.0106951871657754,
        0.1487603305785124,
        0.2465753424657534,
        0.4458874458874459,
        0.5422222222222223,
        0.5291479820627802,
        0.555,
        0.6013667425968109,
        0.5669291338582677,
        0.5702970297029702,
        0.6051502145922747,
        0.5849802371541502,
        0.6284501061571125,
        0.6710526315789473,
        0.7194244604316546,
        0.719626168224299,
        0.7493917274939172,
        0.7655502392344498,
        0.7951219512195122,
        0.8244274809160306,
        0.8060453400503779,
        0.8601036269430051,
        0.8707124010554089
    ],
    "train_mcc": [
        -0.01067926548338422,
        0.006467343514943164,
        0.10301732177505663,
        0.16741129373041386,
        0.3501848143964309,
        0.4679968122647546,
        0.4516934826719915,
        0.48168459909623995,
        0.5388516285354629,
        0.5085307257563582,
        0.5121750222064351,
        0.5478251218203278,
        0.5312811013136954,
        0.57785109469041,
        0.6270519091962224,
        0.6776350227491579,
        0.6798720361306142,
        0.7123354178019495,
        0.7328553507718826,
        0.7664505442084185,
        0.7982367329994986,
        0.7771765715320927,
        0.8391588118080732,
        0.8508797802074066
    ],
    "val_loss": [
        1.1824255097996106,
        1.1304918148300864,
        1.1111801320856267,
        0.990380119193684,
        0.9738472971049222,
        0.817373663187027,
        0.9306810037656263,
        0.8335435553030535,
        0.7569881894371726,
        0.8033269427039407,
        0.7901194393634796,
        0.8535010774027217,
        0.78013399514285,
        0.7845474156466398,
        0.8369930955496702,
        0.7567708844488318,
        0.8042715842073614,
        0.7568207545713945,
        0.8902879194779829,
        0.9075564024123278,
        0.9236143732612784,
        0.8759085779840295,
        1.0836802599104969,
        1.0366970815441825
    ],
    "val_acc": [
        0.8672566371681416,
        0.8702064896755162,
        0.8613569321533924,
        0.8672566371681416,
        0.7227138643067846,
        0.8171091445427728,
        0.8849557522123894,
        0.855457227138643,
        0.8672566371681416,
        0.8495575221238938,
        0.831858407079646,
        0.887905604719764,
        0.8407079646017699,
        0.8495575221238938,
        0.8820058997050148,
        0.8584070796460177,
        0.8613569321533924,
        0.8613569321533924,
        0.8731563421828908,
        0.8908554572271387,
        0.8672566371681416,
        0.887905604719764,
        0.8790560471976401,
        0.8790560471976401
    ],
    "val_f1": [
        0.0,
        0.043478260869565216,
        0.14545454545454545,
        0.4943820224719101,
        0.4470588235294118,
        0.5303030303030303,
        0.5411764705882353,
        0.5585585585585585,
        0.5945945945945946,
        0.5321100917431193,
        0.5365853658536586,
        0.5777777777777777,
        0.5344827586206896,
        0.5486725663716814,
        0.5652173913043478,
        0.5789473684210527,
        0.5436893203883495,
        0.5523809523809524,
        0.5742574257425742,
        0.5842696629213483,
        0.5360824742268041,
        0.5681818181818182,
        0.5393258426966292,
        0.5858585858585859
    ],
    "val_mcc": [
        0.0,
        0.13903017140231752,
        0.1373252273228054,
        0.4180274102441594,
        0.38575832546223066,
        0.46679619773371406,
        0.4767476235803791,
        0.48829303541018115,
        0.5322063764379174,
        0.4555237578210317,
        0.46778260008126377,
        0.5131519274376417,
        0.4609761564815394,
        0.4770665321575525,
        0.4971525839541068,
        0.514792838433432,
        0.46867046904153303,
        0.4791734950467505,
        0.5049049524202004,
        0.5215040747733818,
        0.4607338837967092,
        0.503985153285225,
        0.46976574250877057,
        0.5186700515681687
    ]
}