{
    "train_loss": [
        1.1956245621969535,
        1.1836235578670058,
        1.1331834862398547,
        1.0398740810017253,
        0.8895421499429748,
        0.8209445788416752,
        0.8856778193351834,
        0.731485115234242,
        0.6617204401382181,
        0.6230222097662992,
        0.5580525069042693,
        0.4494632465201755,
        0.4243370103974675,
        0.36250570693681405,
        0.3322260939451151,
        0.3422494095771812,
        0.2896874708145164,
        0.2375827054818009,
        0.2051894553872042,
        0.15554968687857307,
        0.12804403914095358,
        0.16162328857408706,
        0.1254675163952417,
        0.13308615081532058
    ],
    "train_acc": [
        0.8655834564254062,
        0.8633677991137371,
        0.8633677991137371,
        0.8330871491875923,
        0.8257016248153619,
        0.827178729689808,
        0.8478581979320532,
        0.8375184638109305,
        0.8508124076809453,
        0.8641063515509602,
        0.8722304283604135,
        0.9025110782865583,
        0.914327917282127,
        0.9158050221565731,
        0.9268833087149188,
        0.9239290989660266,
        0.9276218611521418,
        0.9416543574593796,
        0.9497784342688331,
        0.96602658788774,
        0.9675036927621861,
        0.9630723781388478,
        0.9704579025110783,
        0.965288035450517
    ],
    "train_f1": [
        0.010869565217391304,
        0.0106951871657754,
        0.1552511415525114,
        0.4205128205128205,
        0.5241935483870968,
        0.5224489795918368,
        0.5598290598290598,
        0.5736434108527132,
        0.5843621399176955,
        0.6134453781512605,
        0.6403326403326404,
        0.7079646017699115,
        0.7302325581395349,
        0.740909090909091,
        0.7703016241299304,
        0.7621247113163973,
        0.7731481481481481,
        0.8149882903981265,
        0.8365384615384616,
        0.8855721393034826,
        0.89,
        0.875,
        0.9,
        0.8816120906801007
    ],
    "train_mcc": [
        0.027646761043524423,
        0.006467343514943164,
        0.15663741017612584,
        0.32474387467168925,
        0.4514543733637274,
        0.44831113546880486,
        0.49190312687074667,
        0.5191295858438504,
        0.525889229178557,
        0.5602552591759812,
        0.5951962798344216,
        0.6713644522945231,
        0.6930571365818317,
        0.708373010626412,
        0.7415756986995513,
        0.7322299864950398,
        0.7452706130191472,
        0.794267470742766,
        0.8170662720581587,
        0.8718071748190775,
        0.8765828274710328,
        0.8589008172452958,
        0.8883708342881907,
        0.8660810468611199
    ],
    "val_loss": [
        1.1964320865544407,
        1.1678568016399036,
        1.0485366257754238,
        0.9059676040302623,
        0.8379835052923723,
        0.8435724811120466,
        0.8473118381066755,
        0.8824110383337195,
        0.9285835190252825,
        0.8627270839431069,
        0.8615042160857808,
        1.1843251125379042,
        1.031814911148765,
        1.22674338248643,
        1.7399570725180886,
        1.3369906355034222,
        1.555460198359056,
        1.443240837617354,
        2.825193386186253,
        2.0663892111995,
        2.543619892813943,
        2.7139673788439143,
        2.8918269330805,
        2.518100009723143
    ],
    "val_acc": [
        0.8702064896755162,
        0.8613569321533924,
        0.855457227138643,
        0.8436578171091446,
        0.8289085545722714,
        0.8171091445427728,
        0.7935103244837758,
        0.7964601769911505,
        0.8613569321533924,
        0.8259587020648967,
        0.831858407079646,
        0.831858407079646,
        0.8259587020648967,
        0.8141592920353983,
        0.7522123893805309,
        0.7935103244837758,
        0.775811209439528,
        0.8436578171091446,
        0.8643067846607669,
        0.8525073746312685,
        0.855457227138643,
        0.8761061946902655,
        0.8672566371681416,
        0.8436578171091446
    ],
    "val_f1": [
        0.043478260869565216,
        0.0784313725490196,
        0.379746835443038,
        0.5470085470085471,
        0.532258064516129,
        0.5230769230769231,
        0.527027027027027,
        0.5241379310344828,
        0.5688073394495413,
        0.512396694214876,
        0.5581395348837209,
        0.5043478260869565,
        0.5426356589147286,
        0.5263157894736842,
        0.46153846153846156,
        0.4852941176470588,
        0.4864864864864865,
        0.5470085470085471,
        0.46511627906976744,
        0.5370370370370371,
        0.5242718446601942,
        0.5227272727272727,
        0.5263157894736842,
        0.49523809523809526
    ],
    "val_mcc": [
        0.13903017140231752,
        0.07935649889266497,
        0.30350811313496706,
        0.47705527560435806,
        0.46297572449459534,
        0.45565997304386413,
        0.47878038343951457,
        0.4713774296494619,
        0.49995550977077413,
        0.43593364005244667,
        0.5004131374978229,
        0.4232884220570101,
        0.4802754293292852,
        0.46242760883607753,
        0.3939727559999188,
        0.4104329964293121,
        0.4220694994472031,
        0.47705527560435806,
        0.38815677826001455,
        0.4612592228583956,
        0.44558426023521513,
        0.4517371511556558,
        0.4502207531305541,
        0.41083533147045753
    ]
}